Timestamp,Soil Temp,Air Temp,SM1,SM2,SM3,SM4,SM5,SM6,Switch,Rain,Batt
2021-01-14 11:46:00+00:00,254,254,244,244,244,244,244,244,254,0,60
2023-06-28 12:38:00+00:00,254,254,254,254,254,254,254,254,254,0,63
2023-06-28 13:40:00+00:00,55,254,254,254,254,254,254,254,254,0,63
2023-06-28 14:40:00+00:00,64,254,254,254,254,254,254,254,254,0,63
2023-06-28 15:40:00+00:00,72,254,254,254,254,254,254,254,254,0,63
2023-06-28 16:40:00+00:00,72,254,254,254,254,254,254,254,254,0,63
2023-06-28 17:40:00+00:00,77,254,254,254,254,254,254,254,254,0,63
2023-06-28 18:40:00+00:00,79,254,254,254,254,254,254,254,254,0,63
2023-06-28 19:40:00+00:00,81,254,254,254,254,254,254,254,254,0,63
2023-06-28 20:40:00+00:00,84,254,254,254,254,254,254,254,254,0,63
2023-06-28 21:40:00+00:00,87,254,254,254,254,254,254,254,254,0,63
2023-06-28 21:49:00+00:00,84,254,0,0,0,0,0,0,254,0,63
2023-06-28 22:49:00+00:00,63,254,8,8,3,0,5,3,254,0,63
2023-06-28 23:49:00+00:00,64,254,12,16,12,9,11,14,254,0,63
2023-06-29 00:49:00+00:00,64,254,14,19,14,13,13,16,254,0,63
2023-06-29 01:49:00+00:00,64,254,15,19,15,16,13,17,254,0,63
2023-06-29 02:49:00+00:00,64,254,15,20,15,17,14,18,254,0,63
2023-06-29 03:49:00+00:00,64,254,16,20,16,18,14,18,254,0,63
2023-06-29 04:49:00+00:00,64,254,16,20,16,19,14,18,254,0,63
2023-06-29 05:49:00+00:00,63,254,16,20,16,19,14,19,254,0,63
2023-06-29 06:49:00+00:00,62,254,14,19,16,19,14,18,254,71,63
2023-06-29 07:49:00+00:00,62,254,11,19,15,20,14,18,254,0,63
2023-06-29 08:49:00+00:00,61,254,10,19,14,20,14,19,254,0,103
2023-06-29 09:49:00+00:00,61,254,10,19,13,21,13,19,254,0,63
2023-06-29 10:49:00+00:00,60,254,10,19,12,21,12,18,254,0,63
2023-06-29 11:49:00+00:00,60,254,10,19,11,21,12,19,254,0,63
2023-06-29 12:49:00+00:00,59,254,10,19,11,22,12,19,254,0,63
2023-06-29 13:49:00+00:00,59,254,10,19,11,22,11,19,254,1,63
2023-06-29 14:49:00+00:00,59,254,10,19,11,22,11,19,254,0,63
2023-06-29 15:49:00+00:00,59,254,10,19,11,23,11,19,254,0,63
2023-06-29 16:49:00+00:00,59,254,10,19,11,23,11,19,254,0,63
2023-06-29 17:49:00+00:00,60,254,10,19,11,23,11,19,254,0,63
2023-06-29 18:49:00+00:00,61,254,11,19,11,24,11,19,254,0,63
2023-06-29 19:49:00+00:00,62,254,11,19,11,24,12,20,254,0,63
2023-06-29 20:49:00+00:00,63,254,12,20,12,25,12,20,254,0,63
2023-06-29 21:49:00+00:00,64,254,12,20,12,25,12,20,254,0,62
2023-06-29 22:49:00+00:00,65,254,12,20,12,26,12,21,254,0,63
2023-06-29 23:49:00+00:00,66,254,13,20,12,26,13,21,254,0,62
2023-06-30 00:49:00+00:00,66,254,13,20,12,27,13,21,254,0,62
2023-06-30 01:49:00+00:00,66,254,13,20,12,27,13,21,254,0,62
2023-06-30 02:49:00+00:00,66,254,13,20,12,27,13,21,254,0,62
2023-06-30 03:49:00+00:00,66,254,13,20,12,28,13,21,254,0,62
2023-06-30 04:49:00+00:00,66,254,13,20,12,28,13,21,254,0,63
2023-06-30 05:49:00+00:00,66,254,13,20,12,28,13,21,254,0,63
2023-06-30 06:49:00+00:00,65,254,13,20,12,29,13,21,254,0,63
2023-06-30 07:49:00+00:00,64,254,13,20,12,28,12,20,254,0,63
2023-06-30 08:49:00+00:00,64,254,13,20,12,29,13,20,254,0,103
2023-06-30 09:49:00+00:00,63,254,13,20,12,29,13,20,254,0,63
2023-06-30 10:49:00+00:00,63,254,13,20,12,29,13,20,254,0,63
2023-06-30 11:49:00+00:00,62,254,13,19,12,29,13,20,254,0,63
2023-06-30 12:49:00+00:00,62,254,13,19,12,29,13,20,254,0,63
2023-06-30 13:49:00+00:00,61,254,13,20,12,29,13,20,254,0,63
2023-06-30 14:49:00+00:00,61,254,13,19,13,30,13,20,254,0,63
2023-06-30 15:49:00+00:00,61,254,13,19,13,30,13,20,254,0,63
2023-06-30 16:49:00+00:00,61,254,13,20,13,30,13,20,254,0,63
2023-06-30 17:49:00+00:00,62,254,13,20,13,30,13,20,254,0,62
2023-06-30 18:49:00+00:00,63,254,14,20,13,31,13,21,254,0,62
2023-06-30 19:49:00+00:00,64,254,14,20,14,31,13,21,254,0,62
2023-06-30 20:49:00+00:00,66,254,15,21,14,32,14,22,254,0,62
2023-06-30 21:49:00+00:00,66,254,15,21,14,32,14,22,254,0,62
2023-06-30 22:49:00+00:00,67,254,15,21,14,33,14,22,254,0,62
2023-06-30 23:49:00+00:00,68,254,16,22,15,34,15,23,254,0,62
2023-07-01 00:49:00+00:00,68,254,16,22,15,34,15,23,254,0,62
2023-07-01 01:49:00+00:00,69,254,16,22,15,35,15,23,254,0,62
2023-07-01 02:49:00+00:00,69,254,16,22,15,35,15,23,254,0,62
2023-07-01 03:49:00+00:00,68,254,16,21,15,35,15,23,254,0,62
2023-07-01 04:49:00+00:00,68,254,16,21,15,35,15,23,254,0,62
2023-07-01 05:49:00+00:00,67,254,16,21,15,35,15,22,254,0,62
2023-07-01 06:49:00+00:00,67,254,16,21,15,35,15,22,254,0,63
2023-07-01 07:49:00+00:00,65,254,16,21,15,34,14,22,254,66,63
2023-07-01 08:49:00+00:00,65,254,16,21,14,35,15,22,254,0,103
2023-07-01 09:49:00+00:00,65,254,14,21,13,35,14,22,254,0,62
2023-07-01 10:49:00+00:00,64,254,13,20,12,34,14,21,254,0,63
2023-07-01 11:49:00+00:00,64,254,12,20,12,35,13,21,254,0,63
2023-07-01 12:49:00+00:00,63,254,12,20,11,35,13,21,254,0,63
2023-07-01 13:49:00+00:00,63,254,11,20,11,35,12,21,254,0,63
2023-07-01 14:49:00+00:00,62,254,11,20,11,35,12,21,254,0,63
2023-07-01 15:49:00+00:00,62,254,11,20,11,35,12,21,254,0,62
2023-07-01 16:49:00+00:00,63,254,11,20,11,36,12,22,254,0,62
2023-07-01 17:49:00+00:00,63,254,12,21,11,36,12,22,254,0,62
2023-07-01 18:49:00+00:00,64,254,12,21,11,36,12,22,254,0,62
2023-07-01 19:49:00+00:00,66,254,12,21,12,37,13,23,254,0,62
2023-07-01 20:49:00+00:00,67,254,13,22,12,38,13,24,254,0,62
2023-07-01 21:49:00+00:00,67,254,13,22,12,38,13,24,254,0,62
2023-07-01 22:49:00+00:00,68,254,14,22,13,39,13,24,254,0,62
2023-07-01 23:49:00+00:00,68,254,14,22,13,39,14,25,254,0,62
2023-07-02 00:49:00+00:00,68,254,14,22,13,39,14,25,254,0,62
2023-07-02 01:49:00+00:00,68,254,14,22,13,39,14,25,254,0,62
2023-07-02 02:49:00+00:00,68,254,15,22,13,39,14,24,254,0,62
2023-07-02 03:49:00+00:00,68,254,15,22,13,39,14,24,254,0,62
2023-07-02 04:49:00+00:00,67,254,14,22,13,39,14,24,254,0,62
2023-07-02 05:49:00+00:00,67,254,15,22,13,39,14,24,254,0,62
2023-07-02 06:49:00+00:00,66,254,14,21,13,38,14,23,254,0,62
2023-07-02 07:49:00+00:00,66,254,14,21,13,38,14,23,254,0,62
2023-07-02 08:49:00+00:00,65,254,14,21,13,38,14,23,254,0,103
2023-07-02 09:49:00+00:00,64,254,14,21,13,38,14,23,254,0,62
2023-07-02 10:49:00+00:00,64,254,14,21,13,38,14,23,254,0,62
2023-07-02 11:49:00+00:00,63,254,14,21,13,38,14,23,254,0,62
2023-07-02 12:49:00+00:00,63,254,14,21,13,38,14,23,254,0,63
2023-07-02 13:49:00+00:00,62,254,14,21,13,38,14,23,254,0,62
2023-07-02 14:49:00+00:00,62,254,14,21,13,38,14,23,254,0,62
2023-07-02 15:49:00+00:00,62,254,14,21,13,38,14,23,254,0,62
2023-07-02 16:49:00+00:00,62,254,14,21,13,38,14,23,254,0,62
2023-07-02 17:49:00+00:00,63,254,15,21,14,39,15,23,254,0,62
2023-07-02 18:49:00+00:00,63,254,15,21,14,39,15,24,254,0,62
2023-07-02 19:49:00+00:00,65,254,15,22,14,40,15,25,254,0,62
2023-07-02 20:49:00+00:00,66,254,16,22,14,40,15,25,254,0,62
2023-07-02 21:49:00+00:00,67,254,16,22,15,41,16,25,254,0,62
2023-07-02 22:49:00+00:00,67,254,17,22,15,41,16,26,254,0,62
2023-07-02 23:49:00+00:00,68,254,17,23,15,42,16,26,254,0,62
2023-07-03 00:49:00+00:00,68,254,17,23,15,42,16,26,254,0,62
2023-07-03 01:49:00+00:00,69,254,17,23,16,42,16,26,254,0,62
2023-07-03 02:49:00+00:00,69,254,18,23,16,42,16,26,254,0,62
2023-07-03 03:49:00+00:00,69,254,18,23,16,42,16,26,254,70,62
2023-07-03 04:49:00+00:00,68,254,17,23,15,42,16,26,254,1,62
2023-07-03 05:49:00+00:00,68,254,16,23,14,42,16,26,254,0,62
2023-07-03 06:49:00+00:00,68,254,15,23,13,42,16,26,254,0,62
2023-07-03 07:49:00+00:00,67,254,14,22,13,41,15,25,254,0,62
2023-07-03 08:49:00+00:00,66,254,13,22,13,41,15,25,254,0,103
2023-07-03 09:49:00+00:00,66,254,13,22,12,40,15,25,254,0,62
2023-07-03 10:49:00+00:00,65,254,13,22,12,40,14,25,254,0,62
2023-07-03 11:49:00+00:00,65,254,12,22,12,40,14,25,254,0,62
2023-07-03 12:49:00+00:00,64,254,12,22,12,40,14,24,254,1,62
2023-07-03 13:49:00+00:00,64,254,12,22,12,40,14,24,254,0,62
2023-07-03 14:49:00+00:00,63,254,12,22,11,40,14,24,254,0,62
2023-07-03 15:49:00+00:00,63,254,12,22,11,40,13,24,254,0,62
2023-07-03 16:49:00+00:00,63,254,12,22,12,40,13,24,254,0,62
2023-07-03 17:49:00+00:00,64,254,12,22,12,40,14,25,254,0,62
2023-07-03 18:49:00+00:00,64,254,12,22,12,40,14,25,254,0,62
2023-07-03 19:49:00+00:00,65,254,13,22,12,41,14,26,254,0,62
2023-07-03 20:49:00+00:00,66,254,13,23,12,41,14,26,254,0,62
2023-07-03 21:49:00+00:00,67,254,14,23,13,42,15,27,254,0,62
2023-07-03 22:49:00+00:00,67,254,14,23,13,42,15,27,254,0,62
2023-07-03 23:49:00+00:00,67,254,15,23,13,42,15,27,254,0,62
2023-07-04 00:49:00+00:00,67,254,15,23,13,43,15,28,254,0,62
2023-07-04 01:49:00+00:00,67,254,15,23,14,43,16,28,254,0,62
2023-07-04 02:49:00+00:00,67,254,15,23,14,43,16,27,254,0,62
2023-07-04 03:49:00+00:00,66,254,15,23,13,42,16,27,254,0,62
2023-07-04 04:49:00+00:00,66,254,15,23,13,42,16,27,254,0,62
2023-07-04 05:49:00+00:00,65,254,15,23,13,42,16,27,254,0,62
2023-07-04 06:49:00+00:00,65,254,15,23,13,42,16,27,254,0,62
2023-07-04 07:49:00+00:00,64,254,15,22,13,41,16,26,254,0,62
2023-07-04 08:49:00+00:00,64,254,15,22,13,41,16,26,254,0,103
2023-07-04 09:49:00+00:00,63,254,15,22,13,41,16,26,254,0,62
2023-07-04 10:49:00+00:00,63,254,15,22,14,41,16,26,254,0,62
2023-07-04 11:49:00+00:00,62,254,15,22,13,40,16,25,254,0,62
2023-07-04 12:49:00+00:00,62,254,15,22,13,40,16,25,254,0,62
2023-07-04 13:49:00+00:00,61,254,15,22,14,40,16,25,254,0,62
2023-07-04 14:49:00+00:00,61,254,15,22,14,40,16,26,254,0,62
2023-07-04 15:49:00+00:00,61,254,15,22,14,40,17,26,254,0,62
2023-07-04 16:49:00+00:00,61,254,15,22,14,41,17,26,254,0,62
2023-07-04 17:49:00+00:00,61,254,15,23,14,41,17,26,254,0,62
2023-07-04 18:49:00+00:00,62,254,15,23,14,41,17,26,254,0,62
2023-07-04 19:49:00+00:00,63,254,16,23,15,42,17,27,254,0,62
2023-07-04 20:49:00+00:00,64,254,16,23,15,42,18,28,254,0,62
2023-07-04 21:49:00+00:00,65,254,17,24,15,43,18,29,254,0,62
2023-07-04 22:49:00+00:00,65,254,17,24,16,42,18,29,254,26,62
2023-07-04 23:49:00+00:00,66,254,17,24,15,43,19,29,254,45,62
2023-07-05 00:49:00+00:00,66,254,17,24,14,43,19,29,254,0,62
2023-07-05 01:49:00+00:00,66,254,16,24,13,43,19,29,254,0,62
2023-07-05 02:49:00+00:00,66,254,15,24,12,43,18,29,254,0,62
2023-07-05 03:49:00+00:00,66,254,15,24,12,43,18,29,254,0,62
2023-07-05 04:49:00+00:00,65,254,14,24,12,43,18,28,254,0,62
2023-07-05 05:49:00+00:00,64,254,14,23,11,42,18,28,254,0,62
2023-07-05 06:49:00+00:00,64,254,13,23,11,42,17,28,254,0,62
2023-07-05 07:49:00+00:00,63,254,13,23,11,42,17,28,254,0,62
2023-07-05 08:49:00+00:00,63,254,13,23,11,42,17,28,254,0,103
2023-07-05 09:49:00+00:00,62,254,13,23,11,41,17,27,254,0,62
2023-07-05 10:49:00+00:00,61,254,12,23,11,41,17,27,254,0,62
2023-07-05 11:49:00+00:00,61,254,12,23,11,41,17,27,254,0,62
2023-07-05 12:49:00+00:00,60,254,12,23,11,40,17,27,254,0,62
2023-07-05 13:49:00+00:00,60,254,12,23,11,40,16,27,254,0,62
2023-07-05 14:49:00+00:00,60,254,12,23,11,40,16,27,254,0,62
2023-07-05 15:49:00+00:00,59,254,12,23,11,41,16,27,254,0,62
2023-07-05 16:49:00+00:00,60,254,13,23,11,41,17,27,254,0,62
2023-07-05 17:49:00+00:00,60,254,13,23,12,41,17,27,254,0,62
2023-07-05 18:49:00+00:00,61,254,13,23,12,42,17,29,254,0,62
2023-07-05 19:49:00+00:00,62,254,14,23,12,42,17,29,254,0,62
2023-07-05 20:49:00+00:00,63,254,14,24,13,43,18,30,254,0,62
2023-07-05 21:49:00+00:00,64,254,15,24,13,43,18,30,254,0,62
2023-07-05 22:49:00+00:00,64,254,15,24,13,43,18,31,254,0,62
2023-07-05 23:49:00+00:00,65,254,15,25,13,44,19,31,254,0,62
2023-07-06 00:49:00+00:00,65,254,15,25,13,44,19,31,254,0,62
2023-07-06 01:49:00+00:00,65,254,15,25,13,44,19,31,254,0,62
2023-07-06 02:49:00+00:00,66,254,15,25,13,43,19,31,254,0,62
2023-07-06 03:49:00+00:00,66,254,15,25,13,43,19,31,254,0,62
2023-07-06 04:49:00+00:00,65,254,15,24,13,43,19,30,254,0,62
2023-07-06 05:49:00+00:00,65,254,15,24,13,43,19,30,254,0,62
2023-07-06 06:49:00+00:00,64,254,15,24,13,42,19,29,254,0,62
2023-07-06 07:49:00+00:00,64,254,15,24,13,42,19,29,254,0,62
2023-07-06 08:49:00+00:00,63,254,15,24,13,42,19,29,254,0,103
2023-07-06 09:49:00+00:00,62,254,15,24,13,41,19,29,254,0,62
2023-07-06 10:49:00+00:00,62,254,15,24,13,41,19,29,254,0,62
2023-07-06 11:49:00+00:00,61,254,15,24,13,41,19,29,254,0,62
2023-07-06 12:49:00+00:00,61,254,15,23,13,41,19,29,254,0,62
2023-07-06 13:49:00+00:00,60,254,15,23,13,40,19,28,254,0,62
2023-07-06 14:49:00+00:00,60,254,15,23,13,40,19,28,254,0,62
2023-07-06 15:49:00+00:00,60,254,15,23,14,41,19,28,254,0,62
2023-07-06 16:49:00+00:00,60,254,15,23,14,41,19,28,254,0,62
2023-07-06 17:49:00+00:00,60,254,15,23,14,41,19,29,254,0,62
2023-07-06 18:49:00+00:00,61,254,15,24,14,41,20,29,254,65,62
2023-07-06 19:49:00+00:00,62,254,14,24,12,41,20,30,254,0,62
2023-07-06 20:49:00+00:00,63,254,13,24,11,42,20,30,254,0,62
2023-07-06 21:49:00+00:00,64,254,12,24,10,42,20,31,254,0,62
2023-07-06 22:49:00+00:00,65,254,12,25,10,43,20,31,254,0,62
2023-07-06 23:49:00+00:00,66,254,12,25,10,43,19,32,254,0,62
2023-07-07 00:49:00+00:00,66,254,11,25,10,43,19,31,254,0,62
2023-07-07 01:49:00+00:00,67,254,12,25,10,43,19,32,254,0,62
2023-07-07 02:49:00+00:00,67,254,11,26,10,43,19,32,254,0,62
2023-07-07 03:49:00+00:00,67,254,11,25,10,43,18,32,254,0,62
2023-07-07 04:49:00+00:00,67,254,11,25,10,43,18,31,254,0,62
2023-07-07 05:49:00+00:00,66,254,11,25,10,42,18,30,254,0,62
2023-07-07 06:49:00+00:00,66,254,11,25,10,42,17,30,254,0,62
2023-07-07 07:49:00+00:00,65,254,11,25,10,42,17,30,254,0,62
2023-07-07 08:49:00+00:00,65,254,11,25,10,42,17,30,254,0,103
2023-07-07 09:49:00+00:00,64,254,11,24,10,41,17,30,254,0,62
2023-07-07 10:49:00+00:00,64,254,11,24,10,41,17,30,254,0,62
2023-07-07 11:49:00+00:00,63,254,11,24,10,41,17,30,254,0,62
2023-07-07 12:49:00+00:00,62,254,11,24,10,40,17,29,254,0,62
2023-07-07 13:49:00+00:00,62,254,11,24,10,40,16,29,254,0,62
2023-07-07 14:49:00+00:00,62,254,11,24,11,40,17,29,254,0,62
2023-07-07 15:49:00+00:00,62,254,12,24,11,40,17,29,254,0,62
2023-07-07 16:49:00+00:00,62,254,12,24,11,40,17,30,254,0,62
2023-07-07 17:49:00+00:00,62,254,12,24,11,40,17,30,254,0,62
2023-07-07 18:49:00+00:00,62,254,13,24,12,40,17,31,254,0,62
2023-07-07 19:49:00+00:00,63,254,13,25,12,40,18,32,254,0,62
2023-07-07 20:49:00+00:00,64,254,13,25,12,41,18,32,254,0,62
2023-07-07 21:49:00+00:00,65,254,14,25,13,41,18,33,254,0,62
2023-07-07 22:49:00+00:00,66,254,14,25,13,41,19,34,254,0,62
2023-07-07 23:49:00+00:00,66,254,15,25,13,41,19,34,254,0,62
2023-07-08 00:49:00+00:00,67,254,15,26,13,42,19,34,254,0,62
2023-07-08 01:49:00+00:00,67,254,15,26,14,42,19,34,254,0,62
2023-07-08 02:49:00+00:00,66,254,15,25,13,41,19,33,254,0,62
2023-07-08 03:49:00+00:00,66,254,15,25,13,41,19,33,254,0,62
2023-07-08 04:49:00+00:00,66,254,15,25,13,40,19,33,254,0,62
2023-07-08 05:49:00+00:00,65,254,15,25,13,40,19,32,254,0,62
2023-07-08 06:49:00+00:00,65,254,15,25,14,40,19,32,254,0,62
2023-07-08 07:49:00+00:00,65,254,15,25,14,40,19,32,254,0,62
2023-07-08 08:49:00+00:00,64,254,14,25,13,39,19,31,254,0,103
2023-07-08 09:49:00+00:00,64,254,14,25,13,39,19,31,254,0,62
2023-07-08 10:49:00+00:00,63,254,14,25,13,39,19,31,254,0,62
2023-07-08 11:49:00+00:00,63,254,14,25,14,39,19,31,254,0,62
2023-07-08 12:49:00+00:00,62,254,14,24,13,38,19,30,254,0,62
2023-07-08 13:49:00+00:00,62,254,14,24,14,38,19,30,254,0,62
2023-07-08 14:49:00+00:00,62,254,14,24,13,38,19,30,254,66,62
2023-07-08 15:49:00+00:00,62,254,12,24,12,38,19,31,254,0,62
2023-07-08 16:49:00+00:00,62,254,11,24,11,38,19,31,254,0,62
2023-07-08 17:49:00+00:00,62,254,10,25,10,38,19,31,254,0,62
2023-07-08 18:49:00+00:00,63,254,10,25,10,39,19,32,254,0,62
2023-07-08 19:49:00+00:00,64,254,10,25,10,39,18,32,254,0,62
2023-07-08 20:49:00+00:00,64,254,10,25,10,39,18,33,254,0,62
2023-07-08 21:49:00+00:00,65,254,11,26,11,39,18,34,254,0,62
2023-07-08 22:49:00+00:00,66,254,10,26,10,39,15,34,254,0,62
2023-07-08 23:49:00+00:00,67,254,11,26,11,40,14,34,254,0,61
2023-07-09 00:49:00+00:00,67,254,11,26,12,40,13,34,254,0,62
2023-07-09 01:49:00+00:00,67,254,11,26,12,40,13,34,254,0,62
2023-07-09 02:49:00+00:00,67,254,11,26,12,39,12,34,254,0,62
2023-07-09 03:49:00+00:00,67,254,11,26,12,39,12,33,254,0,62
2023-07-09 04:49:00+00:00,67,254,12,26,11,39,12,33,254,0,62
2023-07-09 05:49:00+00:00,67,254,11,26,11,39,12,33,254,0,62
2023-07-09 06:49:00+00:00,66,254,11,25,11,38,12,32,254,0,62
2023-07-09 07:49:00+00:00,66,254,11,25,11,38,12,32,254,0,62
2023-07-09 08:49:00+00:00,66,254,12,25,11,38,12,32,254,0,103
2023-07-09 09:49:00+00:00,65,254,11,25,12,38,12,32,254,0,62
2023-07-09 10:49:00+00:00,65,254,11,25,12,38,12,31,254,0,62
2023-07-09 11:49:00+00:00,64,254,11,25,11,37,12,31,254,0,62
2023-07-09 12:49:00+00:00,64,254,11,25,11,37,12,31,254,0,62
2023-07-09 13:49:00+00:00,63,254,11,24,12,37,12,31,254,0,62
2023-07-09 14:49:00+00:00,63,254,11,25,12,36,12,31,254,0,62
2023-07-09 15:49:00+00:00,63,254,11,25,12,36,12,31,254,0,62
2023-07-09 16:49:00+00:00,63,254,12,25,12,36,13,31,254,0,62
2023-07-09 17:49:00+00:00,63,254,12,25,12,36,13,31,254,0,62
2023-07-09 18:49:00+00:00,64,254,12,25,13,36,13,32,254,0,62
2023-07-09 19:49:00+00:00,65,254,13,25,14,37,13,33,254,0,62
2023-07-09 20:49:00+00:00,66,254,13,25,14,37,14,33,254,0,62
2023-07-09 21:49:00+00:00,66,254,14,26,15,37,14,34,254,0,62
2023-07-09 22:49:00+00:00,67,254,14,26,15,37,14,34,254,0,62
2023-07-09 23:49:00+00:00,68,254,15,26,16,38,14,35,254,0,61
2023-07-10 00:49:00+00:00,68,254,15,26,16,37,14,35,254,0,61
2023-07-10 01:49:00+00:00,68,254,15,26,16,37,15,35,254,0,61
2023-07-10 02:49:00+00:00,69,254,15,26,16,37,15,34,254,0,61
2023-07-10 03:49:00+00:00,69,254,15,26,16,37,15,34,254,0,61
2023-07-10 04:49:00+00:00,68,254,15,26,16,37,15,34,254,0,62
2023-07-10 05:49:00+00:00,68,254,15,26,16,36,15,33,254,0,62
2023-07-10 06:49:00+00:00,68,254,15,26,16,36,15,33,254,0,62
2023-07-10 07:49:00+00:00,67,254,15,26,16,35,15,32,254,0,62
2023-07-10 08:49:00+00:00,67,254,15,26,16,35,15,32,254,0,103
2023-07-10 09:49:00+00:00,66,254,13,25,16,34,12,31,254,64,62
2023-07-10 10:49:00+00:00,66,254,11,25,14,34,6,31,254,0,62
2023-07-10 11:49:00+00:00,66,254,10,25,12,34,1,31,254,0,62
2023-07-10 12:49:00+00:00,65,254,9,25,11,34,1,31,254,0,62
2023-07-10 13:49:00+00:00,65,254,8,25,10,34,1,31,254,0,62
2023-07-10 14:49:00+00:00,64,254,7,24,10,33,1,30,254,0,62
2023-07-10 15:49:00+00:00,64,254,7,24,10,33,1,30,254,0,62
2023-07-10 16:49:00+00:00,65,254,8,25,10,34,2,31,254,0,62
2023-07-10 17:49:00+00:00,65,254,8,25,10,34,2,31,254,0,61
2023-07-10 18:49:00+00:00,65,254,10,25,11,34,3,32,254,0,62
2023-07-10 19:49:00+00:00,66,254,10,25,11,34,4,32,254,0,61
2023-07-10 20:49:00+00:00,67,254,10,26,11,34,6,33,254,0,61
2023-07-10 21:49:00+00:00,67,254,11,26,12,34,8,34,254,0,61
2023-07-10 22:49:00+00:00,67,254,11,26,12,34,10,34,254,0,61
2023-07-10 23:49:00+00:00,68,254,11,26,13,34,10,34,254,0,61
2023-07-11 00:49:00+00:00,68,254,12,26,13,34,11,34,254,0,61
2023-07-11 01:49:00+00:00,68,254,12,26,13,34,11,34,254,0,61
2023-07-11 02:49:00+00:00,68,254,12,26,13,34,11,34,254,0,61
2023-07-11 03:49:00+00:00,68,254,12,26,13,34,11,33,254,0,61
2023-07-11 04:49:00+00:00,68,254,12,26,13,34,11,33,254,0,62
2023-07-11 05:49:00+00:00,68,254,12,26,13,33,11,33,254,0,62
2023-07-11 06:49:00+00:00,67,254,12,25,13,33,11,32,254,0,62
2023-07-11 07:49:00+00:00,67,254,12,25,13,32,12,32,254,0,62
2023-07-11 08:49:00+00:00,66,254,12,25,12,32,11,31,254,0,103
2023-07-11 09:49:00+00:00,66,254,12,25,13,31,12,31,254,0,62
2023-07-11 10:49:00+00:00,65,254,12,25,13,31,12,31,254,0,62
2023-07-11 11:49:00+00:00,64,254,12,24,12,31,12,30,254,0,62
2023-07-11 12:49:00+00:00,64,254,12,24,13,31,12,30,254,0,62
2023-07-11 13:49:00+00:00,63,254,12,24,13,30,12,30,254,0,62
2023-07-11 14:49:00+00:00,63,254,12,24,13,30,12,30,254,0,62
2023-07-11 15:49:00+00:00,63,254,12,24,13,30,12,30,254,0,62
2023-07-11 16:49:00+00:00,63,254,12,24,13,30,12,30,254,0,62
2023-07-11 17:49:00+00:00,63,254,13,25,14,30,13,31,254,0,61
2023-07-11 18:49:00+00:00,64,254,13,24,14,30,13,31,254,0,62
2023-07-11 19:49:00+00:00,65,254,14,25,15,30,13,32,254,0,61
2023-07-11 20:49:00+00:00,65,254,14,25,15,30,13,32,254,0,61
2023-07-11 21:49:00+00:00,66,254,14,25,16,30,14,33,254,0,61
2023-07-11 22:49:00+00:00,66,254,15,25,16,30,14,33,254,0,61
2023-07-11 23:49:00+00:00,67,254,15,26,17,31,14,34,254,0,61
2023-07-12 00:49:00+00:00,67,254,16,26,17,31,14,34,254,0,61
2023-07-12 01:49:00+00:00,67,254,16,26,17,31,14,34,254,0,61
2023-07-12 02:50:00+00:00,67,254,16,26,17,30,15,33,254,0,61
2023-07-12 03:50:00+00:00,67,254,16,26,17,30,14,33,254,0,61
2023-07-12 04:50:00+00:00,66,254,15,25,17,30,14,32,254,0,62
2023-07-12 05:50:00+00:00,66,254,0,25,17,30,9,32,254,54,62
2023-07-12 06:50:00+00:00,66,254,3,25,15,29,2,32,254,0,62
2023-07-12 07:50:00+00:00,65,254,0,25,13,29,1,31,254,0,62
2023-07-12 08:50:00+00:00,64,254,0,24,12,29,1,31,254,0,103
2023-07-12 09:50:00+00:00,64,254,0,24,12,29,1,31,254,0,62
2023-07-12 10:50:00+00:00,63,254,0,24,12,29,1,30,254,0,62
2023-07-12 11:50:00+00:00,63,254,1,25,11,29,2,30,254,0,62
2023-07-12 12:50:00+00:00,62,254,2,24,11,28,2,30,254,0,62
2023-07-12 13:50:00+00:00,62,254,2,24,11,28,3,29,254,0,62
2023-07-12 14:50:00+00:00,62,254,3,24,11,28,3,29,254,0,62
2023-07-12 15:50:00+00:00,61,254,4,24,11,28,3,29,254,1,62
2023-07-12 16:50:00+00:00,62,254,6,24,11,28,5,29,254,0,61
2023-07-12 17:50:00+00:00,62,254,8,24,12,28,5,29,254,0,61
2023-07-12 18:50:00+00:00,63,254,10,25,12,29,6,30,254,0,61
2023-07-12 19:50:00+00:00,63,254,11,25,12,29,7,30,254,0,61
2023-07-12 20:50:00+00:00,64,254,11,25,13,29,9,30,254,0,61
2023-07-12 21:50:00+00:00,65,254,12,26,13,29,10,31,254,0,61
2023-07-12 22:50:00+00:00,66,254,13,26,14,29,10,31,254,0,61
2023-07-12 23:50:00+00:00,66,254,14,26,14,29,11,31,254,0,61
2023-07-13 00:51:00+00:00,67,254,14,26,14,29,11,32,254,0,61
2023-07-13 01:51:00+00:00,67,254,14,26,14,29,12,31,254,0,61
2023-07-13 02:51:00+00:00,67,254,14,26,14,29,12,31,254,0,61
2023-07-13 03:51:00+00:00,67,254,14,26,14,29,12,31,254,0,61
2023-07-13 04:51:00+00:00,67,254,13,26,14,29,12,31,254,0,61
2023-07-13 05:51:00+00:00,67,254,14,26,14,29,12,31,254,0,61
2023-07-13 06:51:00+00:00,66,254,13,25,14,28,12,30,254,0,62
2023-07-13 07:51:00+00:00,66,254,13,25,14,28,12,30,254,0,62
2023-07-13 08:51:00+00:00,65,254,13,25,14,28,12,29,254,0,103
2023-07-13 09:51:00+00:00,65,254,14,25,14,28,12,29,254,0,62
2023-07-13 10:51:00+00:00,64,254,13,25,14,27,12,29,254,0,62
2023-07-13 11:51:00+00:00,64,254,13,25,14,27,12,29,254,0,62
2023-07-13 12:51:00+00:00,63,254,14,25,14,27,12,28,254,0,62
2023-07-13 13:51:00+00:00,63,254,14,25,14,27,12,28,254,0,62
2023-07-13 14:51:00+00:00,62,254,13,24,14,27,12,28,254,0,62
2023-07-13 15:51:00+00:00,62,254,14,24,14,26,12,28,254,0,61
2023-07-13 16:51:00+00:00,62,254,14,24,14,27,13,28,254,0,61
2023-07-13 17:51:00+00:00,63,254,14,25,15,27,13,29,254,0,61
2023-07-13 18:51:00+00:00,63,254,15,25,15,27,13,29,254,0,61
2023-07-13 19:51:00+00:00,64,254,15,25,16,27,14,29,254,0,61
2023-07-13 20:51:00+00:00,64,254,16,25,16,27,14,30,254,0,61
2023-07-13 21:51:00+00:00,65,254,16,26,17,27,14,31,254,0,61
2023-07-13 22:51:00+00:00,66,254,17,26,17,27,14,31,254,0,61
2023-07-13 23:51:00+00:00,66,254,17,26,17,28,14,31,254,0,61
2023-07-14 00:51:00+00:00,66,254,17,26,18,28,14,32,254,0,61
2023-07-14 01:51:00+00:00,66,254,17,26,18,28,15,31,254,0,61
2023-07-14 02:51:00+00:00,66,254,18,26,18,28,15,31,254,0,61
2023-07-14 03:51:00+00:00,66,254,18,26,18,27,15,31,254,0,61
2023-07-14 04:51:00+00:00,66,254,0,25,18,27,13,31,254,61,62
2023-07-14 05:51:00+00:00,65,254,1,26,17,27,2,31,254,1,61
2023-07-14 06:51:00+00:00,65,254,3,25,15,27,0,30,254,0,62
2023-07-14 07:51:00+00:00,65,254,6,25,14,27,0,30,254,0,61
2023-07-14 08:51:00+00:00,64,254,8,25,13,27,0,30,254,0,103
2023-07-14 09:51:00+00:00,64,254,9,25,12,27,1,30,254,0,62
2023-07-14 10:51:00+00:00,63,254,10,25,12,27,1,29,254,0,62
2023-07-14 11:51:00+00:00,63,254,10,25,12,27,2,29,254,0,62
2023-07-14 12:51:00+00:00,63,254,10,25,12,27,2,29,254,0,62
2023-07-14 13:51:00+00:00,62,254,10,24,11,26,2,29,254,0,62
2023-07-14 14:51:00+00:00,62,254,10,24,11,26,2,29,254,0,61
2023-07-14 15:51:00+00:00,62,254,10,24,11,26,3,29,254,1,61
2023-07-14 16:51:00+00:00,62,254,10,25,12,27,3,29,254,0,61
2023-07-14 17:51:00+00:00,62,254,11,25,12,26,4,29,254,0,61
2023-07-14 18:51:00+00:00,63,254,12,25,12,27,5,30,254,0,61
2023-07-14 19:51:00+00:00,63,254,12,25,13,27,7,31,254,0,61
2023-07-14 20:51:00+00:00,64,254,13,25,13,27,9,31,254,0,61
2023-07-14 21:51:00+00:00,64,254,14,25,14,27,10,32,254,0,61
2023-07-14 22:51:00+00:00,65,254,15,26,14,28,11,32,254,0,61
2023-07-14 23:51:00+00:00,65,254,16,26,15,28,11,33,254,0,61
2023-07-15 00:51:00+00:00,65,254,16,26,15,28,12,33,254,0,61
2023-07-15 01:51:00+00:00,65,254,16,26,15,28,12,33,254,0,61
2023-07-15 02:51:00+00:00,65,254,16,26,16,28,12,33,254,0,61
2023-07-15 03:51:00+00:00,65,254,16,26,16,28,12,32,254,0,61
2023-07-15 04:51:00+00:00,65,254,16,26,16,28,12,32,254,0,61
2023-07-15 05:51:00+00:00,65,254,16,26,16,28,12,32,254,0,61
2023-07-15 06:51:00+00:00,64,254,16,25,15,27,12,31,254,0,61
2023-07-15 07:51:00+00:00,64,254,16,25,15,27,12,31,254,0,61
2023-07-15 08:51:00+00:00,63,254,16,25,15,27,13,31,254,0,103
2023-07-15 09:51:00+00:00,63,254,16,25,15,27,13,31,254,0,61
2023-07-15 10:51:00+00:00,62,254,16,25,15,27,12,30,254,0,62
2023-07-15 11:51:00+00:00,62,254,16,25,15,27,13,30,254,0,61
2023-07-15 12:51:00+00:00,62,254,16,25,15,27,13,30,254,0,62
2023-07-15 13:51:00+00:00,61,254,16,25,15,27,13,30,254,0,61
2023-07-15 14:51:00+00:00,61,254,16,25,15,27,13,30,254,0,61
2023-07-15 15:51:00+00:00,61,254,16,25,16,27,13,30,254,0,61
2023-07-15 16:51:00+00:00,61,254,16,25,16,27,13,30,254,0,61
2023-07-15 17:51:00+00:00,62,254,17,25,16,27,13,30,254,0,61
2023-07-15 18:51:00+00:00,62,254,17,25,16,27,13,31,254,0,61
2023-07-15 19:51:00+00:00,63,254,18,25,17,27,14,32,254,0,61
2023-07-15 20:51:00+00:00,64,254,18,26,17,27,14,32,254,0,61
2023-07-15 21:51:00+00:00,65,254,19,26,18,28,14,33,254,0,61
2023-07-15 22:51:00+00:00,66,254,19,26,18,28,14,34,254,0,61
2023-07-15 23:51:00+00:00,66,254,19,26,18,28,14,34,254,0,61
2023-07-16 00:51:00+00:00,67,254,0,27,18,28,10,34,254,72,61
2023-07-16 01:51:00+00:00,67,254,7,27,16,29,0,34,254,0,61
2023-07-16 02:51:00+00:00,68,254,11,27,14,29,0,34,254,0,61
2023-07-16 03:51:00+00:00,68,254,12,27,13,29,0,34,254,0,61
2023-07-16 04:51:00+00:00,68,254,12,27,12,29,0,33,254,0,61
2023-07-16 05:51:00+00:00,68,254,12,27,12,29,0,33,254,0,61
2023-07-16 06:52:00+00:00,67,254,12,26,11,28,0,32,254,0,61
2023-07-16 07:52:00+00:00,67,254,12,26,11,28,0,32,254,0,61
2023-07-16 08:52:00+00:00,66,254,12,26,11,28,0,31,254,0,103
2023-07-16 09:52:00+00:00,66,254,12,25,11,28,0,31,254,0,61
2023-07-16 10:52:00+00:00,65,254,12,25,11,28,0,31,254,0,61
2023-07-16 11:52:00+00:00,65,254,12,25,11,28,1,31,254,0,61
2023-07-16 12:52:00+00:00,64,254,12,25,11,27,1,30,254,1,61
2023-07-16 13:52:00+00:00,64,254,12,25,11,27,2,30,254,0,61
2023-07-16 14:52:00+00:00,64,254,12,25,11,27,2,30,254,0,61
2023-07-16 15:52:00+00:00,64,254,12,25,11,27,2,30,254,0,61
2023-07-16 16:52:00+00:00,63,254,12,25,12,27,3,30,254,0,61
2023-07-16 17:52:00+00:00,64,254,13,25,12,27,5,31,254,0,61
2023-07-16 18:52:00+00:00,64,254,13,25,12,27,7,31,254,0,61
2023-07-16 19:52:00+00:00,65,254,14,26,13,28,9,32,254,0,61
2023-07-16 20:52:00+00:00,66,254,15,26,13,28,10,33,254,0,61
2023-07-16 21:52:00+00:00,67,254,16,26,14,28,11,34,254,0,61
2023-07-16 22:52:00+00:00,68,254,16,27,14,29,11,35,254,0,61
2023-07-16 23:52:00+00:00,68,254,17,27,15,29,12,35,254,0,61
2023-07-17 00:52:00+00:00,69,254,17,27,15,29,12,35,254,0,61
2023-07-17 01:52:00+00:00,69,254,17,27,15,29,12,35,254,0,61
2023-07-17 02:52:00+00:00,69,254,17,27,15,29,12,34,254,0,61
2023-07-17 03:52:00+00:00,69,254,17,26,15,29,12,34,254,0,61
2023-07-17 04:52:00+00:00,69,254,17,26,15,29,12,34,254,0,61
2023-07-17 05:52:00+00:00,69,254,17,26,15,29,12,33,254,0,61
2023-07-17 06:52:00+00:00,68,254,17,26,15,29,12,33,254,0,61
2023-07-17 07:52:00+00:00,68,254,17,26,15,29,13,33,254,0,61
2023-07-17 08:52:00+00:00,68,254,17,26,15,28,13,33,254,0,103
2023-07-17 09:52:00+00:00,67,254,17,25,15,28,12,32,254,0,61
2023-07-17 10:52:00+00:00,67,254,17,25,15,28,13,32,254,0,61
2023-07-17 11:52:00+00:00,66,254,16,25,14,27,12,31,254,0,61
2023-07-17 12:52:00+00:00,66,254,16,25,14,27,13,31,254,0,61
2023-07-17 13:52:00+00:00,65,254,17,25,15,27,13,31,254,0,61
2023-07-17 14:52:00+00:00,65,254,17,25,15,27,13,31,254,0,61
2023-07-17 15:52:00+00:00,65,254,17,25,15,27,13,31,254,0,61
2023-07-17 16:52:00+00:00,65,254,17,25,15,27,13,31,254,0,61
2023-07-17 17:52:00+00:00,65,254,17,25,15,27,13,31,254,0,61
2023-07-17 18:52:00+00:00,65,254,17,25,15,28,13,31,254,0,61
2023-07-17 19:52:00+00:00,66,254,17,25,15,28,13,31,254,0,61
2023-07-17 20:52:00+00:00,66,254,18,25,16,28,13,31,254,0,61
2023-07-17 21:52:00+00:00,67,254,18,26,16,28,14,32,254,0,61
2023-07-17 22:52:00+00:00,68,254,19,26,17,29,14,33,254,0,61
2023-07-17 23:52:00+00:00,68,254,19,26,17,29,14,33,254,0,61
2023-07-18 00:52:00+00:00,69,254,19,26,17,29,14,33,254,0,61
2023-07-18 01:52:00+00:00,69,254,19,26,17,29,14,33,254,0,61
2023-07-18 02:52:00+00:00,69,254,19,26,17,29,14,33,254,0,61
2023-07-18 03:52:00+00:00,69,254,10,26,17,29,10,32,254,64,61
2023-07-18 04:52:00+00:00,69,254,13,26,14,29,0,32,254,1,61
2023-07-18 05:52:00+00:00,69,254,13,26,12,28,0,32,254,0,61
2023-07-18 06:52:00+00:00,69,254,13,26,11,28,0,32,254,0,61
2023-07-18 07:52:00+00:00,68,254,13,26,10,28,0,32,254,0,61
2023-07-18 08:52:00+00:00,68,254,13,26,10,28,0,31,254,0,103
2023-07-18 09:52:00+00:00,67,254,13,25,10,28,0,31,254,0,61
2023-07-18 10:52:00+00:00,67,254,13,25,10,28,0,31,254,0,61
2023-07-18 11:52:00+00:00,66,254,12,25,10,27,0,30,254,0,61
2023-07-18 12:52:00+00:00,66,254,12,25,10,27,0,30,254,0,61
2023-07-18 13:52:00+00:00,65,254,12,25,10,27,0,30,254,1,61
2023-07-18 14:52:00+00:00,65,254,12,25,10,27,0,30,254,0,61
2023-07-18 15:52:00+00:00,65,254,12,25,10,27,0,30,254,0,61
2023-07-18 16:52:00+00:00,65,254,13,25,10,27,1,30,254,0,61
2023-07-18 17:52:00+00:00,65,254,13,25,10,27,2,30,254,0,61
2023-07-18 18:52:00+00:00,65,254,13,25,11,27,3,30,254,0,61
2023-07-18 19:52:00+00:00,65,254,14,25,11,27,5,30,254,0,61
2023-07-18 20:52:00+00:00,66,254,14,25,11,27,8,30,254,0,61
2023-07-18 21:52:00+00:00,66,254,15,25,12,28,10,31,254,0,61
2023-07-18 22:52:00+00:00,67,254,16,26,12,28,10,31,254,0,61
2023-07-18 23:52:00+00:00,68,254,16,26,13,29,11,32,254,0,61
2023-07-19 00:52:00+00:00,68,254,16,26,13,29,11,32,254,0,61
2023-07-19 01:52:00+00:00,68,254,17,26,13,29,11,32,254,0,61
2023-07-19 02:52:00+00:00,68,254,17,26,13,29,11,31,254,0,61
2023-07-19 03:52:00+00:00,68,254,16,26,13,29,12,31,254,0,61
2023-07-19 04:52:00+00:00,68,254,16,26,13,29,12,31,254,0,61
2023-07-19 05:52:00+00:00,68,254,16,26,13,29,12,31,254,0,61
2023-07-19 06:52:00+00:00,67,254,16,25,12,28,12,30,254,0,61
2023-07-19 07:52:00+00:00,67,254,16,25,13,28,12,30,254,0,61
2023-07-19 08:52:00+00:00,66,254,16,25,12,27,12,29,254,0,103
2023-07-19 09:52:00+00:00,66,254,16,25,12,27,12,29,254,0,61
2023-07-19 10:52:00+00:00,65,254,16,25,12,27,12,29,254,0,61
2023-07-19 11:52:00+00:00,65,254,16,25,13,27,12,29,254,0,61
2023-07-19 12:53:00+00:00,64,254,16,24,12,27,12,28,254,0,61
2023-07-19 13:53:00+00:00,64,254,16,24,13,27,12,28,254,0,61
2023-07-19 14:53:00+00:00,63,254,16,24,13,27,12,28,254,0,61
2023-07-19 15:53:00+00:00,63,254,16,24,13,27,12,28,254,0,61
2023-07-19 16:53:00+00:00,63,254,16,24,13,27,13,28,254,0,61
2023-07-19 17:53:00+00:00,63,254,17,24,14,27,13,28,254,0,61
2023-07-19 18:53:00+00:00,64,254,17,25,14,27,13,29,254,0,61
2023-07-19 19:53:00+00:00,64,254,17,25,15,27,13,29,254,0,61
2023-07-19 20:53:00+00:00,65,254,18,25,15,28,14,30,254,0,61
2023-07-19 21:53:00+00:00,66,254,18,25,16,28,14,30,254,0,61
2023-07-19 22:53:00+00:00,66,254,19,25,16,28,14,30,254,0,61
2023-07-19 23:53:00+00:00,67,254,0,25,15,28,1,30,254,72,61
2023-07-20 00:53:00+00:00,68,254,0,26,12,29,0,31,254,0,61
2023-07-20 01:53:00+00:00,68,254,1,26,10,29,0,31,254,0,61
2023-07-20 02:53:00+00:00,69,254,1,26,9,29,0,30,254,0,61
2023-07-20 03:53:00+00:00,68,254,1,26,7,29,0,30,254,0,61
2023-07-20 04:53:00+00:00,68,254,2,26,7,29,0,30,254,0,61
2023-07-20 05:53:00+00:00,68,254,1,26,7,29,4,29,254,0,61
2023-07-20 06:53:00+00:00,67,254,1,25,7,28,9,28,254,0,61
2023-07-20 07:53:00+00:00,67,254,2,25,7,28,1,28,254,0,61
2023-07-20 08:53:00+00:00,67,254,4,25,7,28,7,28,254,0,103
2023-07-20 09:53:00+00:00,66,254,4,25,7,28,3,27,254,0,61
2023-07-20 10:53:00+00:00,66,254,5,25,8,28,9,26,254,0,61
2023-07-20 11:53:00+00:00,65,254,6,25,8,28,1,26,254,0,61
2023-07-20 12:53:00+00:00,65,254,7,25,8,28,1,26,254,0,61
2023-07-20 13:53:00+00:00,65,254,8,24,8,28,1,25,254,0,61
2023-07-20 14:53:00+00:00,64,254,9,24,9,27,1,25,254,0,61
2023-07-20 15:53:00+00:00,64,254,10,24,9,27,2,25,254,0,61
2023-07-20 16:53:00+00:00,65,254,10,25,10,28,4,25,254,0,61
2023-07-20 17:53:00+00:00,65,254,11,25,10,28,6,25,254,0,61
2023-07-20 18:53:00+00:00,65,254,11,25,10,28,8,25,254,0,61
2023-07-20 19:53:00+00:00,66,254,12,25,11,28,10,25,254,0,61
2023-07-20 20:53:00+00:00,66,254,13,25,11,28,10,25,254,0,61
2023-07-20 21:53:00+00:00,67,254,14,25,12,29,11,26,254,0,61
2023-07-20 22:53:00+00:00,68,254,15,26,12,29,11,26,254,0,61
2023-07-20 23:53:00+00:00,68,254,15,26,12,29,12,27,254,0,61
2023-07-21 00:53:00+00:00,69,254,15,26,13,29,12,27,254,0,61
2023-07-21 01:53:00+00:00,69,254,16,26,13,29,12,27,254,0,61
2023-07-21 02:54:00+00:00,69,254,15,26,13,29,12,26,254,0,61
2023-07-21 03:54:00+00:00,69,254,15,25,12,29,12,26,254,0,61
2023-07-21 04:54:00+00:00,69,254,15,25,12,29,12,26,254,0,61
2023-07-21 05:54:00+00:00,69,254,15,26,12,29,12,26,254,0,61
2023-07-21 06:54:00+00:00,68,254,16,25,13,29,13,26,254,0,61
2023-07-21 07:54:00+00:00,68,254,16,25,13,29,13,26,254,0,61
2023-07-21 08:54:00+00:00,68,254,16,25,13,29,13,26,254,0,103
2023-07-21 09:54:00+00:00,67,254,15,25,13,28,13,25,254,0,61
2023-07-21 10:54:00+00:00,67,254,16,25,13,28,13,25,254,0,61
2023-07-21 11:54:00+00:00,66,254,15,24,13,28,13,25,254,0,61
2023-07-21 12:54:00+00:00,66,254,15,24,13,28,13,25,254,0,61
2023-07-21 13:54:00+00:00,65,254,16,24,13,28,13,25,254,0,61
2023-07-21 14:54:00+00:00,65,254,16,24,13,28,13,25,254,0,61
2023-07-21 15:54:00+00:00,65,254,16,24,13,28,13,25,254,0,61
2023-07-21 16:54:00+00:00,65,254,16,24,14,28,14,25,254,0,61
2023-07-21 17:54:00+00:00,65,254,17,24,14,28,14,26,254,0,61
2023-07-21 18:54:00+00:00,66,254,17,24,14,28,14,26,254,0,61
2023-07-21 19:54:00+00:00,66,254,17,24,15,28,14,26,254,0,61
2023-07-21 20:54:00+00:00,67,254,18,25,16,29,14,27,254,0,61
2023-07-21 21:54:00+00:00,68,254,0,25,16,29,0,28,254,67,61
2023-07-21 22:54:00+00:00,69,254,1,25,13,29,0,28,254,0,61
2023-07-21 23:54:00+00:00,70,254,2,26,12,30,0,28,254,0,61
2023-07-22 00:54:00+00:00,70,254,4,26,11,30,0,28,254,0,61
2023-07-22 01:54:00+00:00,71,254,5,26,10,30,0,28,254,0,61
2023-07-22 02:54:00+00:00,71,254,7,26,10,30,0,27,254,0,61
2023-07-22 03:54:00+00:00,71,254,8,26,10,30,0,27,254,0,61
2023-07-22 04:54:00+00:00,71,254,10,26,10,30,0,27,254,0,61
2023-07-22 05:54:00+00:00,70,254,10,26,10,30,0,26,254,0,61
2023-07-22 06:54:00+00:00,70,254,10,25,10,30,0,26,254,0,61
2023-07-22 07:54:00+00:00,69,254,10,25,10,29,0,25,254,0,61
2023-07-22 08:54:00+00:00,69,254,11,25,10,29,0,25,254,0,103
2023-07-22 09:54:00+00:00,68,254,11,25,10,29,0,25,254,0,61
2023-07-22 10:54:00+00:00,68,254,11,25,10,29,0,25,254,0,61
2023-07-22 11:54:00+00:00,67,254,11,24,10,28,1,24,254,0,61
2023-07-22 12:54:00+00:00,66,254,11,24,10,28,2,24,254,0,61
2023-07-22 13:54:00+00:00,66,254,11,24,10,28,2,24,254,0,61
2023-07-22 14:54:00+00:00,66,254,11,24,10,28,4,23,254,0,61
2023-07-22 15:54:00+00:00,65,254,11,24,10,28,5,23,254,0,61
2023-07-22 16:54:00+00:00,65,254,12,24,10,28,6,23,254,0,61
2023-07-22 17:54:00+00:00,66,254,12,24,11,28,7,24,254,0,61
2023-07-22 18:54:00+00:00,66,254,13,24,11,28,9,24,254,0,61
2023-07-22 19:54:00+00:00,66,254,13,24,11,28,10,24,254,0,61
2023-07-22 20:54:00+00:00,67,254,14,25,12,29,10,24,254,0,61
2023-07-22 21:54:00+00:00,68,254,15,25,12,29,11,25,254,0,61
2023-07-22 22:54:00+00:00,69,254,16,25,13,30,11,25,254,0,61
2023-07-22 23:54:00+00:00,69,254,16,25,13,30,12,25,254,0,61
2023-07-23 00:54:00+00:00,70,254,16,25,13,30,12,26,254,0,61
2023-07-23 01:54:00+00:00,70,254,16,25,13,30,12,26,254,0,61
2023-07-23 02:54:00+00:00,70,254,16,25,13,30,12,25,254,0,61
2023-07-23 03:54:00+00:00,70,254,16,25,13,30,12,25,254,0,61
2023-07-23 04:54:00+00:00,70,254,16,25,13,30,12,25,254,0,61
2023-07-23 05:54:00+00:00,70,254,16,25,13,30,12,25,254,0,61
2023-07-23 06:54:00+00:00,70,254,16,25,13,30,12,25,254,0,61
2023-07-23 07:54:00+00:00,69,254,16,25,13,29,12,25,254,0,61
2023-07-23 08:54:00+00:00,69,254,16,24,13,29,13,25,254,0,103
2023-07-23 09:54:00+00:00,69,254,16,24,13,29,13,25,254,0,61
2023-07-23 10:54:00+00:00,68,254,16,24,13,29,13,25,254,0,61
2023-07-23 11:54:00+00:00,68,254,16,24,13,29,13,25,254,0,61
2023-07-23 12:54:00+00:00,67,254,16,24,13,28,13,24,254,0,61
2023-07-23 13:54:00+00:00,67,254,16,24,13,28,13,24,254,0,61
2023-07-23 14:54:00+00:00,67,254,16,24,13,28,13,24,254,0,61
2023-07-23 15:54:00+00:00,67,254,17,24,13,28,13,24,254,0,61
2023-07-23 16:54:00+00:00,67,254,17,24,13,28,13,24,254,0,61
2023-07-23 17:54:00+00:00,67,254,17,24,14,29,13,25,254,0,61
2023-07-23 18:54:00+00:00,67,254,17,24,14,29,14,25,254,0,61
2023-07-23 19:54:00+00:00,68,254,18,25,15,29,14,25,254,0,61
2023-07-23 20:54:00+00:00,68,254,18,24,15,29,14,26,254,0,61
2023-07-23 21:54:00+00:00,69,254,19,25,16,30,14,26,254,0,61
2023-07-23 22:54:00+00:00,70,254,19,25,16,30,15,26,254,0,61
2023-07-23 23:54:00+00:00,70,254,20,25,16,30,15,27,254,0,61
2023-07-24 00:54:00+00:00,71,254,20,25,16,30,15,27,254,0,61
2023-07-24 01:54:00+00:00,71,254,20,25,16,30,15,26,254,0,61
2023-07-24 02:54:00+00:00,71,254,20,25,16,30,15,26,254,0,61
2023-07-24 03:54:00+00:00,71,254,20,25,16,30,15,26,254,0,61
2023-07-24 04:54:00+00:00,71,254,20,25,16,30,15,26,254,0,61
2023-07-24 05:54:00+00:00,71,254,20,25,16,30,15,26,254,0,61
2023-07-24 06:54:00+00:00,70,254,20,25,16,30,15,26,254,0,61
2023-07-24 07:54:00+00:00,70,254,20,25,16,30,15,26,254,0,61
2023-07-24 08:54:00+00:00,70,254,20,25,16,30,15,26,254,0,103
2023-07-24 09:54:00+00:00,69,254,20,24,16,29,15,25,254,0,61
2023-07-24 10:54:00+00:00,69,254,20,24,16,29,15,25,254,0,61
2023-07-24 11:54:00+00:00,69,254,20,24,16,29,15,25,254,0,61
2023-07-24 12:54:00+00:00,69,254,20,24,16,29,15,25,254,0,61
2023-07-24 13:54:00+00:00,68,254,20,24,16,29,15,26,254,0,61
2023-07-24 14:54:00+00:00,68,254,20,24,16,29,15,26,254,0,61
2023-07-24 15:54:00+00:00,68,254,20,24,16,29,15,26,254,0,61
2023-07-24 16:54:00+00:00,68,254,21,24,17,29,15,26,254,0,61
2023-07-24 17:54:00+00:00,68,254,21,24,17,30,16,26,254,0,61
2023-07-24 18:54:00+00:00,69,254,21,24,17,30,16,26,254,0,61
2023-07-24 19:54:00+00:00,69,254,22,24,18,30,16,26,254,0,61
2023-07-24 20:54:00+00:00,69,254,22,25,18,30,16,26,254,0,61
2023-07-24 21:54:00+00:00,69,254,23,25,18,30,16,27,254,0,61
2023-07-24 22:54:00+00:00,69,254,23,25,19,30,16,27,254,0,61
2023-07-24 23:54:00+00:00,69,254,24,25,19,30,16,27,254,0,61
2023-07-25 00:54:00+00:00,69,254,24,24,19,30,16,27,254,0,61
2023-07-25 01:54:00+00:00,69,254,24,25,19,30,16,27,254,0,61
2023-07-25 02:54:00+00:00,69,254,19,24,19,30,16,27,254,40,61
2023-07-25 03:54:00+00:00,69,254,21,25,18,30,0,27,254,15,61
2023-07-25 04:54:00+00:00,69,254,22,24,16,30,0,27,254,0,61
2023-07-25 05:54:00+00:00,68,254,22,24,15,30,0,27,254,0,61
2023-07-25 06:54:00+00:00,68,254,22,24,14,30,0,26,254,1,61
2023-07-25 07:54:00+00:00,68,254,21,24,14,30,0,26,254,0,61
2023-07-25 08:54:00+00:00,67,254,20,24,13,30,0,26,254,0,103
2023-07-25 09:54:00+00:00,67,254,20,24,13,30,0,25,254,0,61
2023-07-25 10:54:00+00:00,67,254,20,24,13,30,0,25,254,0,61
2023-07-25 11:54:00+00:00,66,254,20,23,12,29,0,25,254,0,61
2023-07-25 12:54:00+00:00,66,254,19,24,12,29,0,25,254,0,61
2023-07-25 13:54:00+00:00,65,254,19,24,12,30,0,25,254,0,61
2023-07-25 14:54:00+00:00,65,254,19,24,12,30,0,24,254,0,61
2023-07-25 15:54:00+00:00,65,254,19,24,13,30,1,24,254,0,61
2023-07-25 16:54:00+00:00,65,254,19,24,13,30,1,25,254,0,61
2023-07-25 17:54:00+00:00,65,254,20,24,13,30,3,24,254,0,61
2023-07-25 18:54:00+00:00,65,254,20,24,13,30,4,25,254,0,61
2023-07-25 19:54:00+00:00,66,254,20,24,14,30,7,25,254,0,61
2023-07-25 20:54:00+00:00,66,254,21,24,14,30,8,25,254,0,61
2023-07-25 21:54:00+00:00,67,254,22,24,15,31,10,26,254,0,61
2023-07-25 22:54:00+00:00,67,254,22,25,15,31,11,26,254,0,61
2023-07-25 23:54:00+00:00,68,254,23,25,15,32,11,26,254,0,61
2023-07-26 00:54:00+00:00,68,254,23,25,16,32,11,26,254,0,61
2023-07-26 01:54:00+00:00,69,254,23,25,16,32,12,26,254,0,61
2023-07-26 02:54:00+00:00,69,254,23,25,15,32,12,26,254,0,61
2023-07-26 03:54:00+00:00,69,254,22,25,15,32,12,26,254,0,61
2023-07-26 04:54:00+00:00,69,254,22,25,15,32,12,26,254,0,61
2023-07-26 05:54:00+00:00,68,254,22,25,15,32,12,26,254,0,61
2023-07-26 06:54:00+00:00,68,254,22,25,15,32,12,26,254,0,61
2023-07-26 07:54:00+00:00,67,254,22,24,15,31,12,25,254,0,61
2023-07-26 08:54:00+00:00,67,254,22,24,15,31,12,25,254,0,103
2023-07-26 09:54:00+00:00,66,254,22,24,15,31,12,25,254,0,61
2023-07-26 10:54:00+00:00,66,254,22,24,15,31,12,25,254,0,61
2023-07-26 11:54:00+00:00,65,254,22,24,15,31,12,25,254,0,61
2023-07-26 12:54:00+00:00,65,254,22,24,15,31,13,25,254,0,61
2023-07-26 13:54:00+00:00,64,254,22,23,15,30,12,24,254,0,61
2023-07-26 14:54:00+00:00,64,254,22,23,15,31,13,24,254,0,61
2023-07-26 15:54:00+00:00,64,254,22,23,15,31,13,24,254,0,61
2023-07-26 16:54:00+00:00,64,254,22,24,15,31,13,25,254,0,61
2023-07-26 17:54:00+00:00,64,254,22,24,16,31,13,25,254,0,61
2023-07-26 18:54:00+00:00,64,254,23,24,16,31,13,25,254,0,61
2023-07-26 19:54:00+00:00,65,254,24,24,17,32,13,26,254,0,61
2023-07-26 20:54:00+00:00,66,254,24,24,17,32,14,26,254,0,61
2023-07-26 21:54:00+00:00,66,254,25,24,17,32,14,26,254,0,61
2023-07-26 22:54:00+00:00,67,254,26,25,18,33,14,27,254,41,61
2023-07-26 23:54:00+00:00,68,254,18,25,18,33,0,27,254,23,61
2023-07-27 00:54:00+00:00,68,254,17,25,16,33,0,27,254,0,61
2023-07-27 01:54:00+00:00,69,254,17,25,14,33,0,27,254,0,61
2023-07-27 02:54:00+00:00,69,254,16,25,13,34,0,27,254,0,61
2023-07-27 03:54:00+00:00,69,254,16,25,12,34,0,27,254,0,61
2023-07-27 04:54:00+00:00,69,254,16,25,12,34,0,27,254,0,61
2023-07-27 05:54:00+00:00,68,254,15,25,11,33,0,27,254,0,61
2023-07-27 06:54:00+00:00,68,254,15,25,11,34,0,26,254,0,61
2023-07-27 07:54:00+00:00,68,254,15,25,11,33,0,26,254,0,61
2023-07-27 08:54:00+00:00,67,254,15,24,11,33,0,25,254,0,103
2023-07-27 09:54:00+00:00,67,254,15,24,11,33,0,25,254,0,61
2023-07-27 10:54:00+00:00,67,254,15,24,11,33,0,25,254,0,61
2023-07-27 11:54:00+00:00,66,254,15,24,11,32,0,25,254,0,61
2023-07-27 12:54:00+00:00,66,254,15,24,11,32,0,25,254,0,61
2023-07-27 13:54:00+00:00,66,254,15,24,11,32,1,24,254,0,61
2023-07-27 14:54:00+00:00,66,254,15,24,11,33,1,24,254,0,61
2023-07-27 15:54:00+00:00,65,254,15,24,11,33,1,24,254,0,61
2023-07-27 16:54:00+00:00,65,254,15,24,11,33,2,24,254,0,61
2023-07-27 17:54:00+00:00,65,254,15,24,12,33,4,24,254,0,61
2023-07-27 18:54:00+00:00,66,254,16,24,12,33,5,25,254,0,61
2023-07-27 19:54:00+00:00,66,254,16,24,12,33,7,25,254,0,61
2023-07-27 20:54:00+00:00,66,254,16,24,12,33,9,25,254,0,61
2023-07-27 21:54:00+00:00,67,254,17,25,13,34,10,25,254,0,61
2023-07-27 22:54:00+00:00,68,254,18,25,13,35,11,26,254,0,61
2023-07-27 23:54:00+00:00,68,254,18,25,14,35,11,26,254,0,61
2023-07-28 00:54:00+00:00,68,254,18,25,14,35,11,26,254,0,61
2023-07-28 01:54:00+00:00,68,254,18,25,14,35,12,26,254,0,61
2023-07-28 02:54:00+00:00,69,254,18,25,14,35,12,26,254,0,61
2023-07-28 03:54:00+00:00,69,254,18,25,14,35,12,26,254,0,61
2023-07-28 04:54:00+00:00,68,254,18,25,14,35,12,26,254,0,61
2023-07-28 05:54:00+00:00,68,254,18,25,14,35,12,26,254,0,61
2023-07-28 06:54:00+00:00,68,254,18,25,14,35,12,25,254,0,61
2023-07-28 07:54:00+00:00,67,254,18,24,13,34,12,25,254,0,61
2023-07-28 08:54:00+00:00,67,254,18,24,14,34,12,25,254,0,103
2023-07-28 09:54:00+00:00,66,254,18,24,13,34,12,24,254,0,61
2023-07-28 10:54:00+00:00,66,254,18,24,13,34,13,25,254,0,61
2023-07-28 11:54:00+00:00,65,254,18,24,13,34,12,24,254,0,61
2023-07-28 12:54:00+00:00,65,254,18,24,14,34,12,24,254,0,61
2023-07-28 13:54:00+00:00,64,254,18,23,13,33,12,24,254,0,61
2023-07-28 14:54:00+00:00,64,254,18,23,13,33,12,24,254,0,61
2023-07-28 15:54:00+00:00,64,254,18,23,14,33,13,24,254,0,61
2023-07-28 16:54:00+00:00,64,254,18,23,14,33,13,24,254,0,61
2023-07-28 17:54:00+00:00,64,254,19,23,14,33,13,24,254,0,61
2023-07-28 18:54:00+00:00,65,254,19,24,15,34,13,25,254,0,61
2023-07-28 19:54:00+00:00,65,254,20,24,15,34,13,25,254,0,61
2023-07-28 20:54:00+00:00,66,254,20,24,16,35,13,25,254,0,61
2023-07-28 21:54:00+00:00,66,254,20,24,16,35,14,26,254,0,61
2023-07-28 22:54:00+00:00,67,254,21,25,17,35,14,26,254,0,61
2023-07-28 23:54:00+00:00,67,254,22,25,17,35,14,27,254,0,61
2023-07-29 00:54:00+00:00,67,254,22,25,17,36,14,27,254,0,61
2023-07-29 01:54:00+00:00,68,254,23,25,17,36,15,27,254,0,61
2023-07-29 02:54:00+00:00,68,254,23,25,17,36,15,27,254,0,61
2023-07-29 03:54:00+00:00,68,254,23,25,17,36,15,27,254,0,61
2023-07-29 04:54:00+00:00,68,254,23,25,17,36,15,27,254,0,61
2023-07-29 05:54:00+00:00,68,254,23,25,17,36,15,27,254,0,61
2023-07-29 06:54:00+00:00,67,254,22,25,17,36,15,26,254,0,61
2023-07-29 07:54:00+00:00,67,254,22,25,17,36,15,26,254,0,61
2023-07-29 08:54:00+00:00,66,254,22,24,17,35,15,26,254,0,103
2023-07-29 09:54:00+00:00,66,254,22,24,17,35,15,26,254,0,61
2023-07-29 10:54:00+00:00,65,254,22,24,17,35,15,25,254,0,61
2023-07-29 11:54:00+00:00,65,254,22,24,17,35,15,26,254,0,61
2023-07-29 12:54:00+00:00,64,254,22,24,17,35,15,25,254,0,61
2023-07-29 13:54:00+00:00,64,254,23,24,17,35,15,25,254,0,61
2023-07-29 14:54:00+00:00,64,254,23,24,17,35,15,25,254,0,61
2023-07-29 15:54:00+00:00,63,254,23,24,17,35,15,25,254,0,61
2023-07-29 16:54:00+00:00,63,254,24,24,17,35,15,25,254,0,61
2023-07-29 17:54:00+00:00,64,254,24,24,18,35,15,26,254,0,61
2023-07-29 18:54:00+00:00,64,254,25,24,18,35,15,26,254,0,61
2023-07-29 19:54:00+00:00,65,254,2,24,18,36,4,26,254,66,61
2023-07-29 20:54:00+00:00,66,254,4,24,16,36,0,27,254,0,61
2023-07-29 21:54:00+00:00,67,254,6,25,16,37,0,27,254,0,61
2023-07-29 22:54:00+00:00,67,254,10,25,15,37,0,27,254,0,61
2023-07-29 23:54:00+00:00,67,254,11,25,14,37,0,27,254,0,61
2023-07-30 00:54:00+00:00,68,254,12,26,14,38,0,28,254,0,61
2023-07-30 01:54:00+00:00,68,254,13,25,14,38,0,28,254,0,61
2023-07-30 02:54:00+00:00,68,254,13,25,14,38,0,27,254,0,61
2023-07-30 03:54:00+00:00,68,254,13,25,14,38,0,27,254,0,61
2023-07-30 04:55:00+00:00,68,254,14,26,13,38,1,27,254,0,61
2023-07-30 05:55:00+00:00,68,254,14,25,13,38,1,27,254,0,61
2023-07-30 06:55:00+00:00,67,254,14,25,13,37,1,26,254,0,61
2023-07-30 07:55:00+00:00,67,254,14,25,13,37,1,26,254,0,61
2023-07-30 08:55:00+00:00,67,254,14,25,13,37,2,26,254,0,103
2023-07-30 09:55:00+00:00,66,254,14,24,13,36,3,25,254,0,61
2023-07-30 10:55:00+00:00,66,254,14,24,13,36,3,25,254,0,61
2023-07-30 11:55:00+00:00,66,254,14,24,13,36,4,25,254,0,61
2023-07-30 12:55:00+00:00,65,254,14,24,13,36,5,25,254,0,61
2023-07-30 13:55:00+00:00,65,254,14,24,13,36,6,25,254,0,61
2023-07-30 14:55:00+00:00,65,254,14,24,13,36,6,25,254,0,61
2023-07-30 15:55:00+00:00,65,254,15,24,13,37,7,25,254,0,61
2023-07-30 16:55:00+00:00,65,254,15,24,13,37,8,25,254,0,61
2023-07-30 17:55:00+00:00,65,254,16,24,14,37,9,25,254,0,61
2023-07-30 18:56:00+00:00,65,254,16,25,14,37,10,25,254,0,61
2023-07-30 19:56:00+00:00,66,254,17,25,15,37,10,25,254,0,61
2023-07-30 20:56:00+00:00,66,254,18,25,15,37,11,26,254,0,61
2023-07-30 21:56:00+00:00,66,254,18,25,16,37,11,26,254,0,61
2023-07-30 22:56:00+00:00,67,254,19,25,16,38,12,26,254,0,61
2023-07-30 23:56:00+00:00,67,254,20,25,16,38,12,27,254,0,61
2023-07-31 00:56:00+00:00,68,254,20,26,17,39,13,27,254,0,61
2023-07-31 01:56:00+00:00,68,254,20,26,17,39,13,27,254,0,61
2023-07-31 02:56:00+00:00,68,254,20,26,17,39,13,27,254,0,61
2023-07-31 03:56:00+00:00,68,254,20,26,17,39,13,27,254,0,61
2023-07-31 04:56:00+00:00,68,254,20,26,17,39,13,27,254,0,61
2023-07-31 05:56:00+00:00,67,254,20,25,16,38,13,26,254,0,61
2023-07-31 06:56:00+00:00,67,254,20,25,16,38,13,26,254,0,61
2023-07-31 07:56:00+00:00,67,254,20,25,16,38,13,26,254,0,61
2023-07-31 08:56:00+00:00,66,254,20,25,16,38,13,26,254,0,103
2023-07-31 09:56:00+00:00,66,254,20,25,16,38,13,26,254,0,61
2023-07-31 10:56:00+00:00,65,254,20,24,16,38,13,26,254,0,61
2023-07-31 11:56:00+00:00,65,254,20,24,16,38,13,25,254,0,61
2023-07-31 12:56:00+00:00,64,254,20,24,16,37,13,25,254,0,61
2023-07-31 13:56:00+00:00,64,254,20,24,16,37,13,25,254,0,61
2023-07-31 14:56:00+00:00,64,254,20,24,16,37,13,25,254,0,61
2023-07-31 15:56:00+00:00,64,254,20,24,16,37,13,25,254,0,61
2023-07-31 16:56:00+00:00,64,254,21,24,17,37,14,25,254,0,61
2023-07-31 17:56:00+00:00,64,254,21,24,17,37,14,25,254,0,61
2023-07-31 18:56:00+00:00,64,254,21,24,17,37,14,25,254,0,61
2023-07-31 19:56:00+00:00,65,254,22,25,18,38,14,26,254,0,61
2023-07-31 20:56:00+00:00,65,254,23,25,18,38,14,26,254,0,61
2023-07-31 21:56:00+00:00,66,254,24,25,18,39,14,26,254,0,61
2023-07-31 22:56:00+00:00,66,254,25,25,18,39,15,27,254,0,61
2023-07-31 23:56:00+00:00,67,254,26,26,19,39,15,27,254,0,61
2023-08-01 00:56:00+00:00,67,254,26,25,19,40,15,28,254,0,61
2023-08-01 01:56:00+00:00,67,254,27,26,19,40,15,28,254,0,61
2023-08-01 02:56:00+00:00,68,254,27,26,19,40,15,28,254,0,61
2023-08-01 03:56:00+00:00,68,254,27,26,19,40,15,28,254,0,60
2023-08-01 04:56:00+00:00,68,254,27,26,19,40,16,28,254,0,61
2023-08-01 05:56:00+00:00,67,254,26,25,19,40,15,27,254,0,61
2023-08-01 06:56:00+00:00,67,254,26,25,19,40,15,27,254,0,61
2023-08-01 07:56:00+00:00,67,254,26,25,19,40,15,27,254,0,61
2023-08-01 08:56:00+00:00,66,254,26,25,19,39,15,26,254,0,103
2023-08-01 09:56:00+00:00,66,254,26,25,19,39,15,27,254,0,61
2023-08-01 10:56:00+00:00,65,254,26,25,19,39,15,26,254,0,61
2023-08-01 11:56:00+00:00,65,254,26,25,19,39,16,26,254,0,61
2023-08-01 12:56:00+00:00,64,254,26,24,19,38,15,26,254,0,61
2023-08-01 13:56:00+00:00,64,254,26,24,19,38,16,26,254,0,61
2023-08-01 14:56:00+00:00,63,254,1,24,19,38,11,26,254,60,61
2023-08-01 15:56:00+00:00,63,254,2,24,18,38,5,26,254,0,61
2023-08-01 16:56:00+00:00,64,254,3,25,17,38,0,26,254,0,61
2023-08-01 17:56:00+00:00,64,254,4,25,16,38,1,26,254,0,61
2023-08-01 18:56:00+00:00,64,254,8,25,15,39,0,26,254,0,61
2023-08-01 19:56:00+00:00,64,254,10,25,15,39,1,27,254,0,61
2023-08-01 20:56:00+00:00,65,254,12,25,15,40,1,27,254,0,61
2023-08-01 21:56:00+00:00,66,254,13,25,15,40,1,27,254,0,61
2023-08-01 22:56:00+00:00,66,254,14,25,15,40,1,28,254,0,61
2023-08-01 23:56:00+00:00,67,254,15,26,15,41,2,28,254,0,60
2023-08-02 00:56:00+00:00,67,254,16,26,15,41,4,29,254,0,61
2023-08-02 01:56:00+00:00,67,254,17,26,15,41,6,29,254,0,60
2023-08-02 02:56:00+00:00,67,254,17,26,15,41,7,28,254,0,61
2023-08-02 03:56:00+00:00,67,254,17,26,15,41,9,28,254,0,61
2023-08-02 04:56:00+00:00,67,254,18,26,15,41,10,28,254,0,61
2023-08-02 05:56:00+00:00,66,254,18,25,15,41,10,28,254,0,61
2023-08-02 06:56:00+00:00,66,254,18,25,15,41,10,27,254,0,61
2023-08-02 07:56:00+00:00,66,254,18,25,15,41,10,27,254,0,61
2023-08-02 08:56:00+00:00,66,254,18,25,15,41,10,27,254,0,103
2023-08-02 09:56:00+00:00,66,254,18,25,15,41,10,27,254,0,61
2023-08-02 10:56:00+00:00,65,254,18,25,15,41,11,27,254,0,61
2023-08-02 11:56:00+00:00,65,254,18,25,15,41,11,27,254,0,61
2023-08-02 12:56:00+00:00,65,254,18,25,15,41,11,27,254,0,61
2023-08-02 13:56:00+00:00,65,254,18,25,15,41,11,27,254,0,61
2023-08-02 14:56:00+00:00,65,254,18,25,15,41,11,27,254,0,61
2023-08-02 15:56:00+00:00,65,254,18,25,15,41,11,27,254,0,61
2023-08-02 16:56:00+00:00,65,254,19,25,15,41,11,27,254,0,61
2023-08-02 17:56:00+00:00,65,254,19,25,15,42,11,27,254,0,61
2023-08-02 18:56:00+00:00,65,254,19,25,15,42,12,27,254,0,61
2023-08-02 19:56:00+00:00,65,254,20,25,16,42,12,27,254,0,61
2023-08-02 20:56:00+00:00,66,254,20,25,16,42,12,28,254,0,61
2023-08-02 21:56:00+00:00,66,254,21,25,17,42,13,28,254,0,61
2023-08-02 22:56:00+00:00,66,254,22,25,17,42,13,28,254,0,61
2023-08-02 23:56:00+00:00,67,254,23,26,17,43,14,29,254,0,60
2023-08-03 00:56:00+00:00,67,254,23,26,17,43,14,29,254,0,61
2023-08-03 01:56:00+00:00,67,254,24,26,17,43,14,29,254,0,60
2023-08-03 02:56:00+00:00,67,254,24,26,17,44,14,29,254,0,61
2023-08-03 03:56:00+00:00,67,254,24,26,17,43,14,29,254,0,61
2023-08-03 04:56:00+00:00,66,254,23,25,16,43,14,28,254,0,61
2023-08-03 05:56:00+00:00,66,254,24,25,16,43,14,28,254,0,61
2023-08-03 06:56:00+00:00,66,254,24,25,16,43,14,28,254,0,61
2023-08-03 07:56:00+00:00,66,254,24,25,16,43,14,28,254,0,61
2023-08-03 08:56:00+00:00,66,254,24,25,16,43,14,28,254,0,103
2023-08-03 09:56:00+00:00,65,254,24,25,16,43,14,28,254,0,61
2023-08-03 10:56:00+00:00,65,254,24,25,16,43,14,28,254,0,61
2023-08-03 11:56:00+00:00,65,254,24,25,16,43,14,28,254,0,61
2023-08-03 12:56:00+00:00,65,254,24,25,16,43,15,28,254,0,61
2023-08-03 13:56:00+00:00,64,254,24,25,16,43,14,27,254,0,61
2023-08-03 14:56:00+00:00,64,254,24,25,16,43,14,27,254,0,61
2023-08-03 15:56:00+00:00,64,254,24,25,16,43,14,27,254,0,61
2023-08-03 16:56:00+00:00,64,254,25,25,17,43,15,27,254,0,61
2023-08-03 17:56:00+00:00,64,254,25,25,17,43,15,27,254,0,61
2023-08-03 18:56:00+00:00,65,254,27,25,17,44,15,28,254,0,61
2023-08-03 19:56:00+00:00,65,254,28,25,18,44,15,29,254,0,61
2023-08-03 20:56:00+00:00,66,254,29,25,18,44,15,29,254,0,61
2023-08-03 21:56:00+00:00,66,254,30,25,18,44,16,29,254,0,60
2023-08-03 22:56:00+00:00,66,254,32,25,19,45,16,29,254,0,61
2023-08-03 23:56:00+00:00,67,254,33,26,19,46,16,30,254,0,60
2023-08-04 00:56:00+00:00,67,254,35,26,20,46,16,30,254,0,61
2023-08-04 01:56:00+00:00,67,254,35,26,20,46,16,30,254,0,60
2023-08-04 02:56:00+00:00,67,254,35,26,20,46,16,30,254,0,61
2023-08-04 03:56:00+00:00,67,254,35,26,20,46,16,30,254,0,61
2023-08-04 04:56:00+00:00,67,254,35,26,20,46,16,30,254,0,61
2023-08-04 05:56:00+00:00,66,254,35,26,19,45,16,29,254,0,61
2023-08-04 06:56:00+00:00,66,254,35,26,20,45,16,29,254,0,61
2023-08-04 07:56:00+00:00,66,254,34,25,20,45,16,29,254,40,61
2023-08-04 08:56:00+00:00,66,254,34,25,18,45,6,29,254,26,103
2023-08-04 09:56:00+00:00,65,254,34,25,16,45,9,29,254,0,61
2023-08-04 10:56:00+00:00,65,254,34,25,15,46,10,29,254,0,61
2023-08-04 11:56:00+00:00,65,254,33,25,14,46,1,29,254,0,61
2023-08-04 12:56:00+00:00,65,254,33,25,13,46,1,29,254,0,61
2023-08-04 13:56:00+00:00,65,254,33,25,13,46,0,29,254,0,61
2023-08-04 14:56:00+00:00,64,254,32,25,12,45,1,28,254,0,61
2023-08-04 15:56:00+00:00,64,254,32,25,12,45,1,28,254,0,61
2023-08-04 16:56:00+00:00,64,254,32,25,12,46,11,28,254,0,61
2023-08-04 17:56:00+00:00,65,254,34,26,12,46,10,29,254,0,60
2023-08-04 18:56:00+00:00,65,254,34,26,12,47,1,29,254,0,61
2023-08-04 19:56:00+00:00,65,254,35,26,13,47,2,29,254,0,60
2023-08-04 20:56:00+00:00,66,254,36,26,13,47,4,29,254,0,61
2023-08-04 21:56:00+00:00,66,254,36,26,13,47,5,30,254,0,60
2023-08-04 22:56:00+00:00,66,254,37,26,14,47,7,30,254,0,61
2023-08-04 23:56:00+00:00,67,254,38,26,14,48,10,30,254,0,60
2023-08-05 00:56:00+00:00,67,254,38,26,14,48,10,30,254,0,60
2023-08-05 01:56:00+00:00,67,254,38,26,14,48,11,30,254,0,60
2023-08-05 02:56:00+00:00,67,254,38,26,14,49,11,30,254,0,61
2023-08-05 03:56:00+00:00,67,254,37,26,14,49,11,30,254,0,60
2023-08-05 04:56:00+00:00,67,254,37,26,14,49,11,30,254,0,61
2023-08-05 05:56:00+00:00,66,254,36,26,14,48,11,29,254,0,61
2023-08-05 06:56:00+00:00,66,254,36,26,14,48,11,29,254,0,61
2023-08-05 07:56:00+00:00,66,254,36,26,14,48,11,29,254,0,61
2023-08-05 08:56:00+00:00,65,254,35,26,14,48,11,29,254,0,103
2023-08-05 09:56:00+00:00,65,254,35,26,14,48,12,29,254,0,61
2023-08-05 10:56:00+00:00,65,254,35,25,14,48,12,29,254,0,61
2023-08-05 11:56:00+00:00,65,254,35,25,14,48,12,29,254,0,61
2023-08-05 12:57:00+00:00,64,254,35,25,14,47,12,29,254,0,61
2023-08-05 13:57:00+00:00,64,254,35,25,14,47,12,29,254,0,61
2023-08-05 14:57:00+00:00,64,254,34,25,14,47,12,28,254,0,61
2023-08-05 15:57:00+00:00,64,254,35,25,14,47,12,28,254,0,61
2023-08-05 16:57:00+00:00,64,254,36,25,14,48,12,29,254,0,61
2023-08-05 17:57:00+00:00,64,254,37,25,15,48,12,29,254,0,60
2023-08-05 18:57:00+00:00,64,254,39,25,15,48,13,29,254,0,61
2023-08-05 19:57:00+00:00,65,254,40,26,16,49,13,30,254,0,60
2023-08-05 20:57:00+00:00,65,254,42,26,16,49,13,30,254,0,60
2023-08-05 21:57:00+00:00,66,254,43,26,16,49,14,31,254,0,60
2023-08-05 22:57:00+00:00,66,254,44,26,17,49,14,31,254,0,60
2023-08-05 23:57:00+00:00,66,254,45,26,17,49,14,31,254,0,60
2023-08-06 00:57:00+00:00,67,254,46,26,17,50,15,32,254,0,60
2023-08-06 01:57:00+00:00,67,254,47,26,17,50,15,32,254,0,60
2023-08-06 02:57:00+00:00,67,254,47,26,17,50,15,31,254,0,60
2023-08-06 03:57:00+00:00,67,254,47,26,17,50,15,31,254,0,60
2023-08-06 04:57:00+00:00,67,254,47,26,17,50,15,31,254,0,61
2023-08-06 05:57:00+00:00,66,254,46,26,17,49,15,30,254,50,60
2023-08-06 06:57:00+00:00,66,254,46,26,17,49,3,30,254,10,61
2023-08-06 07:57:00+00:00,66,254,46,26,16,49,2,30,254,0,61
2023-08-06 08:57:00+00:00,65,254,46,26,14,49,0,30,254,0,103
2023-08-06 09:57:00+00:00,65,254,45,26,13,49,0,30,254,0,61
2023-08-06 10:57:00+00:00,65,254,45,26,12,49,10,30,254,0,61
2023-08-06 11:57:00+00:00,64,254,44,25,12,48,10,29,254,0,61
2023-08-06 12:57:00+00:00,64,254,44,25,11,48,0,29,254,0,61
2023-08-06 13:57:00+00:00,64,254,44,25,11,48,1,30,254,0,61
2023-08-06 14:57:00+00:00,63,254,43,25,11,48,1,29,254,0,61
2023-08-06 15:57:00+00:00,63,254,43,25,11,48,1,29,254,0,61
2023-08-06 16:57:00+00:00,63,254,43,25,11,49,1,29,254,0,61
2023-08-06 17:57:00+00:00,63,254,44,25,11,49,1,30,254,0,60
2023-08-06 18:57:00+00:00,64,254,46,26,12,49,1,30,254,0,60
2023-08-06 19:57:00+00:00,64,254,47,25,12,49,7,30,254,0,60
2023-08-06 20:57:00+00:00,65,254,49,26,12,50,4,31,254,0,60
2023-08-06 21:57:00+00:00,65,254,49,26,13,50,6,31,254,0,60
2023-08-06 22:57:00+00:00,66,254,49,26,13,50,8,31,254,0,60
2023-08-06 23:57:00+00:00,66,254,50,26,13,51,10,32,254,0,60
2023-08-07 00:57:00+00:00,66,254,50,26,13,51,10,32,254,0,60
2023-08-07 01:57:00+00:00,66,254,50,26,13,51,10,31,254,0,60
2023-08-07 02:57:00+00:00,66,254,49,26,13,51,10,31,254,0,60
2023-08-07 03:57:00+00:00,66,254,49,26,13,51,11,31,254,0,60
2023-08-07 04:57:00+00:00,66,254,48,26,13,51,11,31,254,0,60
2023-08-07 05:57:00+00:00,66,254,48,26,13,51,11,31,254,0,60
2023-08-07 06:57:00+00:00,66,254,47,26,13,51,11,31,254,0,61
2023-08-07 07:57:00+00:00,65,254,47,26,13,51,11,31,254,0,60
2023-08-07 08:57:00+00:00,65,254,46,26,13,51,11,30,254,0,103
2023-08-07 09:57:00+00:00,65,254,46,26,13,51,11,30,254,0,60
2023-08-07 10:57:00+00:00,64,254,45,25,13,50,11,30,254,0,61
2023-08-07 11:57:00+00:00,64,254,45,25,13,50,11,30,254,0,61
2023-08-07 12:57:00+00:00,64,254,45,25,13,50,11,30,254,0,61
2023-08-07 13:57:00+00:00,63,254,44,25,13,50,12,30,254,0,61
2023-08-07 14:57:00+00:00,63,254,44,25,13,50,12,30,254,0,61
2023-08-07 15:57:00+00:00,63,254,45,25,13,50,12,30,254,0,60
2023-08-07 16:57:00+00:00,63,254,46,26,14,50,12,30,254,0,60
2023-08-07 17:57:00+00:00,63,254,47,26,14,50,12,30,254,0,60
2023-08-07 18:57:00+00:00,63,254,49,26,14,51,12,30,254,0,60
2023-08-07 19:57:00+00:00,64,254,50,26,14,51,13,30,254,0,60
2023-08-07 20:57:00+00:00,64,254,51,26,15,51,13,30,254,0,60
2023-08-07 21:57:00+00:00,64,254,51,26,15,51,14,30,254,0,60
2023-08-07 22:57:00+00:00,64,254,52,26,15,51,14,30,254,0,60
2023-08-07 23:57:00+00:00,65,254,53,26,16,52,14,31,254,0,60
2023-08-08 00:57:00+00:00,65,254,52,26,16,52,14,31,254,0,60
2023-08-08 01:57:00+00:00,65,254,52,26,16,52,14,31,254,0,60
2023-08-08 02:57:00+00:00,65,254,52,26,16,52,14,30,254,0,60
2023-08-08 03:57:00+00:00,65,254,52,26,16,52,14,30,254,0,60
2023-08-08 04:57:00+00:00,64,254,50,26,15,51,14,30,254,0,60
2023-08-08 05:57:00+00:00,64,254,50,26,15,51,14,30,254,0,60
2023-08-08 06:57:00+00:00,64,254,50,26,15,51,14,30,254,0,60
2023-08-08 07:57:00+00:00,64,254,49,26,15,51,14,30,254,0,60
2023-08-08 08:57:00+00:00,63,254,49,26,15,51,14,30,254,0,103
2023-08-08 09:57:00+00:00,63,254,49,25,15,51,8,29,254,65,60
2023-08-08 10:57:00+00:00,62,254,48,25,14,50,6,29,254,0,61
2023-08-08 11:57:00+00:00,62,254,48,25,12,50,1,29,254,0,60
2023-08-08 12:57:00+00:00,62,254,48,25,10,50,1,29,254,0,61
2023-08-08 13:57:00+00:00,62,254,47,25,10,50,1,29,254,0,61
2023-08-08 14:57:00+00:00,61,254,46,25,9,50,1,29,254,0,61
2023-08-08 15:57:00+00:00,61,254,46,25,9,50,1,29,254,0,60
2023-08-08 16:57:00+00:00,61,254,45,25,9,50,1,29,254,0,60
2023-08-08 17:57:00+00:00,61,254,44,25,9,51,2,29,254,0,60
2023-08-08 18:57:00+00:00,61,254,43,25,9,51,1,29,254,0,60
2023-08-08 19:57:00+00:00,61,254,42,26,10,51,10,29,254,0,60
2023-08-08 20:57:00+00:00,62,254,41,26,10,52,2,29,254,0,60
2023-08-08 21:57:00+00:00,62,254,41,26,10,52,3,29,254,0,60
2023-08-08 22:57:00+00:00,63,254,41,26,10,53,5,30,254,0,60
2023-08-08 23:57:00+00:00,63,254,41,26,11,53,7,30,254,0,60
2023-08-09 00:57:00+00:00,63,254,40,26,11,53,10,30,254,0,60
2023-08-09 01:57:00+00:00,63,254,40,26,11,53,10,30,254,0,60
2023-08-09 02:57:00+00:00,64,254,39,26,11,53,10,30,254,0,60
2023-08-09 03:57:00+00:00,63,254,38,26,11,53,10,29,254,0,60
2023-08-09 04:57:00+00:00,63,254,38,26,11,53,10,29,254,0,60
2023-08-09 05:57:00+00:00,63,254,37,26,11,53,10,29,254,0,60
2023-08-09 06:57:00+00:00,63,254,36,26,11,53,10,29,254,0,60
2023-08-09 07:57:00+00:00,62,254,35,25,11,52,10,28,254,0,60
2023-08-09 08:57:00+00:00,62,254,35,26,11,52,10,28,254,0,103
2023-08-09 09:57:00+00:00,62,254,34,26,11,52,10,28,254,0,60
2023-08-09 10:57:00+00:00,61,254,34,25,11,52,11,28,254,0,60
2023-08-09 11:57:00+00:00,61,254,33,25,11,52,11,28,254,0,60
2023-08-09 12:57:00+00:00,61,254,33,25,11,52,11,28,254,0,60
2023-08-09 13:57:00+00:00,60,254,32,25,11,51,11,27,254,0,60
2023-08-09 14:57:00+00:00,60,254,32,25,11,51,11,27,254,0,60
2023-08-09 15:57:00+00:00,60,254,32,25,11,52,11,27,254,0,60
2023-08-09 16:57:00+00:00,60,254,32,25,11,52,11,27,254,0,60
2023-08-09 17:57:00+00:00,60,254,32,25,12,52,11,27,254,0,60
2023-08-09 18:57:00+00:00,61,254,33,25,12,53,12,28,254,0,60
2023-08-09 19:57:00+00:00,61,254,34,26,13,53,12,28,254,0,60
2023-08-09 20:57:00+00:00,62,254,35,26,13,53,13,28,254,0,60
2023-08-09 21:57:00+00:00,63,254,37,26,14,54,13,29,254,0,60
2023-08-09 22:57:00+00:00,63,254,37,26,14,54,13,29,254,0,60
2023-08-09 23:57:00+00:00,64,254,38,26,14,54,13,29,254,0,60
2023-08-10 00:57:00+00:00,64,254,39,26,14,54,14,29,254,0,60
2023-08-10 01:57:00+00:00,64,254,38,26,14,54,14,29,254,0,60
2023-08-10 02:57:00+00:00,65,254,39,27,14,55,14,29,254,0,60
2023-08-10 03:57:00+00:00,65,254,38,26,14,55,14,29,254,0,60
2023-08-10 04:57:00+00:00,65,254,38,26,14,55,14,29,254,0,60
2023-08-10 05:57:00+00:00,65,254,38,26,14,55,14,29,254,0,60
2023-08-10 06:57:00+00:00,64,254,37,26,14,54,14,28,254,0,60
2023-08-10 07:57:00+00:00,64,254,37,26,14,54,14,28,254,0,60
2023-08-10 08:57:00+00:00,64,254,36,26,14,54,14,28,254,0,103
2023-08-10 09:57:00+00:00,63,254,36,26,14,53,10,28,254,64,60
2023-08-10 10:57:00+00:00,63,254,36,25,12,53,1,28,254,0,60
2023-08-10 11:57:00+00:00,63,254,35,26,11,53,1,28,254,0,60
2023-08-10 12:57:00+00:00,62,254,33,25,9,52,1,27,254,0,60
2023-08-10 13:57:00+00:00,62,254,31,25,7,52,1,27,254,0,60
2023-08-10 14:57:00+00:00,62,254,28,25,6,52,1,27,254,1,60
2023-08-10 15:57:00+00:00,62,254,25,25,6,52,1,27,254,0,60
2023-08-10 16:57:00+00:00,62,254,23,25,6,53,1,27,254,0,60
2023-08-10 17:57:00+00:00,62,254,22,25,6,53,1,27,254,0,60
2023-08-10 18:57:00+00:00,62,254,21,25,7,53,2,27,254,0,60
2023-08-10 19:57:00+00:00,62,254,21,25,8,53,1,26,254,0,60
2023-08-10 20:57:00+00:00,63,254,21,26,9,54,2,27,254,0,60
2023-08-10 21:57:00+00:00,63,254,21,26,10,54,3,27,254,0,60
2023-08-10 22:57:00+00:00,64,254,21,26,10,55,5,27,254,0,60
2023-08-10 23:57:00+00:00,64,254,21,26,10,55,7,26,254,0,60
2023-08-11 00:57:00+00:00,64,254,21,26,10,55,8,26,254,0,60
2023-08-11 01:57:00+00:00,64,254,21,26,10,55,10,26,254,0,60
2023-08-11 02:57:00+00:00,65,254,21,26,11,55,10,26,254,0,60
2023-08-11 03:57:00+00:00,65,254,21,26,11,55,10,26,254,0,60
2023-08-11 04:57:00+00:00,64,254,21,26,10,54,10,26,254,0,60
2023-08-11 05:57:00+00:00,64,254,20,26,10,54,10,25,254,0,60
2023-08-11 06:57:00+00:00,64,254,20,25,10,54,10,25,254,0,60
2023-08-11 07:57:00+00:00,64,254,20,25,10,53,11,25,254,0,60
2023-08-11 08:57:00+00:00,63,254,20,25,10,53,11,25,254,0,103
2023-08-11 09:57:00+00:00,63,254,20,25,11,53,11,25,254,0,60
2023-08-11 10:57:00+00:00,63,254,20,25,11,53,11,25,254,0,60
2023-08-11 11:57:00+00:00,62,254,20,25,11,52,11,24,254,0,60
2023-08-11 12:57:00+00:00,62,254,20,25,11,52,11,24,254,0,60
2023-08-11 13:57:00+00:00,61,254,20,25,11,52,11,24,254,0,60
2023-08-11 14:57:00+00:00,61,254,20,25,11,52,11,24,254,0,60
2023-08-11 15:57:00+00:00,61,254,20,25,11,52,11,24,254,0,60
2023-08-11 16:57:00+00:00,61,254,21,25,11,52,12,24,254,0,60
2023-08-11 17:57:00+00:00,61,254,21,25,11,52,12,24,254,0,60
2023-08-11 18:57:00+00:00,61,254,21,25,12,52,12,24,254,0,60
2023-08-11 19:57:00+00:00,62,254,22,25,12,52,12,24,254,0,60
2023-08-11 20:57:00+00:00,62,254,22,25,12,52,13,24,254,0,60
2023-08-11 21:57:00+00:00,63,254,23,25,13,53,13,25,254,0,60
2023-08-11 22:57:00+00:00,64,254,24,25,13,53,13,25,254,0,60
2023-08-11 23:57:00+00:00,64,254,24,25,14,53,13,25,254,0,60
2023-08-12 00:57:00+00:00,65,254,24,26,14,54,14,25,254,0,60
2023-08-12 01:57:00+00:00,65,254,24,26,14,53,14,25,254,0,60
2023-08-12 02:57:00+00:00,65,254,24,26,14,53,14,25,254,0,60
2023-08-12 03:57:00+00:00,65,254,24,26,14,53,14,25,254,0,60
2023-08-12 04:57:00+00:00,65,254,24,25,14,53,14,25,254,0,60
2023-08-12 05:57:00+00:00,65,254,24,25,14,53,14,25,254,0,60
2023-08-12 06:57:00+00:00,65,254,24,26,14,53,14,25,254,0,60
2023-08-12 07:57:00+00:00,64,254,24,25,14,52,14,24,254,0,60
2023-08-12 08:57:00+00:00,64,254,24,25,14,51,14,24,254,0,103
2023-08-12 09:57:00+00:00,63,254,24,25,14,51,14,24,254,0,60
2023-08-12 10:57:00+00:00,63,254,24,25,14,51,14,24,254,0,60
2023-08-12 11:57:00+00:00,63,254,24,25,14,51,14,24,254,0,60
2023-08-12 12:57:00+00:00,62,254,24,24,14,50,14,24,254,0,60
2023-08-12 13:57:00+00:00,62,254,24,24,14,50,14,24,254,0,60
2023-08-12 14:57:00+00:00,62,254,24,24,14,50,15,24,254,0,60
2023-08-12 15:57:00+00:00,61,254,24,24,14,50,15,24,254,0,60
2023-08-12 16:57:00+00:00,61,254,24,25,14,50,15,24,254,0,60
2023-08-12 17:57:00+00:00,62,254,25,24,14,50,15,24,254,0,60
2023-08-12 18:57:00+00:00,62,254,25,25,14,50,15,24,254,0,60
2023-08-12 19:57:00+00:00,62,254,26,25,15,50,15,24,254,0,60
2023-08-12 20:57:00+00:00,63,254,27,25,15,51,15,25,254,0,60
2023-08-12 21:57:00+00:00,63,254,28,25,16,51,16,25,254,0,60
2023-08-12 22:57:00+00:00,64,254,29,25,16,51,16,25,254,0,60
2023-08-12 23:57:00+00:00,64,254,30,25,16,52,16,25,254,0,60
2023-08-13 00:57:00+00:00,64,254,31,25,17,52,16,25,254,0,60
2023-08-13 01:57:00+00:00,64,254,32,25,17,52,16,25,254,0,60
2023-08-13 02:57:00+00:00,64,254,33,25,17,52,16,25,254,0,60
2023-08-13 03:57:00+00:00,64,254,33,25,17,52,16,25,254,0,60
2023-08-13 04:57:00+00:00,64,254,33,25,17,52,16,25,254,0,60
2023-08-13 05:57:00+00:00,64,254,33,25,17,52,16,25,254,0,60
2023-08-13 06:57:00+00:00,63,254,33,25,17,52,16,25,254,0,60
2023-08-13 07:57:00+00:00,63,254,32,25,17,52,17,25,254,0,60
2023-08-13 08:57:00+00:00,62,254,32,25,17,51,16,24,254,0,103
2023-08-13 09:57:00+00:00,62,254,32,25,17,51,16,24,254,0,60
2023-08-13 10:57:00+00:00,62,254,32,25,17,51,17,24,254,0,60
2023-08-13 11:57:00+00:00,61,254,32,25,17,51,17,25,254,0,60
2023-08-13 12:57:00+00:00,61,254,32,25,17,50,17,24,254,0,60
2023-08-13 13:57:00+00:00,60,254,32,24,17,50,17,24,254,0,60
2023-08-13 14:57:00+00:00,60,254,32,25,17,50,17,24,254,0,60
2023-08-13 15:57:00+00:00,60,254,33,25,17,50,17,24,254,0,60
2023-08-13 16:57:00+00:00,60,254,33,25,17,50,17,24,254,0,60
2023-08-13 17:57:00+00:00,60,254,34,25,17,50,17,24,254,0,60
2023-08-13 18:57:00+00:00,61,254,36,25,18,51,17,25,254,0,60
2023-08-13 19:57:00+00:00,61,254,38,25,18,51,17,25,254,0,60
2023-08-13 20:57:00+00:00,62,254,40,25,18,52,17,25,254,0,60
2023-08-13 21:57:00+00:00,62,254,42,25,18,52,17,26,254,0,60
2023-08-13 22:57:00+00:00,63,254,45,26,19,53,18,26,254,0,60
2023-08-13 23:57:00+00:00,63,254,47,26,19,53,18,26,254,0,60
2023-08-14 00:57:00+00:00,64,254,48,26,19,53,18,26,254,0,60
2023-08-14 01:57:00+00:00,64,254,49,26,19,53,18,27,254,0,60
2023-08-14 02:57:00+00:00,64,254,49,26,19,53,18,26,254,0,60
2023-08-14 03:57:00+00:00,64,254,49,26,19,53,18,26,254,0,60
2023-08-14 04:57:00+00:00,64,254,49,26,19,53,18,26,254,0,60
2023-08-14 05:57:00+00:00,64,254,49,26,19,53,18,26,254,0,60
2023-08-14 06:57:00+00:00,64,254,49,26,19,53,18,26,254,0,60
2023-08-14 07:57:00+00:00,64,254,49,26,19,53,18,26,254,0,60
2023-08-14 08:57:00+00:00,63,254,49,26,19,53,18,26,254,0,103
2023-08-14 09:57:00+00:00,63,254,49,26,19,53,18,26,254,0,60
2023-08-14 10:57:00+00:00,63,254,49,26,19,53,18,26,254,0,60
2023-08-14 11:57:00+00:00,62,254,48,25,19,52,18,25,254,0,60
2023-08-14 12:57:00+00:00,62,254,48,25,19,52,18,25,254,0,60
2023-08-14 13:57:00+00:00,61,254,48,26,20,52,18,25,254,0,60
2023-08-14 14:57:00+00:00,61,254,48,25,20,52,18,25,254,0,60
2023-08-14 15:57:00+00:00,61,254,49,26,20,52,19,25,254,0,60
2023-08-14 16:57:00+00:00,61,254,50,26,20,52,19,25,254,0,60
2023-08-14 17:57:00+00:00,61,254,51,26,20,52,19,26,254,0,60
2023-08-14 18:57:00+00:00,61,254,52,26,20,53,19,26,254,0,60
2023-08-14 19:57:00+00:00,62,254,52,26,21,53,19,26,254,0,60
2023-08-14 20:57:00+00:00,62,254,52,26,21,53,19,27,254,0,60
2023-08-14 21:57:00+00:00,63,254,53,26,22,54,19,27,254,0,60
2023-08-14 22:57:00+00:00,64,254,53,27,22,55,19,28,254,0,60
2023-08-14 23:57:00+00:00,64,254,53,27,22,55,19,28,254,0,60
2023-08-15 00:57:00+00:00,65,254,54,27,22,56,20,28,254,0,60
2023-08-15 01:57:00+00:00,65,254,54,27,22,56,19,28,254,0,60
2023-08-15 02:57:00+00:00,65,254,54,27,22,57,19,28,254,0,60
2023-08-15 03:57:00+00:00,65,254,54,27,22,56,19,28,254,0,60
2023-08-15 04:57:00+00:00,65,254,55,27,22,56,20,28,254,0,60
2023-08-15 05:57:00+00:00,65,254,55,27,22,56,20,28,254,0,60
2023-08-15 06:57:00+00:00,65,254,55,27,22,56,20,28,254,0,60
2023-08-15 07:57:00+00:00,64,254,55,27,22,55,19,27,254,0,60
2023-08-15 08:57:00+00:00,64,254,55,26,22,55,20,27,254,0,103
2023-08-15 09:57:00+00:00,64,254,55,26,22,55,20,27,254,0,60
2023-08-15 10:57:00+00:00,63,254,56,26,23,55,20,27,254,0,60
2023-08-15 11:57:00+00:00,63,254,56,26,23,55,20,27,254,0,60
2023-08-15 12:57:00+00:00,62,254,55,26,22,54,20,26,254,0,60
2023-08-15 13:57:00+00:00,62,254,56,26,22,54,20,27,254,0,60
2023-08-15 14:57:00+00:00,62,254,56,26,23,54,20,26,254,0,60
2023-08-15 15:57:00+00:00,62,254,56,26,23,55,20,26,254,0,60
2023-08-15 16:57:00+00:00,62,254,56,26,23,55,20,27,254,0,60
2023-08-15 17:57:00+00:00,62,254,57,26,23,55,20,27,254,0,60
2023-08-15 18:57:00+00:00,62,254,57,26,24,55,20,27,254,0,60
2023-08-15 19:57:00+00:00,63,254,58,27,24,56,21,28,254,0,60
2023-08-15 20:57:00+00:00,63,254,58,27,25,56,21,28,254,0,60
2023-08-15 21:57:00+00:00,64,254,58,27,25,57,21,29,254,0,60
2023-08-15 22:57:00+00:00,65,254,59,27,26,58,21,29,254,0,60
2023-08-15 23:57:00+00:00,65,254,58,27,26,58,21,30,254,0,60
2023-08-16 00:57:00+00:00,66,254,59,27,26,58,21,30,254,0,60
2023-08-16 01:57:00+00:00,66,254,59,27,26,58,21,30,254,0,60
2023-08-16 02:57:00+00:00,67,254,60,28,27,59,21,30,254,0,60
2023-08-16 03:57:00+00:00,67,254,60,28,26,59,21,30,254,0,60
2023-08-16 04:57:00+00:00,67,254,61,28,27,59,21,30,254,0,60
2023-08-16 05:57:00+00:00,66,254,1,27,26,58,21,29,254,64,60
2023-08-16 06:57:00+00:00,66,254,0,27,26,58,21,29,254,3,60
2023-08-16 07:57:00+00:00,66,254,3,27,24,58,20,29,254,0,60
2023-08-16 08:57:00+00:00,66,254,7,27,23,58,19,29,254,0,103
2023-08-16 09:57:00+00:00,65,254,10,27,23,58,18,28,254,0,60
2023-08-16 10:57:00+00:00,65,254,11,27,22,58,18,28,254,0,60
2023-08-16 11:57:00+00:00,65,254,12,27,21,58,17,28,254,0,60
2023-08-16 12:57:00+00:00,64,254,12,27,21,57,17,28,254,0,60
2023-08-16 13:57:00+00:00,64,254,13,27,20,57,16,28,254,0,60
2023-08-16 14:57:00+00:00,64,254,13,27,20,57,16,28,254,0,60
2023-08-16 15:57:00+00:00,63,254,13,27,20,58,16,28,254,0,60
2023-08-16 16:57:00+00:00,63,254,14,27,20,58,16,28,254,0,60
2023-08-16 17:57:00+00:00,63,254,15,27,19,58,16,28,254,0,60
2023-08-16 18:57:00+00:00,64,254,15,27,19,58,16,28,254,0,60
2023-08-16 19:57:00+00:00,64,254,16,27,19,58,16,29,254,0,60
2023-08-16 20:57:00+00:00,65,254,17,28,20,60,17,29,254,0,60
2023-08-16 21:57:00+00:00,65,254,18,28,20,60,17,30,254,0,60
2023-08-16 22:57:00+00:00,66,254,18,28,20,60,17,30,254,0,60
2023-08-16 23:57:00+00:00,66,254,18,28,20,60,17,30,254,0,60
2023-08-17 00:57:00+00:00,67,254,19,28,20,61,17,30,254,0,60
2023-08-17 01:57:00+00:00,67,254,19,28,20,61,17,30,254,0,60
2023-08-17 02:57:00+00:00,68,254,20,29,21,62,17,31,254,0,60
2023-08-17 03:57:00+00:00,68,254,20,29,20,62,17,31,254,0,60
2023-08-17 04:57:00+00:00,68,254,20,29,20,62,17,30,254,0,60
2023-08-17 05:57:00+00:00,67,254,20,28,20,61,17,30,254,0,60
2023-08-17 06:57:00+00:00,67,254,20,28,20,61,17,30,254,0,60
2023-08-17 07:57:00+00:00,67,254,20,28,20,61,17,29,254,0,60
2023-08-17 08:57:00+00:00,66,254,20,28,20,60,17,29,254,0,103
2023-08-17 09:57:00+00:00,66,254,20,28,20,60,17,29,254,0,60
2023-08-17 10:57:00+00:00,66,254,20,27,20,60,17,29,254,0,60
2023-08-17 11:57:00+00:00,65,254,20,28,20,60,17,29,254,0,60
2023-08-17 12:57:00+00:00,65,254,20,27,20,60,17,29,254,0,60
2023-08-17 13:57:00+00:00,65,254,21,28,20,60,17,29,254,0,60
2023-08-17 14:57:00+00:00,64,254,20,27,20,59,17,28,254,0,60
2023-08-17 15:57:00+00:00,64,254,21,27,20,59,17,28,254,0,60
2023-08-17 16:57:00+00:00,64,254,21,27,20,59,18,28,254,0,60
2023-08-17 17:57:00+00:00,64,254,22,27,20,60,18,29,254,0,60
2023-08-17 18:57:00+00:00,64,254,22,27,20,60,18,29,254,0,60
2023-08-17 19:57:00+00:00,65,254,23,28,21,61,18,30,254,0,60
2023-08-17 20:57:00+00:00,65,254,24,28,21,61,18,30,254,0,60
2023-08-17 21:57:00+00:00,66,254,24,28,21,61,18,30,254,0,60
2023-08-17 22:57:00+00:00,66,254,25,28,21,61,18,30,254,0,60
2023-08-17 23:57:00+00:00,66,254,25,28,21,62,18,30,254,0,60
2023-08-18 00:57:00+00:00,67,254,26,28,21,63,18,30,254,0,60
2023-08-18 01:57:00+00:00,67,254,26,28,21,63,18,30,254,0,60
2023-08-18 02:57:00+00:00,67,254,27,28,21,63,18,30,254,0,60
2023-08-18 03:57:00+00:00,67,254,27,28,21,63,18,30,254,0,60
2023-08-18 04:57:00+00:00,67,254,27,28,21,63,19,30,254,0,60
2023-08-18 05:57:00+00:00,67,254,27,28,21,62,18,30,254,0,60
2023-08-18 06:57:00+00:00,67,254,27,28,21,62,19,30,254,0,60
2023-08-18 07:57:00+00:00,66,254,27,28,21,61,18,29,254,0,60
2023-08-18 08:57:00+00:00,66,254,27,28,21,61,18,29,254,0,103
2023-08-18 09:57:00+00:00,66,254,27,28,21,61,19,29,254,0,60
2023-08-18 10:57:00+00:00,66,254,27,28,21,61,19,29,254,0,60
2023-08-18 11:57:00+00:00,65,254,28,28,21,61,19,29,254,0,60
2023-08-18 12:57:00+00:00,65,254,28,28,21,61,19,29,254,0,60
2023-08-18 13:57:00+00:00,65,254,28,28,21,61,19,29,254,0,60
2023-08-18 14:57:00+00:00,64,254,28,27,21,61,19,29,254,0,60
2023-08-18 15:57:00+00:00,64,254,28,28,21,61,19,28,254,1,60
2023-08-18 16:57:00+00:00,64,254,29,28,21,61,19,29,254,0,60
2023-08-18 17:57:00+00:00,64,254,29,28,21,61,19,29,254,0,60
2023-08-18 18:57:00+00:00,65,254,31,28,22,62,19,30,254,0,60
2023-08-18 19:57:00+00:00,65,254,31,28,22,63,19,30,254,0,60
2023-08-18 20:57:00+00:00,66,254,33,28,23,63,20,30,254,0,60
2023-08-18 21:57:00+00:00,66,254,34,28,23,63,20,31,254,0,60
2023-08-18 22:57:00+00:00,67,254,36,29,24,64,20,31,254,0,60
2023-08-18 23:57:00+00:00,67,254,37,29,24,64,20,32,254,0,60
2023-08-19 00:57:00+00:00,67,254,38,29,24,64,20,32,254,0,60
2023-08-19 01:57:00+00:00,68,254,40,29,25,65,20,32,254,0,60
2023-08-19 02:57:00+00:00,68,254,41,29,25,65,20,32,254,0,60
2023-08-19 03:57:00+00:00,68,254,41,29,25,65,20,32,254,0,60
2023-08-19 04:57:00+00:00,68,254,42,29,25,65,20,32,254,0,60
2023-08-19 05:57:00+00:00,68,254,43,29,25,65,20,31,254,0,60
2023-08-19 06:57:00+00:00,67,254,42,29,24,64,20,31,254,0,60
2023-08-19 07:57:00+00:00,67,254,43,29,24,64,20,31,254,0,60
2023-08-19 08:57:00+00:00,67,254,43,29,25,64,20,31,254,0,103
2023-08-19 09:57:00+00:00,66,254,43,28,24,63,20,30,254,0,60
2023-08-19 10:57:00+00:00,66,254,43,28,24,63,20,30,254,0,60
2023-08-19 11:57:00+00:00,66,254,43,28,24,64,20,30,254,0,60
2023-08-19 12:57:00+00:00,65,254,43,28,25,64,20,30,254,0,60
2023-08-19 13:57:00+00:00,65,254,44,28,25,64,21,30,254,0,60
2023-08-19 14:57:00+00:00,65,254,44,29,25,64,21,30,254,0,60
2023-08-19 15:57:00+00:00,65,254,1,28,22,63,20,30,254,72,60
2023-08-19 16:57:00+00:00,65,254,3,29,18,64,16,30,254,0,60
2023-08-19 17:57:00+00:00,65,254,7,29,16,64,14,30,254,0,60
2023-08-19 18:57:00+00:00,65,254,10,29,14,64,13,30,254,0,60
2023-08-19 19:57:00+00:00,65,254,12,29,14,64,13,30,254,0,60
2023-08-19 20:57:00+00:00,66,254,13,29,13,65,13,30,254,0,60
2023-08-19 21:57:00+00:00,66,254,14,29,13,65,13,30,254,0,60
2023-08-19 22:57:00+00:00,66,254,15,29,13,65,13,30,254,0,60
2023-08-19 23:57:00+00:00,67,254,16,29,13,66,13,30,254,0,60
2023-08-20 00:57:00+00:00,67,254,17,29,13,66,13,30,254,0,60
2023-08-20 01:57:00+00:00,67,254,17,29,13,66,13,30,254,0,60
2023-08-20 02:57:00+00:00,67,254,17,29,13,66,13,30,254,0,60
2023-08-20 03:57:00+00:00,67,254,18,29,13,66,13,30,254,0,60
2023-08-20 04:57:00+00:00,67,254,18,29,13,66,13,30,254,0,60
2023-08-20 05:57:00+00:00,67,254,18,29,13,66,13,30,254,0,60
2023-08-20 06:57:00+00:00,67,254,18,29,13,66,13,29,254,0,60
2023-08-20 07:57:00+00:00,67,254,18,29,13,66,13,29,254,0,60
2023-08-20 08:57:00+00:00,67,254,18,29,13,66,13,29,254,0,103
2023-08-20 09:57:00+00:00,67,254,18,29,13,66,13,29,254,0,60
2023-08-20 10:57:00+00:00,66,254,18,29,13,65,13,29,254,0,60
2023-08-20 11:57:00+00:00,66,254,18,29,13,65,13,29,254,0,60
2023-08-20 12:57:00+00:00,66,254,18,28,13,65,13,29,254,1,60
2023-08-20 13:57:00+00:00,66,254,19,29,13,65,13,29,254,1,60
2023-08-20 14:57:00+00:00,66,254,19,28,13,64,13,28,254,1,60
2023-08-20 15:57:00+00:00,66,254,19,28,13,64,13,28,254,3,60
2023-08-20 16:57:00+00:00,66,254,19,29,13,64,13,28,254,2,60
2023-08-20 17:57:00+00:00,65,254,19,29,13,65,13,28,254,0,60
2023-08-20 18:57:00+00:00,65,254,18,29,13,65,13,28,254,0,60
2023-08-20 19:57:00+00:00,65,254,19,29,13,65,13,28,254,0,60
2023-08-20 20:57:00+00:00,66,254,19,29,13,65,13,28,254,0,60
2023-08-20 21:57:00+00:00,66,254,19,29,13,65,13,28,254,1,60
2023-08-20 22:57:00+00:00,66,254,19,29,13,65,13,28,254,1,60
2023-08-20 23:57:00+00:00,66,254,19,29,13,65,13,28,254,0,60
2023-08-21 00:57:00+00:00,66,254,19,29,13,65,13,28,254,0,60
2023-08-21 01:57:00+00:00,66,254,19,29,13,65,13,28,254,1,60
2023-08-21 02:57:00+00:00,66,254,19,29,13,64,13,28,254,0,60
2023-08-21 03:57:00+00:00,66,254,19,29,13,65,13,28,254,0,60
2023-08-21 04:57:00+00:00,66,254,18,29,13,65,13,28,254,0,60
2023-08-21 05:57:00+00:00,66,254,19,29,13,64,13,28,254,0,60
2023-08-21 06:57:00+00:00,66,254,18,29,13,64,13,28,254,0,60
2023-08-21 07:57:00+00:00,66,254,19,29,13,64,13,28,254,0,60
2023-08-21 08:57:00+00:00,65,254,18,29,13,64,13,28,254,0,103
2023-08-21 09:57:00+00:00,65,254,19,28,13,64,13,28,254,0,60
2023-08-21 10:57:00+00:00,65,254,19,28,13,64,13,28,254,1,60
2023-08-21 11:57:00+00:00,65,254,19,28,13,64,13,28,254,0,60
2023-08-21 12:57:00+00:00,65,254,19,28,13,64,13,28,254,0,60
2023-08-21 13:57:00+00:00,65,254,19,29,14,64,13,28,254,0,60
2023-08-21 14:57:00+00:00,65,254,19,29,14,64,13,28,254,0,60
2023-08-21 15:57:00+00:00,65,254,19,29,14,64,13,28,254,0,60
2023-08-21 16:57:00+00:00,65,254,19,29,14,65,14,28,254,0,60
2023-08-21 17:57:00+00:00,65,254,20,29,14,65,14,28,254,0,60
2023-08-21 18:57:00+00:00,65,254,21,29,14,65,14,29,254,0,60
2023-08-21 19:57:00+00:00,66,254,21,29,15,65,14,29,254,0,60
2023-08-21 20:57:00+00:00,66,254,22,29,15,65,14,29,254,0,60
2023-08-21 21:57:00+00:00,66,254,22,29,15,66,15,29,254,0,60
2023-08-21 22:57:00+00:00,66,254,23,29,15,66,15,30,254,0,60
2023-08-21 23:57:00+00:00,67,254,24,30,16,67,15,30,254,0,60
2023-08-22 00:57:00+00:00,67,254,24,30,16,67,15,30,254,0,60
2023-08-22 01:57:00+00:00,67,254,25,30,16,67,15,30,254,0,60
2023-08-22 02:57:00+00:00,67,254,25,30,16,67,15,30,254,0,60
2023-08-22 03:57:00+00:00,66,254,25,29,16,66,15,30,254,0,60
2023-08-22 04:57:00+00:00,66,254,25,29,16,66,15,29,254,0,60
2023-08-22 05:57:00+00:00,66,254,25,29,16,66,15,29,254,0,60
2023-08-22 06:57:00+00:00,66,254,25,29,16,66,15,29,254,0,60
2023-08-22 07:57:00+00:00,66,254,25,29,16,66,15,29,254,0,60
2023-08-22 08:57:00+00:00,66,254,25,29,16,66,15,29,254,0,103
2023-08-22 09:57:00+00:00,65,254,25,29,16,66,15,29,254,0,60
2023-08-22 10:57:00+00:00,65,254,26,29,16,66,16,29,254,0,60
2023-08-22 11:57:00+00:00,65,254,26,29,16,66,16,29,254,0,60
2023-08-22 12:57:00+00:00,65,254,23,29,16,65,16,29,254,15,60
2023-08-22 13:57:00+00:00,64,254,2,28,12,64,12,28,254,52,60
2023-08-22 14:57:00+00:00,64,254,2,29,10,64,9,28,254,0,60
2023-08-22 15:57:00+00:00,63,254,4,29,10,64,5,28,254,0,60
2023-08-22 16:57:00+00:00,63,254,4,29,10,65,3,27,254,0,60
2023-08-22 17:57:00+00:00,64,254,8,29,10,65,3,25,254,0,60
2023-08-22 18:57:00+00:00,64,254,10,29,9,65,4,24,254,0,60
2023-08-22 19:57:00+00:00,64,254,11,29,10,65,5,23,254,0,60
2023-08-22 20:57:00+00:00,65,254,12,29,9,67,5,23,254,0,60
2023-08-22 21:57:00+00:00,65,254,13,29,9,67,7,22,254,0,60
2023-08-22 22:57:00+00:00,66,254,14,29,10,67,7,22,254,0,60
2023-08-22 23:57:00+00:00,66,254,15,30,10,67,9,21,254,0,60
2023-08-23 00:57:00+00:00,66,254,16,29,10,67,10,21,254,0,60
2023-08-23 01:57:00+00:00,66,254,16,29,10,67,10,21,254,0,60
2023-08-23 02:57:00+00:00,66,254,17,29,10,67,10,21,254,0,60
2023-08-23 03:57:00+00:00,66,254,17,29,10,67,10,21,254,0,60
2023-08-23 04:57:00+00:00,66,254,17,29,10,67,10,20,254,0,60
2023-08-23 05:57:00+00:00,66,254,17,29,10,67,10,20,254,0,60
2023-08-23 06:57:00+00:00,65,254,17,29,10,67,10,20,254,0,60
2023-08-23 07:57:00+00:00,65,254,17,29,10,67,11,20,254,0,60
2023-08-23 08:57:00+00:00,65,254,17,29,10,67,11,20,254,0,103
2023-08-23 09:57:00+00:00,64,254,17,29,10,66,11,20,254,0,60
2023-08-23 10:57:00+00:00,64,254,17,29,11,66,11,20,254,0,60
2023-08-23 11:57:00+00:00,64,254,17,29,11,66,11,20,254,0,60
2023-08-23 12:57:00+00:00,63,254,17,29,11,66,11,20,254,0,60
2023-08-23 13:57:00+00:00,63,254,17,29,11,66,11,20,254,0,60
2023-08-23 14:57:00+00:00,63,254,17,29,11,66,11,20,254,0,60
2023-08-23 15:57:00+00:00,62,254,17,28,11,65,11,20,254,0,60
2023-08-23 16:57:00+00:00,62,254,18,28,11,65,11,19,254,0,60
2023-08-23 17:57:00+00:00,62,254,18,28,11,65,12,20,254,0,60
2023-08-23 18:57:00+00:00,63,254,19,29,12,66,12,20,254,0,60
2023-08-23 19:57:00+00:00,63,254,20,29,12,67,12,20,254,0,60
2023-08-23 20:57:00+00:00,64,254,20,29,12,67,13,20,254,0,60
2023-08-23 21:57:00+00:00,64,254,21,29,13,67,13,21,254,0,60
2023-08-23 22:57:00+00:00,65,254,21,30,13,68,13,21,254,0,60
2023-08-23 23:57:00+00:00,65,254,22,30,13,68,14,21,254,0,60
2023-08-24 00:57:00+00:00,66,254,22,29,13,68,14,21,254,0,60
2023-08-24 01:57:00+00:00,66,254,22,29,14,68,14,21,254,0,60
2023-08-24 02:57:00+00:00,66,254,23,30,14,68,14,21,254,0,60
2023-08-24 03:57:00+00:00,66,254,23,29,13,68,14,21,254,0,60
2023-08-24 04:57:00+00:00,66,254,23,30,14,68,14,21,254,0,60
2023-08-24 05:57:00+00:00,65,254,23,29,14,68,14,21,254,0,60
2023-08-24 06:57:00+00:00,65,254,23,30,14,68,14,21,254,0,60
2023-08-24 07:57:00+00:00,65,254,23,29,14,68,14,21,254,0,60
2023-08-24 08:57:00+00:00,64,254,23,29,13,67,14,21,254,0,103
2023-08-24 09:57:00+00:00,64,254,23,29,14,66,14,21,254,0,60
2023-08-24 10:57:00+00:00,64,254,23,29,14,66,14,21,254,0,60
2023-08-24 11:57:00+00:00,63,254,23,29,14,66,15,21,254,0,60
2023-08-24 12:57:00+00:00,63,254,24,29,14,66,15,21,254,0,60
2023-08-24 13:57:00+00:00,62,254,23,28,13,65,15,21,254,0,60
2023-08-24 14:57:00+00:00,62,254,23,28,14,65,15,21,254,0,60
2023-08-24 15:57:00+00:00,62,254,24,28,14,65,15,21,254,0,60
2023-08-24 16:57:00+00:00,62,254,24,28,14,65,15,21,254,0,60
2023-08-24 17:57:00+00:00,62,254,24,28,14,66,15,21,254,0,60
2023-08-24 18:57:00+00:00,62,254,25,28,14,66,15,21,254,0,60
2023-08-24 19:57:00+00:00,63,254,26,29,15,67,16,22,254,0,60
2023-08-24 20:57:00+00:00,63,254,26,29,15,67,16,22,254,0,60
2023-08-24 21:57:00+00:00,64,254,27,29,15,67,16,22,254,0,60
2023-08-24 22:57:00+00:00,65,254,29,30,16,69,16,23,254,0,60
2023-08-24 23:57:00+00:00,66,254,29,30,16,69,16,23,254,0,60
2023-08-25 00:57:00+00:00,66,254,30,30,16,69,16,23,254,0,60
2023-08-25 01:57:00+00:00,66,254,30,30,16,69,16,23,254,0,60
2023-08-25 02:57:00+00:00,66,254,30,30,16,68,16,23,254,0,60
2023-08-25 03:57:00+00:00,66,254,30,30,16,69,16,23,254,0,60
2023-08-25 04:57:00+00:00,66,254,31,30,16,69,16,23,254,0,60
2023-08-25 05:57:00+00:00,66,254,31,30,16,68,16,23,254,0,60
2023-08-25 06:57:00+00:00,66,254,31,30,16,68,16,23,254,0,60
2023-08-25 07:57:00+00:00,66,254,31,30,16,68,16,23,254,0,60
2023-08-25 08:57:00+00:00,65,254,31,29,16,68,16,23,254,0,103
2023-08-25 09:57:00+00:00,65,254,31,29,16,68,16,23,254,0,60
2023-08-25 10:57:00+00:00,65,254,32,29,16,68,17,23,254,0,60
2023-08-25 11:57:00+00:00,65,254,32,30,16,68,17,23,254,0,60
2023-08-25 12:57:00+00:00,64,254,32,29,16,67,16,23,254,0,60
2023-08-25 13:57:00+00:00,64,254,32,29,16,67,17,23,254,0,60
2023-08-25 14:57:00+00:00,64,254,32,29,16,67,17,23,254,0,60
2023-08-25 15:57:00+00:00,64,254,33,29,16,67,17,23,254,0,60
2023-08-25 16:57:00+00:00,64,254,33,29,16,67,17,23,254,0,60
2023-08-25 17:57:00+00:00,64,254,34,29,16,67,17,23,254,0,60
2023-08-25 18:57:00+00:00,64,254,35,29,17,67,17,23,254,0,60
2023-08-25 19:57:00+00:00,64,254,36,29,17,67,17,23,254,0,60
2023-08-25 20:57:00+00:00,65,254,38,30,17,68,17,24,254,0,60
2023-08-25 21:57:00+00:00,65,254,39,30,18,69,18,24,254,0,60
2023-08-25 22:57:00+00:00,66,254,40,30,18,69,18,24,254,0,60
2023-08-25 23:57:00+00:00,66,254,42,30,18,69,18,24,254,0,60
2023-08-26 00:57:00+00:00,66,254,43,30,18,68,18,24,254,0,60
2023-08-26 01:57:00+00:00,66,254,43,30,18,68,18,24,254,0,60
2023-08-26 02:57:00+00:00,67,254,45,30,19,70,18,25,254,0,60
2023-08-26 03:57:00+00:00,66,254,45,30,18,68,18,24,254,0,60
2023-08-26 04:57:00+00:00,66,254,45,30,18,68,18,24,254,0,60
2023-08-26 05:57:00+00:00,66,254,45,30,18,68,18,24,254,0,60
2023-08-26 06:57:00+00:00,66,254,46,30,18,68,18,24,254,0,60
2023-08-26 07:57:00+00:00,66,254,46,30,18,68,18,24,254,0,60
2023-08-26 08:57:00+00:00,66,254,46,30,18,68,18,24,254,0,103
2023-08-26 09:57:00+00:00,65,254,46,30,18,68,18,24,254,0,60
2023-08-26 10:57:00+00:00,65,254,47,30,18,68,18,24,254,4,60
2023-08-26 11:57:00+00:00,65,254,47,29,18,68,18,24,254,0,60
2023-08-26 12:57:00+00:00,65,254,47,30,18,68,18,24,254,7,60
2023-08-26 13:57:00+00:00,65,254,47,30,19,68,18,24,254,2,60
2023-08-26 14:57:00+00:00,65,254,47,30,19,68,18,24,254,0,60
2023-08-26 15:57:00+00:00,65,254,47,30,19,68,18,24,254,0,60
2023-08-26 16:57:00+00:00,64,254,46,29,18,67,18,24,254,0,60
2023-08-26 17:57:00+00:00,64,254,46,29,18,67,18,24,254,0,60
2023-08-26 18:57:00+00:00,65,254,34,30,7,68,18,24,254,63,60
2023-08-26 19:57:00+00:00,65,254,30,30,10,68,17,25,254,0,60
2023-08-26 20:57:00+00:00,66,254,31,30,10,68,16,25,254,0,60
2023-08-26 21:57:00+00:00,66,254,32,30,9,68,16,25,254,0,60
2023-08-26 22:57:00+00:00,67,254,32,30,8,70,15,25,254,0,60
2023-08-26 23:57:00+00:00,67,254,32,30,10,70,15,25,254,0,60
2023-08-27 00:57:00+00:00,67,254,32,30,10,70,15,25,254,0,60
2023-08-27 01:57:00+00:00,67,254,32,30,1,70,14,25,254,0,60
2023-08-27 02:57:00+00:00,67,254,32,30,10,69,14,25,254,0,60
2023-08-27 03:57:00+00:00,67,254,32,30,3,69,14,25,254,0,60
2023-08-27 04:57:00+00:00,67,254,31,30,9,69,14,25,254,0,60
2023-08-27 05:57:00+00:00,67,254,31,30,10,69,14,25,254,0,60
2023-08-27 06:57:00+00:00,66,254,30,30,10,68,14,24,254,0,60
2023-08-27 07:57:00+00:00,66,254,30,30,10,68,14,24,254,0,60
2023-08-27 08:57:00+00:00,66,254,29,30,10,68,14,24,254,0,103
2023-08-27 09:57:00+00:00,66,254,29,30,10,68,14,24,254,0,60
2023-08-27 10:57:00+00:00,65,254,29,30,10,68,14,24,254,0,60
2023-08-27 11:57:00+00:00,65,254,29,30,11,68,14,24,254,0,60
2023-08-27 12:57:00+00:00,65,254,28,30,12,68,14,24,254,0,60
2023-08-27 13:57:00+00:00,65,254,28,30,12,68,14,24,254,0,60
2023-08-27 14:57:00+00:00,64,254,27,29,11,66,14,24,254,0,60
2023-08-27 15:57:00+00:00,64,254,27,29,12,66,14,24,254,0,60
2023-08-27 16:57:00+00:00,64,254,27,29,12,67,14,24,254,0,60
2023-08-27 17:57:00+00:00,64,254,27,29,12,67,14,24,254,0,60
2023-08-27 18:57:00+00:00,65,254,28,30,12,68,15,25,254,0,60
2023-08-27 19:57:00+00:00,65,254,29,30,13,68,15,25,254,0,60
2023-08-27 20:57:00+00:00,65,254,29,30,13,69,15,25,254,0,60
2023-08-27 21:57:00+00:00,66,254,30,30,13,69,15,25,254,0,60
2023-08-27 22:57:00+00:00,67,254,31,31,14,70,15,26,254,0,60
2023-08-27 23:57:00+00:00,67,254,31,31,14,70,15,26,254,0,60
2023-08-28 00:57:00+00:00,67,254,32,31,14,70,15,26,254,0,60
2023-08-28 01:57:00+00:00,68,254,33,31,15,71,16,26,254,0,60
2023-08-28 02:57:00+00:00,68,254,33,31,14,71,16,26,254,0,60
2023-08-28 03:57:00+00:00,68,254,33,31,14,71,16,26,254,0,60
2023-08-28 04:57:00+00:00,68,254,33,31,14,71,16,26,254,0,60
2023-08-28 05:57:00+00:00,67,254,32,31,14,69,16,25,254,0,60
2023-08-28 06:57:00+00:00,67,254,32,31,14,69,16,25,254,0,60
2023-08-28 07:57:00+00:00,67,254,32,31,14,69,16,25,254,0,60
2023-08-28 08:57:00+00:00,66,254,32,30,14,68,16,25,254,0,103
2023-08-28 09:57:00+00:00,66,254,32,30,14,68,16,25,254,0,60
2023-08-28 10:57:00+00:00,66,254,32,30,14,68,16,25,254,0,60
2023-08-28 11:57:00+00:00,65,254,32,30,14,68,16,25,254,0,60
2023-08-28 12:57:00+00:00,65,254,32,30,14,68,16,25,254,0,60
2023-08-28 13:57:00+00:00,65,254,32,30,14,68,16,25,254,0,60
2023-08-28 14:57:00+00:00,64,254,32,29,14,67,16,24,254,0,60
2023-08-28 15:57:00+00:00,64,254,32,30,14,67,16,24,254,1,60
2023-08-28 16:57:00+00:00,64,254,32,30,14,67,16,24,254,0,60
2023-08-28 17:57:00+00:00,64,254,33,30,14,67,16,24,254,0,60
2023-08-28 18:57:00+00:00,64,254,34,30,14,67,16,25,254,0,60
2023-08-28 19:57:00+00:00,65,254,35,30,15,69,17,25,254,0,60
2023-08-28 20:57:00+00:00,65,254,36,30,15,69,17,25,254,0,60
2023-08-28 21:57:00+00:00,66,254,37,30,15,69,17,26,254,0,60
2023-08-28 22:57:00+00:00,67,254,39,31,16,71,17,26,254,0,60
2023-08-28 23:57:00+00:00,67,254,41,31,16,71,17,26,254,0,60
2023-08-29 00:57:00+00:00,67,254,42,31,16,70,17,26,254,0,60
2023-08-29 01:57:00+00:00,68,254,44,32,17,72,17,27,254,0,60
2023-08-29 02:57:00+00:00,68,254,44,32,17,71,17,27,254,0,60
2023-08-29 03:57:00+00:00,68,254,45,32,17,71,17,27,254,0,60
2023-08-29 04:57:00+00:00,67,254,44,31,16,70,17,26,254,0,60
2023-08-29 05:57:00+00:00,67,254,45,31,16,70,17,26,254,0,60
2023-08-29 06:57:00+00:00,67,254,45,31,16,70,17,26,254,0,60
2023-08-29 07:57:00+00:00,67,254,46,31,17,70,17,26,254,0,60
2023-08-29 08:57:00+00:00,66,254,45,31,16,69,17,25,254,0,103
2023-08-29 09:57:00+00:00,66,254,46,31,16,69,17,25,254,0,60
2023-08-29 10:57:00+00:00,65,254,46,31,16,69,18,25,254,0,60
2023-08-29 11:57:00+00:00,65,254,46,31,17,69,18,25,254,0,60
2023-08-29 12:57:00+00:00,64,254,46,30,16,68,17,25,254,0,60
2023-08-29 13:57:00+00:00,64,254,47,30,16,68,18,25,254,0,60
2023-08-29 14:57:00+00:00,64,254,47,30,17,69,18,25,254,0,60
2023-08-29 15:57:00+00:00,64,254,48,30,17,69,18,25,254,0,60
2023-08-29 16:57:00+00:00,64,254,49,30,17,69,18,25,254,0,60
2023-08-29 17:57:00+00:00,64,254,50,30,17,69,18,25,254,0,60
2023-08-29 18:57:00+00:00,64,254,50,30,17,69,18,26,254,0,60
2023-08-29 19:57:00+00:00,64,254,51,30,18,69,18,26,254,0,60
2023-08-29 20:57:00+00:00,65,254,52,31,18,70,19,27,254,0,60
2023-08-29 21:57:00+00:00,66,254,53,31,19,71,19,27,254,0,60
2023-08-29 22:57:00+00:00,66,254,54,31,19,71,19,27,254,0,60
2023-08-29 23:57:00+00:00,66,254,55,31,19,71,19,27,254,0,60
2023-08-30 00:57:00+00:00,66,254,55,31,20,72,19,27,254,0,60
2023-08-30 01:57:00+00:00,66,254,56,31,20,72,19,28,254,0,60
2023-08-30 02:57:00+00:00,66,254,56,32,20,72,19,28,254,0,60
2023-08-30 03:57:00+00:00,66,254,57,32,20,72,19,28,254,0,60
2023-08-30 04:57:00+00:00,65,254,58,32,20,72,19,28,254,0,60
2023-08-30 05:57:00+00:00,65,254,58,32,21,72,19,28,254,0,60
2023-08-30 06:57:00+00:00,65,254,59,32,21,72,19,28,254,0,60
2023-08-30 07:57:00+00:00,64,254,58,31,20,71,19,27,254,0,60
2023-08-30 08:57:00+00:00,64,254,59,31,21,71,19,27,254,0,103
2023-08-30 09:57:00+00:00,64,254,60,31,21,72,20,27,254,0,60
2023-08-30 10:57:00+00:00,63,254,60,31,21,72,20,27,254,0,60
2023-08-30 11:57:00+00:00,63,254,61,32,21,72,20,27,254,0,60
2023-08-30 12:57:00+00:00,62,254,60,31,21,71,20,27,254,0,60
2023-08-30 13:57:00+00:00,62,254,61,31,21,71,20,27,254,0,60
2023-08-30 14:57:00+00:00,62,254,62,31,21,71,20,27,254,0,60
2023-08-30 15:57:00+00:00,61,254,62,31,21,72,20,27,254,0,60
2023-08-30 16:57:00+00:00,61,254,62,31,20,71,19,27,254,64,60
2023-08-30 17:57:00+00:00,61,254,63,31,17,72,19,27,254,0,60
2023-08-30 18:57:00+00:00,61,254,64,31,15,72,19,27,254,0,60
2023-08-30 19:57:00+00:00,61,254,64,32,14,73,18,27,254,0,60
2023-08-30 20:57:00+00:00,61,254,64,32,13,73,18,27,254,0,60
2023-08-30 21:57:00+00:00,62,254,64,32,13,73,18,28,254,0,60
2023-08-30 22:57:00+00:00,62,254,64,32,13,73,18,28,254,0,60
2023-08-30 23:57:00+00:00,62,254,64,32,14,74,18,28,254,0,60
2023-08-31 00:57:00+00:00,62,254,64,32,14,74,18,28,254,0,60
2023-08-31 01:57:00+00:00,62,254,64,32,14,74,18,28,254,0,60
2023-08-31 02:57:00+00:00,62,254,64,32,14,74,18,28,254,0,60
2023-08-31 03:57:00+00:00,62,254,64,32,14,74,18,28,254,0,60
2023-08-31 04:57:00+00:00,62,254,64,32,14,74,18,28,254,0,60
2023-08-31 05:57:00+00:00,61,254,64,32,14,75,18,28,254,0,60
2023-08-31 06:57:00+00:00,61,254,65,32,14,75,18,28,254,0,60
2023-08-31 07:57:00+00:00,61,254,65,32,14,75,18,28,254,0,60
2023-08-31 08:57:00+00:00,60,254,64,32,14,74,18,27,254,0,103
2023-08-31 09:57:00+00:00,60,254,64,32,14,74,18,27,254,0,60
2023-08-31 10:57:00+00:00,59,254,64,32,14,74,18,28,254,0,60
2023-08-31 11:57:00+00:00,59,254,64,32,14,74,18,27,254,0,60
2023-08-31 12:57:00+00:00,58,254,63,32,14,73,18,27,254,0,60
2023-08-31 13:57:00+00:00,58,254,63,32,14,74,18,27,254,0,60
2023-08-31 14:57:00+00:00,58,254,63,32,14,74,18,27,254,0,60
2023-08-31 15:57:00+00:00,57,254,62,31,14,73,18,27,254,0,60
2023-08-31 16:57:00+00:00,57,254,62,32,14,73,18,27,254,0,60
2023-08-31 17:57:00+00:00,57,254,63,32,14,74,18,27,254,0,60
2023-08-31 18:57:00+00:00,58,254,64,32,14,75,18,28,254,0,60
2023-08-31 19:57:00+00:00,58,254,64,32,15,76,18,28,254,0,60
2023-08-31 20:57:00+00:00,59,254,65,33,15,77,19,29,254,0,60
2023-08-31 21:57:00+00:00,60,254,65,33,15,77,19,29,254,0,60
2023-08-31 22:57:00+00:00,60,254,66,33,16,78,19,29,254,0,60
2023-08-31 23:57:00+00:00,61,254,67,34,16,79,19,30,254,0,60
2023-09-01 00:57:00+00:00,61,254,67,34,16,79,19,30,254,0,60
2023-09-01 01:57:00+00:00,61,254,66,34,16,80,19,30,254,0,60
2023-09-01 02:57:00+00:00,61,254,66,34,17,80,19,30,254,0,60
2023-09-01 03:57:00+00:00,61,254,66,34,17,80,19,30,254,0,60
2023-09-01 04:57:00+00:00,61,254,66,34,17,80,19,30,254,0,60
2023-09-01 05:57:00+00:00,61,254,67,34,17,80,19,30,254,0,60
2023-09-01 06:57:00+00:00,61,254,67,34,17,80,19,30,254,0,60
2023-09-01 07:57:00+00:00,61,254,67,34,17,80,19,30,254,0,60
2023-09-01 08:57:00+00:00,61,254,67,34,17,80,19,30,254,0,103
2023-09-01 09:57:00+00:00,60,254,66,34,16,79,19,29,254,0,60
2023-09-01 10:57:00+00:00,60,254,66,34,17,79,19,29,254,0,60
2023-09-01 11:57:00+00:00,60,254,67,34,16,79,19,29,254,0,60
2023-09-01 12:57:00+00:00,59,254,67,34,17,79,19,29,254,0,60
2023-09-01 13:57:00+00:00,59,254,67,34,17,79,19,29,254,0,60
2023-09-01 14:57:00+00:00,59,254,68,34,17,79,20,29,254,0,60
2023-09-01 15:57:00+00:00,59,254,68,34,17,80,20,29,254,0,60
2023-09-01 16:57:00+00:00,59,254,68,34,17,80,20,29,254,0,60
2023-09-01 17:57:00+00:00,59,254,68,34,17,80,20,29,254,0,60
2023-09-01 18:57:00+00:00,59,254,68,34,17,80,20,30,254,0,60
2023-09-01 19:57:00+00:00,60,254,68,34,17,80,20,30,254,0,60
2023-09-01 20:57:00+00:00,60,254,68,34,17,80,20,30,254,0,60
2023-09-01 21:57:00+00:00,61,254,67,35,16,81,12,31,254,65,60
2023-09-01 22:57:00+00:00,62,254,67,35,14,81,11,31,254,0,60
2023-09-01 23:57:00+00:00,62,254,67,35,12,82,10,31,254,0,60
2023-09-02 00:57:00+00:00,63,254,69,36,11,84,10,31,254,0,60
2023-09-02 01:57:00+00:00,63,254,69,36,11,84,10,31,254,0,60
2023-09-02 02:57:00+00:00,63,254,69,36,10,84,10,31,254,0,60
2023-09-02 03:57:00+00:00,63,254,69,36,10,84,11,31,254,0,60
2023-09-02 04:57:00+00:00,63,254,69,36,10,84,11,31,254,0,60
2023-09-02 05:57:00+00:00,63,254,69,36,10,84,12,31,254,0,60
2023-09-02 06:57:00+00:00,62,254,68,35,10,82,12,30,254,0,60
2023-09-02 07:57:00+00:00,62,254,68,35,10,82,12,30,254,0,60
2023-09-02 08:57:00+00:00,62,254,69,35,10,82,12,30,254,0,103
2023-09-02 09:57:00+00:00,62,254,69,35,10,82,12,30,254,0,60
2023-09-02 10:57:00+00:00,62,254,69,35,10,82,12,30,254,0,60
2023-09-02 11:57:00+00:00,62,254,68,35,10,82,12,29,254,0,60
2023-09-02 12:57:00+00:00,62,254,68,35,10,82,12,29,254,0,60
2023-09-02 13:57:00+00:00,62,254,68,35,10,82,11,29,254,0,60
2023-09-02 14:57:00+00:00,62,254,68,35,11,82,11,29,254,0,60
2023-09-02 15:57:00+00:00,61,254,68,35,11,82,11,29,254,0,60
2023-09-02 16:57:00+00:00,62,254,68,35,11,82,12,29,254,0,60
2023-09-02 17:57:00+00:00,62,254,67,35,11,82,12,29,254,0,60
2023-09-02 18:57:00+00:00,62,254,67,35,11,82,12,29,254,0,60
2023-09-02 19:57:00+00:00,62,254,67,35,11,82,13,29,254,0,60
2023-09-02 20:57:00+00:00,62,254,66,35,11,82,14,29,254,0,60
2023-09-02 21:57:00+00:00,63,254,67,36,12,84,14,30,254,0,60
2023-09-02 22:57:00+00:00,63,254,66,36,12,84,14,30,254,0,60
2023-09-02 23:57:00+00:00,63,254,66,36,12,84,14,30,254,0,60
2023-09-03 00:57:00+00:00,64,254,65,36,12,83,14,29,254,1,60
2023-09-03 01:57:00+00:00,64,254,64,36,12,83,14,29,254,2,60
2023-09-03 02:57:00+00:00,64,254,64,36,12,83,13,29,254,0,60
2023-09-03 03:57:00+00:00,64,254,64,36,12,83,13,29,254,0,60
2023-09-03 04:57:00+00:00,64,254,63,36,12,82,13,29,254,1,60
2023-09-03 05:57:00+00:00,64,254,63,36,12,82,13,29,254,0,60
2023-09-03 06:57:00+00:00,63,254,63,36,12,82,14,29,254,0,60
2023-09-03 07:57:00+00:00,63,254,62,36,12,82,14,29,254,0,60
2023-09-03 08:57:00+00:00,63,254,62,36,12,82,14,29,254,1,103
2023-09-03 09:57:00+00:00,63,254,62,36,12,82,14,29,254,0,60
2023-09-03 10:57:00+00:00,63,254,61,36,12,82,14,29,254,0,60
2023-09-03 11:57:00+00:00,63,254,61,36,12,82,14,29,254,0,60
2023-09-03 12:57:00+00:00,62,254,60,35,12,80,14,28,254,0,60
2023-09-03 13:57:00+00:00,62,254,60,35,12,80,14,28,254,0,60
2023-09-03 14:57:00+00:00,62,254,60,35,12,80,14,28,254,0,60
2023-09-03 15:57:00+00:00,62,254,59,35,12,80,14,28,254,0,60
2023-09-03 16:57:00+00:00,62,254,59,35,12,80,14,28,254,6,60
2023-09-03 17:57:00+00:00,62,254,59,35,12,80,14,28,254,0,60
2023-09-03 18:57:00+00:00,62,254,59,35,12,80,14,28,254,0,60
2023-09-03 19:57:00+00:00,62,254,59,35,12,80,14,28,254,0,60
2023-09-03 20:57:00+00:00,62,254,58,35,12,80,14,28,254,0,60
2023-09-03 21:57:00+00:00,62,254,58,35,12,80,14,28,254,0,59
2023-09-03 22:57:00+00:00,62,254,57,35,12,80,14,28,254,1,60
2023-09-03 23:57:00+00:00,62,254,57,35,12,80,14,28,254,0,59
2023-09-04 00:57:00+00:00,62,254,57,35,12,80,14,28,254,0,60
2023-09-04 01:57:00+00:00,62,254,57,35,12,80,14,28,254,0,60
2023-09-04 02:57:00+00:00,62,254,56,35,12,80,14,28,254,0,60
2023-09-04 03:57:00+00:00,62,254,56,35,12,80,14,28,254,0,60
2023-09-04 04:57:00+00:00,62,254,56,35,12,80,14,28,254,0,60
2023-09-04 05:57:00+00:00,62,254,56,35,12,80,14,28,254,0,60
2023-09-04 06:57:00+00:00,62,254,56,35,12,80,14,28,254,0,60
2023-09-04 07:57:00+00:00,61,254,56,35,12,80,15,28,254,0,60
2023-09-04 08:57:00+00:00,61,254,56,35,12,80,15,28,254,0,103
2023-09-04 09:57:00+00:00,61,254,55,35,12,80,15,28,254,0,60
2023-09-04 10:57:00+00:00,61,254,55,35,12,80,15,28,254,0,60
2023-09-04 11:57:00+00:00,61,254,55,35,12,80,15,28,254,0,60
2023-09-04 12:57:00+00:00,60,254,54,35,12,79,14,27,254,0,60
2023-09-04 13:57:00+00:00,60,254,54,35,12,79,15,27,254,0,60
2023-09-04 14:57:00+00:00,60,254,54,35,12,79,15,27,254,0,60
2023-09-04 15:57:00+00:00,60,254,54,35,12,79,15,28,254,0,59
2023-09-04 16:57:00+00:00,60,254,54,35,12,79,15,28,254,0,60
2023-09-04 17:57:00+00:00,60,254,54,35,13,79,15,28,254,0,59
2023-09-04 18:57:00+00:00,60,254,54,35,13,80,15,28,254,0,59
2023-09-04 19:57:00+00:00,60,254,53,35,13,80,15,28,254,0,59
2023-09-04 20:57:00+00:00,60,254,53,35,13,80,14,28,254,0,59
2023-09-04 21:57:00+00:00,60,254,53,35,14,80,14,28,254,0,59
2023-09-04 22:57:00+00:00,61,254,54,36,14,82,15,29,254,0,59
2023-09-04 23:57:00+00:00,61,254,53,35,13,80,14,29,254,64,59
2023-09-05 00:57:00+00:00,61,254,53,36,11,81,13,29,254,0,59
2023-09-05 01:57:00+00:00,61,254,53,36,10,81,12,29,254,0,59
2023-09-05 02:57:00+00:00,61,254,53,36,8,81,12,29,254,0,60
2023-09-05 03:57:00+00:00,61,254,53,36,7,81,12,29,254,0,59
2023-09-05 04:57:00+00:00,60,254,52,35,6,80,12,28,254,0,60
2023-09-05 05:57:00+00:00,60,254,52,35,6,80,12,28,254,0,60
2023-09-05 06:57:00+00:00,60,254,52,35,7,80,12,28,254,0,60
2023-09-05 07:57:00+00:00,59,254,52,35,7,80,12,28,254,0,60
2023-09-05 08:57:00+00:00,59,254,52,35,7,80,12,28,254,0,103
2023-09-05 09:57:00+00:00,59,254,52,35,8,80,12,28,254,1,60
2023-09-05 10:57:00+00:00,58,254,50,35,8,78,11,28,254,0,60
2023-09-05 11:57:00+00:00,58,254,50,35,9,78,11,28,254,0,60
2023-09-05 12:57:00+00:00,58,254,49,35,9,78,11,28,254,0,60
2023-09-05 13:57:00+00:00,57,254,48,34,9,77,11,27,254,0,60
2023-09-05 14:57:00+00:00,57,254,47,34,9,77,11,27,254,0,60
2023-09-05 15:57:00+00:00,57,254,46,34,9,76,11,27,254,0,59
2023-09-05 16:57:00+00:00,57,254,44,34,9,76,11,27,254,0,59
2023-09-05 17:57:00+00:00,57,254,43,34,9,76,11,28,254,0,59
2023-09-05 18:57:00+00:00,57,254,41,34,9,76,11,28,254,0,59
2023-09-05 19:57:00+00:00,58,254,40,35,10,78,11,28,254,0,59
2023-09-05 20:57:00+00:00,58,254,38,35,10,78,9,29,254,0,59
2023-09-05 21:57:00+00:00,59,254,37,36,10,79,10,29,254,0,59
2023-09-05 22:57:00+00:00,60,254,36,36,11,79,10,29,254,0,59
2023-09-05 23:57:00+00:00,60,254,35,36,11,79,10,29,254,0,59
2023-09-06 00:57:00+00:00,60,254,34,36,11,79,11,29,254,0,59
2023-09-06 01:57:00+00:00,60,254,33,36,11,78,13,29,254,0,59
2023-09-06 02:57:00+00:00,60,254,33,36,11,78,13,29,254,0,59
2023-09-06 03:57:00+00:00,60,254,32,36,11,77,13,29,254,0,59
2023-09-06 04:57:00+00:00,60,254,32,36,11,77,14,29,254,0,60
2023-09-06 05:57:00+00:00,60,254,31,36,11,77,14,29,254,0,59
2023-09-06 06:57:00+00:00,60,254,31,35,11,77,13,29,254,0,60
2023-09-06 07:57:00+00:00,59,254,31,35,11,76,14,29,254,0,59
2023-09-06 08:57:00+00:00,59,254,30,35,11,76,14,29,254,0,103
2023-09-06 09:57:00+00:00,59,254,30,35,11,76,14,28,254,0,60
2023-09-06 10:57:00+00:00,58,254,30,35,11,74,14,28,254,0,60
2023-09-06 11:57:00+00:00,58,254,30,35,11,74,14,28,254,0,60
2023-09-06 12:57:00+00:00,58,254,29,35,11,74,14,28,254,1,60
2023-09-06 13:57:00+00:00,57,254,29,34,11,73,14,28,254,0,59
2023-09-06 14:57:00+00:00,57,254,29,34,11,72,14,27,254,0,59
2023-09-06 15:57:00+00:00,57,254,29,34,11,72,14,28,254,0,59
2023-09-06 16:57:00+00:00,57,254,29,34,11,72,14,28,254,0,59
2023-09-06 17:57:00+00:00,57,254,29,34,12,72,14,28,254,0,59
2023-09-06 18:57:00+00:00,58,254,29,35,12,74,15,28,254,0,59
2023-09-06 19:57:00+00:00,58,254,29,35,12,72,15,28,254,59,59
2023-09-06 20:57:00+00:00,59,254,28,35,10,73,12,29,254,10,59
2023-09-06 21:57:00+00:00,60,254,26,35,7,74,12,29,254,0,59
2023-09-06 22:57:00+00:00,60,254,24,36,4,74,12,28,254,0,59
2023-09-06 23:57:00+00:00,61,254,22,36,4,75,12,27,254,0,59
2023-09-07 00:57:00+00:00,61,254,20,36,3,75,12,25,254,0,59
2023-09-07 01:57:00+00:00,61,254,18,36,3,75,12,23,254,0,59
2023-09-07 02:57:00+00:00,61,254,17,36,4,74,12,21,254,0,59
2023-09-07 03:57:00+00:00,61,254,17,36,4,74,12,20,254,0,59
2023-09-07 04:57:00+00:00,61,254,16,36,4,74,12,19,254,0,59
2023-09-07 05:57:00+00:00,61,254,16,36,4,73,12,19,254,0,59
2023-09-07 06:57:00+00:00,61,254,15,36,4,73,12,18,254,0,59
2023-09-07 07:57:00+00:00,61,254,15,36,5,73,11,18,254,0,59
2023-09-07 08:57:00+00:00,60,254,15,35,5,71,11,18,254,0,103
2023-09-07 09:57:00+00:00,60,254,15,35,5,71,11,17,254,0,59
2023-09-07 10:57:00+00:00,60,254,14,35,6,71,11,17,254,0,59
2023-09-07 11:57:00+00:00,59,254,14,35,6,71,11,17,254,0,59
2023-09-07 12:57:00+00:00,59,254,14,35,6,71,11,17,254,0,59
2023-09-07 13:57:00+00:00,59,254,14,34,6,70,11,17,254,0,59
2023-09-07 14:57:00+00:00,59,254,14,34,7,70,11,17,254,0,59
2023-09-07 15:57:00+00:00,58,254,14,34,7,69,11,17,254,0,59
2023-09-07 16:57:00+00:00,58,254,14,34,8,69,11,17,254,0,59
2023-09-07 17:57:00+00:00,59,254,15,34,9,70,11,17,254,0,59
2023-09-07 18:57:00+00:00,59,254,15,34,9,70,12,17,254,0,59
2023-09-07 19:57:00+00:00,59,254,15,34,9,70,12,17,254,0,59
2023-09-07 20:57:00+00:00,60,254,16,34,10,70,12,17,254,0,59
2023-09-07 21:57:00+00:00,60,254,16,34,10,70,12,18,254,0,59
2023-09-07 22:57:00+00:00,61,254,16,35,10,71,13,18,254,0,59
2023-09-07 23:57:00+00:00,61,254,16,35,10,70,13,18,254,0,59
2023-09-08 00:57:00+00:00,62,254,16,35,11,70,13,18,254,0,59
2023-09-08 01:57:00+00:00,62,254,16,35,11,70,13,18,254,0,59
2023-09-08 02:58:00+00:00,62,254,16,34,11,69,13,18,254,0,59
2023-09-08 03:58:00+00:00,62,254,17,34,11,69,13,18,254,0,59
2023-09-08 04:58:00+00:00,62,254,17,34,11,69,13,18,254,0,59
2023-09-08 05:58:00+00:00,62,254,17,34,11,68,13,18,254,0,59
2023-09-08 06:58:00+00:00,62,254,17,34,11,68,13,18,254,0,59
2023-09-08 07:58:00+00:00,61,254,17,34,11,68,13,18,254,0,59
2023-09-08 08:58:00+00:00,61,254,17,34,11,67,13,18,254,0,103
2023-09-08 09:58:00+00:00,61,254,17,34,11,67,13,18,254,0,59
2023-09-08 10:58:00+00:00,60,254,17,33,11,66,13,18,254,0,59
2023-09-08 11:58:00+00:00,60,254,17,33,11,66,13,18,254,0,59
2023-09-08 12:58:00+00:00,60,254,17,33,11,66,13,18,254,1,59
2023-09-08 13:58:00+00:00,59,254,17,33,11,65,13,18,254,0,59
2023-09-08 14:58:00+00:00,59,254,17,33,11,65,13,18,254,0,59
2023-09-08 15:58:00+00:00,59,254,17,33,11,65,13,18,254,0,59
2023-09-08 16:58:00+00:00,59,254,17,33,12,65,14,18,254,0,59
2023-09-08 17:58:00+00:00,59,254,17,33,12,65,14,18,254,0,59
2023-09-08 18:58:00+00:00,59,254,18,33,12,65,14,18,254,0,59
2023-09-08 19:58:00+00:00,60,254,18,33,12,65,14,18,254,0,59
2023-09-08 20:58:00+00:00,60,254,18,33,13,65,14,18,254,0,59
2023-09-08 21:58:00+00:00,61,254,18,33,13,66,14,19,254,0,59
2023-09-08 22:58:00+00:00,61,254,19,33,13,65,14,19,254,0,59
2023-09-08 23:58:00+00:00,61,254,19,33,13,65,14,19,254,0,59
2023-09-09 00:58:00+00:00,62,254,19,33,14,65,14,19,254,0,59
2023-09-09 01:58:00+00:00,62,254,19,33,14,65,14,19,254,0,59
2023-09-09 02:58:00+00:00,62,254,19,33,14,64,14,19,254,0,59
2023-09-09 03:58:00+00:00,62,254,19,33,14,64,14,19,254,0,59
2023-09-09 04:58:00+00:00,62,254,19,33,14,64,14,19,254,0,59
2023-09-09 05:58:00+00:00,61,254,19,33,14,64,14,19,254,0,59
2023-09-09 06:58:00+00:00,61,254,19,33,14,63,15,19,254,0,59
2023-09-09 07:58:00+00:00,61,254,19,33,14,62,15,19,254,31,59
2023-09-09 08:58:00+00:00,60,254,19,32,10,62,13,19,254,2,103
2023-09-09 09:58:00+00:00,60,254,17,32,9,61,11,19,254,0,59
2023-09-09 10:58:00+00:00,60,254,17,32,8,61,10,19,254,0,59
2023-09-09 11:58:00+00:00,59,254,16,32,8,61,10,19,254,2,59
2023-09-09 12:58:00+00:00,59,254,16,32,9,61,10,19,254,0,59
2023-09-09 13:58:00+00:00,58,254,15,31,9,59,9,18,254,0,59
2023-09-09 14:58:00+00:00,58,254,15,32,9,59,9,18,254,0,59
2023-09-09 15:58:00+00:00,58,254,14,32,9,59,9,18,254,0,59
2023-09-09 16:58:00+00:00,58,254,14,32,9,58,9,18,254,0,59
2023-09-09 17:58:00+00:00,58,254,14,32,9,58,9,18,254,0,59
2023-09-09 18:58:00+00:00,58,254,15,32,10,58,10,18,254,0,59
2023-09-09 19:58:00+00:00,58,254,15,32,10,57,10,18,254,0,59
2023-09-09 20:58:00+00:00,59,254,15,32,10,58,10,19,254,0,59
2023-09-09 21:58:00+00:00,60,254,15,32,10,58,10,19,254,0,59
2023-09-09 22:58:00+00:00,60,254,16,32,11,57,10,19,254,0,59
2023-09-09 23:58:00+00:00,61,254,16,33,11,58,11,19,254,0,59
2023-09-10 00:58:00+00:00,61,254,16,33,11,57,11,19,254,0,59
2023-09-10 01:58:00+00:00,61,254,16,33,11,57,11,19,254,0,59
2023-09-10 02:58:00+00:00,61,254,16,33,11,56,11,19,254,0,59
2023-09-10 03:58:00+00:00,61,254,16,33,11,56,11,19,254,0,59
2023-09-10 04:58:00+00:00,61,254,16,33,11,56,11,19,254,0,59
2023-09-10 05:58:00+00:00,61,254,16,33,11,55,11,19,254,0,59
2023-09-10 06:58:00+00:00,61,254,16,33,11,55,11,19,254,0,59
2023-09-10 07:58:00+00:00,60,254,16,32,11,54,11,19,254,0,59
2023-09-10 08:58:00+00:00,60,254,16,32,11,53,11,19,254,0,103
2023-09-10 09:58:00+00:00,60,254,16,32,11,53,11,19,254,0,59
2023-09-10 10:58:00+00:00,59,254,16,32,11,53,12,19,254,0,59
2023-09-10 11:58:00+00:00,59,254,16,32,11,53,12,19,254,0,59
2023-09-10 12:58:00+00:00,59,254,17,32,12,52,12,19,254,0,59
2023-09-10 13:58:00+00:00,58,254,16,31,11,51,12,18,254,0,59
2023-09-10 14:58:00+00:00,58,254,16,31,12,51,12,18,254,1,59
2023-09-10 15:58:00+00:00,58,254,17,31,12,51,12,19,254,0,59
2023-09-10 16:58:00+00:00,58,254,17,31,12,51,12,19,254,0,59
2023-09-10 17:58:00+00:00,58,254,17,31,12,51,12,19,254,0,59
2023-09-10 18:58:00+00:00,58,254,17,31,12,51,12,19,254,0,59
2023-09-10 19:58:00+00:00,59,254,18,32,13,52,13,19,254,0,59
2023-09-10 20:58:00+00:00,59,254,18,32,11,51,12,19,254,73,59
2023-09-10 21:58:00+00:00,60,254,16,32,1,51,6,19,254,1,59
2023-09-10 22:58:00+00:00,61,254,15,32,1,51,6,18,254,0,59
2023-09-10 23:58:00+00:00,62,254,14,32,2,51,6,17,254,0,59
2023-09-11 00:58:00+00:00,62,254,13,32,2,51,6,16,254,0,59
2023-09-11 01:58:00+00:00,62,254,12,32,2,51,5,15,254,0,59
2023-09-11 02:58:00+00:00,62,254,12,32,1,51,4,14,254,0,59
2023-09-11 03:58:00+00:00,62,254,11,32,1,51,4,14,254,0,59
2023-09-11 04:58:00+00:00,62,254,11,32,2,50,4,14,254,0,59
2023-09-11 05:58:00+00:00,62,254,11,32,2,50,4,14,254,0,59
2023-09-11 06:58:00+00:00,61,254,11,32,2,50,2,14,254,0,59
2023-09-11 07:58:00+00:00,61,254,11,32,2,50,4,14,254,0,59
2023-09-11 08:58:00+00:00,61,254,11,32,2,49,4,14,254,0,103
2023-09-11 09:58:00+00:00,60,254,11,31,2,48,4,14,254,0,59
2023-09-11 10:58:00+00:00,60,254,11,31,2,48,4,14,254,0,59
2023-09-11 11:58:00+00:00,60,254,11,31,2,48,4,14,254,0,59
2023-09-11 12:58:00+00:00,59,254,11,31,3,48,4,14,254,0,59
2023-09-11 13:58:00+00:00,59,254,11,31,3,48,4,14,254,0,59
2023-09-11 14:58:00+00:00,59,254,11,31,3,48,5,14,254,0,59
2023-09-11 15:58:00+00:00,58,254,11,31,3,47,5,14,254,0,59
2023-09-11 16:58:00+00:00,58,254,11,31,4,47,6,14,254,0,59
2023-09-11 17:58:00+00:00,58,254,12,31,4,47,6,14,254,0,59
2023-09-11 18:58:00+00:00,59,254,12,31,5,47,6,15,254,0,59
2023-09-11 19:58:00+00:00,59,254,12,31,7,47,8,15,254,0,59
2023-09-11 20:58:00+00:00,60,254,13,31,8,47,9,15,254,0,59
2023-09-11 21:58:00+00:00,60,254,13,31,9,47,10,15,254,0,59
2023-09-11 22:58:00+00:00,61,254,13,32,10,47,10,15,254,0,59
2023-09-11 23:58:00+00:00,62,254,14,32,10,47,10,16,254,0,59
2023-09-12 00:58:00+00:00,62,254,14,31,10,47,10,16,254,0,59
2023-09-12 01:58:00+00:00,62,254,14,31,10,46,11,16,254,0,59
2023-09-12 02:58:00+00:00,62,254,14,31,10,46,11,16,254,0,59
2023-09-12 03:58:00+00:00,62,254,14,31,10,45,11,16,254,0,59
2023-09-12 04:58:00+00:00,62,254,14,31,10,45,11,16,254,0,59
2023-09-12 05:58:00+00:00,62,254,14,31,11,45,11,16,254,0,59
2023-09-12 06:58:00+00:00,61,254,14,31,11,44,11,16,254,0,59
2023-09-12 07:58:00+00:00,61,254,14,31,11,44,11,16,254,0,59
2023-09-12 08:58:00+00:00,61,254,14,31,11,44,11,16,254,0,103
2023-09-12 09:58:00+00:00,60,254,14,30,11,43,11,16,254,0,59
2023-09-12 10:58:00+00:00,60,254,14,30,11,42,11,16,254,0,59
2023-09-12 11:58:00+00:00,60,254,14,30,11,42,12,16,254,0,59
2023-09-12 12:58:00+00:00,59,254,14,30,11,42,12,16,254,1,59
2023-09-12 13:58:00+00:00,59,254,14,30,11,41,12,16,254,0,59
2023-09-12 14:58:00+00:00,59,254,14,30,11,41,12,16,254,0,59
2023-09-12 15:58:00+00:00,59,254,14,30,11,41,12,16,254,0,59
2023-09-12 16:58:00+00:00,59,254,14,30,11,40,12,16,254,0,59
2023-09-12 17:58:00+00:00,59,254,15,30,11,40,12,16,254,0,59
2023-09-12 18:58:00+00:00,59,254,15,30,12,39,12,16,254,0,59
2023-09-12 19:58:00+00:00,59,254,15,30,12,39,13,16,254,0,59
2023-09-12 20:58:00+00:00,60,254,15,30,12,39,13,16,254,0,59
2023-09-12 21:58:00+00:00,60,254,16,30,12,38,13,16,254,0,59
2023-09-12 22:58:00+00:00,61,254,16,31,13,38,14,17,254,0,59
2023-09-12 23:58:00+00:00,61,254,16,30,13,38,14,17,254,0,59
2023-09-13 00:58:00+00:00,62,254,16,30,13,38,14,17,254,0,59
2023-09-13 01:58:00+00:00,62,254,17,30,13,37,14,17,254,0,59
2023-09-13 02:58:00+00:00,62,254,17,30,13,37,14,17,254,0,59
2023-09-13 03:58:00+00:00,62,254,17,30,13,36,14,17,254,0,59
2023-09-13 04:58:00+00:00,62,254,17,30,13,36,14,17,254,0,59
2023-09-13 05:58:00+00:00,61,254,17,30,13,36,14,17,254,0,59
2023-09-13 06:58:00+00:00,61,254,17,30,13,35,14,17,254,0,59
2023-09-13 07:58:00+00:00,61,254,17,30,13,35,14,17,254,0,59
2023-09-13 08:58:00+00:00,61,254,17,30,13,35,15,17,254,0,103
2023-09-13 09:58:00+00:00,60,254,17,29,13,34,14,17,254,0,59
2023-09-13 10:58:00+00:00,60,254,17,29,13,34,15,17,254,0,59
2023-09-13 11:58:00+00:00,59,254,17,29,13,34,15,17,254,0,59
2025-04-14 21:36:00+00:00,254,254,254,254,254,254,254,254,254,0,60
2025-04-14 22:00:00+00:00,254,254,254,254,254,254,254,254,254,0,63
2025-04-14 23:01:00+00:00,254,254,254,254,254,254,254,254,254,14,63
2025-04-15 00:01:00+00:00,254,254,254,254,254,254,254,254,254,0,63
2025-04-15 01:01:00+00:00,254,254,254,254,254,254,254,254,254,0,63
2025-04-15 02:01:00+00:00,254,254,254,254,254,254,254,254,254,0,63
2025-04-15 03:01:00+00:00,254,254,254,254,254,254,254,254,254,0,63
2025-04-15 04:01:00+00:00,254,254,254,254,254,254,254,254,254,0,63
2025-04-15 05:01:00+00:00,254,254,254,254,254,254,254,254,254,0,63
2025-04-15 06:01:00+00:00,254,254,254,254,254,254,254,254,254,0,63
2025-04-15 07:01:00+00:00,254,254,254,254,254,254,254,254,254,0,63
2025-04-15 08:01:00+00:00,254,254,254,254,254,254,254,254,254,0,103
2025-04-15 09:01:00+00:00,254,254,254,254,254,254,254,254,254,0,63
2025-04-15 10:01:00+00:00,254,254,254,254,254,254,254,254,254,0,63
2025-04-15 11:01:00+00:00,254,254,254,254,254,254,254,254,254,0,63
2025-04-15 12:01:00+00:00,254,254,254,254,254,254,254,254,254,0,63
2025-04-15 13:01:00+00:00,254,254,254,254,254,254,254,254,254,0,63
2025-04-15 14:01:00+00:00,254,254,254,254,254,254,254,254,254,0,63
2025-04-15 15:01:00+00:00,254,254,254,254,254,254,254,254,254,0,64
2025-04-15 16:01:00+00:00,254,254,254,254,254,254,254,254,254,0,63
2025-04-15 17:01:00+00:00,254,254,254,254,254,254,254,254,254,0,64
2025-04-15 18:01:00+00:00,254,254,254,254,254,254,254,254,254,0,63
2025-04-15 19:01:00+00:00,254,254,254,254,254,254,254,254,254,0,63
2025-04-15 20:01:00+00:00,254,254,254,254,254,254,254,254,254,0,63
2025-04-15 21:01:00+00:00,254,254,254,254,254,254,254,254,254,2,63
2025-04-15 22:01:00+00:00,254,254,254,254,254,254,254,254,254,0,63
2025-04-15 23:01:00+00:00,254,254,254,254,254,254,254,254,254,0,63
2025-04-16 00:01:00+00:00,254,254,254,254,254,254,254,254,254,0,63
2025-04-16 01:01:00+00:00,254,254,254,254,254,254,254,254,254,0,63
2025-04-16 02:01:00+00:00,254,254,254,254,254,254,254,254,254,0,63
2025-04-16 03:01:00+00:00,254,254,254,254,254,254,254,254,254,0,63
2025-04-16 04:01:00+00:00,254,254,254,254,254,254,254,254,254,0,63
2025-04-16 05:01:00+00:00,254,254,254,254,254,254,254,254,254,0,63
2025-04-16 06:01:00+00:00,254,254,254,254,254,254,254,254,254,0,63
2025-04-16 07:01:00+00:00,254,254,254,254,254,254,254,254,254,0,63
2025-04-16 08:01:00+00:00,254,254,254,254,254,254,254,254,254,0,103
2025-04-16 09:01:00+00:00,254,254,254,254,254,254,254,254,254,0,63
2025-04-16 10:01:00+00:00,254,254,254,254,254,254,254,254,254,0,63
2025-04-16 11:01:00+00:00,254,254,254,254,254,254,254,254,254,0,63
2025-04-16 12:01:00+00:00,254,254,254,254,254,254,254,254,254,0,63
2025-04-16 13:01:00+00:00,254,254,254,254,254,254,254,254,254,0,63
2025-04-16 14:01:00+00:00,254,254,254,254,254,254,254,254,254,0,63
2025-04-16 15:01:00+00:00,254,254,254,254,254,254,254,254,254,0,63
2025-04-16 16:01:00+00:00,254,254,254,254,254,254,254,254,254,0,63
2025-04-16 17:01:00+00:00,254,254,254,254,254,254,254,254,254,0,63
2025-04-16 18:01:00+00:00,254,254,254,254,254,254,254,254,254,0,63
2025-04-16 19:01:00+00:00,254,254,254,254,254,254,254,254,254,0,63
2025-04-16 20:01:00+00:00,254,254,254,254,254,254,254,254,254,6,63
2025-04-16 21:01:00+00:00,254,254,254,254,254,254,254,254,254,0,63
2025-04-16 22:01:00+00:00,254,254,254,254,254,254,254,254,254,0,63
2025-04-16 23:01:00+00:00,254,254,254,254,254,254,254,254,254,0,63
2025-04-17 00:01:00+00:00,254,254,254,254,254,254,254,254,254,0,63
2025-04-17 01:01:00+00:00,254,254,254,254,254,254,254,254,254,0,63
2025-04-17 02:01:00+00:00,254,254,254,254,254,254,254,254,254,0,63
2025-04-17 03:01:00+00:00,254,254,254,254,254,254,254,254,254,0,63
2025-04-17 04:01:00+00:00,254,254,254,254,254,254,254,254,254,0,63
2025-04-17 05:01:00+00:00,254,254,254,254,254,254,254,254,254,0,63
2025-04-17 06:01:00+00:00,254,254,254,254,254,254,254,254,254,0,63
2025-04-17 07:01:00+00:00,254,254,254,254,254,254,254,254,254,0,63
2025-04-17 08:01:00+00:00,254,254,254,254,254,254,254,254,254,0,103
2025-04-17 09:01:00+00:00,254,254,254,254,254,254,254,254,254,0,63
2025-04-17 10:01:00+00:00,254,254,254,254,254,254,254,254,254,0,63
2025-04-17 11:01:00+00:00,254,254,254,254,254,254,254,254,254,0,63
2025-04-17 12:01:00+00:00,254,254,254,254,254,254,254,254,254,0,63
2025-04-17 13:01:00+00:00,254,254,254,254,254,254,254,254,254,0,63
2025-04-17 14:01:00+00:00,254,254,254,254,254,254,254,254,254,0,63
2025-04-17 15:01:00+00:00,254,254,254,254,254,254,254,254,254,0,63
2025-04-17 16:01:00+00:00,254,254,254,254,254,254,254,254,254,0,63
2025-04-17 17:01:00+00:00,254,254,254,254,254,254,254,254,254,0,63
2025-04-17 18:01:00+00:00,254,254,254,254,254,254,254,254,254,7,63
2025-04-17 19:01:00+00:00,254,254,254,254,254,254,254,254,254,0,63
2025-04-17 20:01:00+00:00,254,254,254,254,254,254,254,254,254,0,63
2025-04-17 21:01:00+00:00,254,254,254,254,254,254,254,254,254,0,63
2025-04-17 22:01:00+00:00,254,254,254,254,254,254,254,254,254,7,63
2025-04-17 23:01:00+00:00,254,254,254,254,254,254,254,254,254,0,63
2025-04-18 00:01:00+00:00,254,254,254,254,254,254,254,254,254,0,63
2025-04-18 01:01:00+00:00,254,254,254,254,254,254,254,254,254,0,63
2025-04-18 02:01:00+00:00,254,254,254,254,254,254,254,254,254,0,63
2025-04-18 03:01:00+00:00,254,254,254,254,254,254,254,254,254,0,63
2025-04-18 04:01:00+00:00,254,254,254,254,254,254,254,254,254,0,63
2025-04-18 05:01:00+00:00,254,254,254,254,254,254,254,254,254,0,63
2025-04-18 06:01:00+00:00,254,254,254,254,254,254,254,254,254,0,63
2025-04-18 07:01:00+00:00,254,254,254,254,254,254,254,254,254,0,63
2025-04-18 08:01:00+00:00,254,254,254,254,254,254,254,254,254,0,103
2025-04-18 09:01:00+00:00,254,254,254,254,254,254,254,254,254,0,63
2025-04-18 10:01:00+00:00,254,254,254,254,254,254,254,254,254,0,63
2025-04-18 11:01:00+00:00,254,254,254,254,254,254,254,254,254,0,63
2025-04-18 12:01:00+00:00,254,254,254,254,254,254,254,254,254,0,63
2025-04-18 13:01:00+00:00,254,254,254,254,254,254,254,254,254,0,63
2025-04-18 14:01:00+00:00,254,254,254,254,254,254,254,254,254,0,63
2025-04-18 15:01:00+00:00,254,254,254,254,254,254,254,254,254,0,63
2025-04-18 16:01:00+00:00,254,254,254,254,254,254,254,254,254,0,63
2025-04-18 17:01:00+00:00,254,254,254,254,254,254,254,254,254,0,63
2025-04-18 18:01:00+00:00,254,254,254,254,254,254,254,254,254,0,63
2025-04-18 19:01:00+00:00,254,254,254,254,254,254,254,254,254,0,63
2025-04-18 20:01:00+00:00,254,254,254,254,254,254,254,254,254,0,63
2025-04-18 21:01:00+00:00,254,254,254,254,254,254,254,254,254,0,63
2025-04-18 22:01:00+00:00,254,254,254,254,254,254,254,254,254,0,63
2025-04-18 23:01:00+00:00,254,254,254,254,254,254,254,254,254,0,63
2025-04-19 00:01:00+00:00,254,254,254,254,254,254,254,254,254,0,63
2025-04-19 01:01:00+00:00,254,254,254,254,254,254,254,254,254,0,63
2025-04-19 02:01:00+00:00,254,254,254,254,254,254,254,254,254,0,63
2025-04-19 03:01:00+00:00,254,254,254,254,254,254,254,254,254,0,63
2025-04-19 04:01:00+00:00,254,254,254,254,254,254,254,254,254,0,63
2025-04-19 05:01:00+00:00,254,254,254,254,254,254,254,254,254,0,63
2025-04-19 06:01:00+00:00,254,254,254,254,254,254,254,254,254,0,63
2025-04-19 07:01:00+00:00,254,254,254,254,254,254,254,254,254,0,63
2025-04-19 08:01:00+00:00,254,254,254,254,254,254,254,254,254,0,103
2025-04-19 09:01:00+00:00,254,254,254,254,254,254,254,254,254,0,63
2025-04-19 10:01:00+00:00,254,254,254,254,254,254,254,254,254,0,63
2025-04-19 11:01:00+00:00,254,254,254,254,254,254,254,254,254,0,63
2025-04-19 12:01:00+00:00,254,254,254,254,254,254,254,254,254,0,63
2025-04-19 13:01:00+00:00,254,254,254,254,254,254,254,254,254,0,63
2025-04-19 14:01:00+00:00,254,254,254,254,254,254,254,254,254,0,63
2025-04-19 15:01:00+00:00,254,254,254,254,254,254,254,254,254,0,63
2025-04-19 16:01:00+00:00,254,254,254,254,254,254,254,254,254,0,63
2025-04-19 17:01:00+00:00,254,254,254,254,254,254,254,254,254,0,63
2025-04-19 18:01:00+00:00,254,254,254,254,254,254,254,254,254,0,63
2025-04-19 19:01:00+00:00,254,254,254,254,254,254,254,254,254,0,63
2025-04-19 20:01:00+00:00,254,254,254,254,254,254,254,254,254,0,63
2025-04-19 21:01:00+00:00,254,254,254,254,254,254,254,254,254,0,63
2025-04-19 22:01:00+00:00,254,254,254,254,254,254,254,254,254,0,63
2025-04-19 23:01:00+00:00,254,254,254,254,254,254,254,254,254,0,63
2025-04-20 00:01:00+00:00,254,254,254,254,254,254,254,254,254,0,63
2025-04-20 01:01:00+00:00,254,254,254,254,254,254,254,254,254,0,63
2025-04-20 02:01:00+00:00,254,254,254,254,254,254,254,254,254,0,63
2025-04-20 03:01:00+00:00,254,254,254,254,254,254,254,254,254,0,63
2025-04-20 04:01:00+00:00,254,254,254,254,254,254,254,254,254,0,63
2025-04-20 05:01:00+00:00,254,254,254,254,254,254,254,254,254,0,63
2025-04-20 06:01:00+00:00,254,254,254,254,254,254,254,254,254,0,63
2025-04-20 07:01:00+00:00,254,254,254,254,254,254,254,254,254,0,63
2025-04-20 08:01:00+00:00,254,254,254,254,254,254,254,254,254,0,103
2025-04-20 09:01:00+00:00,254,254,254,254,254,254,254,254,254,0,63
2025-04-20 10:01:00+00:00,254,254,254,254,254,254,254,254,254,0,63
2025-04-20 11:01:00+00:00,254,254,254,254,254,254,254,254,254,0,63
2025-04-20 12:01:00+00:00,254,254,254,254,254,254,254,254,254,0,63
2025-04-20 13:01:00+00:00,254,254,254,254,254,254,254,254,254,0,63
2025-04-20 14:01:00+00:00,254,254,254,254,254,254,254,254,254,0,63
2025-04-20 15:01:00+00:00,254,254,254,254,254,254,254,254,254,0,63
2025-04-20 16:01:00+00:00,254,254,254,254,254,254,254,254,254,0,63
2025-04-20 17:01:00+00:00,254,254,254,254,254,254,254,254,254,0,63
2025-04-20 18:01:00+00:00,254,254,254,254,254,254,254,254,254,0,63
2025-04-20 19:01:00+00:00,254,254,254,254,254,254,254,254,254,0,63
2025-04-20 20:01:00+00:00,254,254,254,254,254,254,254,254,254,0,63
2025-04-20 21:01:00+00:00,254,254,254,254,254,254,254,254,254,0,63
2025-04-20 22:01:00+00:00,254,254,254,254,254,254,254,254,254,0,63
2025-04-20 23:01:00+00:00,254,254,254,254,254,254,254,254,254,0,63
2025-04-21 00:01:00+00:00,254,254,254,254,254,254,254,254,254,0,63
2025-04-21 01:01:00+00:00,254,254,254,254,254,254,254,254,254,0,63
2025-04-21 02:01:00+00:00,254,254,254,254,254,254,254,254,254,0,63
2025-04-21 03:01:00+00:00,254,254,254,254,254,254,254,254,254,0,63
2025-04-21 04:01:00+00:00,254,254,254,254,254,254,254,254,254,0,63
2025-04-21 05:01:00+00:00,254,254,254,254,254,254,254,254,254,0,63
2025-04-21 06:01:00+00:00,254,254,254,254,254,254,254,254,254,0,63
2025-04-21 07:01:00+00:00,254,254,254,254,254,254,254,254,254,0,63
2025-04-21 08:01:00+00:00,254,254,254,254,254,254,254,254,254,0,103
2025-04-21 09:01:00+00:00,254,254,254,254,254,254,254,254,254,0,63
2025-04-21 10:01:00+00:00,254,254,254,254,254,254,254,254,254,0,63
2025-04-21 11:01:00+00:00,254,254,254,254,254,254,254,254,254,0,63
2025-04-21 12:01:00+00:00,254,254,254,254,254,254,254,254,254,0,63
2025-04-21 13:01:00+00:00,254,254,254,254,254,254,254,254,254,0,63
2025-04-21 14:01:00+00:00,254,254,254,254,254,254,254,254,254,0,63
2025-04-21 15:01:00+00:00,254,254,254,254,254,254,254,254,254,0,63
2025-04-21 16:01:00+00:00,254,254,254,254,254,254,254,254,254,0,63
2025-04-21 17:01:00+00:00,254,254,254,254,254,254,254,254,254,0,63
2025-04-21 18:01:00+00:00,254,254,254,254,254,254,254,254,254,0,63
2025-04-21 19:01:00+00:00,254,254,254,254,254,254,254,254,254,0,63
2025-04-21 20:01:00+00:00,254,254,254,254,254,254,254,254,254,0,63
2025-04-21 21:01:00+00:00,254,254,254,254,254,254,254,254,254,0,63
2025-04-21 22:01:00+00:00,254,254,254,254,254,254,254,254,254,0,63
2025-04-21 23:01:00+00:00,254,254,254,254,254,254,254,254,254,0,63
2025-04-22 00:01:00+00:00,254,254,254,254,254,254,254,254,254,0,63
2025-04-22 01:01:00+00:00,254,254,254,254,254,254,254,254,254,0,63
2025-04-22 02:01:00+00:00,254,254,254,254,254,254,254,254,254,0,63
2025-04-22 03:01:00+00:00,254,254,254,254,254,254,254,254,254,0,63
2025-04-22 04:01:00+00:00,254,254,254,254,254,254,254,254,254,0,63
2025-04-22 05:01:00+00:00,254,254,254,254,254,254,254,254,254,0,63
2025-04-22 06:01:00+00:00,254,254,254,254,254,254,254,254,254,0,63
2025-04-22 07:01:00+00:00,254,254,254,254,254,254,254,254,254,0,63
2025-04-22 08:01:00+00:00,254,254,254,254,254,254,254,254,254,0,103
2025-04-22 09:01:00+00:00,254,254,254,254,254,254,254,254,254,0,63
2025-04-22 10:01:00+00:00,254,254,254,254,254,254,254,254,254,0,63
2025-04-22 11:01:00+00:00,254,254,254,254,254,254,254,254,254,0,63
2025-04-22 12:01:00+00:00,254,254,254,254,254,254,254,254,254,0,63
2025-04-22 13:01:00+00:00,254,254,254,254,254,254,254,254,254,0,63
2025-04-22 14:01:00+00:00,254,254,254,254,254,254,254,254,254,0,63
2025-04-22 15:01:00+00:00,254,254,254,254,254,254,254,254,254,0,63
2025-04-22 16:01:00+00:00,254,254,254,254,254,254,254,254,254,0,63
2025-04-22 17:01:00+00:00,254,254,254,254,254,254,254,254,254,0,63
2025-04-22 18:01:00+00:00,254,254,254,254,254,254,254,254,254,0,63
2025-04-22 19:01:00+00:00,254,254,254,254,254,254,254,254,254,0,63
2025-04-22 20:01:00+00:00,254,254,254,254,254,254,254,254,254,0,63
2025-04-22 21:01:00+00:00,254,254,254,254,254,254,254,254,254,0,63
2025-04-22 22:01:00+00:00,254,254,254,254,254,254,254,254,254,0,63
2025-04-22 23:01:00+00:00,254,254,254,254,254,254,254,254,254,0,63
2025-04-23 00:01:00+00:00,254,254,254,254,254,254,254,254,254,0,63
2025-04-23 01:01:00+00:00,254,254,254,254,254,254,254,254,254,0,63
2025-04-23 02:01:00+00:00,254,254,254,254,254,254,254,254,254,0,63
2025-04-23 03:01:00+00:00,254,254,254,254,254,254,254,254,254,0,63
2025-04-23 04:01:00+00:00,254,254,254,254,254,254,254,254,254,0,63
2025-04-23 05:01:00+00:00,254,254,254,254,254,254,254,254,254,0,63
2025-04-23 06:01:00+00:00,254,254,254,254,254,254,254,254,254,0,63
2025-04-23 07:01:00+00:00,254,254,254,254,254,254,254,254,254,0,63
2025-04-23 08:01:00+00:00,254,254,254,254,254,254,254,254,254,0,103
2025-04-23 09:01:00+00:00,254,254,254,254,254,254,254,254,254,0,63
2025-04-23 10:01:00+00:00,254,254,254,254,254,254,254,254,254,0,63
2025-04-23 11:01:00+00:00,254,254,254,254,254,254,254,254,254,0,63
2025-04-23 12:01:00+00:00,254,254,254,254,254,254,254,254,254,0,63
2025-04-23 13:01:00+00:00,254,254,254,254,254,254,254,254,254,0,63
2025-04-23 14:01:00+00:00,254,254,254,254,254,254,254,254,254,0,63
2025-04-23 15:55:00+00:00,254,254,254,254,254,254,254,254,254,7,63
2025-04-23 16:55:00+00:00,254,254,254,254,254,254,254,254,254,0,63
2025-04-23 17:55:00+00:00,254,254,254,254,254,254,254,254,254,0,63
2025-04-23 18:55:00+00:00,254,254,254,254,254,254,254,254,254,0,63
2025-04-30 20:51:00+00:00,254,254,254,254,254,254,254,254,254,0,62
2025-05-02 16:46:00+00:00,51,254,10,4,5,14,14,13,254,0,63
2025-05-02 17:46:00+00:00,51,254,16,15,14,20,18,21,254,0,63
2025-05-02 18:46:00+00:00,52,254,18,18,16,22,19,25,254,0,63
2025-05-02 19:46:00+00:00,52,254,19,20,18,23,19,27,254,0,63
2025-05-02 20:46:00+00:00,53,254,19,21,18,23,20,28,254,0,63
2025-05-02 21:46:00+00:00,54,254,19,23,19,24,20,29,254,0,63
2025-05-02 22:46:00+00:00,56,254,19,24,20,24,20,30,254,0,63
2025-05-02 23:46:00+00:00,57,254,19,24,20,24,20,30,254,0,63
2025-05-03 00:46:00+00:00,57,254,19,25,20,25,20,30,254,0,63
2025-05-03 01:46:00+00:00,58,254,20,26,21,25,21,30,254,0,63
2025-05-03 02:46:00+00:00,58,254,20,26,21,25,21,30,254,0,63
2025-05-03 03:46:00+00:00,58,254,20,26,21,25,21,30,254,0,64
2025-05-03 04:46:00+00:00,58,254,20,26,21,25,21,30,254,0,64
2025-05-03 05:46:00+00:00,58,254,20,27,22,25,21,30,254,0,64
2025-05-03 06:46:00+00:00,57,254,20,26,21,25,21,30,254,0,64
2025-05-03 07:46:00+00:00,57,254,20,27,22,25,21,30,254,0,64
2025-05-03 08:46:00+00:00,56,254,20,27,22,24,22,30,254,0,103
2025-05-03 09:46:00+00:00,55,254,20,26,22,24,22,30,254,0,64
2025-05-03 10:46:00+00:00,55,254,20,26,22,24,22,30,254,0,64
2025-05-03 11:46:00+00:00,54,254,21,27,22,24,22,30,254,0,64
2025-05-03 12:46:00+00:00,54,254,21,27,23,24,22,30,254,0,64
2025-05-03 13:46:00+00:00,53,254,21,26,23,24,22,29,254,0,64
2025-05-03 14:46:00+00:00,53,254,21,27,23,24,22,30,254,0,64
2025-05-03 15:46:00+00:00,52,254,21,27,23,24,23,30,254,0,64
2025-05-03 16:46:00+00:00,52,254,21,27,23,24,23,30,254,0,64
2025-05-03 17:46:00+00:00,52,254,21,27,23,24,23,30,254,0,64
2025-05-03 18:46:00+00:00,53,254,21,27,24,24,23,30,254,0,63
2025-05-03 19:46:00+00:00,54,254,21,28,24,24,23,31,254,0,63
2025-05-03 20:46:00+00:00,55,254,21,28,23,25,23,31,254,0,63
2025-05-03 21:46:00+00:00,56,254,21,28,24,25,23,31,254,0,63
2025-05-03 22:46:00+00:00,57,254,21,28,23,25,23,31,254,0,63
2025-05-03 23:46:00+00:00,58,254,21,29,23,25,23,32,254,0,63
2025-05-04 00:46:00+00:00,59,254,21,29,23,26,23,32,254,0,63
2025-05-04 01:46:00+00:00,59,254,21,29,23,26,23,32,254,0,63
2025-05-04 02:46:00+00:00,59,254,21,29,23,26,23,32,254,0,63
2025-05-04 03:46:00+00:00,60,254,21,29,23,26,23,32,254,0,64
2025-05-04 04:46:00+00:00,59,254,21,29,23,26,23,32,254,0,63
2025-05-04 05:46:00+00:00,59,254,22,29,23,26,23,32,254,0,64
2025-05-04 06:46:00+00:00,58,254,21,29,23,26,23,31,254,0,64
2025-05-04 07:48:00+00:00,58,254,22,29,24,25,23,31,254,0,64
2025-05-04 08:48:00+00:00,57,254,22,28,23,25,23,31,254,0,103
2025-05-04 09:48:00+00:00,57,254,22,28,23,25,23,31,254,0,64
2025-05-04 10:48:00+00:00,56,254,22,28,24,25,23,31,254,0,64
2025-05-04 11:48:00+00:00,56,254,22,28,24,25,24,31,254,0,64
2025-05-04 12:48:00+00:00,55,254,22,28,23,25,23,30,254,0,64
2025-05-04 13:48:00+00:00,55,254,22,28,24,25,24,31,254,0,64
2025-05-04 14:48:00+00:00,55,254,22,28,24,25,24,31,254,0,64
2025-05-04 15:48:00+00:00,54,254,23,28,24,25,24,31,254,0,64
2025-05-04 16:48:00+00:00,54,254,23,28,24,25,24,31,254,0,64
2025-05-04 17:48:00+00:00,54,254,23,28,24,25,24,31,254,0,64
2025-05-04 18:48:00+00:00,54,254,23,29,24,26,24,31,254,0,64
2025-05-04 19:48:00+00:00,54,254,23,29,25,25,24,31,254,0,64
2025-05-04 20:48:00+00:00,53,254,23,28,24,25,24,31,254,0,63
2025-05-04 21:48:00+00:00,54,254,23,29,25,25,25,31,254,0,64
2025-05-04 22:48:00+00:00,53,254,23,29,25,25,24,31,254,0,63
2025-05-04 23:48:00+00:00,54,254,23,29,25,26,25,32,254,0,63
2025-05-05 00:48:00+00:00,54,254,24,29,25,26,25,32,254,0,63
2025-05-05 01:48:00+00:00,54,254,24,29,25,26,25,32,254,0,63
2025-05-05 02:48:00+00:00,54,254,24,29,25,26,25,32,254,0,63
2025-05-05 03:48:00+00:00,54,254,24,30,25,26,25,32,254,0,64
2025-05-05 04:48:00+00:00,54,254,24,29,25,26,25,32,254,0,63
2025-05-05 05:48:00+00:00,53,254,24,29,25,26,25,31,254,0,63
2025-05-05 06:48:00+00:00,53,254,24,29,25,26,25,32,254,0,63
2025-05-05 07:48:00+00:00,53,254,24,29,25,26,25,32,254,0,63
2025-05-05 08:48:00+00:00,52,254,24,29,25,26,25,32,254,0,103
2025-05-05 09:48:00+00:00,52,254,24,29,26,26,26,32,254,0,63
2025-05-05 10:48:00+00:00,52,254,25,30,25,26,26,32,254,0,63
2025-05-05 11:48:00+00:00,51,254,24,29,25,26,26,31,254,0,63
2025-05-05 12:48:00+00:00,51,254,25,29,25,26,26,32,254,0,63
2025-05-05 13:48:00+00:00,51,254,25,29,26,26,26,32,254,0,63
2025-05-05 14:48:00+00:00,50,254,25,30,26,26,26,32,254,0,63
2025-05-05 15:48:00+00:00,50,254,25,30,26,26,26,32,254,0,63
2025-05-05 16:48:00+00:00,50,254,25,30,26,26,27,32,254,0,63
2025-05-05 17:48:00+00:00,50,254,25,30,27,26,27,32,254,0,63
2025-05-05 18:48:00+00:00,49,254,25,30,26,26,26,32,254,0,63
2025-05-05 19:48:00+00:00,49,254,25,30,26,26,27,32,254,0,63
2025-05-05 20:48:00+00:00,49,254,25,30,26,26,27,32,254,0,63
2025-05-05 21:48:00+00:00,49,254,25,30,26,26,27,32,254,0,63
2025-05-05 22:48:00+00:00,49,254,26,30,26,26,27,32,254,0,63
2025-05-05 23:48:00+00:00,50,254,26,31,26,26,27,33,254,0,63
2025-05-06 00:48:00+00:00,50,254,26,31,26,26,27,33,254,0,63
2025-05-06 01:48:00+00:00,50,254,26,31,26,26,27,33,254,0,63
2025-05-06 02:48:00+00:00,50,254,26,31,27,26,27,33,254,0,63
2025-05-06 03:48:00+00:00,50,254,26,31,27,27,27,33,254,0,63
2025-05-06 04:48:00+00:00,50,254,26,31,27,27,27,33,254,0,63
2025-05-06 05:48:00+00:00,50,254,26,31,27,27,28,33,254,0,63
2025-05-06 06:48:00+00:00,49,254,26,31,27,26,27,33,254,0,63
2025-05-06 07:48:00+00:00,49,254,26,31,26,26,27,33,254,0,63
2025-05-06 08:48:00+00:00,49,254,26,31,27,27,28,33,254,0,103
2025-05-06 09:48:00+00:00,49,254,27,31,27,27,28,33,254,0,63
2025-05-06 10:48:00+00:00,49,254,27,31,27,27,28,33,254,2,63
2025-05-06 11:48:00+00:00,48,254,27,31,27,26,28,32,254,5,63
2025-05-06 12:48:00+00:00,48,254,27,31,27,27,28,33,254,4,63
2025-05-06 13:48:00+00:00,48,254,27,31,27,26,28,32,254,2,63
2025-05-06 14:48:00+00:00,48,254,27,31,27,26,28,33,254,0,63
2025-05-06 15:48:00+00:00,48,254,27,31,28,27,28,33,254,0,63
2025-05-06 16:48:00+00:00,48,254,27,31,27,27,28,33,254,0,63
2025-05-06 17:48:00+00:00,48,254,27,31,28,27,28,33,254,0,63
2025-05-06 18:48:00+00:00,48,254,27,32,27,27,28,33,254,0,63
2025-05-06 19:48:00+00:00,49,254,27,32,27,28,29,34,254,0,63
2025-05-06 20:48:00+00:00,50,254,27,33,28,28,29,34,254,0,63
2025-05-06 21:48:00+00:00,51,254,27,33,27,28,28,34,254,0,63
2025-05-06 22:48:00+00:00,52,254,27,33,27,28,28,35,254,0,63
2025-05-06 23:48:00+00:00,54,254,27,34,27,29,28,35,254,0,63
2025-05-07 00:48:00+00:00,55,254,27,34,27,29,28,35,254,0,63
2025-05-07 01:48:00+00:00,55,254,26,34,27,29,28,35,254,0,63
2025-05-07 02:48:00+00:00,56,254,27,34,27,29,28,35,254,0,63
2025-05-07 03:48:00+00:00,56,254,27,34,27,29,28,35,254,0,63
2025-05-07 04:48:00+00:00,56,254,27,34,27,29,28,35,254,0,63
2025-05-07 05:48:00+00:00,56,254,27,34,27,29,28,35,254,0,63
2025-05-07 06:48:00+00:00,55,254,27,33,27,28,28,34,254,0,63
2025-05-07 07:48:00+00:00,55,254,27,33,27,28,28,34,254,0,63
2025-05-07 08:48:00+00:00,54,254,27,33,27,28,28,34,254,0,103
2025-05-07 09:48:00+00:00,54,254,27,33,27,28,29,34,254,0,63
2025-05-07 10:48:00+00:00,53,254,27,33,27,28,29,34,254,0,63
2025-05-07 11:48:00+00:00,53,254,28,33,27,28,29,34,254,0,63
2025-05-07 12:48:00+00:00,52,254,28,33,28,28,29,34,254,0,63
2025-05-07 13:48:00+00:00,51,254,28,32,27,27,29,33,254,0,63
2025-05-07 14:48:00+00:00,51,254,28,33,28,28,29,33,254,0,63
2025-05-07 15:48:00+00:00,50,254,28,33,28,28,30,34,254,0,63
2025-05-07 16:48:00+00:00,51,254,28,33,28,28,30,34,254,0,63
2025-05-07 17:48:00+00:00,51,254,28,33,28,28,30,34,254,0,63
2025-05-07 18:48:00+00:00,52,254,28,33,28,28,30,34,254,0,63
2025-05-07 19:48:00+00:00,53,254,28,34,28,28,29,35,254,0,63
2025-05-07 20:48:00+00:00,54,254,28,34,28,29,29,35,254,0,63
2025-05-07 21:48:00+00:00,56,254,28,35,28,29,29,36,254,0,63
2025-05-07 22:48:00+00:00,57,254,27,35,27,29,29,36,254,0,63
2025-05-07 23:48:00+00:00,59,254,28,36,27,30,29,37,254,0,63
2025-05-08 00:48:00+00:00,60,254,27,36,27,30,29,36,254,0,63
2025-05-08 01:48:00+00:00,60,254,27,36,27,30,29,36,254,0,63
2025-05-08 02:48:00+00:00,61,254,27,36,27,30,29,37,254,0,63
2025-05-08 03:48:00+00:00,61,254,27,36,27,30,29,36,254,0,63
2025-05-08 04:48:00+00:00,61,254,27,36,27,30,29,36,254,0,63
2025-05-08 05:48:00+00:00,60,254,27,35,27,29,28,35,254,0,63
2025-05-08 06:48:00+00:00,60,254,27,35,27,29,29,35,254,0,63
2025-05-08 07:48:00+00:00,59,254,28,35,27,29,29,35,254,0,63
2025-05-08 08:48:00+00:00,59,254,28,35,27,29,29,35,254,0,103
2025-05-08 09:48:00+00:00,58,254,28,34,27,28,29,35,254,0,63
2025-05-08 10:48:00+00:00,58,254,28,34,27,29,29,35,254,0,63
2025-05-08 11:48:00+00:00,57,254,28,34,27,28,29,34,254,0,63
2025-05-08 12:48:00+00:00,56,254,28,34,27,28,29,34,254,0,63
2025-05-08 13:48:00+00:00,56,254,28,34,27,28,30,34,254,0,63
2025-05-08 14:48:00+00:00,55,254,28,33,27,28,29,34,254,0,63
2025-05-08 15:48:00+00:00,55,254,29,33,28,28,30,34,254,0,63
2025-05-08 16:48:00+00:00,55,254,29,34,27,28,30,34,254,0,63
2025-05-08 17:48:00+00:00,55,254,29,34,27,28,30,34,254,0,63
2025-05-08 18:48:00+00:00,55,254,28,34,27,28,30,34,254,0,63
2025-05-08 19:48:00+00:00,56,254,29,34,27,28,30,35,254,0,63
2025-05-08 20:48:00+00:00,57,254,28,35,27,28,30,35,254,0,63
2025-05-08 21:48:00+00:00,58,254,28,35,27,29,30,35,254,0,63
2025-05-08 22:48:00+00:00,59,254,29,36,28,29,30,36,254,0,63
2025-05-08 23:48:00+00:00,60,254,28,36,27,29,30,36,254,0,63
2025-05-09 00:48:00+00:00,61,254,28,36,27,30,30,36,254,0,63
2025-05-09 01:48:00+00:00,61,254,28,36,27,30,30,36,254,0,63
2025-05-09 02:48:00+00:00,62,254,28,36,27,30,29,36,254,0,63
2025-05-09 03:48:00+00:00,62,254,28,36,27,29,29,36,254,0,63
2025-05-09 04:48:00+00:00,62,254,28,36,27,30,29,36,254,0,63
2025-05-09 05:48:00+00:00,61,254,28,36,27,29,29,36,254,0,63
2025-05-09 06:48:00+00:00,61,254,29,36,27,29,30,35,254,0,63
2025-05-09 07:48:00+00:00,60,254,28,35,27,28,29,35,254,0,63
2025-05-09 08:48:00+00:00,60,254,29,35,27,28,30,35,254,0,103
2025-05-09 09:48:00+00:00,59,254,29,35,27,29,30,35,254,0,63
2025-05-09 10:48:00+00:00,59,254,29,35,28,28,30,35,254,0,63
2025-05-09 11:48:00+00:00,58,254,29,34,27,28,30,34,254,0,63
2025-05-09 12:48:00+00:00,57,254,29,34,27,28,30,34,254,0,63
2025-05-09 13:48:00+00:00,57,254,29,34,28,28,30,34,254,0,63
2025-05-09 14:48:00+00:00,56,254,30,34,28,28,31,34,254,0,63
2025-05-09 15:48:00+00:00,56,254,30,34,28,28,31,34,254,0,63
2025-05-09 16:48:00+00:00,56,254,30,34,28,28,31,34,254,0,63
2025-05-09 17:48:00+00:00,56,254,30,34,28,28,31,34,254,0,63
2025-05-09 18:48:00+00:00,56,254,29,34,28,28,31,34,254,0,63
2025-05-09 19:48:00+00:00,58,254,29,35,28,29,31,35,254,0,63
2025-05-09 20:48:00+00:00,59,254,29,35,28,29,31,35,254,18,63
2025-05-09 21:48:00+00:00,60,254,29,35,27,29,30,35,254,17,63
2025-05-09 22:48:00+00:00,61,254,29,36,28,29,30,36,254,19,63
2025-05-09 23:48:00+00:00,62,254,29,36,27,29,30,35,254,15,63
2025-05-10 00:48:00+00:00,63,254,29,37,28,30,30,36,254,0,63
2025-05-10 01:48:00+00:00,63,254,29,37,27,30,30,36,254,0,63
2025-05-10 02:48:00+00:00,63,254,28,36,28,29,29,36,254,0,63
2025-05-10 03:48:00+00:00,63,254,28,36,28,29,29,36,254,0,63
2025-05-10 04:48:00+00:00,63,254,27,36,27,29,28,36,254,0,63
2025-05-10 05:48:00+00:00,63,254,27,36,28,29,28,36,254,0,63
2025-05-10 06:48:00+00:00,62,254,27,35,27,29,28,35,254,0,63
2025-05-10 07:48:00+00:00,61,254,26,35,28,29,28,35,254,0,63
2025-05-10 08:48:00+00:00,61,254,26,35,28,29,28,35,254,0,103
2025-05-10 09:48:00+00:00,60,254,26,35,28,28,27,34,254,0,63
2025-05-10 10:48:00+00:00,60,254,26,35,28,28,28,35,254,0,63
2025-05-10 11:48:00+00:00,59,254,26,35,28,28,28,35,254,0,63
2025-05-10 12:48:00+00:00,58,254,26,34,28,28,28,34,254,0,63
2025-05-10 13:48:00+00:00,58,254,26,34,28,28,28,34,254,0,63
2025-05-10 14:48:00+00:00,57,254,25,34,28,27,27,34,254,0,63
2025-05-10 15:48:00+00:00,57,254,25,34,28,27,27,34,254,0,63
2025-05-10 16:48:00+00:00,57,254,25,34,28,27,27,34,254,0,63
2025-05-10 17:48:00+00:00,57,254,25,34,28,28,27,34,254,0,63
2025-05-10 18:48:00+00:00,57,254,25,34,28,28,27,34,254,0,63
2025-05-10 19:48:00+00:00,58,254,25,35,28,28,28,35,254,0,63
2025-05-10 20:48:00+00:00,58,254,25,35,28,28,27,35,254,0,63
2025-05-10 21:48:00+00:00,59,254,25,36,28,29,28,35,254,0,63
2025-05-10 22:48:00+00:00,60,254,25,36,28,29,27,35,254,0,63
2025-05-10 23:48:00+00:00,60,254,25,36,28,29,27,35,254,0,63
2025-05-11 00:48:00+00:00,61,254,25,36,28,29,27,36,254,0,63
2025-05-11 01:48:00+00:00,61,254,25,36,28,29,28,36,254,0,63
2025-05-11 02:48:00+00:00,61,254,25,36,28,29,27,36,254,0,63
2025-05-11 03:48:00+00:00,61,254,25,36,28,29,28,36,254,0,63
2025-05-11 04:48:00+00:00,60,254,25,35,28,29,27,35,254,0,63
2025-05-11 05:48:00+00:00,60,254,25,35,28,29,27,35,254,0,63
2025-05-11 06:48:00+00:00,60,254,25,35,28,29,27,35,254,0,63
2025-05-11 07:48:00+00:00,59,254,25,35,28,29,27,35,254,0,63
2025-05-11 08:48:00+00:00,59,254,25,35,28,28,28,35,254,0,103
2025-05-11 09:48:00+00:00,59,254,26,35,28,29,28,35,254,0,63
2025-05-11 10:48:00+00:00,58,254,25,35,28,28,27,34,254,0,63
2025-05-11 11:48:00+00:00,58,254,25,35,28,28,28,34,254,0,63
2025-05-11 12:48:00+00:00,58,254,26,35,28,28,28,34,254,0,63
2025-05-11 13:48:00+00:00,57,254,25,34,28,28,27,34,254,0,63
2025-05-11 14:48:00+00:00,57,254,25,34,28,28,27,34,254,0,63
2025-05-11 15:48:00+00:00,57,254,26,34,28,28,28,34,254,0,63
2025-05-11 16:48:00+00:00,57,254,26,34,28,28,28,34,254,0,63
2025-05-11 17:48:00+00:00,57,254,26,35,28,28,28,34,254,0,63
2025-05-11 18:48:00+00:00,57,254,26,35,28,28,28,34,254,0,63
2025-05-11 19:48:00+00:00,57,254,26,35,28,28,28,34,254,0,63
2025-05-11 20:48:00+00:00,57,254,26,35,28,28,28,34,254,0,63
2025-05-11 21:48:00+00:00,58,254,26,35,28,28,28,35,254,0,63
2025-05-11 22:48:00+00:00,58,254,26,35,28,28,28,35,254,0,63
2025-05-11 23:48:00+00:00,58,254,26,35,28,29,28,35,254,0,63
2025-05-12 00:48:00+00:00,59,254,26,36,28,29,28,35,254,0,63
2025-05-12 01:48:00+00:00,59,254,26,36,28,29,28,35,254,0,63
2025-05-12 02:48:00+00:00,59,254,26,36,28,29,28,35,254,0,63
2025-05-12 03:48:00+00:00,59,254,26,36,28,29,28,35,254,0,63
2025-05-12 04:48:00+00:00,59,254,26,36,28,29,28,35,254,0,63
2025-05-12 05:48:00+00:00,59,254,26,36,28,29,28,35,254,0,63
2025-05-12 06:48:00+00:00,59,254,26,36,28,29,28,35,254,0,63
2025-05-12 07:48:00+00:00,58,254,26,35,28,28,28,35,254,0,63
2025-05-12 08:48:00+00:00,58,254,26,35,28,28,28,35,254,0,103
2025-05-12 09:48:00+00:00,58,254,26,35,28,28,28,35,254,0,63
2025-05-12 10:48:00+00:00,57,254,26,35,28,28,28,34,254,0,63
2025-05-12 11:48:00+00:00,57,254,26,35,28,28,28,34,254,0,63
2025-05-12 12:48:00+00:00,56,254,27,35,28,28,28,34,254,0,63
2025-05-12 13:48:00+00:00,56,254,27,35,28,28,29,34,254,0,63
2025-05-12 14:48:00+00:00,55,254,27,34,28,27,28,34,254,0,63
2025-05-12 15:48:00+00:00,55,254,27,35,28,27,29,34,254,0,63
2025-05-12 16:48:00+00:00,54,254,27,35,28,27,29,34,254,0,63
2025-05-12 17:48:00+00:00,54,254,27,35,28,28,29,34,254,0,63
2025-05-12 18:48:00+00:00,55,254,27,35,28,28,29,34,254,0,63
2025-05-12 19:48:00+00:00,55,254,27,35,28,28,29,34,254,0,63
2025-05-12 20:48:00+00:00,56,254,27,36,28,28,29,35,254,0,63
2025-05-12 21:48:00+00:00,57,254,27,35,28,28,29,35,254,0,63
2025-05-12 22:48:00+00:00,58,254,27,36,28,29,29,35,254,0,63
2025-05-12 23:48:00+00:00,59,254,27,37,29,29,29,36,254,0,63
2025-05-13 00:48:00+00:00,59,254,27,37,29,29,29,36,254,0,63
2025-05-13 01:48:00+00:00,59,254,27,37,28,29,29,36,254,0,63
2025-05-13 02:48:00+00:00,59,254,27,36,28,29,29,36,254,0,63
2025-05-13 03:48:00+00:00,59,254,27,36,28,29,29,36,254,0,63
2025-05-13 04:48:00+00:00,58,254,27,36,28,29,29,35,254,0,63
2025-05-13 05:48:00+00:00,58,254,27,36,28,28,29,35,254,0,63
2025-05-13 06:48:00+00:00,57,254,27,35,28,28,29,34,254,0,63
2025-05-13 07:48:00+00:00,57,254,27,35,28,28,29,34,254,0,63
2025-05-13 08:48:00+00:00,56,254,28,35,28,28,29,34,254,3,103
2025-05-13 09:48:00+00:00,56,254,28,35,28,28,29,34,254,2,63
2025-05-13 10:48:00+00:00,56,254,28,35,28,28,30,34,254,0,63
2025-05-13 11:48:00+00:00,55,254,28,35,29,27,29,34,254,0,63
2025-05-13 12:48:00+00:00,55,254,28,35,28,28,30,34,254,0,63
2025-05-13 13:48:00+00:00,54,254,28,35,29,28,30,34,254,1,63
2025-05-13 14:48:00+00:00,54,254,28,35,29,28,30,34,254,0,63
2025-05-13 15:48:00+00:00,53,254,28,35,29,27,30,34,254,0,63
2025-05-13 16:48:00+00:00,53,254,28,35,29,27,30,34,254,0,63
2025-05-13 17:48:00+00:00,53,254,29,35,29,27,30,34,254,0,63
2025-05-13 18:48:00+00:00,53,254,29,35,29,27,30,34,254,0,63
2025-05-13 19:48:00+00:00,53,254,29,35,29,27,30,34,254,0,63
2025-05-13 20:48:00+00:00,53,254,29,35,29,28,30,34,254,0,63
2025-05-13 21:48:00+00:00,53,254,28,35,29,28,30,34,254,0,63
2025-05-13 22:48:00+00:00,54,254,29,36,29,28,30,35,254,0,63
2025-05-13 23:48:00+00:00,54,254,29,36,29,28,30,35,254,0,63
2025-05-14 00:48:00+00:00,55,254,28,36,29,28,30,35,254,1,63
2025-05-14 01:48:00+00:00,55,254,28,36,29,28,30,35,254,0,63
2025-05-14 02:48:00+00:00,55,254,29,36,29,28,30,35,254,0,63
2025-05-14 03:48:00+00:00,55,254,29,36,29,28,30,35,254,0,63
2025-05-14 04:48:00+00:00,54,254,29,36,29,28,30,35,254,0,63
2025-05-14 05:48:00+00:00,54,254,29,36,29,28,31,35,254,0,63
2025-05-14 06:48:00+00:00,53,254,29,35,29,28,30,34,254,0,63
2025-05-14 07:48:00+00:00,53,254,29,35,29,28,31,34,254,0,63
2025-05-14 08:48:00+00:00,53,254,29,35,29,28,31,34,254,0,103
2025-05-14 09:48:00+00:00,52,254,29,35,30,28,31,35,254,0,63
2025-05-14 10:48:00+00:00,52,254,30,36,30,28,31,35,254,0,63
2025-05-14 11:48:00+00:00,52,254,30,36,30,28,31,35,254,0,63
2025-05-14 12:48:00+00:00,51,254,29,35,30,27,31,34,254,3,63
2025-05-14 13:48:00+00:00,51,254,30,35,30,27,31,34,254,7,63
2025-05-14 14:48:00+00:00,51,254,30,35,30,27,31,34,254,10,63
2025-05-14 15:48:00+00:00,50,254,30,35,30,27,31,34,254,7,63
2025-05-14 16:48:00+00:00,50,254,30,35,30,28,32,34,254,1,63
2025-05-14 17:48:00+00:00,50,254,30,36,30,28,32,35,254,0,63
2025-05-14 18:48:00+00:00,50,254,30,36,30,28,32,35,254,0,63
2025-05-14 19:48:00+00:00,50,254,30,36,31,28,32,35,254,0,63
2025-05-14 20:48:00+00:00,50,254,30,36,30,28,32,35,254,0,63
2025-05-14 21:48:00+00:00,51,254,30,36,30,28,31,35,254,0,63
2025-05-14 22:48:00+00:00,51,254,29,36,30,28,31,35,254,0,62
2025-05-14 23:48:00+00:00,52,254,30,37,30,28,31,36,254,0,63
2025-05-15 00:48:00+00:00,52,254,29,37,30,28,31,36,254,0,62
2025-05-15 01:48:00+00:00,53,254,29,37,30,28,31,36,254,0,62
2025-05-15 02:48:00+00:00,53,254,29,37,30,28,31,36,254,0,62
2025-05-15 03:48:00+00:00,53,254,29,37,30,29,31,36,254,0,63
2025-05-15 04:48:00+00:00,53,254,29,37,30,28,31,36,254,0,62
2025-05-15 05:48:00+00:00,53,254,29,37,30,29,31,35,254,0,63
2025-05-15 06:48:00+00:00,52,254,30,37,30,28,31,35,254,0,63
2025-05-15 07:48:00+00:00,52,254,30,37,31,28,31,36,254,0,63
2025-05-15 08:48:00+00:00,51,254,30,36,30,28,31,35,254,0,103
2025-05-15 09:48:00+00:00,51,254,30,36,30,28,31,35,254,0,63
2025-05-15 10:48:00+00:00,51,254,30,36,31,28,32,35,254,0,63
2025-05-15 11:48:00+00:00,50,254,30,36,31,28,32,35,254,0,63
2025-05-15 12:48:00+00:00,50,254,30,36,31,28,32,35,254,0,62
2025-05-15 13:48:00+00:00,50,254,31,36,31,28,32,35,254,0,63
2025-05-15 14:48:00+00:00,49,254,30,36,31,28,32,35,254,0,62
2025-05-15 15:48:00+00:00,49,254,31,36,31,28,32,35,254,0,62
2025-05-15 16:48:00+00:00,49,254,30,36,31,28,32,35,254,0,62
2025-05-15 17:48:00+00:00,49,254,30,36,31,28,32,35,254,0,62
2025-05-15 18:48:00+00:00,50,254,31,37,31,29,32,36,254,0,62
2025-05-15 19:48:00+00:00,50,254,30,37,31,29,32,36,254,0,62
2025-05-15 20:48:00+00:00,51,254,30,37,31,28,32,36,254,0,62
2025-05-15 21:48:00+00:00,52,254,30,38,31,29,32,36,254,0,62
2025-05-15 22:48:00+00:00,53,254,30,38,31,29,32,36,254,0,62
2025-05-15 23:48:00+00:00,53,254,29,38,31,29,31,36,254,0,62
2025-05-16 00:48:00+00:00,54,254,30,38,31,30,31,37,254,0,62
2025-05-16 01:48:00+00:00,54,254,29,38,31,29,31,37,254,0,62
2025-05-16 02:48:00+00:00,55,254,29,38,31,29,31,37,254,0,62
2025-05-16 03:48:00+00:00,55,254,29,38,31,29,31,36,254,0,62
2025-05-16 04:48:00+00:00,55,254,29,38,31,29,31,36,254,0,62
2025-05-16 05:48:00+00:00,54,254,29,38,31,29,31,36,254,0,62
2025-05-16 06:48:00+00:00,54,254,30,37,31,29,32,36,254,0,62
2025-05-16 07:48:00+00:00,53,254,29,37,31,29,31,36,254,0,62
2025-05-16 08:48:00+00:00,53,254,30,37,31,28,31,36,254,0,103
2025-05-16 09:48:00+00:00,52,254,30,37,31,28,32,36,254,0,62
2025-05-16 10:48:00+00:00,52,254,30,37,31,29,32,36,254,0,62
2025-05-16 11:48:00+00:00,51,254,30,36,31,28,32,35,254,0,62
2025-05-16 12:48:00+00:00,51,254,30,36,31,28,32,35,254,0,62
2025-05-16 13:48:00+00:00,51,254,30,36,31,28,32,35,254,0,62
2025-05-16 14:48:00+00:00,50,254,31,36,32,28,32,35,254,0,62
2025-05-16 15:48:00+00:00,50,254,31,37,32,28,32,35,254,0,62
2025-05-16 16:48:00+00:00,50,254,31,37,32,28,32,36,254,0,62
2025-05-16 17:48:00+00:00,50,254,31,37,32,28,32,36,254,0,62
2025-05-16 18:48:00+00:00,50,254,31,37,32,28,32,36,254,0,62
2025-05-16 19:48:00+00:00,51,254,30,37,32,28,32,36,254,0,62
2025-05-16 20:48:00+00:00,51,254,30,37,32,28,32,36,254,0,62
2025-05-16 21:48:00+00:00,52,254,30,38,32,29,32,36,254,0,62
2025-05-16 22:48:00+00:00,53,254,30,38,32,29,32,36,254,0,62
2025-05-16 23:48:00+00:00,54,254,30,38,32,29,32,37,254,0,62
2025-05-17 00:48:00+00:00,54,254,30,38,32,29,31,37,254,0,62
2025-05-17 01:48:00+00:00,55,254,29,38,32,29,31,37,254,0,62
2025-05-17 02:48:00+00:00,55,254,29,38,32,29,31,36,254,0,62
2025-05-17 03:48:00+00:00,56,254,30,38,31,29,31,37,254,0,62
2025-05-17 04:48:00+00:00,56,254,30,38,32,29,31,37,254,0,62
2025-05-17 05:48:00+00:00,55,254,29,37,31,29,31,36,254,0,62
2025-05-17 06:48:00+00:00,55,254,30,37,32,29,31,36,254,0,62
2025-05-17 07:48:00+00:00,54,254,30,37,32,29,31,36,254,0,62
2025-05-17 08:48:00+00:00,54,254,30,37,32,29,32,36,254,0,103
2025-05-17 09:48:00+00:00,53,254,30,37,32,28,32,35,254,0,62
2025-05-17 10:48:00+00:00,53,254,30,37,32,29,32,35,254,0,62
2025-05-17 11:48:00+00:00,52,254,30,37,32,28,32,35,254,0,62
2025-05-17 12:48:00+00:00,52,254,31,37,33,28,32,36,254,0,62
2025-05-17 13:48:00+00:00,51,254,31,36,32,28,32,35,254,0,62
2025-05-17 14:48:00+00:00,51,254,31,36,32,28,32,35,254,0,62
2025-05-17 15:48:00+00:00,51,254,31,36,32,28,32,35,254,0,62
2025-05-17 16:48:00+00:00,51,254,31,37,32,28,32,35,254,0,62
2025-05-17 17:48:00+00:00,51,254,31,37,33,28,32,35,254,0,62
2025-05-17 18:48:00+00:00,51,254,31,37,33,28,32,35,254,0,62
2025-05-17 19:48:00+00:00,51,254,31,36,33,28,32,35,254,5,62
2025-05-17 20:48:00+00:00,52,254,31,37,33,29,32,36,254,5,62
2025-05-17 21:48:00+00:00,52,254,31,37,33,29,33,36,254,1,62
2025-05-17 22:48:00+00:00,52,254,31,37,33,29,33,36,254,0,62
2025-05-17 23:48:00+00:00,52,254,31,37,33,29,33,36,254,0,62
2025-05-18 00:48:00+00:00,52,254,31,37,33,29,32,36,254,3,62
2025-05-18 01:48:00+00:00,52,254,31,37,33,29,33,36,254,0,62
2025-05-18 02:48:00+00:00,52,254,31,37,33,29,32,36,254,0,62
2025-05-18 03:48:00+00:00,52,254,31,37,32,29,33,36,254,0,62
2025-05-18 04:48:00+00:00,52,254,31,37,33,29,33,36,254,0,62
2025-05-18 05:48:00+00:00,52,254,31,37,33,29,33,36,254,0,62
2025-05-18 06:48:00+00:00,52,254,31,37,33,29,33,36,254,0,62
2025-05-18 07:48:00+00:00,51,254,31,37,32,28,33,35,254,0,62
2025-05-18 08:48:00+00:00,51,254,31,37,33,28,33,35,254,0,103
2025-05-18 09:48:00+00:00,51,254,31,37,32,28,33,35,254,0,62
2025-05-18 10:48:00+00:00,51,254,31,37,33,28,33,35,254,0,62
2025-05-18 11:48:00+00:00,51,254,31,37,33,28,33,35,254,0,62
2025-05-18 12:48:00+00:00,50,254,32,37,33,28,33,36,254,0,62
2025-05-18 13:48:00+00:00,50,254,32,37,33,28,33,36,254,0,62
2025-05-18 14:48:00+00:00,50,254,32,37,33,28,33,36,254,0,62
2025-05-18 15:48:00+00:00,50,254,32,37,34,28,34,36,254,0,62
2025-05-18 16:48:00+00:00,50,254,32,37,34,28,34,36,254,0,62
2025-05-18 17:48:00+00:00,50,254,32,37,34,29,34,36,254,0,62
2025-05-18 18:48:00+00:00,50,254,32,37,34,29,34,36,254,0,62
2025-05-18 19:48:00+00:00,50,254,32,38,34,29,34,36,254,0,62
2025-05-18 20:48:00+00:00,50,254,32,38,34,29,34,36,254,0,62
2025-05-18 21:49:00+00:00,51,254,32,38,34,29,34,36,254,0,62
2025-05-18 22:49:00+00:00,51,254,32,38,34,29,33,36,254,0,62
2025-05-18 23:49:00+00:00,52,254,32,38,34,29,34,37,254,0,62
2025-05-19 00:49:00+00:00,52,254,32,38,34,29,34,37,254,0,62
2025-05-19 01:49:00+00:00,52,254,32,38,34,29,34,37,254,0,62
2025-05-19 02:49:00+00:00,52,254,32,38,34,29,34,37,254,0,62
2025-05-19 03:49:00+00:00,52,254,32,38,34,29,33,37,254,0,62
2025-05-19 04:49:00+00:00,52,254,32,38,34,29,34,37,254,0,62
2025-05-19 05:49:00+00:00,52,254,32,38,34,29,34,36,254,0,62
2025-05-19 06:49:00+00:00,51,254,32,37,34,29,34,36,254,0,62
2025-05-19 07:49:00+00:00,51,254,32,37,34,28,34,36,254,0,62
2025-05-19 08:49:00+00:00,50,254,32,37,34,29,34,36,254,0,103
2025-05-19 09:49:00+00:00,50,254,33,37,35,28,34,36,254,0,62
2025-05-19 10:49:00+00:00,49,254,33,37,34,28,34,35,254,0,62
2025-05-19 11:49:00+00:00,49,254,33,37,35,28,34,36,254,0,62
2025-05-19 12:49:00+00:00,49,254,33,37,35,28,35,36,254,0,62
2025-05-19 13:49:00+00:00,48,254,33,37,35,28,34,35,254,0,62
2025-05-19 14:49:00+00:00,48,254,33,37,35,28,35,35,254,0,62
2025-05-19 15:49:00+00:00,47,254,33,37,35,28,35,35,254,0,62
2025-05-19 16:49:00+00:00,47,254,33,37,35,28,35,36,254,0,62
2025-05-19 17:49:00+00:00,47,254,33,37,35,28,35,36,254,0,62
2025-05-19 18:49:00+00:00,48,254,33,37,35,28,35,36,254,0,62
2025-05-19 19:49:00+00:00,49,254,33,38,35,29,35,36,254,0,62
2025-05-19 20:49:00+00:00,49,254,33,38,35,29,34,36,254,0,62
2025-05-19 21:49:00+00:00,50,254,33,39,35,29,34,37,254,0,62
2025-05-19 22:49:00+00:00,52,254,33,39,36,30,34,38,254,0,62
2025-05-19 23:49:00+00:00,53,254,32,39,36,30,34,38,254,0,62
2025-05-20 00:49:00+00:00,53,254,32,39,35,30,34,37,254,0,62
2025-05-20 01:49:00+00:00,54,254,32,39,36,30,34,38,254,0,62
2025-05-20 02:49:00+00:00,54,254,32,39,36,30,33,38,254,0,62
2025-05-20 03:49:00+00:00,54,254,32,39,36,30,33,37,254,0,62
2025-05-20 04:49:00+00:00,54,254,32,39,36,30,33,37,254,0,62
2025-05-20 05:49:00+00:00,54,254,32,39,36,30,34,37,254,0,62
2025-05-20 06:49:00+00:00,54,254,32,39,36,30,34,37,254,0,62
2025-05-20 07:49:00+00:00,53,254,32,38,36,29,33,36,254,0,62
2025-05-20 08:49:00+00:00,53,254,32,38,36,29,33,36,254,0,103
2025-05-20 09:49:00+00:00,53,254,32,38,36,29,34,36,254,0,62
2025-05-20 10:49:00+00:00,52,254,32,38,36,29,34,36,254,0,62
2025-05-20 11:49:00+00:00,52,254,33,38,36,29,34,36,254,0,62
2025-05-20 12:49:00+00:00,52,254,33,38,36,29,34,36,254,0,62
2025-05-20 13:49:00+00:00,51,254,33,37,36,28,34,36,254,0,62
2025-05-20 14:49:00+00:00,51,254,33,37,36,28,34,36,254,0,62
2025-05-20 15:49:00+00:00,51,254,33,38,36,29,34,36,254,1,62
2025-05-20 16:49:00+00:00,51,254,33,38,36,29,34,36,254,0,62
2025-05-20 17:49:00+00:00,51,254,33,38,37,29,34,36,254,0,62
2025-05-20 18:49:00+00:00,51,254,33,38,37,29,34,36,254,0,62
2025-05-20 19:49:00+00:00,52,254,33,38,37,29,34,37,254,0,62
2025-05-20 20:49:00+00:00,53,254,32,38,37,29,33,36,254,6,62
2025-05-20 21:49:00+00:00,54,254,32,38,37,29,34,37,254,11,62
2025-05-20 22:49:00+00:00,55,254,32,38,37,29,33,37,254,11,62
2025-05-20 23:49:00+00:00,55,254,32,38,37,29,33,37,254,10,62
2025-05-21 00:49:00+00:00,55,254,31,38,36,29,32,37,254,12,62
2025-05-21 01:49:00+00:00,55,254,31,38,36,29,30,36,254,13,62
2025-05-21 02:49:00+00:00,55,254,32,38,36,30,29,37,254,3,62
2025-05-21 03:49:00+00:00,55,254,32,38,36,29,27,37,254,0,62
2025-05-21 04:49:00+00:00,55,254,32,38,35,29,26,37,254,0,62
2025-05-21 05:49:00+00:00,54,254,32,38,33,29,26,36,254,0,62
2025-05-21 06:49:00+00:00,54,254,32,38,31,29,26,36,254,0,62
2025-05-21 07:49:00+00:00,53,254,31,37,30,29,26,36,254,0,62
2025-05-21 08:49:00+00:00,52,254,32,37,29,29,27,36,254,0,103
2025-05-21 09:49:00+00:00,52,254,32,37,28,29,27,36,254,0,62
2025-05-21 10:49:00+00:00,51,254,31,37,27,28,27,36,254,0,62
2025-05-21 11:49:00+00:00,50,254,32,37,26,28,27,36,254,0,62
2025-05-21 12:49:00+00:00,50,254,32,37,25,28,27,36,254,0,62
2025-05-21 13:49:00+00:00,49,254,32,37,25,28,27,35,254,0,62
2025-05-21 14:49:00+00:00,49,254,32,37,24,28,27,35,254,0,62
2025-05-21 15:49:00+00:00,48,254,31,36,24,28,27,35,254,0,62
2025-05-21 16:49:00+00:00,48,254,31,37,23,28,27,35,254,0,62
2025-05-21 17:49:00+00:00,49,254,32,37,23,28,28,36,254,0,62
2025-05-21 18:49:00+00:00,49,254,31,37,23,28,28,36,254,0,62
2025-05-21 19:49:00+00:00,50,254,31,38,23,29,28,36,254,0,62
2025-05-21 20:49:00+00:00,51,254,31,38,22,29,27,37,254,0,62
2025-05-21 21:49:00+00:00,52,254,31,39,22,30,28,37,254,0,62
2025-05-21 22:49:00+00:00,53,254,30,39,22,29,27,37,254,0,62
2025-05-21 23:49:00+00:00,54,254,30,39,22,30,27,38,254,0,62
2025-05-22 00:49:00+00:00,55,254,29,39,22,30,27,38,254,0,62
2025-05-22 01:49:00+00:00,56,254,29,40,22,30,27,38,254,0,62
2025-05-22 02:49:00+00:00,56,254,29,39,22,30,27,38,254,0,62
2025-05-22 03:49:00+00:00,57,254,29,39,22,30,27,38,254,0,62
2025-05-22 04:49:00+00:00,56,254,29,39,22,30,27,37,254,0,62
2025-05-22 05:49:00+00:00,56,254,29,39,22,30,27,37,254,0,62
2025-05-22 06:49:00+00:00,55,254,29,38,22,29,27,37,254,0,62
2025-05-22 07:49:00+00:00,55,254,29,38,22,29,27,36,254,0,62
2025-05-22 08:49:00+00:00,54,254,29,38,22,29,27,36,254,0,103
2025-05-22 09:49:00+00:00,54,254,30,38,22,29,28,36,254,0,62
2025-05-22 10:49:00+00:00,53,254,30,37,22,28,27,36,254,0,62
2025-05-22 11:49:00+00:00,53,254,30,37,22,28,28,36,254,0,62
2025-05-22 12:49:00+00:00,52,254,30,38,22,29,28,36,254,0,62
2025-05-22 13:49:00+00:00,52,254,30,38,23,28,28,36,254,0,62
2025-05-22 14:49:00+00:00,52,254,30,38,23,29,28,36,254,0,62
2025-05-22 15:49:00+00:00,51,254,30,37,22,28,28,36,254,0,62
2025-05-22 16:49:00+00:00,51,254,30,37,23,28,28,36,254,0,62
2025-05-22 17:49:00+00:00,52,254,30,38,23,29,29,36,254,0,62
2025-05-22 18:49:00+00:00,52,254,30,38,23,29,28,36,254,0,62
2025-05-22 19:49:00+00:00,53,254,30,38,23,29,28,36,254,0,62
2025-05-22 20:49:00+00:00,54,254,30,39,23,29,28,37,254,0,62
2025-05-22 21:49:00+00:00,55,254,29,39,23,29,28,37,254,0,62
2025-05-22 22:49:00+00:00,55,254,29,39,23,29,28,37,254,0,62
2025-05-22 23:49:00+00:00,56,254,29,39,23,30,28,37,254,0,62
2025-05-23 00:49:00+00:00,57,254,29,39,23,30,28,37,254,0,62
2025-05-23 01:49:00+00:00,58,254,29,40,24,30,28,38,254,0,62
2025-05-23 02:49:00+00:00,58,254,29,39,24,30,28,38,254,0,62
2025-05-23 03:49:00+00:00,58,254,29,39,24,30,28,37,254,0,62
2025-05-23 04:49:00+00:00,58,254,29,39,24,29,28,37,254,0,62
2025-05-23 05:49:00+00:00,58,254,29,39,24,29,28,37,254,0,62
2025-05-23 06:49:00+00:00,57,254,29,38,24,29,28,36,254,0,62
2025-05-23 07:49:00+00:00,57,254,29,38,24,29,28,36,254,0,62
2025-05-23 08:49:00+00:00,56,254,29,38,24,29,28,36,254,0,103
2025-05-23 09:49:00+00:00,55,254,29,37,24,28,28,36,254,0,62
2025-05-23 10:49:00+00:00,55,254,29,37,24,28,28,36,254,0,62
2025-05-23 11:49:00+00:00,54,254,30,37,25,28,28,36,254,0,62
2025-05-23 12:49:00+00:00,54,254,30,37,25,28,29,36,254,0,62
2025-05-23 13:49:00+00:00,53,254,30,37,25,28,29,35,254,0,62
2025-05-23 14:49:00+00:00,53,254,30,37,25,28,29,36,254,0,62
2025-05-23 15:49:00+00:00,52,254,30,37,25,28,29,36,254,0,62
2025-05-23 16:49:00+00:00,52,254,30,37,25,28,29,36,254,0,62
2025-05-23 17:49:00+00:00,53,254,30,37,25,28,29,36,254,0,62
2025-05-23 18:49:00+00:00,53,254,30,37,25,28,29,36,254,0,62
2025-05-23 19:49:00+00:00,55,254,30,38,25,29,29,36,254,0,62
2025-05-23 20:49:00+00:00,56,254,29,39,26,29,29,37,254,0,62
2025-05-23 21:49:00+00:00,57,254,29,39,25,29,28,37,254,0,62
2025-05-23 22:49:00+00:00,59,254,29,40,26,30,29,38,254,0,62
2025-05-23 23:49:00+00:00,60,254,28,40,26,30,28,38,254,0,62
2025-05-24 00:49:00+00:00,61,254,29,40,27,30,28,38,254,0,62
2025-05-24 01:49:00+00:00,61,254,28,40,27,30,28,38,254,0,62
2025-05-24 02:49:00+00:00,62,254,28,40,27,30,28,38,254,0,62
2025-05-24 03:49:00+00:00,62,254,28,39,27,30,28,38,254,0,62
2025-05-24 04:49:00+00:00,61,254,28,39,27,30,28,38,254,0,62
2025-05-24 05:49:00+00:00,61,254,29,39,27,30,28,37,254,0,62
2025-05-24 06:49:00+00:00,61,254,29,39,27,29,29,37,254,0,62
2025-05-24 07:49:00+00:00,60,254,29,38,27,29,28,36,254,0,62
2025-05-24 08:49:00+00:00,60,254,29,38,27,29,29,36,254,0,103
2025-05-24 09:49:00+00:00,59,254,29,38,28,29,29,36,254,0,62
2025-05-24 10:49:00+00:00,58,254,29,37,27,28,29,36,254,0,62
2025-05-24 11:49:00+00:00,58,254,29,37,27,28,29,36,254,0,62
2025-05-24 12:49:00+00:00,57,254,29,37,27,28,29,35,254,0,62
2025-05-24 13:49:00+00:00,56,254,30,37,27,28,29,35,254,0,62
2025-05-24 14:49:00+00:00,56,254,30,37,28,28,29,35,254,0,62
2025-05-24 15:49:00+00:00,55,254,30,37,28,27,29,35,254,0,62
2025-05-24 16:49:00+00:00,55,254,30,37,28,27,29,35,254,0,62
2025-05-24 17:49:00+00:00,56,254,30,37,28,28,30,36,254,0,62
2025-05-24 18:49:00+00:00,56,254,30,37,28,28,29,36,254,0,62
2025-05-24 19:49:00+00:00,58,254,30,38,29,28,29,36,254,0,62
2025-05-24 20:49:00+00:00,59,254,30,39,29,29,30,37,254,0,62
2025-05-24 21:49:00+00:00,60,254,29,39,29,29,29,37,254,0,62
2025-05-24 22:49:00+00:00,62,254,29,39,30,29,29,37,254,0,62
2025-05-24 23:49:00+00:00,63,254,29,40,31,30,29,38,254,0,62
2025-05-25 00:49:00+00:00,63,254,29,40,31,30,29,38,254,0,62
2025-05-25 01:49:00+00:00,64,254,28,39,31,30,28,37,254,0,62
2025-05-25 02:49:00+00:00,64,254,28,39,31,30,28,37,254,0,62
2025-05-25 03:49:00+00:00,64,254,28,39,32,29,28,37,254,0,62
2025-05-25 04:49:00+00:00,64,254,28,39,32,30,28,37,254,0,62
2025-05-25 05:49:00+00:00,64,254,29,39,32,29,29,37,254,0,62
2025-05-25 06:49:00+00:00,63,254,29,38,32,29,29,36,254,0,62
2025-05-25 07:49:00+00:00,62,254,29,38,32,28,29,36,254,0,62
2025-05-25 08:49:00+00:00,61,254,29,38,32,28,29,36,254,0,103
2025-05-25 09:49:00+00:00,61,254,30,38,33,28,29,36,254,0,62
2025-05-25 10:49:00+00:00,60,254,30,37,32,28,29,35,254,0,62
2025-05-25 11:49:00+00:00,59,254,30,37,33,28,30,35,254,0,62
2025-05-25 12:49:00+00:00,58,254,30,37,32,27,29,35,254,0,62
2025-05-25 13:49:00+00:00,58,254,30,37,33,27,30,35,254,0,62
2025-05-25 14:49:00+00:00,57,254,30,36,32,27,30,34,254,0,62
2025-05-25 15:49:00+00:00,57,254,30,36,33,27,30,35,254,0,62
2025-05-25 16:49:00+00:00,57,254,30,36,33,27,30,35,254,0,62
2025-05-25 17:49:00+00:00,57,254,30,36,33,27,30,35,254,0,62
2025-05-25 18:49:00+00:00,58,254,30,37,34,28,30,35,254,0,62
2025-05-25 19:49:00+00:00,59,254,30,38,35,28,30,36,254,0,62
2025-05-25 20:49:00+00:00,60,254,30,38,35,29,30,36,254,0,62
2025-05-25 21:49:00+00:00,61,254,30,39,36,29,30,37,254,0,62
2025-05-25 22:49:00+00:00,63,254,30,39,38,29,30,37,254,0,62
2025-05-25 23:50:00+00:00,64,254,29,39,38,30,29,37,254,0,62
2025-05-26 00:50:00+00:00,65,254,29,40,39,30,29,37,254,0,62
2025-05-26 01:50:00+00:00,66,254,29,39,40,30,29,37,254,0,62
2025-05-26 02:50:00+00:00,66,254,29,39,40,29,29,37,254,0,62
2025-05-26 03:50:00+00:00,66,254,29,39,41,29,29,37,254,0,62
2025-05-26 04:50:00+00:00,66,254,29,39,41,29,29,37,254,0,62
2025-05-26 05:50:00+00:00,66,254,29,38,41,29,29,36,254,0,62
2025-05-26 06:50:00+00:00,65,254,29,38,41,29,29,36,254,0,62
2025-05-26 07:50:00+00:00,64,254,29,37,41,29,29,35,254,0,62
2025-05-26 08:50:00+00:00,64,254,29,37,42,28,29,36,254,0,103
2025-05-26 09:50:00+00:00,63,254,30,37,41,28,30,35,254,0,62
2025-05-26 10:50:00+00:00,62,254,30,37,41,28,30,35,254,0,62
2025-05-26 11:50:00+00:00,62,254,30,37,41,28,30,35,254,0,62
2025-05-26 12:50:00+00:00,61,254,30,37,42,28,30,35,254,0,62
2025-05-26 13:50:00+00:00,60,254,30,36,41,27,30,34,254,0,62
2025-05-26 14:50:00+00:00,60,254,30,36,41,27,30,35,254,0,62
2025-05-26 15:50:00+00:00,60,254,31,36,42,27,30,35,254,0,62
2025-05-26 16:50:00+00:00,60,254,31,37,43,28,31,35,254,0,62
2025-05-26 17:50:00+00:00,60,254,31,37,43,28,31,35,254,0,62
2025-05-26 18:50:00+00:00,61,254,31,37,44,28,31,35,254,0,62
2025-05-26 19:50:00+00:00,62,254,30,38,45,28,31,36,254,0,62
2025-05-26 20:50:00+00:00,63,254,30,38,46,29,31,36,254,0,62
2025-05-26 21:50:00+00:00,64,254,30,38,46,29,30,36,254,0,62
2025-05-26 22:50:00+00:00,65,254,30,39,48,29,30,36,254,0,62
2025-05-26 23:50:00+00:00,66,254,30,39,48,29,30,36,254,0,62
2025-05-27 00:50:00+00:00,67,254,30,39,50,29,31,37,254,0,62
2025-05-27 01:50:00+00:00,67,254,30,39,51,29,31,37,254,0,62
2025-05-27 02:50:00+00:00,67,254,30,39,51,30,31,37,254,0,62
2025-05-27 03:50:00+00:00,66,254,30,38,51,28,30,36,254,0,62
2025-05-27 04:50:00+00:00,66,254,30,38,52,29,30,36,254,0,62
2025-05-27 05:50:00+00:00,66,254,30,38,52,29,31,36,254,0,62
2025-05-27 06:50:00+00:00,65,254,31,38,52,28,31,36,254,0,62
2025-05-27 07:50:00+00:00,65,254,31,38,52,28,31,36,254,0,62
2025-05-27 08:50:00+00:00,64,254,31,37,52,28,31,35,254,0,103
2025-05-27 09:50:00+00:00,63,254,31,37,52,28,31,35,254,0,62
2025-05-27 10:50:00+00:00,63,254,32,37,52,28,31,35,254,0,62
2025-05-27 11:50:00+00:00,62,254,32,36,51,28,31,34,254,0,62
2025-05-27 12:50:00+00:00,61,254,32,36,52,27,31,35,254,0,62
2025-05-27 13:50:00+00:00,61,254,32,36,52,27,31,34,254,15,62
2025-05-27 14:50:00+00:00,61,254,32,36,51,27,32,34,254,11,62
2025-05-27 15:50:00+00:00,60,254,32,36,50,27,31,34,254,12,62
2025-05-27 16:50:00+00:00,60,254,32,36,50,27,31,34,254,11,62
2025-05-27 17:50:00+00:00,60,254,32,36,51,27,31,34,254,11,62
2025-05-27 18:50:00+00:00,60,254,32,36,50,27,31,34,254,10,62
2025-05-27 19:50:00+00:00,61,254,32,37,50,27,30,35,254,15,62
2025-05-27 20:50:00+00:00,61,254,32,37,46,28,28,35,254,18,62
2025-05-27 21:50:00+00:00,62,254,31,37,41,28,24,35,254,8,62
2025-05-27 22:50:00+00:00,63,254,31,38,34,28,21,36,254,0,62
2025-05-27 23:50:00+00:00,64,254,29,38,28,28,20,36,254,0,62
2025-05-28 00:50:00+00:00,64,254,28,38,25,28,20,36,254,0,62
2025-05-28 01:50:00+00:00,65,254,27,38,23,28,20,36,254,0,62
2025-05-28 02:50:00+00:00,65,254,26,38,21,28,20,36,254,0,62
2025-05-28 03:50:00+00:00,65,254,26,38,20,28,21,36,254,0,62
2025-05-28 04:50:00+00:00,64,254,25,37,19,27,20,35,254,0,62
2025-05-28 05:50:00+00:00,64,254,24,37,19,26,21,35,254,0,62
2025-05-28 06:50:00+00:00,64,254,24,37,19,26,21,35,254,0,62
2025-05-28 07:50:00+00:00,63,254,24,37,19,26,21,35,254,0,62
2025-05-28 08:50:00+00:00,62,254,24,36,18,25,21,34,254,0,103
2025-05-28 09:50:00+00:00,62,254,24,36,18,25,21,34,254,0,62
2025-05-28 10:50:00+00:00,61,254,24,36,19,25,22,34,254,0,62
2025-05-28 11:50:00+00:00,61,254,24,36,18,25,22,34,254,0,62
2025-05-28 12:50:00+00:00,60,254,24,36,18,24,22,34,254,0,62
2025-05-28 13:50:00+00:00,59,254,24,36,18,24,22,34,254,0,62
2025-05-28 14:50:00+00:00,59,254,24,36,19,24,22,34,254,0,62
2025-05-28 15:50:00+00:00,59,254,24,36,19,24,22,34,254,0,62
2025-05-28 16:50:00+00:00,59,254,24,36,19,24,22,34,254,0,62
2025-05-28 17:50:00+00:00,59,254,24,37,19,24,22,34,254,0,61
2025-05-28 18:50:00+00:00,60,254,24,37,19,23,22,34,254,0,61
2025-05-28 19:50:00+00:00,61,254,24,37,19,24,22,35,254,0,62
2025-05-28 20:50:00+00:00,62,254,24,37,20,24,22,35,254,0,61
2025-05-28 21:50:00+00:00,63,254,24,38,20,24,22,36,254,0,61
2025-05-28 22:50:00+00:00,63,254,23,38,20,24,22,35,254,0,61
2025-05-28 23:50:00+00:00,64,254,23,38,20,24,22,35,254,0,61
2025-05-29 00:50:00+00:00,65,254,23,38,21,25,22,36,254,0,61
2025-05-29 01:50:00+00:00,65,254,23,38,21,25,22,36,254,0,62
2025-05-29 02:50:00+00:00,66,254,23,38,21,24,22,35,254,0,62
2025-05-29 03:50:00+00:00,66,254,23,38,21,24,22,35,254,0,62
2025-05-29 04:50:00+00:00,65,254,23,38,21,24,22,35,254,0,61
2025-05-29 05:50:00+00:00,65,254,23,37,21,25,23,35,254,0,62
2025-05-29 06:50:00+00:00,65,254,24,37,21,24,23,35,254,0,62
2025-05-29 07:50:00+00:00,64,254,23,37,21,24,23,34,254,0,62
2025-05-29 08:50:00+00:00,63,254,24,37,21,24,23,34,254,0,103
2025-05-29 09:50:00+00:00,63,254,24,36,21,24,23,34,254,0,62
2025-05-29 10:50:00+00:00,62,254,24,36,21,23,23,34,254,0,62
2025-05-29 11:50:00+00:00,62,254,24,36,21,24,23,34,254,0,62
2025-05-29 12:50:00+00:00,61,254,24,36,21,23,24,34,254,0,62
2025-05-29 13:50:00+00:00,60,254,24,36,21,23,24,33,254,0,62
2025-05-29 14:50:00+00:00,60,254,24,36,21,23,24,33,254,0,62
2025-05-29 15:50:00+00:00,60,254,25,36,21,23,24,33,254,0,62
2025-05-29 16:50:00+00:00,60,254,25,36,21,23,24,34,254,0,61
2025-05-29 17:50:00+00:00,60,254,25,36,22,23,24,34,254,0,61
2025-05-29 18:50:00+00:00,61,254,25,37,22,24,24,34,254,0,61
2025-05-29 19:50:00+00:00,62,254,24,37,22,24,24,34,254,0,61
2025-05-29 20:50:00+00:00,63,254,25,37,23,24,24,35,254,0,61
2025-05-29 21:50:00+00:00,64,254,24,37,23,24,24,35,254,0,61
2025-05-29 22:50:00+00:00,66,254,24,38,24,25,24,35,254,0,61
2025-05-29 23:50:00+00:00,67,254,24,38,24,25,24,36,254,0,61
2025-05-30 00:50:00+00:00,68,254,25,39,25,25,24,36,254,0,61
2025-05-30 01:50:00+00:00,68,254,24,39,25,25,24,36,254,0,61
2025-05-30 02:50:00+00:00,69,254,24,39,25,25,24,36,254,0,61
2025-05-30 03:50:00+00:00,69,254,24,38,25,25,24,36,254,0,61
2025-05-30 04:50:00+00:00,69,254,24,38,26,25,24,36,254,0,61
2025-05-30 05:50:00+00:00,68,254,25,38,26,25,25,35,254,0,61
2025-05-30 06:50:00+00:00,68,254,25,38,26,25,25,35,254,0,61
2025-05-30 07:50:00+00:00,67,254,25,37,26,25,25,35,254,0,62
2025-05-30 08:50:00+00:00,66,254,25,36,25,24,24,34,254,0,103
2025-05-30 09:50:00+00:00,66,254,25,36,25,24,25,34,254,0,62
2025-05-30 10:50:00+00:00,65,254,25,37,26,24,25,34,254,0,62
2025-05-30 11:50:00+00:00,65,254,25,36,25,24,25,34,254,0,62
2025-05-30 12:50:00+00:00,64,254,25,36,25,24,25,33,254,0,62
2025-05-30 13:50:00+00:00,63,254,25,36,26,24,25,33,254,0,62
2025-05-30 14:50:00+00:00,63,254,26,36,26,24,26,34,254,0,61
2025-05-30 15:50:00+00:00,62,254,25,36,26,24,25,33,254,0,61
2025-05-30 16:50:00+00:00,62,254,26,36,26,24,26,33,254,0,61
2025-05-30 17:50:00+00:00,62,254,26,36,26,24,26,33,254,0,61
2025-05-30 18:50:00+00:00,63,254,26,36,27,24,26,34,254,0,61
2025-05-30 19:50:00+00:00,63,254,26,37,27,24,26,34,254,0,61
2025-05-30 20:50:00+00:00,64,254,26,37,27,24,26,34,254,0,61
2025-05-30 21:50:00+00:00,65,254,26,37,29,25,26,35,254,0,61
2025-05-30 22:50:00+00:00,66,254,26,37,29,25,26,35,254,0,61
2025-05-30 23:50:00+00:00,67,254,26,38,30,25,26,35,254,0,61
2025-05-31 00:50:00+00:00,67,254,26,38,31,25,26,35,254,0,61
2025-05-31 01:50:00+00:00,68,254,26,38,32,25,26,36,254,0,61
2025-05-31 02:50:00+00:00,68,254,26,38,32,25,26,35,254,0,61
2025-05-31 03:50:00+00:00,68,254,26,38,33,25,26,35,254,0,61
2025-05-31 04:50:00+00:00,68,254,26,38,33,25,27,35,254,0,61
2025-05-31 05:50:00+00:00,68,254,27,38,33,25,27,35,254,0,61
2025-05-31 06:50:00+00:00,67,254,26,37,33,25,26,34,254,0,61
2025-05-31 07:50:00+00:00,67,254,27,37,33,25,27,34,254,0,62
2025-05-31 08:50:00+00:00,66,254,26,36,33,24,27,34,254,0,103
2025-05-31 09:50:00+00:00,65,254,27,36,33,24,27,34,254,0,62
2025-05-31 10:50:00+00:00,64,254,27,36,33,24,27,33,254,0,61
2025-05-31 11:50:00+00:00,64,254,27,36,33,24,27,33,254,0,62
2025-05-31 12:50:00+00:00,63,254,27,36,33,24,27,33,254,0,61
2025-05-31 13:50:00+00:00,62,254,27,35,33,24,27,33,254,0,61
2025-05-31 14:50:00+00:00,62,254,27,35,33,24,27,33,254,0,61
2025-05-31 15:50:00+00:00,62,254,28,36,34,24,28,33,254,0,61
2025-05-31 16:50:00+00:00,62,254,28,36,34,24,28,33,254,0,61
2025-05-31 17:52:00+00:00,62,254,28,36,34,24,28,33,254,0,61
2025-05-31 18:52:00+00:00,63,254,28,36,36,25,28,34,254,0,61
2025-05-31 19:52:00+00:00,64,254,28,37,36,25,28,34,254,0,61
2025-05-31 20:52:00+00:00,65,254,28,37,38,25,28,35,254,0,61
2025-05-31 21:52:00+00:00,66,254,28,37,38,25,28,34,254,0,61
2025-05-31 22:52:00+00:00,68,254,28,38,41,26,29,36,254,0,61
2025-05-31 23:52:00+00:00,69,254,28,38,42,26,28,36,254,0,61
2025-06-01 00:52:00+00:00,70,254,28,39,44,27,28,36,254,0,61
2025-06-01 01:52:00+00:00,71,254,28,38,44,26,28,35,254,2,61
2025-06-01 02:52:00+00:00,71,254,28,38,45,26,28,35,254,23,61
2025-06-01 03:52:00+00:00,72,254,28,38,47,27,29,36,254,23,61
2025-06-01 04:52:00+00:00,71,254,28,38,47,26,28,35,254,28,61
2025-06-01 05:52:00+00:00,70,254,28,37,48,26,29,35,254,28,61
2025-06-01 06:52:00+00:00,69,254,28,37,47,25,28,34,254,31,61
2025-06-01 07:52:00+00:00,68,254,25,36,49,25,29,34,254,32,61
2025-06-01 08:52:00+00:00,67,254,20,36,47,25,27,33,254,20,103
2025-06-01 09:52:00+00:00,66,254,16,35,44,25,21,33,254,14,61
2025-06-01 10:52:00+00:00,65,254,14,35,39,24,17,33,254,16,61
2025-06-01 11:52:00+00:00,64,254,12,34,32,24,15,32,254,18,61
2025-06-01 12:52:00+00:00,64,254,12,33,26,24,13,32,254,17,61
2025-06-01 13:52:00+00:00,63,254,11,33,20,24,12,32,254,15,61
2025-06-01 14:52:00+00:00,62,254,11,32,16,23,12,31,254,0,61
2025-06-01 15:52:00+00:00,62,254,12,31,15,22,13,31,254,0,61
2025-06-01 16:52:00+00:00,61,254,13,30,14,21,14,30,254,0,61
2025-06-01 17:52:00+00:00,61,254,14,30,14,21,16,29,254,0,61
2025-06-01 18:52:00+00:00,61,254,15,30,15,20,17,29,254,0,61
2025-06-01 19:52:00+00:00,62,254,16,29,15,20,17,29,254,0,61
2025-06-01 20:52:00+00:00,62,254,16,29,16,19,18,29,254,0,61
2025-06-01 21:52:00+00:00,62,254,17,29,16,19,18,29,254,0,61
2025-06-01 22:52:00+00:00,63,254,17,29,16,20,19,29,254,0,61
2025-06-01 23:52:00+00:00,63,254,18,29,16,20,19,29,254,0,61
2025-06-02 00:52:00+00:00,63,254,18,29,17,20,19,29,254,0,61
2025-06-02 01:52:00+00:00,64,254,18,29,17,20,20,29,254,0,61
2025-06-02 02:52:00+00:00,64,254,18,29,17,20,20,29,254,0,61
2025-06-02 03:52:00+00:00,64,254,19,29,17,20,20,29,254,0,61
2025-06-02 04:52:00+00:00,63,254,19,29,18,20,20,29,254,0,61
2025-06-02 05:52:00+00:00,63,254,19,29,17,20,21,29,254,0,61
2025-06-02 06:52:00+00:00,62,254,19,29,18,20,21,29,254,0,61
2025-06-02 07:52:00+00:00,62,254,20,29,18,20,21,29,254,0,61
2025-06-02 08:52:00+00:00,61,254,20,29,18,20,21,29,254,0,103
2025-06-02 09:52:00+00:00,61,254,20,29,18,20,22,29,254,0,61
2025-06-02 10:52:00+00:00,60,254,20,29,18,19,22,28,254,0,61
2025-06-02 11:52:00+00:00,59,254,20,29,19,20,22,29,254,0,61
2025-06-02 12:52:00+00:00,59,254,21,29,19,20,22,29,254,0,61
2025-06-02 13:52:00+00:00,58,254,21,29,19,20,22,28,254,0,61
2025-06-02 14:52:00+00:00,58,254,21,29,19,20,22,28,254,0,61
2025-06-02 15:52:00+00:00,57,254,21,29,19,20,22,28,254,0,61
2025-06-02 16:52:00+00:00,57,254,21,29,19,20,22,28,254,0,61
2025-06-02 17:52:00+00:00,57,254,21,29,20,20,23,28,254,0,61
2025-06-02 18:52:00+00:00,57,254,21,29,20,20,23,29,254,0,61
2025-06-02 19:52:00+00:00,58,254,22,30,21,20,23,29,254,0,61
2025-06-02 20:52:00+00:00,58,254,22,30,21,20,23,29,254,0,61
2025-06-02 21:52:00+00:00,59,254,22,31,21,21,23,30,254,0,61
2025-06-02 22:52:00+00:00,60,254,22,31,22,20,23,30,254,0,61
2025-06-02 23:52:00+00:00,61,254,22,31,22,21,24,30,254,0,61
2025-06-03 00:52:00+00:00,61,254,22,31,23,21,24,30,254,0,61
2025-06-03 01:52:00+00:00,61,254,22,31,23,21,24,30,254,0,61
2025-06-03 02:52:00+00:00,62,254,22,31,23,21,24,30,254,0,61
2025-06-03 03:52:00+00:00,62,254,22,31,23,21,24,30,254,0,61
2025-06-03 04:52:00+00:00,61,254,22,31,23,21,24,30,254,0,61
2025-06-03 05:52:00+00:00,61,254,23,31,23,21,24,30,254,0,61
2025-06-03 06:52:00+00:00,61,254,23,31,23,21,24,30,254,0,61
2025-06-03 07:52:00+00:00,60,254,23,31,23,21,24,30,254,0,61
2025-06-03 08:52:00+00:00,60,254,23,31,23,21,24,30,254,0,103
2025-06-03 09:52:00+00:00,59,254,23,31,24,21,24,30,254,0,61
2025-06-03 10:52:00+00:00,59,254,23,31,24,21,25,30,254,0,61
2025-06-03 11:52:00+00:00,58,254,23,31,23,21,24,30,254,0,61
2025-06-03 12:52:00+00:00,58,254,23,31,23,21,25,30,254,0,61
2025-06-03 13:52:00+00:00,57,254,23,30,23,21,25,29,254,0,61
2025-06-03 14:52:00+00:00,57,254,24,31,23,20,25,29,254,0,61
2025-06-03 15:52:00+00:00,56,254,24,31,24,20,25,29,254,0,61
2025-06-03 16:52:00+00:00,56,254,24,31,24,21,25,30,254,0,61
2025-06-03 17:52:00+00:00,56,254,24,31,24,21,25,30,254,0,61
2025-06-03 18:52:00+00:00,57,254,24,31,24,21,25,30,254,0,61
2025-06-03 19:52:00+00:00,57,254,24,31,24,21,25,30,254,0,61
2025-06-03 20:52:00+00:00,58,254,24,32,25,21,25,30,254,0,61
2025-06-03 21:52:00+00:00,59,254,25,32,26,22,26,31,254,0,61
2025-06-03 22:52:00+00:00,60,254,24,32,26,22,26,31,254,0,61
2025-06-03 23:52:00+00:00,61,254,25,33,27,22,26,31,254,0,61
2025-06-04 00:52:00+00:00,61,254,25,33,27,22,26,31,254,0,61
2025-06-04 01:52:00+00:00,62,254,25,33,27,22,26,31,254,0,61
2025-06-04 02:52:00+00:00,62,254,24,33,27,22,25,31,254,0,61
2025-06-04 03:52:00+00:00,62,254,25,33,28,22,26,31,254,0,61
2025-06-04 04:52:00+00:00,62,254,25,33,27,22,26,31,254,0,61
2025-06-04 05:52:00+00:00,62,254,25,33,28,22,26,31,254,0,61
2025-06-04 06:52:00+00:00,61,254,25,32,28,22,26,31,254,0,61
2025-06-04 07:52:00+00:00,60,254,25,32,27,22,26,30,254,0,61
2025-06-04 08:52:00+00:00,60,254,25,32,28,22,26,30,254,0,103
2025-06-04 09:52:00+00:00,59,254,25,32,28,22,26,30,254,0,61
2025-06-04 10:52:00+00:00,59,254,26,32,28,22,27,30,254,0,61
2025-06-04 11:52:00+00:00,58,254,25,32,28,21,26,30,254,0,61
2025-06-04 12:52:00+00:00,58,254,26,32,28,22,27,30,254,0,61
2025-06-04 13:52:00+00:00,57,254,26,31,28,21,27,30,254,0,61
2025-06-04 14:52:00+00:00,56,254,26,31,28,21,27,30,254,0,61
2025-06-04 15:52:00+00:00,56,254,26,32,28,21,27,30,254,0,61
2025-06-04 16:52:00+00:00,56,254,26,32,28,22,27,30,254,0,61
2025-06-04 17:52:00+00:00,56,254,26,32,29,22,27,30,254,0,61
2025-06-04 18:52:00+00:00,57,254,26,32,29,22,27,30,254,0,61
2025-06-04 19:52:00+00:00,58,254,27,33,30,22,28,31,254,0,61
2025-06-04 20:52:00+00:00,59,254,27,33,30,22,28,31,254,0,61
2025-06-04 21:52:00+00:00,60,254,27,33,31,22,28,31,254,0,61
2025-06-04 22:52:00+00:00,61,254,27,34,31,23,28,32,254,0,61
2025-06-04 23:52:00+00:00,62,254,27,34,32,23,28,32,254,0,61
2025-06-05 00:52:00+00:00,63,254,27,34,33,23,28,32,254,0,61
2025-06-05 01:52:00+00:00,64,254,27,34,33,23,28,32,254,0,61
2025-06-05 02:52:00+00:00,64,254,27,34,33,23,28,32,254,0,61
2025-06-05 03:52:00+00:00,64,254,27,34,33,23,28,32,254,0,61
2025-06-05 04:52:00+00:00,64,254,27,34,34,23,28,32,254,0,61
2025-06-05 05:52:00+00:00,63,254,27,33,34,23,28,32,254,0,61
2025-06-05 06:52:00+00:00,63,254,27,33,34,23,28,32,254,0,61
2025-06-05 07:52:00+00:00,62,254,27,33,34,23,28,31,254,0,61
2025-06-05 08:52:00+00:00,62,254,27,33,34,23,29,31,254,0,103
2025-06-05 09:52:00+00:00,61,254,28,33,34,23,29,31,254,0,61
2025-06-05 10:52:00+00:00,60,254,28,32,34,22,29,31,254,0,61
2025-06-05 11:52:00+00:00,60,254,28,32,34,22,29,31,254,0,61
2025-06-05 12:52:00+00:00,59,254,28,32,34,22,29,31,254,0,61
2025-06-05 13:52:00+00:00,58,254,28,32,34,22,29,30,254,0,61
2025-06-05 14:52:00+00:00,58,254,28,32,34,22,29,30,254,0,61
2025-06-05 15:52:00+00:00,58,254,28,32,34,22,30,30,254,0,61
2025-06-05 16:52:00+00:00,58,254,29,32,35,22,30,31,254,0,61
2025-06-05 17:52:00+00:00,58,254,29,33,35,22,30,31,254,0,61
2025-06-05 18:52:00+00:00,58,254,29,33,36,22,30,31,254,0,61
2025-06-05 19:52:00+00:00,59,254,29,33,37,23,31,31,254,0,61
2025-06-05 20:52:00+00:00,60,254,29,33,37,23,31,31,254,0,61
2025-06-05 21:52:00+00:00,61,254,30,34,39,23,31,32,254,0,61
2025-06-05 22:52:00+00:00,63,254,30,34,40,24,32,32,254,0,61
2025-06-05 23:52:00+00:00,64,254,30,34,41,24,32,32,254,0,61
2025-06-06 00:52:00+00:00,64,254,30,34,41,24,32,32,254,0,61
2025-06-06 01:52:00+00:00,65,254,30,35,43,24,32,33,254,0,61
2025-06-06 02:52:00+00:00,66,254,30,35,44,24,32,32,254,0,61
2025-06-06 03:52:00+00:00,66,254,30,34,44,24,32,32,254,0,61
2025-06-06 04:52:00+00:00,66,254,30,34,45,24,32,32,254,0,61
2025-06-06 05:52:00+00:00,65,254,30,34,45,24,32,32,254,0,61
2025-06-06 06:52:00+00:00,65,254,31,34,45,24,33,32,254,0,61
2025-06-06 07:52:00+00:00,64,254,30,33,45,23,32,31,254,0,61
2025-06-06 08:52:00+00:00,63,254,31,33,45,23,33,31,254,0,103
2025-06-06 09:52:00+00:00,63,254,31,33,45,24,33,31,254,0,61
2025-06-06 10:52:00+00:00,62,254,31,33,45,23,33,31,254,0,61
2025-06-06 11:52:00+00:00,61,254,31,33,45,23,33,31,254,0,61
2025-06-06 12:52:00+00:00,61,254,31,33,45,23,33,31,254,0,61
2025-06-06 13:52:00+00:00,60,254,31,33,45,23,33,31,254,0,61
2025-06-06 14:52:00+00:00,60,254,32,33,45,23,33,31,254,0,61
2025-06-06 15:52:00+00:00,59,254,32,33,46,23,34,31,254,0,61
2025-06-06 16:52:00+00:00,59,254,32,33,46,23,34,31,254,0,61
2025-06-06 17:54:00+00:00,59,254,33,33,47,23,35,31,254,0,61
2025-06-06 18:54:00+00:00,60,254,33,33,48,23,35,31,254,0,61
2025-06-06 19:54:00+00:00,61,254,33,34,50,24,36,32,254,0,61
2025-06-06 20:54:00+00:00,62,254,34,34,51,24,37,32,254,0,61
2025-06-06 21:54:00+00:00,63,254,34,34,52,24,38,32,254,0,61
2025-06-06 22:54:00+00:00,64,254,34,34,53,24,38,32,254,0,61
2025-06-06 23:54:00+00:00,65,254,35,35,55,25,39,33,254,0,61
2025-06-07 00:54:00+00:00,66,254,34,34,55,25,39,32,254,10,61
2025-06-07 01:54:00+00:00,67,254,35,35,57,25,40,33,254,27,61
2025-06-07 02:54:00+00:00,67,254,35,35,57,25,40,32,254,21,61
2025-06-07 03:54:00+00:00,67,254,35,35,58,25,40,32,254,20,61
2025-06-07 04:54:00+00:00,66,254,35,34,58,24,39,32,254,25,61
2025-06-07 05:54:00+00:00,66,254,35,34,58,24,39,32,254,26,61
2025-06-07 06:54:00+00:00,65,254,35,34,57,24,39,31,254,26,61
2025-06-07 07:54:00+00:00,64,254,34,33,54,24,39,31,254,28,61
2025-06-07 08:54:00+00:00,63,254,33,33,50,24,36,31,254,28,103
2025-06-07 09:54:00+00:00,63,254,26,33,44,24,22,31,254,35,61
2025-06-07 10:54:00+00:00,62,254,17,33,32,23,14,31,254,33,61
2025-06-07 11:54:00+00:00,61,254,13,33,23,23,12,30,254,27,61
2025-06-07 12:54:00+00:00,60,254,10,32,16,23,10,29,254,8,61
2025-06-07 13:54:00+00:00,60,254,11,31,14,23,11,28,254,0,61
2025-06-07 14:54:00+00:00,59,254,11,30,13,22,12,27,254,0,61
2025-06-07 15:54:00+00:00,59,254,12,29,14,20,13,26,254,0,61
2025-06-07 16:54:00+00:00,59,254,14,29,14,20,15,26,254,0,61
2025-06-07 17:54:00+00:00,59,254,15,28,14,19,16,26,254,0,61
2025-06-07 18:54:00+00:00,60,254,15,28,15,19,16,26,254,0,61
2025-06-07 19:54:00+00:00,60,254,16,28,15,19,17,26,254,0,61
2025-06-07 20:54:00+00:00,61,254,17,28,16,20,18,26,254,0,61
2025-06-07 21:54:00+00:00,61,254,17,28,16,20,18,26,254,0,61
2025-06-07 22:54:00+00:00,62,254,18,28,17,20,19,26,254,0,61
2025-06-07 23:54:00+00:00,63,254,18,29,17,20,19,27,254,0,61
2025-06-08 00:54:00+00:00,63,254,19,29,18,20,19,27,254,0,61
2025-06-08 01:54:00+00:00,64,254,19,29,18,20,19,27,254,0,61
2025-06-08 02:54:00+00:00,64,254,19,29,18,20,20,27,254,0,61
2025-06-08 03:54:00+00:00,64,254,19,29,18,20,20,27,254,0,61
2025-06-08 04:54:00+00:00,64,254,19,29,18,20,20,27,254,0,61
2025-06-08 05:54:00+00:00,64,254,19,29,18,20,20,27,254,0,61
2025-06-08 06:54:00+00:00,64,254,20,29,19,20,20,27,254,0,61
2025-06-08 07:54:00+00:00,63,254,20,29,19,20,20,27,254,0,61
2025-06-08 08:54:00+00:00,63,254,20,29,19,20,21,27,254,0,103
2025-06-08 09:54:00+00:00,62,254,20,29,18,20,21,26,254,0,61
2025-06-08 10:54:00+00:00,62,254,20,29,19,20,21,26,254,0,61
2025-06-08 11:54:00+00:00,62,254,21,29,19,20,21,27,254,0,61
2025-06-08 12:54:00+00:00,61,254,21,29,19,20,21,27,254,0,61
2025-06-08 13:54:00+00:00,61,254,21,29,19,20,21,27,254,0,61
2025-06-08 14:54:00+00:00,60,254,21,29,19,20,21,26,254,0,61
2025-06-08 15:54:00+00:00,60,254,21,29,20,20,22,27,254,0,61
2025-06-08 16:54:00+00:00,60,254,22,29,20,20,22,27,254,0,61
2025-06-08 17:54:00+00:00,61,254,22,29,20,20,22,27,254,0,61
2025-06-08 18:54:00+00:00,61,254,22,30,21,20,23,27,254,0,61
2025-06-08 19:54:00+00:00,62,254,22,30,21,21,23,27,254,0,61
2025-06-08 20:54:00+00:00,63,254,23,30,21,21,23,28,254,0,61
2025-06-08 21:54:00+00:00,63,254,23,30,22,21,23,28,254,0,61
2025-06-08 22:54:00+00:00,64,254,23,30,22,21,23,28,254,0,61
2025-06-08 23:54:00+00:00,65,254,23,31,23,22,23,28,254,0,61
2025-06-09 00:54:00+00:00,66,254,23,31,23,22,23,28,254,0,61
2025-06-09 01:54:00+00:00,67,254,23,31,24,22,24,29,254,0,61
2025-06-09 02:54:00+00:00,67,254,23,31,24,22,24,28,254,0,61
2025-06-09 03:54:00+00:00,67,254,23,31,24,22,24,28,254,0,61
2025-06-09 04:54:00+00:00,67,254,23,31,24,22,24,28,254,0,61
2025-06-09 05:54:00+00:00,67,254,23,31,24,22,24,28,254,0,61
2025-06-09 06:54:00+00:00,67,254,24,31,24,22,24,28,254,0,61
2025-06-09 07:54:00+00:00,66,254,23,30,23,22,24,28,254,0,61
2025-06-09 08:54:00+00:00,66,254,24,30,24,21,24,28,254,0,103
2025-06-09 09:54:00+00:00,65,254,24,30,24,22,24,28,254,0,61
2025-06-09 10:54:00+00:00,65,254,24,30,24,21,24,28,254,0,61
2025-06-09 11:54:00+00:00,64,254,24,30,24,21,24,27,254,0,61
2025-06-09 12:54:00+00:00,64,254,24,30,24,21,24,27,254,0,61
2025-06-09 13:54:00+00:00,63,254,24,30,24,21,24,27,254,0,61
2025-06-09 14:54:00+00:00,63,254,25,30,24,21,25,28,254,0,61
2025-06-09 15:54:00+00:00,62,254,25,30,24,21,25,27,254,0,61
2025-06-09 16:54:00+00:00,62,254,25,30,24,21,25,27,254,0,61
2025-06-09 17:54:00+00:00,63,254,25,30,25,21,26,28,254,0,61
2025-06-09 18:54:00+00:00,63,254,26,30,25,21,26,28,254,0,61
2025-06-09 19:54:00+00:00,64,254,26,31,26,21,26,28,254,0,61
2025-06-09 20:54:00+00:00,64,254,26,31,26,21,26,28,254,0,61
2025-06-09 21:54:00+00:00,65,254,27,31,27,22,27,29,254,0,61
2025-06-09 22:54:00+00:00,66,254,27,31,27,22,27,29,254,0,61
2025-06-09 23:54:00+00:00,67,254,27,32,28,22,28,29,254,0,61
2025-06-10 00:54:00+00:00,68,254,28,32,29,23,28,29,254,0,61
2025-06-10 01:54:00+00:00,68,254,28,32,30,23,29,29,254,0,61
2025-06-10 02:54:00+00:00,69,254,28,32,30,23,28,29,254,0,61
2025-06-10 03:54:00+00:00,69,254,28,32,30,23,28,29,254,0,61
2025-06-10 04:54:00+00:00,69,254,28,32,30,23,28,29,254,0,61
2025-06-10 05:54:00+00:00,69,254,28,32,30,23,28,29,254,0,61
2025-06-10 06:54:00+00:00,68,254,28,32,31,23,29,29,254,0,61
2025-06-10 07:54:00+00:00,68,254,28,32,31,22,29,29,254,0,61
2025-06-10 08:54:00+00:00,67,254,28,31,31,22,28,28,254,0,103
2025-06-10 09:54:00+00:00,66,254,28,31,30,22,28,28,254,0,61
2025-06-10 10:54:00+00:00,66,254,28,31,30,22,28,28,254,0,61
2025-06-10 11:54:00+00:00,65,254,28,31,30,22,29,28,254,0,61
2025-06-10 12:54:00+00:00,64,254,28,30,30,22,28,27,254,0,61
2025-06-10 13:54:00+00:00,64,254,29,30,30,22,29,28,254,0,61
2025-06-10 14:54:00+00:00,63,254,29,30,30,22,29,28,254,0,61
2025-06-10 15:54:00+00:00,63,254,29,31,31,22,30,28,254,0,61
2025-06-10 16:54:00+00:00,63,254,29,31,31,22,30,28,254,0,61
2025-06-10 17:54:00+00:00,63,254,30,31,32,22,30,28,254,0,61
2025-06-10 18:54:00+00:00,64,254,30,31,32,22,31,28,254,0,61
2025-06-10 19:55:00+00:00,64,254,30,31,32,22,31,28,254,0,61
2025-06-10 20:55:00+00:00,64,254,31,31,33,22,32,28,254,0,61
2025-06-10 21:55:00+00:00,65,254,31,32,34,23,33,29,254,0,61
2025-06-10 22:55:00+00:00,66,254,31,32,35,22,33,29,254,0,61
2025-06-10 23:55:00+00:00,67,254,32,32,36,23,35,29,254,0,61
2025-06-11 00:55:00+00:00,67,254,32,32,37,23,35,29,254,0,61
2025-06-11 01:55:00+00:00,68,254,33,33,38,24,36,30,254,0,61
2025-06-11 02:55:00+00:00,69,254,32,33,38,24,36,30,254,0,61
2025-06-11 03:55:00+00:00,69,254,32,32,38,23,35,29,254,0,61
2025-06-11 04:55:00+00:00,69,254,32,32,39,24,35,29,254,0,61
2025-06-11 05:55:00+00:00,69,254,33,32,39,23,35,29,254,0,61
2025-06-11 06:55:00+00:00,68,254,33,32,39,23,35,29,254,0,61
2025-06-11 07:55:00+00:00,68,254,33,32,39,23,35,29,254,0,61
2025-06-11 08:55:00+00:00,67,254,33,32,39,23,34,29,254,0,103
2025-06-11 09:55:00+00:00,67,254,33,32,39,23,34,29,254,0,61
2025-06-11 10:55:00+00:00,66,254,32,31,38,22,34,28,254,0,61
2025-06-11 11:55:00+00:00,66,254,33,31,38,23,34,28,254,0,61
2025-06-11 12:55:00+00:00,65,254,33,31,38,23,34,28,254,0,61
2025-06-11 13:55:00+00:00,65,254,33,31,38,23,34,28,254,0,61
2025-06-11 14:55:00+00:00,65,254,33,31,38,23,35,28,254,0,61
2025-06-11 15:55:00+00:00,64,254,33,31,38,23,35,28,254,0,61
2025-06-11 16:55:00+00:00,64,254,34,31,38,23,36,28,254,0,61
2025-06-11 17:55:00+00:00,65,254,34,31,39,23,37,28,254,6,61
2025-06-11 18:55:00+00:00,65,254,34,32,40,23,37,29,254,1,61
2025-06-11 19:55:00+00:00,65,254,34,32,40,23,37,29,254,1,61
2025-06-11 20:55:00+00:00,65,254,35,32,41,23,38,29,254,1,61
2025-06-11 21:55:00+00:00,66,254,35,32,41,23,38,29,254,0,61
2025-06-11 22:55:00+00:00,66,254,35,32,42,23,39,29,254,0,61
2025-06-11 23:55:00+00:00,67,254,36,33,43,24,41,29,254,0,61
2025-06-12 00:55:00+00:00,67,254,36,33,44,24,41,29,254,0,61
2025-06-12 01:55:00+00:00,68,254,37,33,45,24,42,30,254,0,61
2025-06-12 02:55:00+00:00,69,254,37,33,45,24,42,30,254,0,61
2025-06-12 03:55:00+00:00,69,254,37,33,46,24,42,30,254,0,61
2025-06-12 04:55:00+00:00,69,254,37,33,46,24,42,30,254,0,61
2025-06-12 05:55:00+00:00,68,254,37,33,46,24,42,30,254,0,61
2025-06-12 06:55:00+00:00,68,254,37,33,46,24,41,29,254,0,61
2025-06-12 07:55:00+00:00,67,254,37,32,46,23,41,29,254,0,61
2025-06-12 08:55:00+00:00,67,254,37,32,46,24,41,29,254,0,103
2025-06-12 09:55:00+00:00,66,254,37,31,45,23,40,28,254,0,61
2025-06-12 10:55:00+00:00,66,254,37,32,45,23,40,28,254,0,61
2025-06-12 11:55:00+00:00,65,254,37,32,46,23,40,29,254,0,61
2025-06-12 12:55:00+00:00,65,254,38,32,45,23,40,29,254,0,61
2025-06-12 13:55:00+00:00,64,254,38,31,45,23,40,28,254,0,61
2025-06-12 14:55:00+00:00,64,254,38,31,45,23,40,28,254,0,61
2025-06-12 15:55:00+00:00,63,254,38,32,46,23,41,28,254,0,61
2025-06-12 16:55:00+00:00,63,254,39,32,46,23,42,29,254,0,61
2025-06-12 17:55:00+00:00,63,254,39,32,47,23,44,29,254,0,61
2025-06-12 18:55:00+00:00,64,254,40,32,47,23,45,29,254,0,61
2025-06-12 19:55:00+00:00,64,254,40,32,48,23,46,29,254,0,61
2025-06-12 20:55:00+00:00,65,254,41,33,50,24,48,29,254,0,61
2025-06-12 21:55:00+00:00,66,254,41,33,51,24,49,29,254,0,61
2025-06-12 22:55:00+00:00,67,254,42,33,53,24,50,30,254,0,61
2025-06-12 23:55:00+00:00,68,254,43,34,55,25,52,31,254,0,61
2025-06-13 00:55:00+00:00,68,254,44,34,57,25,52,30,254,0,61
2025-06-13 01:55:00+00:00,69,254,44,34,58,25,53,30,254,0,61
2025-06-13 02:55:00+00:00,69,254,44,34,58,25,53,30,254,0,61
2025-06-13 03:55:00+00:00,69,254,45,34,59,25,53,30,254,0,61
2025-06-13 04:55:00+00:00,69,254,45,33,59,25,54,30,254,0,61
2025-06-13 05:55:00+00:00,68,254,45,33,60,24,54,30,254,0,61
2025-06-13 06:55:00+00:00,68,254,45,33,60,24,54,30,254,0,61
2025-06-13 07:55:00+00:00,67,254,45,33,59,24,53,29,254,0,61
2025-06-13 08:55:00+00:00,67,254,45,33,59,24,53,29,254,0,103
2025-06-13 09:55:00+00:00,66,254,45,32,59,24,52,29,254,0,61
2025-06-13 10:55:00+00:00,66,254,45,32,59,24,52,29,254,0,61
2025-06-13 11:55:00+00:00,65,254,45,32,58,24,52,29,254,0,61
2025-06-13 12:55:00+00:00,65,254,46,32,58,24,52,29,254,0,61
2025-06-13 13:55:00+00:00,64,254,45,32,57,23,51,29,254,0,61
2025-06-13 14:55:00+00:00,64,254,46,32,58,23,51,29,254,0,61
2025-06-13 15:55:00+00:00,63,254,47,32,58,23,52,29,254,0,61
2025-06-13 16:55:00+00:00,63,254,47,32,59,24,53,29,254,0,61
2025-06-13 17:55:00+00:00,63,254,48,32,60,24,55,29,254,0,61
2025-06-13 18:55:00+00:00,64,254,48,32,61,24,56,29,254,0,61
2025-06-13 19:55:00+00:00,64,254,49,33,62,24,56,29,254,0,61
2025-06-13 20:55:00+00:00,65,254,50,33,63,24,57,30,254,0,61
2025-06-13 21:55:00+00:00,66,254,50,33,64,24,57,30,254,0,61
2025-06-13 22:55:00+00:00,67,254,51,34,65,25,58,30,254,0,61
2025-06-13 23:55:00+00:00,68,254,52,35,67,26,59,31,254,0,61
2025-06-14 00:55:00+00:00,69,254,52,34,65,25,58,31,254,14,61
2025-06-14 01:55:00+00:00,70,254,53,35,67,26,59,31,254,25,61
2025-06-14 02:55:00+00:00,70,254,54,35,68,26,59,31,254,28,61
2025-06-14 03:55:00+00:00,70,254,54,35,68,26,59,31,254,34,61
2025-06-14 04:55:00+00:00,70,254,55,34,67,26,59,31,254,30,61
2025-06-14 05:55:00+00:00,70,254,55,34,64,26,60,31,254,36,61
2025-06-14 06:55:00+00:00,69,254,52,34,60,25,59,30,254,32,61
2025-06-14 07:55:00+00:00,68,254,46,34,53,25,60,30,254,29,61
2025-06-14 08:55:00+00:00,67,254,34,33,41,25,59,30,254,25,103
2025-06-14 09:55:00+00:00,66,254,21,32,29,25,55,29,254,26,61
2025-06-14 10:55:00+00:00,66,254,16,32,21,24,37,29,254,27,61
2025-06-14 11:55:00+00:00,65,254,13,32,14,25,14,28,254,21,61
2025-06-14 12:55:00+00:00,64,254,12,31,11,24,12,27,254,2,61
2025-06-14 13:55:00+00:00,63,254,12,30,11,22,12,26,254,0,61
2025-06-14 14:55:00+00:00,63,254,13,29,12,21,13,26,254,0,61
2025-06-14 15:55:00+00:00,62,254,14,28,12,20,14,25,254,0,61
2025-06-14 16:55:00+00:00,62,254,15,28,12,19,15,25,254,0,61
2025-06-14 17:57:00+00:00,62,254,16,27,13,19,17,25,254,0,61
2025-06-14 18:57:00+00:00,62,254,16,27,14,19,17,25,254,0,61
2025-06-14 19:57:00+00:00,63,254,17,28,15,19,18,25,254,0,61
2025-06-14 20:57:00+00:00,64,254,18,28,15,20,19,25,254,0,61
2025-06-14 21:57:00+00:00,64,254,18,28,16,19,19,25,254,0,61
2025-06-14 22:57:00+00:00,65,254,19,28,16,20,20,26,254,0,61
2025-06-14 23:57:00+00:00,65,254,19,28,17,20,20,26,254,0,61
2025-06-15 00:57:00+00:00,65,254,19,28,17,20,20,26,254,0,61
2025-06-15 01:57:00+00:00,66,254,20,28,17,20,20,26,254,0,61
2025-06-15 02:57:00+00:00,66,254,20,28,17,20,20,26,254,0,61
2025-06-15 03:57:00+00:00,67,254,20,29,18,20,21,26,254,0,61
2025-06-15 04:57:00+00:00,67,254,20,29,18,21,21,26,254,0,61
2025-06-15 05:57:00+00:00,67,254,21,29,18,21,21,26,254,0,61
2025-06-15 06:57:00+00:00,66,254,20,28,18,20,21,26,254,0,61
2025-06-15 07:57:00+00:00,66,254,21,28,18,20,21,26,254,0,61
2025-06-15 08:57:00+00:00,66,254,21,28,18,20,21,26,254,0,103
2025-06-15 09:57:00+00:00,65,254,21,29,18,21,22,26,254,0,61
2025-06-15 10:57:00+00:00,65,254,21,29,19,20,22,26,254,0,61
2025-06-15 11:57:00+00:00,64,254,21,28,18,20,22,26,254,0,61
2025-06-15 12:57:00+00:00,64,254,22,28,19,20,22,26,254,0,61
2025-06-15 13:57:00+00:00,63,254,22,28,19,20,22,26,254,0,61
2025-06-15 14:57:00+00:00,63,254,22,29,19,20,22,26,254,0,61
2025-06-15 15:57:00+00:00,62,254,22,28,19,20,22,26,254,0,61
2025-06-15 16:57:00+00:00,62,254,22,28,19,20,23,26,254,0,61
2025-06-15 17:57:00+00:00,62,254,23,29,20,20,23,26,254,0,61
2025-06-15 18:57:00+00:00,63,254,23,29,20,21,24,26,254,0,61
2025-06-15 19:57:00+00:00,63,254,23,29,21,21,24,26,254,0,61
2025-06-15 20:57:00+00:00,64,254,23,29,21,21,24,27,254,0,61
2025-06-15 21:57:00+00:00,64,254,23,29,21,21,24,27,254,0,61
2025-06-15 22:57:00+00:00,65,254,24,30,22,21,25,27,254,0,61
2025-06-15 23:57:00+00:00,66,254,24,30,22,21,25,27,254,0,61
2025-06-16 00:57:00+00:00,66,254,24,30,22,21,25,27,254,0,61
2025-06-16 01:57:00+00:00,67,254,24,30,22,22,25,28,254,0,61
2025-06-16 02:57:00+00:00,67,254,24,30,22,22,25,27,254,0,61
2025-06-16 03:57:00+00:00,67,254,24,30,22,21,25,27,254,0,61
2025-06-16 04:57:00+00:00,67,254,24,30,23,22,25,27,254,0,61
2025-06-16 05:57:00+00:00,67,254,24,30,22,22,26,27,254,0,61
2025-06-16 06:57:00+00:00,67,254,25,30,22,22,26,27,254,0,61
2025-06-16 07:57:00+00:00,66,254,24,30,22,21,25,27,254,0,61
2025-06-16 08:57:00+00:00,66,254,25,30,22,21,26,27,254,0,103
2025-06-16 09:57:00+00:00,65,254,25,30,23,21,26,27,254,0,61
2025-06-16 10:57:00+00:00,65,254,25,30,23,21,26,27,254,0,61
2025-06-16 11:57:00+00:00,64,254,25,29,22,21,26,26,254,0,61
2025-06-16 12:57:00+00:00,64,254,25,30,23,21,26,27,254,0,61
2025-06-16 13:57:00+00:00,63,254,25,30,23,21,26,27,254,0,61
2025-06-16 14:57:00+00:00,63,254,26,30,23,21,26,27,254,0,61
2025-06-16 15:57:00+00:00,63,254,26,30,23,21,27,27,254,0,61
2025-06-16 16:57:00+00:00,62,254,25,30,23,21,26,27,254,0,61
2025-06-16 17:57:00+00:00,63,254,26,30,24,21,27,27,254,0,61
2025-06-16 18:57:00+00:00,63,254,26,30,24,21,27,27,254,0,61
2025-06-16 19:57:00+00:00,63,254,26,30,24,21,28,27,254,0,61
2025-06-16 20:57:00+00:00,64,254,26,30,24,22,28,27,254,0,61
2025-06-16 21:57:00+00:00,65,254,27,31,25,22,29,28,254,0,61
2025-06-16 22:57:00+00:00,65,254,27,31,26,22,29,28,254,0,61
2025-06-16 23:57:00+00:00,66,254,27,31,26,22,29,28,254,0,61
2025-06-17 00:57:00+00:00,67,254,27,32,27,22,30,28,254,0,61
2025-06-17 01:57:00+00:00,67,254,27,31,27,22,30,28,254,0,61
2025-06-17 02:57:00+00:00,68,254,28,32,27,23,30,29,254,0,61
2025-06-17 03:57:00+00:00,68,254,28,32,28,23,30,29,254,0,61
2025-06-17 04:57:00+00:00,68,254,28,32,27,23,31,29,254,0,61
2025-06-17 05:57:00+00:00,67,254,28,31,27,23,30,28,254,0,61
2025-06-17 06:57:00+00:00,67,254,28,31,27,22,30,28,254,0,61
2025-06-17 07:57:00+00:00,67,254,28,31,27,22,30,28,254,0,61
2025-06-17 08:57:00+00:00,66,254,28,31,27,22,30,27,254,0,103
2025-06-17 09:57:00+00:00,65,254,28,31,27,22,30,28,254,0,61
2025-06-17 10:57:00+00:00,65,254,29,31,27,22,31,28,254,0,61
2025-06-17 11:57:00+00:00,65,254,29,31,28,22,31,28,254,0,61
2025-06-17 12:57:00+00:00,64,254,29,30,27,22,31,27,254,0,61
2025-06-17 13:57:00+00:00,63,254,29,30,27,22,31,27,254,0,61
2025-06-17 14:57:00+00:00,63,254,29,31,27,22,31,27,254,0,61
2025-06-17 15:57:00+00:00,63,254,29,31,28,22,31,27,254,0,61
2025-06-17 16:57:00+00:00,63,254,30,31,28,22,32,28,254,0,61
2025-06-17 17:57:00+00:00,63,254,30,31,28,22,32,28,254,0,61
2025-06-17 18:57:00+00:00,63,254,30,31,29,22,33,28,254,0,61
2025-06-17 19:57:00+00:00,63,254,30,31,29,22,33,28,254,0,61
2025-06-17 20:57:00+00:00,64,254,30,31,30,22,34,28,254,0,61
2025-06-17 21:57:00+00:00,64,254,30,31,30,22,35,28,254,0,61
2025-06-17 22:57:00+00:00,65,254,31,32,31,23,36,29,254,0,61
2025-06-17 23:57:00+00:00,65,254,31,32,32,23,37,29,254,0,61
2025-06-18 00:57:00+00:00,66,254,31,32,32,23,37,29,254,0,61
2025-06-18 01:57:00+00:00,66,254,31,32,33,23,37,29,254,0,61
2025-06-18 02:57:00+00:00,67,254,32,32,34,23,38,29,254,0,61
2025-06-18 03:57:00+00:00,67,254,32,32,34,23,39,29,254,0,61
2025-06-18 04:57:00+00:00,67,254,32,32,34,24,38,29,254,0,61
2025-06-18 05:57:00+00:00,67,254,32,32,34,23,38,29,254,0,61
2025-06-18 06:57:00+00:00,66,254,32,32,34,23,38,28,254,0,61
2025-06-18 07:57:00+00:00,66,254,32,32,34,23,38,28,254,0,61
2025-06-18 08:57:00+00:00,65,254,33,32,34,23,38,28,254,0,103
2025-06-18 09:57:00+00:00,65,254,33,32,34,23,38,28,254,0,61
2025-06-18 10:57:00+00:00,64,254,33,31,34,23,38,28,254,0,61
2025-06-18 11:57:00+00:00,64,254,33,31,34,22,38,28,254,0,61
2025-06-18 12:57:00+00:00,63,254,33,31,34,23,38,28,254,0,61
2025-06-18 13:57:00+00:00,63,254,34,31,34,23,38,28,254,0,61
2025-06-18 14:57:00+00:00,63,254,34,31,35,23,38,28,254,0,61
2025-06-18 15:57:00+00:00,62,254,33,31,34,23,38,28,254,0,61
2025-06-18 16:57:00+00:00,62,254,34,31,35,22,39,28,254,0,61
2025-06-18 17:57:00+00:00,62,254,34,31,35,23,40,28,254,0,61
2025-06-18 18:57:00+00:00,63,254,35,32,36,23,41,29,254,0,61
2025-06-18 19:57:00+00:00,63,254,35,32,36,24,42,29,254,0,61
2025-06-18 20:57:00+00:00,64,254,35,32,37,23,44,29,254,0,61
2025-06-18 21:57:00+00:00,65,254,36,33,39,24,46,29,254,0,61
2025-06-18 22:57:00+00:00,65,254,36,33,40,24,47,29,254,0,61
2025-06-18 23:57:00+00:00,66,254,36,33,41,24,48,30,254,0,61
2025-06-19 00:57:00+00:00,67,254,37,33,42,24,50,30,254,0,61
2025-06-19 01:57:00+00:00,67,254,38,33,43,24,51,30,254,0,61
2025-06-19 02:57:00+00:00,68,254,39,34,45,25,53,30,254,0,61
2025-06-19 03:57:00+00:00,68,254,39,34,45,25,53,30,254,0,61
2025-06-19 04:57:00+00:00,68,254,39,34,46,25,54,30,254,0,61
2025-06-19 05:57:00+00:00,68,254,40,34,46,25,54,30,254,0,61
2025-06-19 06:57:00+00:00,68,254,40,34,47,25,55,30,254,0,61
2025-06-19 07:57:00+00:00,67,254,40,33,46,24,54,29,254,0,61
2025-06-19 08:57:00+00:00,67,254,40,33,47,24,54,29,254,0,103
2025-06-19 09:58:00+00:00,66,254,40,32,46,24,53,29,254,0,61
2025-06-19 10:58:00+00:00,66,254,40,32,46,24,53,29,254,0,61
2025-06-19 11:58:00+00:00,65,254,40,32,46,24,53,29,254,0,61
2025-06-19 12:58:00+00:00,65,254,41,32,46,24,53,29,254,0,61
2025-06-19 13:58:00+00:00,64,254,40,32,46,24,52,28,254,0,61
2025-06-19 14:58:00+00:00,64,254,41,32,46,24,53,28,254,0,61
2025-06-19 15:58:00+00:00,64,254,41,32,47,24,53,29,254,0,61
2025-06-19 16:58:00+00:00,64,254,42,32,47,24,54,29,254,0,61
2025-06-19 17:58:00+00:00,63,254,42,32,48,24,55,29,254,0,61
2025-06-19 18:58:00+00:00,64,254,43,33,49,24,56,29,254,0,61
2025-06-19 19:58:00+00:00,64,254,43,33,50,25,57,29,254,0,61
2025-06-19 20:58:00+00:00,65,254,44,33,51,25,59,30,254,0,61
2025-06-19 21:58:00+00:00,65,254,45,33,53,25,60,30,254,0,61
2025-06-19 22:58:00+00:00,66,254,46,34,54,25,60,30,254,0,61
2025-06-19 23:58:00+00:00,67,254,47,34,56,26,61,31,254,0,60
2025-06-20 00:58:00+00:00,67,254,48,34,58,26,61,31,254,0,61
2025-06-20 01:58:00+00:00,68,254,50,35,60,26,63,31,254,0,61
2025-06-20 02:58:00+00:00,68,254,50,35,61,26,63,31,254,0,61
2025-06-20 03:58:00+00:00,69,254,51,35,61,26,63,31,254,0,61
2025-06-20 04:58:00+00:00,69,254,51,34,62,26,63,31,254,0,61
2025-06-20 05:58:00+00:00,69,254,52,34,63,26,64,30,254,0,61
2025-06-20 06:58:00+00:00,68,254,53,34,64,26,65,31,254,0,61
2025-06-20 07:58:00+00:00,68,254,53,34,65,26,65,31,254,0,61
2025-06-20 08:58:00+00:00,67,254,53,34,64,26,65,30,254,0,103
2025-06-20 09:58:00+00:00,67,254,53,34,65,25,65,30,254,0,61
2025-06-20 10:58:00+00:00,67,254,53,34,65,25,66,30,254,0,61
2025-06-20 11:58:00+00:00,66,254,53,33,64,25,65,29,254,0,61
2025-06-20 12:58:00+00:00,66,254,53,33,65,25,65,29,254,0,61
2025-06-20 13:58:00+00:00,66,254,53,33,65,25,65,29,254,0,61
2025-06-20 14:58:00+00:00,65,254,54,33,65,26,66,30,254,0,61
2025-06-20 15:58:00+00:00,65,254,54,33,66,25,66,30,254,0,61
2025-06-20 16:58:00+00:00,65,254,55,34,67,25,66,30,254,0,61
2025-06-20 17:58:00+00:00,65,254,56,34,67,26,67,30,254,0,61
2025-06-20 18:58:00+00:00,65,254,57,34,68,26,67,30,254,0,61
2025-06-20 19:58:00+00:00,65,254,58,34,68,26,68,30,254,0,61
2025-06-20 20:58:00+00:00,65,254,59,34,69,27,68,30,254,0,61
2025-06-20 21:58:00+00:00,66,254,60,34,70,26,67,30,254,0,61
2025-06-20 22:58:00+00:00,66,254,61,34,71,27,67,31,254,0,61
2025-06-20 23:58:00+00:00,67,254,62,35,72,27,68,31,254,0,61
2025-06-21 00:58:00+00:00,67,254,63,35,73,27,68,31,254,0,61
2025-06-21 01:58:00+00:00,67,254,64,35,73,28,69,31,254,0,61
2025-06-21 02:58:00+00:00,67,254,66,35,74,27,69,31,254,0,61
2025-06-21 03:58:00+00:00,67,254,67,35,75,27,70,31,254,0,61
2025-06-21 04:58:00+00:00,67,254,68,35,76,27,71,31,254,0,61
2025-06-21 05:58:00+00:00,66,254,68,34,74,27,70,30,254,0,61
2025-06-21 06:58:00+00:00,66,254,68,34,74,27,71,30,254,0,61
2025-06-21 07:58:00+00:00,65,254,69,34,76,26,71,30,254,0,61
2025-06-21 08:58:00+00:00,64,254,69,34,75,26,71,30,254,0,103
2025-06-21 09:58:00+00:00,64,254,69,34,75,26,72,30,254,0,61
2025-06-21 10:58:00+00:00,63,254,70,34,76,26,72,30,254,0,61
2025-06-21 11:58:00+00:00,63,254,71,34,77,26,73,30,254,0,61
2025-06-21 12:58:00+00:00,62,254,70,33,76,26,73,29,254,0,61
2025-06-21 13:58:00+00:00,62,254,71,34,77,26,73,30,254,0,61
2025-06-21 14:58:00+00:00,61,254,72,34,77,26,74,30,254,0,61
2025-06-21 15:58:00+00:00,61,254,72,34,78,26,75,30,254,0,61
2025-06-21 16:58:00+00:00,60,254,71,34,77,26,74,30,254,0,61
2025-06-21 17:58:00+00:00,60,254,72,34,77,26,74,30,254,0,61
2025-06-21 18:58:00+00:00,60,254,72,34,78,26,75,30,254,0,61
2025-06-21 19:58:00+00:00,60,254,73,34,78,26,75,30,254,0,61
2025-06-21 20:58:00+00:00,61,254,74,35,79,27,76,30,254,0,61
2025-06-21 21:58:00+00:00,61,254,74,35,79,27,76,31,254,0,61
2025-06-21 22:58:00+00:00,61,254,74,35,79,27,76,31,254,0,61
2025-06-21 23:58:00+00:00,61,254,74,35,79,27,76,31,254,0,61
2025-06-22 00:58:00+00:00,61,254,73,35,79,27,74,31,254,5,61
2025-06-22 01:58:00+00:00,61,254,73,35,78,27,74,30,254,15,61
2025-06-22 02:58:00+00:00,61,254,74,35,79,27,74,30,254,11,61
2025-06-22 03:58:00+00:00,60,254,72,34,77,26,73,30,254,18,61
2025-06-22 04:58:00+00:00,59,254,73,34,77,27,74,30,254,23,61
2025-06-22 05:58:00+00:00,58,254,72,34,78,26,74,29,254,22,61
2025-06-22 06:58:00+00:00,58,254,73,34,78,26,74,30,254,11,61
2025-06-22 07:58:00+00:00,57,254,71,33,76,26,74,29,254,10,61
2025-06-22 08:58:00+00:00,56,254,69,33,73,26,72,29,254,7,103
2025-06-22 09:58:00+00:00,55,254,61,33,69,25,67,29,254,13,61
2025-06-22 10:58:00+00:00,55,254,50,33,63,26,59,29,254,14,61
2025-06-22 11:58:00+00:00,54,254,34,33,53,26,25,29,254,14,61
2025-06-22 12:58:00+00:00,53,254,23,33,38,25,18,28,254,13,61
2025-06-22 13:58:00+00:00,53,254,18,33,26,25,16,28,254,4,61
2025-06-22 14:58:00+00:00,52,254,16,33,20,25,16,28,254,0,61
2025-06-22 15:58:00+00:00,52,254,16,33,17,25,17,28,254,0,60
2025-06-22 16:58:00+00:00,53,254,16,33,16,24,18,28,254,0,61
2025-06-22 17:58:00+00:00,53,254,17,33,16,23,18,28,254,0,60
2025-06-22 18:58:00+00:00,53,254,17,32,16,23,19,28,254,0,60
2025-06-22 19:58:00+00:00,54,254,18,33,17,22,20,28,254,0,60
2025-06-22 20:58:00+00:00,54,254,19,33,17,22,21,28,254,0,60
2025-06-22 21:58:00+00:00,55,254,19,32,17,22,21,28,254,0,60
2025-06-22 22:58:00+00:00,55,254,19,32,17,22,21,29,254,0,60
2025-06-22 23:58:00+00:00,56,254,20,33,18,22,22,29,254,0,60
2025-06-23 00:58:00+00:00,56,254,20,33,18,22,22,29,254,0,60
2025-06-23 01:58:00+00:00,57,254,20,32,18,22,22,29,254,0,60
2025-06-23 02:58:00+00:00,57,254,21,32,18,22,22,29,254,0,60
2025-06-23 03:58:00+00:00,58,254,21,33,18,22,23,29,254,0,61
2025-06-23 04:58:00+00:00,58,254,21,33,18,22,23,29,254,0,60
2025-06-23 05:58:00+00:00,58,254,22,33,19,22,23,29,254,0,61
2025-06-23 06:58:00+00:00,57,254,22,32,19,22,23,29,254,0,60
2025-06-23 07:58:00+00:00,57,254,22,32,19,22,23,29,254,0,61
2025-06-23 08:58:00+00:00,57,254,22,32,19,22,24,29,254,0,103
2025-06-23 09:58:00+00:00,56,254,22,32,19,22,24,29,254,0,61
2025-06-23 10:58:00+00:00,56,254,23,32,19,22,24,29,254,0,61
2025-06-23 11:58:00+00:00,56,254,23,32,19,22,25,29,254,0,61
2025-06-23 12:58:00+00:00,55,254,23,32,20,22,24,29,254,0,61
2025-06-23 13:58:00+00:00,55,254,23,32,20,22,25,29,254,0,60
2025-06-23 14:58:00+00:00,55,254,24,32,20,22,25,29,254,0,60
2025-06-23 15:58:00+00:00,54,254,24,32,20,22,25,29,254,0,60
2025-06-23 16:58:00+00:00,54,254,24,32,20,22,25,29,254,0,60
2025-06-23 17:58:00+00:00,54,254,24,32,20,22,26,29,254,0,60
2025-06-23 18:58:00+00:00,55,254,24,33,20,22,26,29,254,0,60
2025-06-23 19:58:00+00:00,55,254,24,33,21,23,26,29,254,0,60
2025-06-23 20:58:00+00:00,56,254,25,33,21,23,27,30,254,0,60
2025-06-23 21:58:00+00:00,57,254,25,33,22,23,27,30,254,0,60
2025-06-23 22:58:00+00:00,57,254,24,33,22,23,27,30,254,0,60
2025-06-23 23:58:00+00:00,58,254,25,34,22,23,27,30,254,0,60
2025-06-24 00:58:00+00:00,59,254,25,34,23,24,28,31,254,0,60
2025-06-24 01:58:00+00:00,60,254,25,34,22,24,28,31,254,0,60
2025-06-24 02:58:00+00:00,60,254,25,34,23,24,27,31,254,0,60
2025-06-24 03:58:00+00:00,60,254,25,34,23,24,28,31,254,0,60
2025-06-24 04:58:00+00:00,60,254,25,34,23,24,28,31,254,0,60
2025-06-24 05:58:00+00:00,60,254,25,34,23,24,28,30,254,0,60
2025-06-24 06:58:00+00:00,60,254,26,34,23,24,28,30,254,0,60
2025-06-24 07:58:00+00:00,60,254,26,34,23,24,28,30,254,0,60
2025-06-24 08:58:00+00:00,59,254,26,34,23,24,28,30,254,0,103
2025-06-24 09:58:00+00:00,59,254,26,34,23,24,28,30,254,0,60
2025-06-24 10:58:00+00:00,58,254,26,33,23,23,28,30,254,0,60
2025-06-24 11:58:00+00:00,58,254,26,33,23,23,28,30,254,0,60
2025-06-24 12:58:00+00:00,58,254,26,33,23,24,29,30,254,0,60
2025-06-24 13:58:00+00:00,57,254,26,33,23,23,28,29,254,0,60
2025-06-24 14:58:00+00:00,57,254,26,33,24,23,29,30,254,0,60
2025-06-24 15:58:00+00:00,57,254,27,33,24,23,29,30,254,0,60
2025-06-24 16:58:00+00:00,56,254,27,33,24,23,29,30,254,0,60
2025-06-24 17:58:00+00:00,56,254,27,33,24,23,29,30,254,0,60
2025-06-24 18:58:00+00:00,57,254,27,34,24,24,30,30,254,0,60
2025-06-24 19:58:00+00:00,57,254,27,34,25,23,30,30,254,0,60
2025-06-24 20:58:00+00:00,58,254,28,34,25,24,31,30,254,0,60
2025-06-24 21:58:00+00:00,58,254,28,34,25,24,31,30,254,0,60
2025-06-24 22:58:00+00:00,59,254,28,35,26,25,32,31,254,0,60
2025-06-24 23:58:00+00:00,60,254,28,35,26,25,31,31,254,0,60
2025-06-25 00:58:00+00:00,60,254,28,35,26,25,32,31,254,0,60
2025-06-25 01:58:00+00:00,61,254,28,35,27,25,32,31,254,0,60
2025-06-25 02:58:00+00:00,61,254,28,35,27,25,32,31,254,0,60
2025-06-25 03:58:00+00:00,61,254,28,35,27,25,32,31,254,0,60
2025-06-25 04:58:00+00:00,61,254,28,35,27,25,32,31,254,0,60
2025-06-25 05:58:00+00:00,61,254,29,35,27,25,32,31,254,0,60
2025-06-25 06:58:00+00:00,61,254,29,35,27,25,32,31,254,0,60
2025-06-25 07:58:00+00:00,61,254,29,35,27,25,32,31,254,0,60
2025-06-25 08:58:00+00:00,60,254,29,34,27,25,32,30,254,0,103
2025-06-25 09:58:00+00:00,60,254,29,34,27,25,32,30,254,0,60
2025-06-25 10:58:00+00:00,60,254,29,34,28,24,33,30,254,0,60
2025-06-25 11:58:00+00:00,59,254,29,34,27,25,33,30,254,0,60
2025-06-25 12:58:00+00:00,59,254,30,34,28,24,33,30,254,0,60
2025-06-25 13:58:00+00:00,58,254,29,34,27,24,33,30,254,0,60
2025-06-25 14:58:00+00:00,58,254,30,34,27,24,33,30,254,0,60
2025-06-25 15:58:00+00:00,58,254,30,34,28,24,33,30,254,0,60
2025-06-25 16:58:00+00:00,58,254,30,34,28,24,33,30,254,0,60
2025-06-25 17:58:00+00:00,58,254,30,34,28,25,34,30,254,0,60
2025-06-25 18:58:00+00:00,58,254,30,34,29,25,34,31,254,0,60
2025-06-25 19:58:00+00:00,59,254,31,35,29,25,35,31,254,0,60
2025-06-25 20:58:00+00:00,59,254,31,35,30,25,36,31,254,0,60
2025-06-25 21:58:00+00:00,60,254,31,35,30,25,36,31,254,0,60
2025-06-25 22:58:00+00:00,61,254,31,36,31,26,37,32,254,0,60
2025-06-25 23:58:00+00:00,62,254,31,36,31,26,38,32,254,0,60
2025-06-26 00:58:00+00:00,62,254,31,36,31,26,38,32,254,0,60
2025-06-26 01:58:00+00:00,63,254,32,36,33,26,39,32,254,0,60
2025-06-26 02:58:00+00:00,63,254,32,36,33,26,39,32,254,0,60
2025-06-26 03:58:00+00:00,64,254,32,36,33,26,39,32,254,0,60
2025-06-26 04:58:00+00:00,64,254,32,36,33,26,39,32,254,0,60
2025-06-26 05:58:00+00:00,64,254,32,36,33,26,39,32,254,0,60
2025-06-26 06:58:00+00:00,63,254,33,36,34,26,39,32,254,0,60
2025-06-26 07:58:00+00:00,63,254,33,36,34,26,40,32,254,0,60
2025-06-26 08:58:00+00:00,62,254,33,35,34,25,39,31,254,0,103
2025-06-26 09:58:00+00:00,62,254,33,35,33,26,39,31,254,0,60
2025-06-26 10:58:00+00:00,62,254,33,35,34,25,39,31,254,0,60
2025-06-26 11:58:00+00:00,61,254,33,35,34,26,40,31,254,0,60
2025-06-26 12:58:00+00:00,61,254,34,35,34,25,40,31,254,0,60
2025-06-26 13:58:00+00:00,61,254,34,35,34,26,40,31,254,0,60
2025-06-26 14:58:00+00:00,60,254,34,35,33,25,40,30,254,0,60
2025-06-26 15:58:00+00:00,60,254,34,35,34,25,40,31,254,0,60
2025-06-26 16:58:00+00:00,60,254,34,35,34,25,41,31,254,0,60
2025-06-26 17:58:00+00:00,60,254,34,35,34,25,42,31,254,0,60
2025-06-26 18:58:00+00:00,60,254,35,35,35,26,43,31,254,0,60
2025-06-26 19:58:00+00:00,60,254,35,35,35,26,44,31,254,0,60
2025-06-26 20:58:00+00:00,61,254,36,36,36,27,46,32,254,0,60
2025-06-26 21:58:00+00:00,61,254,36,36,38,26,47,32,254,0,60
2025-06-26 22:58:00+00:00,62,254,36,36,38,27,49,32,254,0,60
2025-06-26 23:58:00+00:00,63,254,37,37,40,27,51,33,254,0,60
2025-06-27 00:58:00+00:00,63,254,37,37,41,27,52,33,254,0,60
2025-06-27 01:58:00+00:00,64,254,37,37,41,27,53,32,254,0,60
2025-06-27 02:58:00+00:00,64,254,38,37,42,27,54,32,254,0,60
2025-06-27 03:58:00+00:00,65,254,39,37,43,27,56,33,254,0,60
2025-06-27 04:58:00+00:00,65,254,39,37,43,27,57,33,254,0,60
2025-06-27 05:58:00+00:00,65,254,39,37,44,27,58,32,254,0,60
2025-06-27 06:58:00+00:00,64,254,39,36,43,27,57,32,254,0,60
2025-06-27 07:58:00+00:00,64,254,39,36,44,27,58,32,254,0,60
2025-06-27 08:58:00+00:00,64,254,40,36,44,27,58,32,254,0,103
2025-06-27 09:58:00+00:00,63,254,40,36,44,27,58,32,254,0,60
2025-06-27 10:58:00+00:00,63,254,40,36,44,27,58,32,254,0,60
2025-06-27 11:58:00+00:00,62,254,40,35,44,26,58,31,254,0,60
2025-06-27 12:58:00+00:00,62,254,40,35,44,26,57,31,254,0,60
2025-06-27 13:58:00+00:00,62,254,41,35,45,26,58,31,254,0,60
2025-06-27 14:58:00+00:00,61,254,41,36,45,27,58,31,254,0,60
2025-06-27 15:58:00+00:00,61,254,41,36,45,27,58,32,254,0,60
2025-06-27 16:58:00+00:00,61,254,42,36,45,27,59,32,254,0,60
2025-06-27 17:58:00+00:00,61,254,42,36,46,27,60,32,254,0,60
2025-06-27 18:58:00+00:00,61,254,42,36,46,27,61,32,254,0,60
2025-06-27 19:58:00+00:00,61,254,43,36,48,27,62,32,254,0,60
2025-06-27 20:58:00+00:00,62,254,43,37,48,27,63,32,254,0,60
2025-06-27 21:58:00+00:00,62,254,44,37,49,28,64,32,254,0,60
2025-06-27 22:58:00+00:00,63,254,45,37,52,28,65,33,254,0,60
2025-06-27 23:58:00+00:00,64,254,45,37,52,28,65,33,254,8,60
2025-06-28 00:58:00+00:00,64,254,46,37,54,28,65,33,254,30,60
2025-06-28 01:58:00+00:00,65,254,48,37,55,29,67,33,254,30,60
2025-06-28 02:58:00+00:00,65,254,48,37,56,28,67,33,254,24,60
2025-06-28 03:58:00+00:00,66,254,49,37,57,28,67,33,254,29,60
2025-06-28 04:58:00+00:00,65,254,49,37,57,28,67,33,254,22,60
2025-06-28 05:58:00+00:00,65,254,45,37,58,28,67,33,254,25,60
2025-06-28 06:58:00+00:00,65,254,38,37,54,28,57,32,254,27,60
2025-06-28 07:59:00+00:00,64,254,27,36,45,28,23,32,254,27,60
2025-06-28 08:59:00+00:00,63,254,19,36,32,28,15,31,254,25,103
2025-06-28 09:59:00+00:00,63,254,15,36,21,27,13,30,254,23,60
2025-06-28 10:59:00+00:00,62,254,12,35,15,25,10,29,254,30,60
2025-06-28 11:59:00+00:00,61,254,10,35,11,24,6,27,254,25,60
2025-06-28 12:59:00+00:00,61,254,9,34,10,22,4,25,254,6,60
2025-06-28 13:59:00+00:00,61,254,10,33,11,20,6,24,254,0,60
2025-06-28 14:59:00+00:00,61,254,11,31,12,20,11,24,254,0,60
2025-06-28 15:59:00+00:00,61,254,12,31,12,19,14,23,254,0,60
2025-06-28 16:59:00+00:00,61,254,14,30,13,20,17,24,254,0,60
2025-06-28 17:59:00+00:00,61,254,15,30,14,19,18,24,254,0,60
2025-06-28 18:59:00+00:00,61,254,17,29,15,19,20,24,254,0,60
2025-06-28 19:59:00+00:00,61,254,18,29,15,20,21,24,254,0,60
2025-06-28 20:59:00+00:00,61,254,18,29,16,19,21,25,254,0,60
2025-06-28 21:59:00+00:00,62,254,19,29,17,19,22,25,254,0,60
2025-06-28 22:59:00+00:00,63,254,20,30,17,20,23,26,254,0,60
2025-06-28 23:59:00+00:00,63,254,20,30,18,21,23,26,254,0,60
2025-06-29 00:59:00+00:00,64,254,21,30,18,21,23,26,254,0,60
2025-06-29 01:59:00+00:00,64,254,21,30,18,21,23,26,254,0,60
2025-06-29 02:59:00+00:00,64,254,21,30,18,21,24,26,254,0,60
2025-06-29 03:59:00+00:00,65,254,21,31,19,21,24,27,254,0,60
2025-06-29 04:59:00+00:00,65,254,22,31,19,22,24,27,254,0,60
2025-06-29 05:59:00+00:00,65,254,22,31,19,21,24,27,254,0,60
2025-06-29 06:59:00+00:00,64,254,22,30,19,21,24,26,254,0,60
2025-06-29 07:59:00+00:00,64,254,22,30,19,21,24,26,254,0,60
2025-06-29 08:59:00+00:00,64,254,22,30,19,21,24,26,254,0,103
2025-06-29 09:59:00+00:00,64,254,22,30,19,21,25,26,254,0,60
2025-06-29 10:59:00+00:00,63,254,23,30,19,21,25,26,254,0,60
2025-06-29 11:59:00+00:00,63,254,23,30,19,21,25,26,254,0,60
2025-06-29 12:59:00+00:00,62,254,23,30,19,21,25,26,254,0,60
2025-06-29 13:59:00+00:00,62,254,23,30,20,21,25,26,254,0,60
2025-06-29 14:59:00+00:00,62,254,23,30,20,21,25,26,254,0,60
2025-06-29 15:59:00+00:00,61,254,24,30,20,21,26,26,254,0,60
2025-06-29 16:59:00+00:00,61,254,24,30,20,22,26,26,254,0,60
2025-06-29 17:59:00+00:00,61,254,24,31,21,22,26,27,254,0,60
2025-06-29 18:59:00+00:00,61,254,24,31,21,21,27,27,254,0,60
2025-06-29 19:59:00+00:00,62,254,25,31,22,21,27,27,254,0,60
2025-06-29 20:59:00+00:00,62,254,25,31,22,22,28,27,254,0,60
2025-06-29 21:59:00+00:00,63,254,25,32,23,22,29,28,254,0,60
2025-06-29 22:59:00+00:00,63,254,26,32,23,22,29,28,254,0,60
2025-06-29 23:59:00+00:00,63,254,26,32,23,22,29,28,254,0,60
2025-06-30 00:59:00+00:00,64,254,26,32,24,22,29,28,254,0,60
2025-06-30 01:59:00+00:00,64,254,26,32,24,22,30,28,254,0,60
2025-06-30 02:59:00+00:00,65,254,26,32,24,23,30,28,254,0,60
2025-06-30 03:59:00+00:00,65,254,26,32,24,23,30,28,254,0,60
2025-06-30 04:59:00+00:00,65,254,26,32,24,23,30,28,254,0,60
2025-06-30 05:59:00+00:00,65,254,27,32,24,23,30,28,254,0,60
2025-06-30 06:59:00+00:00,65,254,27,32,24,23,30,28,254,0,60
2025-06-30 07:59:00+00:00,64,254,26,32,24,22,30,28,254,0,60
2025-06-30 08:59:00+00:00,64,254,27,32,24,22,30,28,254,0,103
2025-06-30 09:59:00+00:00,64,254,27,32,24,22,30,28,254,0,60
2025-06-30 10:59:00+00:00,63,254,27,32,24,22,30,28,254,0,60
2025-06-30 11:59:00+00:00,63,254,27,32,25,22,30,28,254,0,60
2025-06-30 12:59:00+00:00,62,254,27,31,24,22,30,27,254,0,60
2025-06-30 13:59:00+00:00,62,254,27,31,24,22,30,27,254,0,60
2025-06-30 14:59:00+00:00,62,254,27,31,25,22,30,27,254,0,60
2025-06-30 15:59:00+00:00,61,254,28,32,25,22,31,27,254,0,60
2025-06-30 16:59:00+00:00,61,254,28,32,25,22,31,28,254,0,60
2025-06-30 17:59:00+00:00,61,254,28,32,25,23,31,28,254,0,60
2025-06-30 18:59:00+00:00,61,254,28,32,26,22,32,28,254,0,60
2025-06-30 19:59:00+00:00,62,254,29,32,26,23,32,28,254,0,60
2025-06-30 20:59:00+00:00,62,254,29,32,26,23,33,28,254,0,60
2025-06-30 21:59:00+00:00,63,254,29,33,27,23,33,29,254,0,60
2025-06-30 22:59:00+00:00,63,254,29,33,28,23,34,29,254,0,60
2025-06-30 23:59:00+00:00,64,254,30,33,28,23,34,29,254,0,60
2025-07-01 00:59:00+00:00,65,254,30,33,28,24,35,29,254,0,60
2025-07-01 01:59:00+00:00,65,254,30,34,29,24,35,29,254,0,60
2025-07-01 02:59:00+00:00,66,254,30,33,29,24,35,29,254,0,60
2025-07-01 03:59:00+00:00,66,254,30,33,29,24,35,29,254,0,60
2025-07-01 04:59:00+00:00,66,254,30,33,29,24,35,29,254,0,60
2025-07-01 05:59:00+00:00,66,254,30,33,29,24,35,29,254,0,60
2025-07-01 06:59:00+00:00,66,254,30,33,29,24,35,29,254,0,60
2025-07-01 07:59:00+00:00,66,254,31,33,29,24,35,29,254,0,60
2025-07-01 08:59:00+00:00,66,254,31,33,29,24,35,29,254,0,103
2025-07-01 09:59:00+00:00,65,254,31,33,29,23,35,29,254,0,60
2025-07-01 10:59:00+00:00,65,254,31,33,30,23,35,29,254,0,60
2025-07-01 11:59:00+00:00,65,254,31,33,29,24,35,29,254,0,60
2025-07-01 12:59:00+00:00,64,254,31,33,29,23,35,28,254,0,60
2025-07-01 13:59:00+00:00,64,254,31,33,29,24,35,28,254,0,60
2025-07-01 14:59:00+00:00,64,254,31,33,29,24,35,28,254,0,60
2025-07-01 15:59:00+00:00,64,254,31,33,30,23,35,28,254,0,60
2025-07-01 16:59:00+00:00,63,254,32,33,30,23,36,28,254,0,60
2025-07-01 17:59:00+00:00,63,254,32,33,30,23,36,29,254,0,60
2025-07-01 18:59:00+00:00,64,254,32,33,30,24,37,29,254,0,60
2025-07-01 19:59:00+00:00,64,254,32,33,30,24,37,29,254,0,60
2025-07-01 20:59:00+00:00,64,254,33,33,31,24,38,29,254,0,60
2025-07-01 21:59:00+00:00,65,254,33,34,32,24,39,29,254,0,60
2025-07-01 22:59:00+00:00,65,254,34,34,32,24,40,29,254,0,60
2025-07-01 23:59:00+00:00,65,254,34,34,32,24,41,30,254,0,60
2025-07-02 00:59:00+00:00,65,254,34,34,33,24,41,29,254,0,60
2025-07-02 01:59:00+00:00,66,254,34,34,33,24,41,29,254,10,60
2025-07-02 02:59:00+00:00,66,254,34,34,33,24,41,29,254,26,60
2025-07-02 03:59:00+00:00,66,254,35,34,34,24,41,29,254,26,60
2025-07-02 04:59:00+00:00,66,254,35,33,33,25,41,29,254,30,60
2025-07-02 05:59:00+00:00,65,254,35,33,34,24,41,29,254,23,60
2025-07-02 06:59:00+00:00,65,254,34,33,33,24,41,29,254,30,60
2025-07-02 07:59:00+00:00,65,254,31,33,27,24,28,29,254,26,60
2025-07-02 08:59:00+00:00,64,254,25,33,17,23,13,29,254,28,103
2025-07-02 09:59:00+00:00,64,254,20,33,11,23,4,28,254,32,60
2025-07-02 10:59:00+00:00,63,254,17,33,10,21,3,26,254,29,60
2025-07-02 11:59:00+00:00,63,254,14,33,8,19,3,24,254,34,60
2025-07-02 12:59:00+00:00,63,254,11,32,6,18,4,22,254,27,60
2025-07-02 13:59:00+00:00,62,254,8,31,7,17,4,20,254,28,60
2025-07-02 14:59:00+00:00,62,254,4,29,9,16,4,19,254,28,60
2025-07-02 15:59:00+00:00,62,254,4,28,8,16,3,18,254,37,60
2025-07-02 16:59:00+00:00,62,254,3,25,6,16,3,17,254,33,60
2025-07-02 17:59:00+00:00,62,254,3,23,8,15,3,16,254,31,60
2025-07-02 18:59:00+00:00,62,254,3,20,7,15,3,15,254,23,60
2025-07-02 19:59:00+00:00,63,254,3,17,7,15,3,15,254,29,60
2025-07-02 20:59:00+00:00,63,254,3,15,8,15,4,15,254,2,60
2025-07-02 21:59:00+00:00,63,254,4,15,10,15,9,16,254,0,60
2025-07-02 22:59:00+00:00,64,254,7,16,11,16,12,16,254,0,60
2025-07-02 23:59:00+00:00,64,254,11,17,12,16,15,17,254,0,60
2025-07-03 00:59:00+00:00,65,254,13,19,13,17,17,18,254,0,60
2025-07-03 01:59:00+00:00,65,254,15,20,14,17,18,19,254,0,60
2025-07-03 02:59:00+00:00,65,254,16,20,15,17,18,19,254,0,60
2025-07-03 03:59:00+00:00,65,254,17,21,15,17,19,20,254,0,60
2025-07-03 04:59:00+00:00,65,254,17,22,15,17,19,20,254,0,60
2025-07-03 05:59:00+00:00,66,254,18,22,16,17,20,21,254,0,60
2025-07-03 06:59:00+00:00,66,254,18,22,16,18,20,21,254,0,60
2025-07-03 07:59:00+00:00,65,254,19,23,17,18,20,21,254,0,60
2025-07-03 08:59:00+00:00,65,254,19,23,16,18,21,21,254,0,103
2025-07-03 09:59:00+00:00,65,254,19,24,17,18,21,22,254,0,60
2025-07-03 10:59:00+00:00,65,254,20,24,17,18,21,22,254,0,60
2025-07-03 11:59:00+00:00,65,254,20,24,17,18,21,22,254,0,60
2025-07-03 12:59:00+00:00,65,254,20,24,17,19,22,22,254,0,60
2025-07-03 13:59:00+00:00,64,254,20,24,17,18,22,22,254,0,60
2025-07-03 14:59:00+00:00,64,254,21,24,17,18,22,22,254,0,60
2025-07-03 15:59:00+00:00,64,254,21,25,18,18,22,22,254,0,60
2025-07-03 16:59:00+00:00,64,254,21,25,18,19,23,23,254,0,60
2025-07-03 17:59:00+00:00,64,254,22,25,19,19,23,23,254,0,60
2025-07-03 18:59:00+00:00,65,254,22,26,19,19,24,23,254,0,60
2025-07-03 19:59:00+00:00,65,254,23,26,20,19,24,24,254,0,60
2025-07-03 20:59:00+00:00,65,254,23,26,20,20,25,24,254,0,60
2025-07-03 21:59:00+00:00,66,254,23,27,20,20,25,24,254,0,60
2025-07-03 22:59:00+00:00,66,254,23,27,21,19,25,24,254,0,60
2025-07-03 23:59:00+00:00,67,254,24,27,21,20,25,24,254,0,60
2025-07-04 00:59:00+00:00,67,254,24,27,21,20,25,24,254,0,60
2025-07-04 01:59:00+00:00,67,254,24,27,21,20,25,25,254,0,60
2025-07-04 02:59:00+00:00,68,254,24,28,21,20,26,25,254,0,60
2025-07-04 03:59:00+00:00,68,254,24,28,21,21,26,25,254,0,60
2025-07-04 04:59:00+00:00,68,254,24,28,22,20,26,25,254,0,60
2025-07-04 05:59:00+00:00,68,254,24,28,22,20,26,25,254,0,60
2025-07-04 06:59:00+00:00,67,254,24,28,21,20,25,25,254,0,60
2025-07-04 07:59:00+00:00,67,254,24,28,21,20,25,25,254,4,60
2025-07-04 08:59:00+00:00,67,254,24,28,21,20,26,25,254,1,103
2025-07-04 09:59:00+00:00,67,254,24,28,21,20,26,25,254,0,60
2025-07-04 10:59:00+00:00,66,254,24,27,21,20,25,24,254,0,60
2025-07-04 11:59:00+00:00,66,254,24,27,21,20,25,24,254,5,60
2025-07-04 12:59:00+00:00,66,254,24,28,21,20,25,24,254,10,60
2025-07-04 13:59:00+00:00,66,254,24,28,21,20,26,24,254,6,60
2025-07-04 14:59:00+00:00,65,254,24,28,21,20,26,24,254,0,60
2025-07-04 15:59:00+00:00,65,254,25,28,21,20,26,25,254,0,60
2025-07-04 16:59:00+00:00,65,254,25,28,21,21,26,25,254,0,60
2025-07-04 17:59:00+00:00,65,254,25,28,22,20,26,25,254,0,60
2025-07-04 18:59:00+00:00,65,254,25,28,21,20,27,25,254,0,60
2025-07-04 19:59:00+00:00,65,254,25,28,22,20,27,25,254,0,60
2025-07-04 20:59:00+00:00,66,254,25,29,22,21,27,25,254,0,60
2025-07-04 21:59:00+00:00,66,254,25,29,22,21,27,25,254,0,60
2025-07-04 22:59:00+00:00,66,254,25,29,22,21,27,25,254,0,60
2025-07-04 23:59:00+00:00,67,254,26,29,23,21,28,26,254,0,60
2025-07-05 00:59:00+00:00,67,254,26,29,23,21,28,26,254,0,60
2025-07-05 01:59:00+00:00,67,254,26,29,23,22,28,26,254,0,60
2025-07-05 02:59:00+00:00,67,254,26,29,23,22,28,26,254,0,60
2025-07-05 03:59:00+00:00,67,254,26,29,23,21,28,26,254,0,60
2025-07-05 04:59:00+00:00,67,254,26,29,22,22,28,26,254,0,60
2025-07-05 05:59:00+00:00,67,254,26,29,23,21,28,26,254,0,60
2025-07-05 06:59:00+00:00,66,254,25,29,22,21,27,25,254,0,60
2025-07-05 07:59:00+00:00,66,254,26,29,23,21,27,25,254,0,60
2025-07-05 08:59:00+00:00,66,254,26,29,23,21,27,25,254,0,103
2025-07-05 09:59:00+00:00,65,254,26,29,23,21,28,25,254,0,60
2025-07-05 10:59:00+00:00,65,254,26,29,23,21,28,26,254,0,60
2025-07-05 11:59:00+00:00,65,254,26,29,22,21,28,25,254,0,60
2025-07-05 12:59:00+00:00,64,254,26,29,22,21,27,25,254,0,60
2025-07-05 13:59:00+00:00,64,254,26,29,22,21,27,25,254,0,60
2025-07-05 14:59:00+00:00,63,254,26,29,22,21,28,25,254,0,60
2025-07-05 15:59:00+00:00,63,254,26,29,22,21,28,25,254,0,60
2025-07-05 16:59:00+00:00,63,254,26,29,23,21,28,25,254,0,60
2025-07-05 17:59:00+00:00,63,254,27,29,23,21,29,26,254,0,60
2025-07-05 18:59:00+00:00,63,254,27,29,23,21,29,26,254,0,60
2025-07-05 19:59:00+00:00,64,254,27,29,23,21,29,26,254,0,60
2025-07-05 20:59:00+00:00,64,254,27,29,24,21,30,26,254,0,60
2025-07-05 21:59:00+00:00,64,254,27,29,24,21,30,26,254,0,60
2025-07-05 22:59:00+00:00,65,254,28,30,24,22,31,26,254,0,60
2025-07-05 23:59:00+00:00,65,254,28,30,25,22,31,27,254,0,60
2025-07-06 00:59:00+00:00,65,254,28,30,25,22,31,27,254,0,60
2025-07-06 01:59:00+00:00,66,254,28,30,25,22,31,27,254,0,60
2025-07-06 02:59:00+00:00,66,254,28,30,25,22,31,27,254,0,60
2025-07-06 03:59:00+00:00,66,254,28,30,24,22,31,26,254,0,60
2025-07-06 04:59:00+00:00,66,254,28,30,25,22,31,27,254,0,60
2025-07-06 05:59:00+00:00,65,254,28,30,24,22,31,26,254,0,60
2025-07-06 06:59:00+00:00,65,254,28,30,25,22,31,26,254,0,60
2025-07-06 07:59:00+00:00,65,254,29,30,25,22,31,26,254,0,60
2025-07-06 08:59:00+00:00,64,254,28,30,24,22,31,26,254,0,103
2025-07-06 09:59:00+00:00,64,254,28,30,24,21,31,26,254,0,60
2025-07-06 10:59:00+00:00,64,254,28,30,24,22,31,26,254,0,60
2025-07-06 11:59:00+00:00,63,254,29,30,25,21,31,26,254,0,60
2025-07-06 12:59:00+00:00,63,254,29,30,25,22,31,26,254,0,60
2025-07-06 13:59:00+00:00,62,254,28,29,24,21,31,26,254,0,60
2025-07-06 14:59:00+00:00,62,254,29,29,25,21,31,26,254,0,60
2025-07-06 15:59:00+00:00,62,254,29,29,24,21,31,26,254,0,60
2025-07-06 16:59:00+00:00,62,254,29,30,25,22,32,26,254,0,60
2025-07-06 17:59:00+00:00,62,254,30,30,25,22,32,26,254,0,60
2025-07-06 18:59:00+00:00,62,254,30,30,25,22,32,26,254,0,60
2025-07-06 19:59:00+00:00,62,254,30,30,25,22,33,26,254,0,60
2025-07-06 20:59:00+00:00,63,254,31,31,25,22,34,27,254,0,60
2025-07-06 21:59:00+00:00,63,254,31,31,25,22,34,27,254,0,60
2025-07-06 22:59:00+00:00,64,254,32,31,26,22,35,27,254,0,60
2025-07-06 23:59:00+00:00,64,254,32,31,25,23,35,27,254,0,60
2025-07-07 00:59:00+00:00,65,254,33,31,26,23,36,28,254,0,60
2025-07-07 01:59:00+00:00,65,254,33,31,26,23,37,28,254,0,60
2025-07-07 02:59:00+00:00,65,254,32,31,26,23,36,27,254,0,60
2025-07-07 03:59:00+00:00,65,254,32,31,26,23,36,27,254,0,60
2025-07-07 04:59:00+00:00,65,254,32,31,26,23,36,27,254,0,60
2025-07-07 05:59:00+00:00,65,254,32,31,26,23,36,27,254,0,60
2025-07-07 06:59:00+00:00,65,254,32,31,26,23,36,27,254,0,60
2025-07-07 07:59:00+00:00,64,254,32,31,26,22,35,27,254,0,60
2025-07-07 08:59:00+00:00,64,254,32,31,26,22,35,27,254,0,103
2025-07-07 09:59:00+00:00,64,254,32,31,26,23,35,27,254,0,60
2025-07-07 10:59:00+00:00,63,254,32,31,26,22,35,27,254,0,60
2025-07-07 11:59:00+00:00,63,254,32,31,26,22,35,27,254,0,60
2025-07-07 12:59:00+00:00,62,254,32,30,26,22,35,27,254,0,60
2025-07-07 13:59:00+00:00,62,254,32,30,26,22,35,27,254,0,60
2025-07-07 14:59:00+00:00,62,254,32,30,26,22,35,27,254,0,60
2025-07-07 15:59:00+00:00,61,254,33,30,26,23,35,27,254,0,60
2025-07-07 16:59:00+00:00,61,254,33,31,26,23,36,27,254,0,60
2025-07-07 17:59:00+00:00,62,254,33,31,26,23,36,27,254,0,60
2025-07-07 18:59:00+00:00,62,254,34,31,26,22,37,27,254,0,60
2025-07-07 19:59:00+00:00,62,254,34,31,26,23,38,27,254,0,60
2025-07-07 20:59:00+00:00,63,254,35,32,27,23,39,28,254,0,60
2025-07-07 21:59:00+00:00,64,254,36,32,27,23,40,28,254,0,60
2025-07-07 22:59:00+00:00,64,254,36,32,27,23,40,28,254,0,60
2025-07-07 23:59:00+00:00,65,254,37,32,28,24,42,28,254,0,60
2025-07-08 00:59:00+00:00,65,254,37,32,28,24,42,28,254,12,60
2025-07-08 01:59:00+00:00,66,254,37,32,27,24,43,28,254,20,60
2025-07-08 02:59:00+00:00,66,254,37,32,28,23,43,28,254,16,60
2025-07-08 03:59:00+00:00,66,254,37,32,27,24,43,28,254,23,60
2025-07-08 04:59:00+00:00,66,254,36,32,27,24,42,28,254,28,60
2025-07-08 05:59:00+00:00,66,254,35,32,27,24,42,28,254,28,60
2025-07-08 06:59:00+00:00,66,254,29,32,27,23,41,28,254,27,60
2025-07-08 07:59:00+00:00,65,254,20,32,25,23,41,28,254,21,60
2025-07-08 08:59:00+00:00,65,254,15,32,22,23,34,28,254,28,103
2025-07-08 09:59:00+00:00,64,254,12,31,17,23,19,27,254,24,60
2025-07-08 10:59:00+00:00,64,254,10,30,13,23,14,27,254,22,60
2025-07-08 11:59:00+00:00,63,254,7,29,11,22,12,26,254,20,60
2025-07-08 12:59:00+00:00,63,254,5,27,10,21,10,25,254,20,60
2025-07-08 13:59:00+00:00,62,254,5,25,10,20,10,23,254,6,60
2025-07-08 14:59:00+00:00,62,254,7,23,10,19,12,22,254,0,60
2025-07-08 15:59:00+00:00,62,254,10,23,11,19,13,22,254,0,60
2025-07-08 16:59:00+00:00,62,254,12,23,12,19,15,22,254,0,60
2025-07-08 17:59:00+00:00,62,254,14,23,12,18,17,22,254,0,60
2025-07-08 18:59:00+00:00,62,254,15,23,14,18,18,22,254,0,60
2025-07-08 19:59:00+00:00,62,254,16,24,14,18,19,23,254,0,60
2025-07-08 20:59:00+00:00,63,254,17,24,15,19,20,23,254,0,60
2025-07-08 21:59:00+00:00,64,254,18,25,15,19,20,23,254,0,60
2025-07-08 22:59:00+00:00,64,254,18,25,15,19,21,24,254,0,60
2025-07-08 23:59:00+00:00,65,254,19,26,16,20,21,24,254,0,60
2025-07-09 00:59:00+00:00,65,254,19,26,17,20,21,24,254,0,60
2025-07-09 01:59:00+00:00,66,254,20,26,17,20,21,24,254,0,60
2025-07-09 02:59:00+00:00,66,254,20,26,17,20,21,24,254,0,60
2025-07-09 03:59:00+00:00,67,254,20,27,17,20,22,25,254,0,60
2025-07-09 04:59:00+00:00,67,254,20,27,18,20,22,25,254,0,60
2025-07-09 05:59:00+00:00,66,254,20,27,17,20,22,24,254,0,60
2025-07-09 06:59:00+00:00,66,254,20,27,17,20,22,24,254,0,60
2025-07-09 07:59:00+00:00,66,254,20,27,18,20,22,24,254,0,60
2025-07-09 08:59:00+00:00,66,254,20,27,18,20,22,24,254,0,103
2025-07-09 09:59:00+00:00,65,254,21,27,18,20,22,24,254,0,60
2025-07-09 10:59:00+00:00,65,254,21,27,18,20,22,24,254,0,60
2025-07-09 11:59:00+00:00,64,254,21,27,18,20,22,24,254,0,60
2025-07-09 12:59:00+00:00,64,254,21,27,18,20,22,24,254,0,60
2025-07-09 13:59:00+00:00,64,254,21,27,18,20,23,24,254,0,60
2025-07-09 14:59:00+00:00,63,254,21,27,18,20,23,24,254,0,60
2025-07-09 15:59:00+00:00,63,254,22,27,18,20,23,24,254,0,60
2025-07-09 16:59:00+00:00,63,254,22,27,19,20,23,24,254,0,60
2025-07-09 17:59:00+00:00,63,254,22,27,19,21,23,24,254,0,60
2025-07-09 18:59:00+00:00,63,254,22,28,19,21,24,24,254,0,60
2025-07-09 19:59:00+00:00,64,254,23,28,19,21,24,25,254,0,60
2025-07-09 20:59:00+00:00,64,254,23,28,19,21,24,25,254,0,60
2025-07-09 21:59:00+00:00,65,254,23,28,20,21,25,25,254,0,60
2025-07-09 22:59:00+00:00,65,254,24,29,20,21,25,25,254,0,60
2025-07-09 23:59:00+00:00,66,254,24,29,20,21,25,25,254,0,60
2025-07-10 00:59:00+00:00,66,254,24,29,20,22,25,25,254,0,60
2025-07-10 01:59:00+00:00,67,254,24,29,21,22,26,26,254,0,60
2025-07-10 02:59:00+00:00,67,254,24,29,21,22,26,26,254,0,60
2025-07-10 03:59:00+00:00,67,254,24,29,21,22,26,25,254,0,60
2025-07-10 04:59:00+00:00,67,254,24,29,21,22,26,26,254,0,60
2025-07-10 05:59:00+00:00,67,254,24,29,21,22,26,25,254,0,60
2025-07-10 06:59:00+00:00,66,254,24,29,21,22,25,25,254,0,60
2025-07-10 07:59:00+00:00,66,254,24,29,21,21,25,25,254,0,60
2025-07-10 08:59:00+00:00,66,254,24,29,21,22,26,25,254,0,103
2025-07-10 09:59:00+00:00,65,254,24,29,21,21,26,25,254,0,60
2025-07-10 10:59:00+00:00,65,254,24,29,21,22,26,25,254,0,60
2025-07-10 11:59:00+00:00,65,254,25,29,21,21,26,25,254,0,60
2025-07-10 12:59:00+00:00,64,254,24,28,21,21,26,25,254,0,60
2025-07-10 13:59:00+00:00,64,254,25,28,21,21,26,25,254,0,60
2025-07-10 14:59:00+00:00,64,254,25,29,21,21,26,25,254,0,60
2025-07-10 15:59:00+00:00,63,254,25,29,22,21,26,25,254,0,60
2025-07-10 16:59:00+00:00,63,254,25,29,22,21,26,25,254,0,60
2025-07-10 18:00:00+00:00,63,254,25,29,22,21,26,25,254,0,60
2025-07-10 19:00:00+00:00,63,254,26,29,22,22,27,25,254,0,60
2025-07-10 20:00:00+00:00,63,254,26,29,22,22,27,25,254,0,60
2025-07-10 21:00:00+00:00,64,254,26,29,22,22,27,25,254,0,60
2025-07-10 22:00:00+00:00,64,254,27,29,22,22,27,26,254,0,60
2025-07-10 23:00:00+00:00,64,254,27,29,22,22,28,26,254,0,60
2025-07-11 00:00:00+00:00,65,254,27,30,23,22,28,26,254,0,60
2025-07-11 01:00:00+00:00,65,254,28,30,23,22,28,26,254,0,60
2025-07-11 02:00:00+00:00,65,254,28,30,23,22,28,26,254,0,60
2025-07-11 03:00:00+00:00,65,254,28,30,23,22,28,26,254,0,60
2025-07-11 04:00:00+00:00,65,254,28,30,23,22,28,26,254,0,60
2025-07-11 05:00:00+00:00,65,254,28,30,23,22,28,26,254,0,60
2025-07-11 06:00:00+00:00,65,254,28,30,23,22,28,26,254,0,60
2025-07-11 07:00:00+00:00,65,254,28,30,24,22,28,26,254,0,60
2025-07-11 08:00:00+00:00,65,254,28,30,23,22,28,26,254,0,103
2025-07-11 09:00:00+00:00,64,254,27,29,23,21,28,25,254,0,60
2025-07-11 10:00:00+00:00,64,254,27,30,23,22,28,25,254,0,60
2025-07-11 11:00:00+00:00,64,254,27,30,23,22,28,25,254,0,60
2025-07-11 12:00:00+00:00,64,254,28,30,24,22,28,25,254,0,60
2025-07-11 13:00:00+00:00,63,254,28,30,24,22,28,25,254,0,60
2025-07-11 14:00:00+00:00,63,254,28,30,24,22,28,26,254,0,60
2025-07-11 15:00:00+00:00,63,254,28,30,24,22,28,26,254,0,60
2025-07-11 16:00:00+00:00,63,254,28,30,24,22,29,26,254,0,60
2025-07-11 17:00:00+00:00,63,254,28,30,24,22,29,26,254,0,60
2025-07-11 18:00:00+00:00,63,254,28,30,24,22,29,26,254,0,60
2025-07-11 19:00:00+00:00,63,254,29,30,24,22,29,26,254,0,60
2025-07-11 20:00:00+00:00,63,254,29,30,24,22,29,26,254,0,60
2025-07-11 21:00:00+00:00,64,254,29,30,25,22,30,26,254,0,60
2025-07-11 22:00:00+00:00,64,254,29,30,25,22,30,26,254,0,60
2025-07-11 23:00:00+00:00,65,254,30,31,25,23,31,27,254,0,60
2025-07-12 00:00:00+00:00,65,254,31,31,25,23,31,27,254,0,60
2025-07-12 01:00:00+00:00,65,254,31,31,25,23,31,27,254,0,60
2025-07-12 02:00:00+00:00,66,254,31,31,25,23,31,27,254,0,60
2025-07-12 03:00:00+00:00,66,254,31,31,25,23,31,26,254,0,60
2025-07-12 04:00:00+00:00,66,254,31,31,25,23,31,26,254,0,60
2025-07-12 05:00:00+00:00,66,254,31,31,25,23,31,26,254,0,60
2025-07-12 06:00:00+00:00,66,254,31,31,26,22,31,26,254,0,60
2025-07-12 07:00:00+00:00,66,254,31,31,25,23,31,26,254,0,60
2025-07-12 08:00:00+00:00,65,254,31,31,26,22,31,26,254,0,103
2025-07-12 09:00:00+00:00,65,254,31,31,26,23,31,26,254,0,60
2025-07-12 10:00:00+00:00,64,254,31,30,25,22,31,26,254,0,60
2025-07-12 11:00:00+00:00,64,254,31,30,25,22,31,26,254,0,60
2025-07-12 12:00:00+00:00,63,254,31,30,26,22,31,26,254,0,60
2025-07-12 13:00:00+00:00,63,254,31,30,26,22,31,26,254,0,60
2025-07-12 14:00:00+00:00,63,254,31,30,26,22,31,26,254,0,60
2025-07-12 15:00:00+00:00,62,254,31,30,25,22,31,25,254,0,60
2025-07-12 16:00:00+00:00,62,254,31,30,26,22,31,26,254,0,60
2025-07-12 17:00:00+00:00,62,254,31,30,26,22,31,26,254,0,60
2025-07-12 18:00:00+00:00,62,254,31,30,26,22,32,26,254,0,60
2025-07-12 19:00:00+00:00,62,254,32,30,26,22,32,26,254,0,60
2025-07-12 20:00:00+00:00,63,254,33,31,27,23,33,26,254,0,60
2025-07-12 21:00:00+00:00,63,254,33,31,27,23,33,26,254,0,60
2025-07-12 22:00:00+00:00,64,254,34,31,27,23,34,27,254,0,60
2025-07-12 23:00:00+00:00,64,254,34,31,27,23,34,27,254,0,60
2025-07-13 00:00:00+00:00,64,254,35,31,27,23,35,27,254,0,60
2025-07-13 01:00:00+00:00,65,254,36,32,28,23,36,27,254,0,60
2025-07-13 02:00:00+00:00,65,254,36,32,28,23,36,27,254,0,60
2025-07-13 03:00:00+00:00,65,254,36,32,28,24,36,27,254,0,60
2025-07-13 04:00:00+00:00,66,254,36,32,28,23,36,27,254,0,60
2025-07-13 05:00:00+00:00,66,254,36,32,28,23,36,27,254,0,60
2025-07-13 06:00:00+00:00,65,254,36,32,28,24,36,27,254,0,60
2025-07-13 07:00:00+00:00,65,254,36,31,28,23,36,27,254,0,60
2025-07-13 08:00:00+00:00,65,254,36,31,28,23,36,27,254,0,103
2025-07-13 09:00:00+00:00,65,254,36,31,29,23,36,27,254,0,60
2025-07-13 10:00:00+00:00,64,254,35,31,28,23,36,26,254,0,60
2025-07-13 11:00:00+00:00,64,254,36,31,28,22,36,26,254,0,60
2025-07-13 12:00:00+00:00,63,254,36,31,28,23,36,26,254,0,60
2025-07-13 13:00:00+00:00,63,254,36,31,29,22,36,26,254,0,60
2025-07-13 14:00:00+00:00,63,254,36,31,28,23,36,26,254,0,60
2025-07-13 15:00:00+00:00,62,254,35,30,28,22,35,26,254,0,60
2025-07-13 16:00:00+00:00,62,254,36,31,28,22,36,26,254,0,60
2025-07-13 17:00:00+00:00,62,254,36,31,28,23,36,26,254,0,60
2025-07-13 18:00:00+00:00,62,254,37,31,28,22,37,26,254,0,60
2025-07-13 19:00:00+00:00,62,254,37,31,29,23,37,26,254,0,60
2025-07-13 20:00:00+00:00,63,254,38,32,29,23,39,27,254,0,60
2025-07-13 21:00:00+00:00,63,254,39,32,29,24,39,27,254,0,60
2025-07-13 22:00:00+00:00,64,254,40,32,30,23,40,27,254,0,60
2025-07-13 23:00:00+00:00,64,254,40,32,30,24,41,27,254,0,60
2025-07-14 00:00:00+00:00,65,254,42,33,31,24,43,27,254,0,60
2025-07-14 01:00:00+00:00,65,254,43,33,31,24,43,27,254,0,60
2025-07-14 02:00:00+00:00,66,254,43,32,31,24,44,27,254,0,60
2025-07-14 03:00:00+00:00,66,254,44,32,31,24,44,27,254,0,60
2025-07-14 04:00:00+00:00,66,254,44,32,31,24,45,27,254,0,60
2025-07-14 05:00:00+00:00,66,254,43,32,32,23,44,27,254,0,60
2025-07-14 06:00:00+00:00,66,254,43,32,32,23,44,27,254,0,60
2025-07-14 07:00:00+00:00,66,254,43,32,32,23,44,27,254,0,60
2025-07-14 08:00:00+00:00,66,254,43,32,32,24,44,27,254,0,103
2025-07-14 09:00:00+00:00,65,254,43,32,32,24,44,27,254,0,60
2025-07-14 10:00:00+00:00,65,254,43,32,32,23,44,27,254,0,60
2025-07-14 11:00:00+00:00,64,254,42,31,31,23,43,26,254,0,60
2025-07-14 12:00:00+00:00,64,254,42,31,32,23,43,26,254,0,60
2025-07-14 13:00:00+00:00,64,254,42,31,32,23,43,26,254,0,60
2025-07-14 14:00:00+00:00,63,254,42,31,32,23,43,26,254,0,60
2025-07-14 15:00:00+00:00,63,254,42,31,32,23,43,26,254,0,60
2025-07-14 16:00:00+00:00,63,254,43,32,32,23,43,26,254,0,60
2025-07-14 17:00:00+00:00,63,254,43,32,33,23,44,27,254,0,60
2025-07-14 18:00:00+00:00,63,254,44,32,33,23,45,27,254,0,60
2025-07-14 19:00:00+00:00,63,254,45,32,33,23,46,27,254,0,60
2025-07-14 20:00:00+00:00,64,254,46,32,33,24,46,27,254,0,60
2025-07-14 21:00:00+00:00,64,254,47,32,33,24,47,27,254,0,60
2025-07-14 22:00:00+00:00,65,254,49,33,34,24,48,27,254,0,60
2025-07-14 23:00:00+00:00,65,254,50,33,34,24,49,28,254,0,60
2025-07-15 00:00:00+00:00,65,254,51,33,34,25,50,28,254,0,60
2025-07-15 01:00:00+00:00,66,254,52,33,35,25,51,28,254,0,60
2025-07-15 02:00:00+00:00,66,254,53,33,35,24,51,27,254,0,60
2025-07-15 03:00:00+00:00,67,254,54,33,36,24,52,28,254,0,60
2025-07-15 04:00:00+00:00,67,254,55,33,36,25,53,28,254,0,60
2025-07-15 05:00:00+00:00,67,254,55,33,37,25,53,28,254,0,60
2025-07-15 06:00:00+00:00,67,254,54,33,37,24,53,27,254,0,60
2025-07-15 07:00:00+00:00,66,254,53,33,37,24,52,27,254,0,60
2025-07-15 08:00:00+00:00,66,254,53,32,37,23,52,27,254,0,103
2025-07-15 09:00:00+00:00,66,254,53,32,37,24,52,27,254,0,60
2025-07-15 10:00:00+00:00,65,254,53,32,37,24,52,27,254,0,60
2025-07-15 11:00:00+00:00,65,254,52,32,37,24,52,27,254,0,60
2025-07-15 12:00:00+00:00,65,254,52,32,38,23,52,27,254,0,60
2025-07-15 13:00:00+00:00,64,254,51,32,37,23,51,26,254,0,60
2025-07-15 14:00:00+00:00,64,254,51,32,37,23,51,26,254,0,60
2025-07-15 15:00:00+00:00,64,254,51,32,37,24,51,26,254,0,60
2025-07-15 16:00:00+00:00,63,254,51,32,37,23,51,26,254,0,60
2025-07-15 17:00:00+00:00,63,254,52,32,37,23,51,27,254,0,60
2025-07-15 18:00:00+00:00,63,254,53,32,38,24,52,27,254,0,60
2025-07-15 19:00:00+00:00,64,254,54,32,38,24,53,27,254,0,60
2025-07-15 20:00:00+00:00,64,254,55,33,38,24,53,27,254,0,60
2025-07-15 21:00:00+00:00,64,254,56,33,39,24,53,27,254,0,60
2025-07-15 22:00:00+00:00,64,254,56,33,39,24,53,27,254,0,60
2025-07-15 23:00:00+00:00,65,254,58,33,40,24,54,28,254,0,60
2025-07-16 00:00:00+00:00,65,254,59,33,40,24,54,27,254,0,60
2025-07-16 01:00:00+00:00,66,254,59,33,41,24,55,27,254,0,60
2025-07-16 02:00:00+00:00,66,254,60,33,41,24,55,27,254,0,60
2025-07-16 03:00:00+00:00,66,254,60,33,42,24,55,27,254,0,60
2025-07-16 04:00:00+00:00,66,254,60,33,42,24,55,27,254,0,60
2025-07-16 05:00:00+00:00,66,254,60,33,42,24,55,27,254,0,60
2025-07-16 06:00:00+00:00,66,254,60,33,42,24,55,27,254,0,60
2025-07-16 07:00:00+00:00,66,254,59,33,42,24,55,27,254,0,60
2025-07-16 08:00:00+00:00,65,254,59,33,42,25,55,27,254,0,103
2025-07-16 09:00:00+00:00,65,254,59,33,43,24,55,27,254,0,60
2025-07-16 10:00:00+00:00,65,254,59,33,43,24,55,27,254,0,60
2025-07-16 11:00:00+00:00,65,254,58,33,43,24,55,27,254,0,60
2025-07-16 12:00:00+00:00,64,254,57,32,42,24,54,26,254,0,60
2025-07-16 13:00:00+00:00,64,254,57,32,42,24,54,26,254,0,60
2025-07-16 14:00:00+00:00,64,254,57,32,43,23,54,26,254,0,60
2025-07-16 15:00:00+00:00,63,254,57,32,43,23,54,27,254,0,60
2025-07-16 16:00:00+00:00,63,254,57,32,43,24,54,26,254,0,60
2025-07-16 17:00:00+00:00,63,254,57,33,43,24,54,27,254,0,60
2025-07-16 18:00:00+00:00,63,254,58,33,44,24,54,27,254,0,60
2025-07-16 19:00:00+00:00,63,254,59,33,44,24,55,27,254,0,60
2025-07-16 20:00:00+00:00,63,254,61,33,44,24,55,27,254,0,60
2025-07-16 21:00:00+00:00,64,254,61,33,44,24,55,27,254,0,60
2025-07-16 22:00:00+00:00,64,254,62,33,45,24,56,27,254,0,60
2025-07-16 23:00:00+00:00,65,254,63,34,46,25,56,28,254,0,60
2025-07-17 00:00:00+00:00,65,254,64,34,47,25,56,28,254,0,60
2025-07-17 01:00:00+00:00,66,254,64,34,47,25,56,28,254,0,60
2025-07-17 02:00:00+00:00,66,254,64,34,47,25,56,28,254,0,60
2025-07-17 03:00:00+00:00,66,254,64,34,48,25,55,27,254,0,60
2025-07-17 04:00:00+00:00,66,254,64,34,48,25,55,27,254,0,60
2025-07-17 05:00:00+00:00,66,254,65,34,49,24,56,27,254,0,60
2025-07-17 06:00:00+00:00,66,254,65,33,49,24,55,27,254,0,60
2025-07-17 07:00:00+00:00,66,254,65,33,49,25,56,27,254,0,60
2025-07-17 08:00:00+00:00,66,254,65,33,49,25,56,27,254,0,103
2025-07-17 09:00:00+00:00,65,254,64,33,50,24,56,27,254,0,60
2025-07-17 10:00:00+00:00,65,254,65,33,50,24,57,27,254,0,60
2025-07-17 11:00:00+00:00,64,254,63,33,49,24,56,26,254,0,60
2025-07-17 12:00:00+00:00,64,254,63,33,49,24,56,26,254,0,60
2025-07-17 13:00:00+00:00,64,254,63,33,49,24,56,26,254,0,60
2025-07-17 14:00:00+00:00,63,254,63,33,50,24,56,26,254,0,60
2025-07-17 15:00:00+00:00,63,254,63,33,49,24,56,26,254,0,60
2025-07-17 16:00:00+00:00,63,254,63,33,50,24,57,27,254,0,60
2025-07-17 17:00:00+00:00,63,254,63,33,50,24,57,27,254,0,60
2025-07-17 18:00:00+00:00,63,254,63,33,50,25,57,27,254,0,60
2025-07-17 19:00:00+00:00,63,254,64,33,51,25,57,27,254,0,60
2025-07-17 20:00:00+00:00,63,254,65,34,51,25,57,27,254,0,60
2025-07-17 21:00:00+00:00,64,254,66,34,51,25,57,27,254,0,60
2025-07-17 22:00:00+00:00,64,254,66,34,52,25,57,27,254,0,60
2025-07-17 23:00:00+00:00,65,254,67,34,53,25,57,28,254,0,60
2025-07-18 00:00:00+00:00,65,254,67,35,53,26,57,28,254,0,60
2025-07-18 01:00:00+00:00,66,254,67,34,54,25,57,28,254,0,60
2025-07-18 02:00:00+00:00,66,254,67,34,55,25,57,28,254,0,60
2025-07-18 03:00:00+00:00,67,254,68,35,56,26,57,28,254,0,60
2025-07-18 04:00:00+00:00,67,254,68,35,56,25,57,28,254,0,60
2025-07-18 05:00:00+00:00,67,254,68,35,56,26,57,28,254,0,60
2025-07-18 06:00:00+00:00,67,254,68,34,57,25,57,28,254,0,60
2025-07-18 07:00:00+00:00,67,254,68,34,57,25,57,27,254,0,60
2025-07-18 08:00:00+00:00,66,254,67,34,56,25,57,27,254,0,103
2025-07-18 09:00:00+00:00,66,254,67,34,56,25,57,27,254,0,60
2025-07-18 10:00:00+00:00,66,254,67,34,56,25,57,27,254,0,60
2025-07-18 11:00:00+00:00,65,254,67,34,56,25,57,27,254,0,60
2025-07-18 12:00:00+00:00,65,254,67,34,56,25,58,27,254,0,60
2025-07-18 13:00:00+00:00,65,254,67,33,56,25,58,27,254,0,60
2025-07-18 14:00:00+00:00,64,254,66,33,55,24,57,26,254,0,60
2025-07-18 15:00:00+00:00,64,254,66,33,55,24,57,27,254,0,60
2025-07-18 16:00:00+00:00,64,254,66,33,55,24,57,27,254,0,60
2025-07-18 17:00:00+00:00,64,254,66,33,56,24,57,27,254,0,60
2025-07-18 18:00:00+00:00,64,254,66,34,56,25,58,27,254,0,60
2025-07-18 19:00:00+00:00,64,254,67,34,56,25,58,27,254,0,60
2025-07-18 20:00:00+00:00,64,254,67,34,57,25,58,27,254,0,60
2025-07-18 21:00:00+00:00,65,254,69,34,58,26,59,28,254,0,60
2025-07-18 22:00:00+00:00,65,254,69,35,58,26,58,28,254,0,60
2025-07-18 23:00:00+00:00,65,254,69,35,58,26,58,28,254,0,60
2025-07-19 00:00:00+00:00,66,254,69,35,59,26,58,28,254,0,60
2025-07-19 01:00:00+00:00,66,254,69,35,59,26,58,28,254,0,60
2025-07-19 02:01:00+00:00,67,254,70,35,60,26,58,28,254,0,60
2025-07-19 03:01:00+00:00,67,254,70,35,61,26,58,28,254,0,60
2025-07-19 04:01:00+00:00,67,254,70,35,60,26,58,28,254,0,60
2025-07-19 05:01:00+00:00,67,254,70,35,61,26,58,28,254,0,60
2025-07-19 06:01:00+00:00,67,254,70,35,61,26,58,28,254,0,60
2025-07-19 07:01:00+00:00,66,254,69,34,61,25,58,27,254,0,60
2025-07-19 08:01:00+00:00,66,254,69,34,60,26,58,27,254,0,103
2025-07-19 09:01:00+00:00,66,254,70,34,61,26,58,27,254,0,60
2025-07-19 10:01:00+00:00,66,254,70,34,61,25,58,27,254,0,60
2025-07-19 11:01:00+00:00,65,254,70,34,62,25,58,27,254,0,60
2025-07-19 12:01:00+00:00,65,254,70,34,61,25,59,27,254,0,60
2025-07-19 13:01:00+00:00,65,254,70,34,61,25,59,27,254,0,60
2025-07-19 14:01:00+00:00,64,254,68,33,60,24,58,26,254,0,60
2025-07-19 15:01:00+00:00,64,254,69,33,61,24,58,27,254,0,60
2025-07-19 16:01:00+00:00,64,254,69,33,61,25,58,27,254,0,60
2025-07-19 17:01:00+00:00,64,254,69,34,61,25,58,27,254,0,60
2025-07-19 18:01:00+00:00,64,254,69,34,61,26,58,27,254,0,60
2025-07-19 19:01:00+00:00,64,254,70,34,62,25,58,27,254,0,60
2025-07-19 20:01:00+00:00,64,254,71,34,62,26,59,27,254,0,60
2025-07-19 21:01:00+00:00,64,254,71,34,62,26,58,27,254,0,60
2025-07-19 22:01:00+00:00,65,254,72,35,63,27,59,28,254,0,60
2025-07-19 23:01:00+00:00,65,254,72,35,63,27,59,28,254,0,60
2025-07-20 00:01:00+00:00,65,254,72,35,64,26,59,28,254,0,60
2025-07-20 01:01:00+00:00,66,254,71,35,63,27,59,28,254,0,60
2025-07-20 02:01:00+00:00,66,254,71,35,63,27,58,28,254,0,60
2025-07-20 03:01:00+00:00,66,254,71,35,63,26,58,27,254,0,60
2025-07-20 04:01:00+00:00,66,254,71,35,63,27,58,27,254,0,60
2025-07-20 05:01:00+00:00,66,254,71,35,65,26,58,27,254,0,60
2025-07-20 06:01:00+00:00,66,254,71,34,64,27,58,27,254,0,60
2025-07-20 07:01:00+00:00,66,254,71,34,65,26,58,27,254,0,60
2025-07-20 08:01:00+00:00,66,254,71,34,64,26,59,27,254,0,103
2025-07-20 09:01:00+00:00,65,254,71,34,65,26,59,27,254,0,60
2025-07-20 10:01:00+00:00,65,254,72,34,66,26,59,27,254,0,60
2025-07-20 11:01:00+00:00,65,254,72,34,66,26,59,27,254,0,60
2025-07-20 12:01:00+00:00,64,254,71,34,64,26,59,26,254,0,60
2025-07-20 13:01:00+00:00,64,254,71,33,65,25,59,26,254,0,60
2025-07-20 14:01:00+00:00,63,254,71,33,65,25,59,26,254,0,60
2025-07-20 15:01:00+00:00,63,254,71,34,65,25,59,27,254,0,60
2025-07-20 16:01:00+00:00,63,254,71,34,66,25,59,27,254,0,60
2025-07-20 17:01:00+00:00,63,254,71,34,66,26,59,27,254,0,60
2025-07-20 18:01:00+00:00,63,254,71,34,66,26,59,27,254,0,60
2025-07-20 19:01:00+00:00,63,254,71,34,66,26,59,27,254,0,60
2025-07-20 20:01:00+00:00,63,254,72,34,66,26,59,27,254,0,60
2025-07-20 21:01:00+00:00,64,254,72,35,67,26,59,27,254,0,60
2025-07-20 22:01:00+00:00,64,254,72,35,66,27,59,27,254,0,60
2025-07-20 23:01:00+00:00,64,254,72,35,66,27,59,28,254,0,60
2025-07-21 00:01:00+00:00,65,254,73,35,67,28,60,28,254,0,60
2025-07-21 01:01:00+00:00,65,254,72,35,67,27,59,28,254,0,60
2025-07-21 02:01:00+00:00,66,254,71,35,65,28,58,28,254,17,60
2025-07-21 03:01:00+00:00,66,254,70,35,66,27,58,28,254,25,60
2025-07-21 04:01:00+00:00,66,254,70,35,66,27,57,27,254,26,60
2025-07-21 05:01:00+00:00,66,254,70,35,65,27,58,27,254,31,60
2025-07-21 06:01:00+00:00,66,254,70,34,66,27,58,27,254,20,60
2025-07-21 07:01:00+00:00,66,254,70,34,66,27,58,27,254,23,60
2025-07-21 08:01:00+00:00,66,254,70,34,66,26,58,27,254,19,103
2025-07-21 09:01:00+00:00,66,254,70,34,66,26,58,27,254,24,60
2025-07-21 10:01:00+00:00,65,254,69,34,65,27,59,27,254,20,60
2025-07-21 11:01:00+00:00,65,254,64,34,62,27,55,27,254,23,60
2025-07-21 12:01:00+00:00,64,254,46,33,56,26,17,26,254,17,60
2025-07-21 13:01:00+00:00,64,254,17,33,48,26,11,26,254,23,60
2025-07-21 14:01:00+00:00,63,254,12,33,36,26,10,25,254,3,60
2025-07-21 15:01:00+00:00,63,254,11,32,24,26,10,24,254,0,60
2025-07-21 16:01:00+00:00,62,254,11,30,19,25,11,23,254,0,60
2025-07-21 17:01:00+00:00,62,254,12,29,16,25,12,22,254,0,60
2025-07-21 18:01:00+00:00,62,254,13,28,15,25,13,22,254,1,60
2025-07-21 19:01:00+00:00,62,254,14,28,15,24,14,22,254,0,60
2025-07-21 20:01:00+00:00,62,254,15,27,15,24,15,22,254,0,60
2025-07-21 21:01:00+00:00,63,254,15,27,15,24,15,23,254,0,60
2025-07-21 22:01:00+00:00,63,254,16,27,15,24,16,23,254,0,60
2025-07-21 23:01:00+00:00,63,254,16,27,16,23,16,23,254,0,60
2025-07-22 00:01:00+00:00,64,254,17,28,16,23,16,23,254,0,60
2025-07-22 01:01:00+00:00,64,254,17,28,16,23,16,23,254,0,60
2025-07-22 02:01:00+00:00,64,254,17,28,16,23,16,23,254,0,60
2025-07-22 03:01:00+00:00,64,254,17,28,16,23,17,23,254,0,60
2025-07-22 04:01:00+00:00,64,254,17,28,16,22,17,23,254,0,60
2025-07-22 05:01:00+00:00,64,254,18,28,16,22,17,23,254,0,60
2025-07-22 06:01:00+00:00,64,254,18,28,16,22,17,23,254,0,60
2025-07-22 07:01:00+00:00,64,254,18,28,16,22,17,23,254,0,60
2025-07-22 08:01:00+00:00,64,254,18,28,16,21,17,23,254,0,103
2025-07-22 09:01:00+00:00,64,254,18,28,16,21,17,23,254,0,60
2025-07-22 10:01:00+00:00,63,254,18,28,17,21,17,23,254,0,60
2025-07-22 11:01:00+00:00,63,254,18,28,17,21,17,23,254,0,60
2025-07-22 12:01:00+00:00,63,254,18,29,17,21,17,23,254,0,60
2025-07-22 13:01:00+00:00,62,254,18,28,17,20,17,23,254,0,60
2025-07-22 14:01:00+00:00,62,254,18,28,17,20,17,23,254,0,60
2025-07-22 15:01:00+00:00,62,254,19,28,17,20,17,23,254,0,60
2025-07-22 16:01:00+00:00,62,254,19,28,17,21,18,23,254,0,60
2025-07-22 17:01:00+00:00,62,254,19,28,17,20,18,23,254,0,60
2025-07-22 18:01:00+00:00,62,254,19,29,18,21,18,23,254,0,60
2025-07-22 19:01:00+00:00,62,254,19,29,18,20,18,23,254,0,60
2025-07-22 20:01:00+00:00,62,254,20,29,18,20,18,24,254,0,60
2025-07-22 21:01:00+00:00,63,254,20,29,18,21,19,24,254,0,59
2025-07-22 22:01:00+00:00,63,254,20,29,18,21,19,24,254,0,60
2025-07-22 23:01:00+00:00,63,254,20,30,18,21,19,24,254,0,60
2025-07-23 00:01:00+00:00,64,254,20,30,18,21,19,24,254,0,60
2025-07-23 01:01:00+00:00,64,254,21,30,18,21,19,24,254,0,60
2025-07-23 02:01:00+00:00,64,254,21,30,18,21,19,24,254,0,60
2025-07-23 03:01:00+00:00,65,254,21,30,19,21,19,24,254,0,60
2025-07-23 04:01:00+00:00,65,254,21,30,19,22,19,24,254,0,60
2025-07-23 05:01:00+00:00,65,254,21,30,19,22,19,24,254,0,60
2025-07-23 06:01:00+00:00,64,254,20,30,19,21,19,24,254,0,60
2025-07-23 07:01:00+00:00,64,254,21,30,19,21,19,24,254,0,60
2025-07-23 08:01:00+00:00,64,254,21,30,19,21,19,24,254,0,103
2025-07-23 09:01:00+00:00,64,254,21,30,19,21,19,24,254,0,60
2025-07-23 10:01:00+00:00,64,254,21,30,19,21,19,24,254,0,60
2025-07-23 11:01:00+00:00,63,254,21,30,19,21,19,24,254,0,60
2025-07-23 12:01:00+00:00,63,254,21,30,19,21,19,24,254,0,60
2025-07-23 13:01:00+00:00,63,254,21,30,20,21,19,24,254,0,60
2025-07-23 14:01:00+00:00,63,254,21,30,20,21,19,24,254,0,60
2025-07-23 15:01:00+00:00,62,254,21,29,20,20,19,24,254,0,60
2025-07-23 16:01:00+00:00,62,254,21,29,19,21,19,24,254,0,60
2025-07-23 17:01:00+00:00,62,254,21,29,20,21,19,24,254,0,59
2025-07-23 18:01:00+00:00,62,254,21,30,19,21,19,24,254,0,59
2025-07-23 19:01:00+00:00,62,254,21,30,19,21,19,24,254,0,59
2025-07-23 20:01:00+00:00,63,254,22,30,20,21,20,24,254,0,59
2025-07-23 21:01:00+00:00,63,254,22,30,20,22,20,24,254,0,59
2025-07-23 22:01:00+00:00,63,254,22,30,21,21,20,25,254,0,59
2025-07-23 23:01:00+00:00,64,254,22,30,20,21,20,24,254,0,59
2025-07-24 00:01:00+00:00,64,254,22,31,20,22,20,24,254,0,59
2025-07-24 01:01:00+00:00,65,254,23,31,21,22,20,25,254,0,59
2025-07-24 02:01:00+00:00,65,254,23,31,21,22,20,25,254,0,59
2025-07-24 03:01:00+00:00,66,254,23,31,21,22,20,25,254,0,59
2025-07-24 04:01:00+00:00,66,254,23,31,21,22,20,25,254,0,60
2025-07-24 05:01:00+00:00,66,254,23,31,21,22,20,25,254,0,60
2025-07-24 06:01:00+00:00,66,254,23,31,22,21,20,25,254,0,60
2025-07-24 07:01:00+00:00,65,254,23,31,21,22,20,24,254,0,60
2025-07-24 08:01:00+00:00,65,254,23,31,21,22,21,24,254,0,103
2025-07-24 09:01:00+00:00,65,254,23,31,22,21,21,24,254,0,60
2025-07-24 10:01:00+00:00,64,254,23,30,21,21,20,24,254,0,60
2025-07-24 11:01:00+00:00,64,254,23,30,21,21,20,24,254,0,60
2025-07-24 12:01:00+00:00,64,254,23,30,21,21,21,24,254,0,60
2025-07-24 13:01:00+00:00,63,254,23,30,22,21,21,24,254,0,60
2025-07-24 14:01:00+00:00,63,254,23,30,22,21,21,24,254,0,60
2025-07-24 15:01:00+00:00,63,254,23,30,22,21,21,24,254,0,60
2025-07-24 16:01:00+00:00,62,254,23,30,22,21,21,24,254,0,59
2025-07-24 17:01:00+00:00,62,254,23,30,22,21,21,24,254,0,59
2025-07-24 18:01:00+00:00,62,254,23,30,22,21,21,24,254,0,59
2025-07-24 19:01:00+00:00,62,254,24,30,22,21,21,24,254,0,59
2025-07-24 20:01:00+00:00,63,254,24,31,22,21,21,25,254,0,59
2025-07-24 21:01:00+00:00,63,254,24,31,22,22,21,25,254,0,59
2025-07-24 22:01:00+00:00,64,254,24,31,22,22,21,25,254,0,59
2025-07-24 23:01:00+00:00,64,254,25,31,23,22,21,25,254,0,59
2025-07-25 00:01:00+00:00,65,254,25,31,23,22,22,25,254,0,59
2025-07-25 01:01:00+00:00,65,254,25,31,23,22,22,25,254,0,59
2025-07-25 02:01:00+00:00,65,254,25,31,23,22,22,25,254,0,60
2025-07-25 03:01:00+00:00,66,254,25,31,24,22,22,25,254,0,59
2025-07-25 04:01:00+00:00,66,254,25,31,24,22,22,25,254,0,60
2025-07-25 05:01:00+00:00,66,254,25,31,24,22,22,25,254,0,60
2025-07-25 06:01:00+00:00,65,254,25,31,24,22,22,25,254,0,60
2025-07-25 07:01:00+00:00,65,254,26,31,24,22,22,25,254,0,60
2025-07-25 08:01:00+00:00,65,254,26,31,24,22,22,25,254,0,103
2025-07-25 09:01:00+00:00,65,254,26,31,24,22,22,25,254,0,60
2025-07-25 10:01:00+00:00,64,254,25,30,24,21,22,24,254,0,60
2025-07-25 11:01:00+00:00,64,254,25,31,23,22,22,24,254,0,60
2025-07-25 12:01:00+00:00,63,254,25,30,24,21,22,24,254,0,60
2025-07-25 13:01:00+00:00,63,254,26,30,24,21,22,24,254,0,60
2025-07-25 14:01:00+00:00,63,254,26,31,24,21,22,24,254,0,60
2025-07-25 15:01:00+00:00,62,254,25,30,24,21,22,24,254,0,59
2025-07-25 16:01:00+00:00,62,254,25,30,24,21,22,24,254,0,59
2025-07-25 17:01:00+00:00,62,254,26,30,24,22,22,24,254,0,59
2025-07-25 18:01:00+00:00,62,254,26,30,24,21,22,24,254,0,59
2025-07-25 19:01:00+00:00,62,254,26,30,24,21,22,24,254,0,59
2025-07-25 20:01:00+00:00,63,254,27,31,25,22,23,25,254,0,59
2025-07-25 21:01:00+00:00,63,254,27,31,25,22,23,25,254,0,59
2025-07-25 22:01:00+00:00,63,254,27,31,25,22,23,25,254,0,59
2025-07-25 23:01:00+00:00,64,254,27,31,25,22,23,25,254,0,59
2025-07-26 00:01:00+00:00,64,254,27,31,25,23,23,25,254,0,59
2025-07-26 01:01:00+00:00,65,254,28,32,25,23,23,25,254,0,59
2025-07-26 02:01:00+00:00,65,254,28,32,26,22,23,25,254,0,59
2025-07-26 03:01:00+00:00,66,254,28,32,25,23,23,25,254,0,59
2025-07-26 04:01:00+00:00,66,254,28,32,26,23,23,25,254,0,59
2025-07-26 05:01:00+00:00,66,254,28,31,26,22,23,25,254,0,59
2025-07-26 06:01:00+00:00,66,254,28,31,26,23,23,25,254,0,60
2025-07-26 07:01:00+00:00,66,254,28,31,26,23,23,24,254,0,59
2025-07-26 08:01:00+00:00,66,254,28,31,27,22,24,24,254,0,103
2025-07-26 09:01:00+00:00,65,254,29,31,26,22,24,24,254,0,60
2025-07-26 10:01:00+00:00,65,254,29,31,27,22,24,24,254,0,60
2025-07-26 11:01:00+00:00,64,254,28,31,27,22,23,24,254,0,60
2025-07-26 12:01:00+00:00,64,254,28,31,27,21,24,24,254,0,60
2025-07-26 13:01:00+00:00,64,254,28,31,27,22,24,24,254,0,60
2025-07-26 14:01:00+00:00,63,254,29,31,27,21,24,24,254,0,60
2025-07-26 15:01:00+00:00,63,254,29,31,27,22,24,24,254,0,60
2025-07-26 16:02:00+00:00,63,254,29,31,27,22,24,24,254,0,60
2025-07-26 17:02:00+00:00,63,254,29,31,27,21,24,24,254,0,60
2025-07-26 18:02:00+00:00,63,254,29,31,27,22,24,24,254,0,60
2025-07-26 19:02:00+00:00,63,254,29,31,27,22,24,24,254,0,59
2025-07-26 20:02:00+00:00,63,254,29,31,28,22,24,24,254,0,59
2025-07-26 21:02:00+00:00,63,254,29,31,27,22,24,24,254,0,59
2025-07-26 22:02:00+00:00,63,254,30,31,28,22,24,24,254,0,59
2025-07-26 23:02:00+00:00,63,254,30,31,28,22,24,24,254,0,59
2025-07-27 00:02:00+00:00,64,254,30,31,28,22,24,24,254,0,59
2025-07-27 01:02:00+00:00,64,254,30,31,28,23,25,24,254,0,59
2025-07-27 02:02:00+00:00,64,254,30,31,28,22,25,24,254,0,59
2025-07-27 03:02:00+00:00,65,254,31,32,29,22,25,25,254,0,59
2025-07-27 04:02:00+00:00,65,254,31,32,29,22,25,24,254,0,60
2025-07-27 05:02:00+00:00,65,254,31,32,29,23,25,24,254,0,59
2025-07-27 06:02:00+00:00,65,254,31,31,29,22,25,24,254,0,60
2025-07-27 07:02:00+00:00,65,254,31,31,29,22,25,24,254,0,60
2025-07-27 08:02:00+00:00,64,254,31,31,29,22,25,24,254,0,103
2025-07-27 09:02:00+00:00,64,254,31,31,29,22,25,24,254,0,60
2025-07-27 10:02:00+00:00,64,254,31,31,30,22,25,24,254,0,60
2025-07-27 11:02:00+00:00,63,254,31,31,29,22,25,24,254,0,60
2025-07-27 12:02:00+00:00,63,254,31,31,29,22,25,24,254,0,60
2025-07-27 13:02:00+00:00,63,254,31,31,29,22,25,24,254,0,60
2025-07-27 14:02:00+00:00,62,254,31,30,29,22,25,23,254,0,60
2025-07-27 15:02:00+00:00,62,254,31,30,29,22,25,23,254,0,59
2025-07-27 16:02:00+00:00,62,254,31,31,30,22,25,24,254,0,59
2025-07-27 17:02:00+00:00,62,254,32,31,30,21,25,24,254,0,59
2025-07-27 18:02:00+00:00,62,254,32,31,30,21,26,24,254,0,59
2025-07-27 19:02:00+00:00,62,254,32,31,30,22,26,24,254,0,59
2025-07-27 20:02:00+00:00,62,254,32,31,30,22,26,24,254,0,59
2025-07-27 21:02:00+00:00,63,254,33,32,31,22,26,24,254,0,59
2025-07-27 22:02:00+00:00,63,254,33,32,31,23,26,24,254,0,59
2025-07-27 23:02:00+00:00,63,254,34,32,32,22,26,24,254,0,59
2025-07-28 00:02:00+00:00,64,254,34,32,32,22,26,24,254,0,59
2025-07-28 01:02:00+00:00,64,254,34,32,32,23,27,24,254,0,59
2025-07-28 02:02:00+00:00,65,254,35,32,33,23,27,25,254,0,59
2025-07-28 03:02:00+00:00,65,254,35,32,33,23,27,25,254,0,59
2025-07-28 04:02:00+00:00,65,254,35,32,33,23,27,24,254,0,59
2025-07-28 05:02:00+00:00,66,254,36,32,34,22,27,24,254,0,59
2025-07-28 06:02:00+00:00,65,254,36,32,34,22,27,24,254,0,59
2025-07-28 07:02:00+00:00,65,254,36,32,34,23,27,24,254,0,59
2025-07-28 08:02:00+00:00,65,254,36,32,34,22,27,24,254,0,103
2025-07-28 09:02:00+00:00,65,254,36,32,34,22,27,24,254,0,60
2025-07-28 10:02:00+00:00,64,254,35,31,34,22,27,24,254,0,60
2025-07-28 11:02:00+00:00,64,254,35,31,34,22,27,24,254,0,59
2025-07-28 12:02:00+00:00,64,254,35,31,34,22,27,24,254,0,60
2025-07-28 13:02:00+00:00,63,254,35,31,34,22,27,24,254,0,60
2025-07-28 14:02:00+00:00,63,254,35,31,34,22,28,24,254,0,60
2025-07-28 15:02:00+00:00,62,254,35,31,35,21,27,23,254,0,59
2025-07-28 16:02:00+00:00,62,254,35,31,34,22,27,23,254,0,59
2025-07-28 17:02:00+00:00,62,254,35,31,35,22,27,23,254,0,59
2025-07-28 18:02:00+00:00,62,254,36,31,35,22,28,24,254,0,59
2025-07-28 19:02:00+00:00,62,254,36,31,35,22,28,24,254,0,59
2025-07-28 20:02:00+00:00,62,254,36,31,35,22,28,24,254,0,59
2025-07-28 21:02:00+00:00,63,254,37,32,36,23,28,24,254,0,59
2025-07-28 22:02:00+00:00,63,254,38,32,36,23,28,24,254,0,59
2025-07-28 23:02:00+00:00,64,254,38,32,37,23,29,24,254,0,59
2025-07-29 00:02:00+00:00,64,254,38,32,37,23,29,24,254,0,59
2025-07-29 01:02:00+00:00,65,254,40,32,38,23,29,25,254,0,59
2025-07-29 02:02:00+00:00,65,254,40,32,38,24,29,24,254,0,59
2025-07-29 03:02:00+00:00,66,254,40,32,39,23,29,24,254,0,59
2025-07-29 04:02:00+00:00,66,254,41,32,40,23,30,24,254,0,59
2025-07-29 05:02:00+00:00,66,254,41,32,40,23,30,24,254,0,59
2025-07-29 06:02:00+00:00,66,254,41,32,40,23,30,24,254,0,59
2025-07-29 07:02:00+00:00,66,254,41,32,40,23,30,24,254,0,59
2025-07-29 08:02:00+00:00,66,254,42,32,41,23,30,24,254,0,103
2025-07-29 09:02:00+00:00,65,254,41,32,42,23,30,24,254,0,59
2025-07-29 10:02:00+00:00,65,254,42,32,42,23,30,24,254,0,60
2025-07-29 11:02:00+00:00,65,254,42,32,42,23,30,24,254,0,60
2025-07-29 12:02:00+00:00,64,254,41,31,42,23,30,23,254,0,59
2025-07-29 13:02:00+00:00,64,254,41,31,42,22,30,23,254,0,60
2025-07-29 14:02:00+00:00,63,254,41,31,42,22,30,23,254,0,60
2025-07-29 15:02:00+00:00,63,254,41,31,43,22,30,23,254,0,59
2025-07-29 16:02:00+00:00,63,254,41,31,43,22,30,23,254,0,59
2025-07-29 17:02:00+00:00,63,254,41,31,43,23,30,24,254,0,59
2025-07-29 18:02:00+00:00,63,254,42,31,43,23,31,24,254,0,59
2025-07-29 19:02:00+00:00,63,254,42,32,43,23,31,24,254,0,59
2025-07-29 20:02:00+00:00,63,254,43,32,44,23,31,24,254,0,59
2025-07-29 21:02:00+00:00,63,254,43,32,44,23,31,24,254,0,59
2025-07-29 22:02:00+00:00,64,254,43,32,44,23,31,24,254,0,59
2025-07-29 23:02:00+00:00,64,254,44,32,44,23,31,24,254,0,59
2025-07-30 00:02:00+00:00,65,254,45,32,46,24,31,24,254,0,59
2025-07-30 01:02:00+00:00,65,254,45,32,46,23,32,24,254,0,59
2025-07-30 02:02:00+00:00,65,254,46,32,47,24,32,24,254,0,59
2025-07-30 03:02:00+00:00,66,254,46,32,48,23,32,24,254,0,59
2025-07-30 04:02:00+00:00,66,254,46,32,48,23,32,24,254,0,59
2025-07-30 05:02:00+00:00,66,254,47,32,48,23,32,24,254,0,59
2025-07-30 06:02:00+00:00,66,254,47,32,49,23,32,24,254,0,59
2025-07-30 07:02:00+00:00,66,254,47,32,50,23,32,24,254,0,59
2025-07-30 08:02:00+00:00,65,254,47,32,49,23,32,23,254,0,103
2025-07-30 09:02:00+00:00,65,254,47,32,51,23,32,23,254,0,59
2025-07-30 10:02:00+00:00,65,254,47,32,51,23,33,23,254,0,59
2025-07-30 11:02:00+00:00,65,254,47,32,51,23,32,23,254,0,59
2025-07-30 12:02:00+00:00,64,254,46,31,50,23,32,23,254,0,59
2025-07-30 13:02:00+00:00,64,254,46,31,50,22,32,23,254,0,59
2025-07-30 14:02:00+00:00,64,254,46,31,50,22,32,23,254,0,59
2025-07-30 15:02:00+00:00,63,254,46,31,50,23,32,23,254,0,59
2025-07-30 16:02:00+00:00,63,254,46,31,50,23,32,23,254,0,59
2025-07-30 17:02:00+00:00,63,254,46,31,51,22,32,23,254,0,59
2025-07-30 18:02:00+00:00,63,254,47,31,51,23,33,23,254,0,59
2025-07-30 19:02:00+00:00,63,254,47,32,51,23,33,23,254,0,59
2025-07-30 20:02:00+00:00,63,254,48,32,52,23,33,23,254,0,59
2025-07-30 21:02:00+00:00,64,254,48,32,52,23,33,23,254,0,59
2025-07-30 22:02:00+00:00,64,254,48,32,52,23,33,23,254,0,59
2025-07-30 23:02:00+00:00,65,254,49,32,54,23,33,24,254,0,59
2025-07-31 00:02:00+00:00,65,254,49,32,54,24,33,24,254,0,59
2025-07-31 01:02:00+00:00,66,254,49,32,54,24,33,24,254,0,59
2025-07-31 02:02:00+00:00,66,254,50,32,54,24,34,24,254,0,59
2025-07-31 03:02:00+00:00,67,254,51,33,56,24,34,24,254,0,59
2025-07-31 04:02:00+00:00,67,254,51,32,56,24,34,24,254,0,59
2025-07-31 05:02:00+00:00,67,254,52,32,56,24,35,24,254,0,59
2025-07-31 06:02:00+00:00,67,254,52,32,57,24,35,23,254,0,59
2025-07-31 07:02:00+00:00,67,254,52,32,57,24,35,23,254,0,59
2025-07-31 08:02:00+00:00,66,254,52,32,56,23,34,23,254,0,103
2025-07-31 09:02:00+00:00,66,254,52,32,57,24,34,23,254,0,59
2025-07-31 10:02:00+00:00,66,254,52,31,57,23,35,23,254,0,59
2025-07-31 11:02:00+00:00,65,254,52,31,57,23,35,23,254,0,59
2025-07-31 12:02:00+00:00,65,254,52,31,58,23,34,23,254,0,59
2025-07-31 13:02:00+00:00,65,254,52,31,58,23,35,23,254,0,59
2025-07-31 14:02:00+00:00,64,254,51,31,57,23,34,22,254,0,59
2025-07-31 15:02:00+00:00,64,254,51,31,57,23,34,22,254,0,59
2025-07-31 16:02:00+00:00,64,254,51,31,57,23,34,22,254,0,59
2025-07-31 17:02:00+00:00,63,254,51,31,58,23,34,23,254,0,59
2025-07-31 18:02:00+00:00,63,254,52,31,58,23,34,23,254,0,59
2025-07-31 19:02:00+00:00,63,254,52,31,59,24,35,23,254,0,59
2025-07-31 20:02:00+00:00,64,254,53,32,59,24,35,23,254,0,59
2025-07-31 21:02:00+00:00,64,254,53,32,59,23,35,23,254,0,59
2025-07-31 22:02:00+00:00,64,254,53,32,58,23,35,23,254,0,59
2025-07-31 23:02:00+00:00,65,254,54,32,59,24,35,23,254,0,59
2025-08-01 00:02:00+00:00,65,254,54,32,60,24,35,23,254,0,59
2025-08-01 01:02:00+00:00,65,254,54,32,60,24,36,23,254,0,59
2025-08-01 02:02:00+00:00,65,254,54,32,60,24,36,23,254,0,59
2025-08-01 03:02:00+00:00,65,254,55,32,60,24,36,23,254,0,59
2025-08-01 04:02:00+00:00,65,254,55,32,60,24,36,23,254,0,59
2025-08-01 05:02:00+00:00,65,254,55,32,61,23,36,23,254,0,59
2025-08-01 06:02:00+00:00,65,254,55,32,61,24,36,23,254,0,59
2025-08-01 07:02:00+00:00,65,254,55,32,62,23,36,23,254,0,59
2025-08-01 08:02:00+00:00,65,254,55,31,62,23,36,23,254,0,103
2025-08-01 09:02:00+00:00,64,254,54,31,61,23,35,22,254,0,59
2025-08-01 10:02:00+00:00,64,254,54,31,62,23,35,22,254,0,59
2025-08-01 11:02:00+00:00,64,254,54,31,62,23,35,22,254,0,59
2025-08-01 12:02:00+00:00,63,254,54,31,62,23,35,22,254,0,59
2025-08-01 13:02:00+00:00,63,254,54,31,62,23,35,22,254,0,59
2025-08-01 14:02:00+00:00,63,254,54,31,62,23,35,22,254,0,59
2025-08-01 15:02:00+00:00,62,254,53,31,62,23,35,22,254,0,59
2025-08-01 16:02:00+00:00,62,254,53,31,62,23,35,22,254,0,59
2025-08-01 17:02:00+00:00,62,254,54,31,63,23,35,22,254,0,59
2025-08-01 18:02:00+00:00,62,254,54,31,63,23,35,22,254,0,59
2025-08-01 19:02:00+00:00,62,254,54,31,63,23,35,22,254,0,59
2025-08-01 20:02:00+00:00,62,254,54,31,63,23,35,22,254,0,59
2025-08-01 21:02:00+00:00,62,254,55,31,63,24,35,23,254,0,59
2025-08-01 22:02:00+00:00,63,254,56,32,64,24,36,23,254,0,59
2025-08-01 23:02:00+00:00,63,254,56,32,63,24,36,23,254,0,59
2025-08-02 00:02:00+00:00,64,254,55,32,62,24,36,23,254,1,59
2025-08-02 01:02:00+00:00,64,254,54,32,62,24,35,23,254,26,59
2025-08-02 02:02:00+00:00,65,254,55,32,63,24,36,23,254,25,59
2025-08-02 03:02:00+00:00,65,254,55,32,63,24,36,23,254,33,59
2025-08-02 04:02:00+00:00,65,254,55,32,62,24,36,23,254,32,59
2025-08-02 05:02:00+00:00,65,254,55,32,62,24,36,23,254,26,59
2025-08-02 06:02:00+00:00,65,254,55,32,62,24,36,23,254,25,59
2025-08-02 07:02:00+00:00,65,254,53,31,63,24,36,22,254,26,59
2025-08-02 08:02:00+00:00,65,254,45,31,62,24,36,22,254,23,103
2025-08-02 09:02:00+00:00,65,254,19,31,63,24,35,22,254,25,59
2025-08-02 10:02:00+00:00,64,254,11,31,60,23,13,22,254,25,59
2025-08-02 11:02:00+00:00,64,254,4,30,54,23,9,22,254,22,59
2025-08-02 12:02:00+00:00,64,254,0,29,42,23,4,22,254,21,59
2025-08-02 13:02:00+00:00,63,254,0,27,26,24,1,21,254,17,59
2025-08-02 14:02:00+00:00,63,254,0,25,17,23,2,20,254,0,59
2025-08-02 15:02:00+00:00,63,254,2,23,14,23,6,19,254,0,59
2025-08-02 16:02:00+00:00,63,254,7,22,13,22,10,19,254,0,59
2025-08-02 17:02:00+00:00,63,254,10,22,13,21,11,18,254,0,59
2025-08-02 18:02:00+00:00,63,254,12,22,14,20,12,18,254,0,59
2025-08-02 19:02:00+00:00,63,254,13,22,14,20,12,18,254,0,59
2025-08-02 20:02:00+00:00,63,254,13,22,14,19,13,18,254,0,59
2025-08-02 21:02:00+00:00,63,254,14,23,14,19,13,18,254,0,59
2025-08-02 22:02:00+00:00,63,254,14,23,14,19,13,19,254,0,59
2025-08-02 23:02:00+00:00,64,254,15,23,15,18,13,19,254,0,59
2025-08-03 00:02:00+00:00,64,254,15,23,14,18,14,19,254,0,59
2025-08-03 01:02:00+00:00,64,254,15,23,15,18,14,19,254,0,59
2025-08-03 02:02:00+00:00,64,254,15,24,15,18,14,19,254,0,59
2025-08-03 03:02:00+00:00,65,254,16,24,15,19,14,19,254,0,59
2025-08-03 04:02:00+00:00,65,254,16,24,16,18,14,19,254,0,59
2025-08-03 05:02:00+00:00,65,254,16,24,16,18,14,19,254,0,59
2025-08-03 06:02:00+00:00,65,254,16,24,16,18,15,19,254,0,59
2025-08-03 07:02:00+00:00,65,254,16,24,15,18,15,19,254,0,59
2025-08-03 08:02:00+00:00,64,254,16,24,16,17,15,19,254,0,103
2025-08-03 09:02:00+00:00,64,254,16,24,16,18,15,19,254,0,59
2025-08-03 10:02:00+00:00,64,254,16,24,16,18,15,19,254,0,59
2025-08-03 11:02:00+00:00,64,254,17,24,16,18,15,19,254,0,59
2025-08-03 12:02:00+00:00,63,254,17,24,16,18,15,19,254,0,59
2025-08-03 13:02:00+00:00,63,254,17,25,16,18,15,19,254,0,59
2025-08-03 14:02:00+00:00,63,254,17,25,17,17,15,19,254,0,59
2025-08-03 15:02:00+00:00,62,254,17,24,17,17,15,19,254,0,59
2025-08-03 16:02:00+00:00,62,254,17,25,16,17,15,19,254,0,59
2025-08-03 17:02:00+00:00,62,254,17,25,16,18,16,19,254,0,59
2025-08-03 18:02:00+00:00,62,254,17,25,17,18,16,19,254,0,59
2025-08-03 19:02:00+00:00,62,254,18,25,17,18,16,19,254,0,59
2025-08-03 20:02:00+00:00,62,254,18,25,17,18,16,19,254,0,59
2025-08-03 21:02:00+00:00,62,254,18,25,17,18,16,19,254,0,59
2025-08-03 22:02:00+00:00,63,254,18,26,18,18,16,20,254,0,59
2025-08-03 23:02:00+00:00,63,254,18,26,18,18,16,20,254,0,59
2025-08-04 00:02:00+00:00,64,254,18,26,18,18,16,19,254,0,59
2025-08-04 01:02:00+00:00,64,254,18,26,18,18,16,20,254,0,59
2025-08-04 02:02:00+00:00,65,254,19,26,18,19,16,20,254,0,59
2025-08-04 03:02:00+00:00,65,254,19,26,18,18,16,20,254,0,59
2025-08-04 04:02:00+00:00,65,254,19,26,18,19,16,20,254,0,59
2025-08-04 05:02:00+00:00,65,254,19,26,18,18,16,20,254,0,59
2025-08-04 06:02:00+00:00,65,254,19,26,19,18,16,20,254,0,59
2025-08-04 07:02:00+00:00,65,254,19,26,18,18,16,19,254,0,59
2025-08-04 08:02:00+00:00,65,254,19,26,19,18,16,20,254,0,103
2025-08-04 09:02:00+00:00,65,254,19,26,19,18,17,19,254,0,59
2025-08-04 10:02:00+00:00,64,254,19,26,19,18,16,19,254,0,59
2025-08-04 11:02:00+00:00,64,254,19,26,19,18,17,19,254,0,59
2025-08-04 12:02:00+00:00,64,254,19,26,19,18,17,19,254,0,59
2025-08-04 13:02:00+00:00,63,254,19,26,19,17,17,19,254,0,59
2025-08-04 14:02:00+00:00,63,254,19,26,19,18,17,19,254,0,59
2025-08-04 15:02:00+00:00,63,254,19,26,19,18,17,19,254,0,59
2025-08-04 16:02:00+00:00,63,254,20,26,19,18,17,19,254,0,59
2025-08-04 17:02:00+00:00,63,254,20,26,19,18,17,19,254,0,59
2025-08-04 18:02:00+00:00,63,254,20,26,20,18,17,19,254,0,59
2025-08-04 19:02:00+00:00,63,254,20,26,20,18,17,20,254,0,59
2025-08-04 20:02:00+00:00,63,254,20,26,20,18,17,20,254,0,59
2025-08-04 21:02:00+00:00,63,254,20,26,20,18,17,20,254,0,59
2025-08-04 22:02:00+00:00,63,254,20,26,20,18,17,20,254,0,59
2025-08-04 23:02:00+00:00,63,254,20,26,20,18,17,20,254,0,59
2025-08-05 00:02:00+00:00,64,254,20,26,20,18,17,20,254,0,59
2025-08-05 01:02:00+00:00,64,254,20,26,20,18,17,20,254,0,59
2025-08-05 02:02:00+00:00,64,254,20,26,21,18,17,20,254,0,59
2025-08-05 03:02:00+00:00,64,254,21,26,21,18,17,20,254,0,59
2025-08-05 04:02:00+00:00,64,254,21,26,20,18,18,19,254,0,59
2025-08-05 05:02:00+00:00,64,254,21,26,21,18,17,19,254,0,59
2025-08-05 06:02:00+00:00,64,254,21,26,21,18,18,19,254,0,59
2025-08-05 07:02:00+00:00,64,254,21,26,21,18,18,19,254,0,59
2025-08-05 08:02:00+00:00,64,254,21,26,21,18,18,19,254,0,103
2025-08-05 09:02:00+00:00,63,254,21,26,22,18,18,19,254,0,59
2025-08-05 10:02:00+00:00,63,254,21,26,22,18,18,19,254,0,59
2025-08-05 11:02:00+00:00,63,254,21,26,21,18,18,19,254,0,59
2025-08-05 12:02:00+00:00,63,254,21,26,21,18,18,19,254,0,59
2025-08-05 13:02:00+00:00,62,254,21,26,21,18,18,19,254,0,59
2025-08-05 14:02:00+00:00,62,254,21,26,21,18,18,19,254,0,59
2025-08-05 15:02:00+00:00,62,254,21,26,22,18,18,19,254,0,59
2025-08-05 16:02:00+00:00,62,254,21,26,22,18,18,19,254,0,59
2025-08-05 17:02:00+00:00,61,254,22,26,22,18,18,19,254,0,59
2025-08-05 18:02:00+00:00,61,254,22,26,22,18,18,19,254,0,59
2025-08-05 19:02:00+00:00,61,254,22,26,22,18,18,19,254,0,59
2025-08-05 20:02:00+00:00,62,254,22,27,22,18,18,19,254,0,59
2025-08-05 21:02:00+00:00,62,254,22,27,22,18,18,20,254,0,59
2025-08-05 22:02:00+00:00,62,254,22,27,22,18,18,20,254,0,59
2025-08-05 23:02:00+00:00,63,254,22,27,23,18,19,20,254,0,59
2025-08-06 00:02:00+00:00,63,254,22,27,23,18,19,20,254,0,59
2025-08-06 01:02:00+00:00,64,254,22,27,23,19,19,20,254,0,59
2025-08-06 02:02:00+00:00,64,254,22,27,23,19,18,20,254,0,59
2025-08-06 03:02:00+00:00,64,254,22,27,23,19,18,20,254,0,59
2025-08-06 04:02:00+00:00,65,254,23,27,24,19,19,20,254,0,59
2025-08-06 05:02:00+00:00,65,254,23,27,24,18,19,20,254,0,59
2025-08-06 06:02:00+00:00,65,254,23,27,24,19,19,20,254,0,59
2025-08-06 07:02:00+00:00,65,254,23,27,24,19,19,20,254,0,59
2025-08-06 08:02:00+00:00,64,254,23,27,23,19,19,19,254,0,103
2025-08-06 09:02:00+00:00,64,254,23,27,23,19,19,19,254,0,59
2025-08-06 10:02:00+00:00,64,254,23,27,24,18,19,19,254,0,59
2025-08-06 11:02:00+00:00,64,254,23,27,24,18,19,20,254,0,59
2025-08-06 12:02:00+00:00,63,254,23,27,24,18,19,19,254,0,59
2025-08-06 13:02:00+00:00,63,254,23,27,24,19,19,19,254,0,59
2025-08-06 14:02:00+00:00,63,254,23,27,24,18,19,19,254,0,59
2025-08-06 15:02:00+00:00,62,254,23,26,24,18,19,19,254,0,59
2025-08-06 16:02:00+00:00,62,254,23,26,24,18,19,19,254,0,59
2025-08-06 17:02:00+00:00,62,254,23,27,25,18,19,19,254,0,59
2025-08-06 18:02:00+00:00,62,254,24,27,25,18,19,19,254,0,59
2025-08-06 19:02:00+00:00,62,254,24,27,25,18,19,19,254,0,59
2025-08-06 20:02:00+00:00,62,254,24,27,25,18,19,19,254,0,59
2025-08-06 21:02:00+00:00,62,254,24,27,25,18,19,19,254,0,59
2025-08-06 22:02:00+00:00,63,254,24,27,25,19,19,20,254,0,59
2025-08-06 23:02:00+00:00,63,254,24,27,25,19,19,20,254,0,59
2025-08-07 00:02:00+00:00,64,254,24,27,25,19,19,20,254,0,59
2025-08-07 01:02:00+00:00,64,254,24,27,26,18,19,20,254,0,59
2025-08-07 02:02:00+00:00,65,254,25,28,26,19,20,20,254,0,59
2025-08-07 03:02:00+00:00,65,254,25,28,26,19,20,20,254,0,59
2025-08-07 04:02:00+00:00,65,254,25,28,26,19,20,20,254,0,59
2025-08-07 05:02:00+00:00,66,254,25,27,27,19,20,20,254,0,59
2025-08-07 06:02:00+00:00,66,254,25,27,27,19,20,20,254,0,59
2025-08-07 07:02:00+00:00,65,254,25,27,27,19,20,20,254,0,59
2025-08-07 08:02:00+00:00,65,254,25,27,27,19,20,20,254,0,103
2025-08-07 09:02:00+00:00,65,254,26,27,27,19,20,20,254,0,59
2025-08-07 10:02:00+00:00,65,254,26,27,28,18,20,20,254,0,59
2025-08-07 11:02:00+00:00,64,254,25,27,27,18,20,19,254,0,59
2025-08-07 12:02:00+00:00,64,254,25,27,27,19,20,19,254,0,59
2025-08-07 13:02:00+00:00,64,254,26,27,27,19,20,19,254,0,59
2025-08-07 14:02:00+00:00,64,254,26,27,27,19,20,19,254,0,59
2025-08-07 15:02:00+00:00,63,254,26,27,27,19,20,19,254,0,59
2025-08-07 16:02:00+00:00,63,254,26,27,28,19,20,19,254,0,59
2025-08-07 17:02:00+00:00,63,254,26,27,28,18,20,20,254,0,59
2025-08-07 18:02:00+00:00,63,254,26,27,28,19,20,19,254,0,59
2025-08-07 19:02:00+00:00,63,254,26,27,29,18,20,20,254,0,59
2025-08-07 20:02:00+00:00,63,254,26,27,28,19,21,20,254,0,59
2025-08-07 21:02:00+00:00,63,254,26,27,29,18,20,20,254,0,59
2025-08-07 22:02:00+00:00,63,254,27,27,29,19,21,20,254,0,59
2025-08-07 23:02:00+00:00,64,254,27,27,29,19,20,20,254,0,59
2025-08-08 00:02:00+00:00,64,254,27,27,29,19,20,20,254,0,59
2025-08-08 01:02:00+00:00,65,254,27,28,30,19,21,20,254,0,59
2025-08-08 02:02:00+00:00,65,254,28,28,30,19,21,20,254,0,59
2025-08-08 03:02:00+00:00,65,254,28,28,30,19,21,20,254,0,59
2025-08-08 04:02:00+00:00,65,254,28,28,31,19,21,20,254,0,59
2025-08-08 05:02:00+00:00,65,254,28,28,30,19,21,20,254,0,59
2025-08-08 06:02:00+00:00,65,254,28,28,31,19,21,20,254,0,59
2025-08-08 07:02:00+00:00,65,254,28,28,31,19,21,20,254,0,59
2025-08-08 08:02:00+00:00,65,254,28,28,31,19,21,20,254,0,103
2025-08-08 09:02:00+00:00,65,254,29,28,31,19,21,20,254,0,59
2025-08-08 10:02:00+00:00,64,254,28,27,31,18,21,19,254,0,59
2025-08-08 11:02:00+00:00,64,254,28,27,31,19,21,19,254,0,59
2025-08-08 12:02:00+00:00,64,254,28,27,31,18,21,19,254,0,59
2025-08-08 13:02:00+00:00,63,254,29,27,32,18,21,19,254,0,59
2025-08-08 14:02:00+00:00,63,254,29,27,31,19,21,19,254,0,59
2025-08-08 15:02:00+00:00,63,254,29,27,32,18,22,19,254,0,59
2025-08-08 16:02:00+00:00,62,254,29,27,32,18,21,19,254,0,59
2025-08-08 17:02:00+00:00,62,254,29,27,31,18,21,19,254,0,59
2025-08-08 18:02:00+00:00,62,254,29,27,32,19,22,19,254,0,59
2025-08-08 19:02:00+00:00,62,254,29,27,32,18,22,19,254,0,59
2025-08-08 20:02:00+00:00,62,254,29,27,32,18,22,19,254,0,59
2025-08-08 21:02:00+00:00,62,254,29,27,32,19,22,19,254,0,59
2025-08-08 22:02:00+00:00,62,254,29,27,32,19,22,19,254,0,59
2025-08-08 23:02:00+00:00,62,254,30,27,33,18,22,19,254,0,59
2025-08-09 00:02:00+00:00,63,254,30,28,34,19,22,20,254,0,59
2025-08-09 01:02:00+00:00,63,254,30,28,34,19,22,20,254,0,59
2025-08-09 02:02:00+00:00,63,254,31,28,34,19,22,20,254,0,59
2025-08-09 03:02:00+00:00,63,254,31,28,34,19,22,20,254,0,59
2025-08-09 04:02:00+00:00,64,254,31,28,35,19,22,20,254,0,59
2025-08-09 05:02:00+00:00,63,254,31,28,35,19,22,19,254,0,59
2025-08-09 06:02:00+00:00,63,254,32,28,36,19,22,20,254,0,59
2025-08-09 07:02:00+00:00,63,254,32,28,36,19,22,19,254,0,59
2025-08-09 08:02:00+00:00,63,254,32,28,36,19,22,19,254,0,103
2025-08-09 09:02:00+00:00,62,254,32,27,36,18,22,19,254,0,59
2025-08-09 10:02:00+00:00,62,254,32,27,36,18,22,19,254,0,59
2025-08-09 11:02:00+00:00,62,254,32,27,36,18,22,19,254,0,59
2025-08-09 12:02:00+00:00,61,254,32,27,36,18,23,19,254,0,59
2025-08-09 13:02:00+00:00,61,254,32,27,37,18,23,19,254,0,59
2025-08-09 14:02:00+00:00,60,254,32,27,36,18,22,19,254,0,59
2025-08-09 15:02:00+00:00,60,254,32,27,36,18,22,19,254,0,59
2025-08-09 16:02:00+00:00,60,254,32,27,36,18,23,19,254,0,59
2025-08-09 17:02:00+00:00,60,254,32,27,37,18,23,19,254,0,59
2025-08-09 18:02:00+00:00,60,254,32,27,37,18,23,19,254,0,59
2025-08-09 19:02:00+00:00,60,254,32,27,37,19,23,19,254,0,59
2025-08-09 20:02:00+00:00,60,254,33,27,37,18,23,19,254,0,59
2025-08-09 21:02:00+00:00,60,254,33,28,37,18,23,19,254,0,59
2025-08-09 22:02:00+00:00,60,254,33,28,37,18,23,19,254,0,59
2025-08-09 23:02:00+00:00,60,254,33,28,37,18,23,19,254,0,59
2025-08-10 00:02:00+00:00,61,254,33,28,38,19,23,20,254,0,59
2025-08-10 01:02:00+00:00,61,254,33,28,38,19,23,20,254,0,59
2025-08-10 02:02:00+00:00,62,254,33,28,39,19,23,20,254,0,59
2025-08-10 03:02:00+00:00,62,254,34,28,39,19,23,20,254,0,59
2025-08-10 04:02:00+00:00,62,254,34,28,39,19,23,19,254,0,59
2025-08-10 05:02:00+00:00,63,254,35,28,40,19,23,20,254,0,59
2025-08-10 06:02:00+00:00,63,254,35,28,41,19,23,20,254,0,59
2025-08-10 07:02:00+00:00,62,254,34,28,40,19,23,19,254,0,59
2025-08-10 08:02:00+00:00,62,254,34,28,41,19,23,19,254,0,103
2025-08-10 09:02:00+00:00,62,254,35,28,40,19,23,19,254,0,59
2025-08-10 10:02:00+00:00,62,254,35,28,41,19,23,19,254,0,59
2025-08-10 11:02:00+00:00,61,254,35,28,41,19,23,19,254,0,59
2025-08-10 12:02:00+00:00,61,254,35,28,41,18,23,19,254,0,59
2025-08-10 13:02:00+00:00,61,254,35,28,41,19,24,19,254,0,59
2025-08-10 14:02:00+00:00,60,254,35,27,41,18,23,19,254,0,59
2025-08-10 15:02:00+00:00,60,254,35,28,41,19,23,19,254,0,59
2025-08-10 16:02:00+00:00,60,254,35,28,41,19,24,19,254,0,59
2025-08-10 17:02:00+00:00,60,254,35,28,41,18,24,19,254,0,59
2025-08-10 18:02:00+00:00,60,254,35,28,41,19,24,19,254,0,59
2025-08-10 19:02:00+00:00,60,254,35,28,42,19,24,19,254,0,59
2025-08-10 20:02:00+00:00,60,254,35,28,41,19,24,19,254,0,59
2025-08-10 21:02:00+00:00,60,254,35,28,42,19,23,19,254,0,59
2025-08-10 22:02:00+00:00,61,254,36,28,42,19,24,20,254,0,59
2025-08-10 23:02:00+00:00,61,254,36,28,42,19,24,20,254,0,59
2025-08-11 00:02:00+00:00,62,254,36,28,43,19,23,20,254,0,59
2025-08-11 01:02:00+00:00,63,254,36,29,44,20,24,20,254,0,59
2025-08-11 02:02:00+00:00,63,254,37,29,44,19,24,20,254,0,59
2025-08-11 03:02:00+00:00,64,254,37,29,45,19,24,20,254,0,59
2025-08-11 04:02:00+00:00,64,254,37,29,45,19,24,20,254,0,59
2025-08-11 05:02:00+00:00,64,254,38,29,45,20,24,20,254,0,59
2025-08-11 06:02:00+00:00,64,254,38,28,46,19,24,19,254,0,59
2025-08-11 07:02:00+00:00,64,254,38,28,46,20,24,19,254,0,59
2025-08-11 08:02:00+00:00,64,254,38,28,46,19,24,19,254,0,103
2025-08-11 09:02:00+00:00,63,254,38,28,46,19,24,19,254,0,59
2025-08-11 10:02:00+00:00,63,254,38,28,47,19,24,19,254,0,59
2025-08-11 11:02:00+00:00,63,254,38,28,47,19,24,19,254,0,59
2025-08-11 12:02:00+00:00,62,254,38,28,47,18,24,19,254,0,59
2025-08-11 13:02:00+00:00,62,254,38,28,47,18,24,19,254,0,59
2025-08-11 14:02:00+00:00,62,254,38,28,46,19,24,19,254,0,59
2025-08-11 15:02:00+00:00,62,254,38,28,46,19,24,19,254,0,59
2025-08-11 16:02:00+00:00,61,254,38,28,47,19,24,19,254,0,59
2025-08-11 17:02:00+00:00,61,254,38,28,47,19,24,19,254,0,59
2025-08-11 18:02:00+00:00,61,254,38,28,47,19,24,19,254,0,59
2025-08-11 19:02:00+00:00,61,254,38,28,47,19,24,19,254,0,59
2025-08-11 20:02:00+00:00,62,254,38,28,47,19,24,19,254,0,59
2025-08-11 21:02:00+00:00,62,254,38,28,47,19,24,19,254,0,59
2025-08-11 22:02:00+00:00,63,254,39,29,48,19,24,20,254,0,59
2025-08-11 23:02:00+00:00,64,254,39,29,48,19,24,20,254,0,59
2025-08-12 00:02:00+00:00,64,254,39,29,48,20,24,19,254,0,59
2025-08-12 01:02:00+00:00,65,254,40,29,49,20,24,20,254,0,59
2025-08-12 02:02:00+00:00,66,254,40,29,50,20,24,20,254,0,59
2025-08-12 03:02:00+00:00,66,254,40,29,50,19,24,20,254,0,59
2025-08-12 04:02:00+00:00,66,254,40,29,50,19,24,20,254,0,59
2025-08-12 05:02:00+00:00,66,254,41,29,51,20,24,19,254,0,59
2025-08-12 06:02:00+00:00,66,254,41,29,51,20,24,19,254,0,59
2025-08-12 07:02:00+00:00,66,254,41,29,51,20,24,19,254,0,59
2025-08-12 08:02:00+00:00,66,254,41,28,52,19,24,19,254,0,103
2025-08-12 09:02:00+00:00,65,254,41,28,51,20,25,19,254,0,59
2025-08-12 10:02:00+00:00,65,254,42,28,52,19,25,19,254,0,59
2025-08-12 11:02:00+00:00,65,254,42,28,52,19,25,19,254,0,59
2025-08-12 12:02:00+00:00,64,254,41,28,51,19,24,19,254,0,59
2025-08-12 13:02:00+00:00,64,254,41,28,51,19,24,19,254,0,59
2025-08-12 14:02:00+00:00,63,254,41,28,51,19,25,19,254,0,59
2025-08-12 15:02:00+00:00,63,254,41,28,52,19,25,19,254,0,59
2025-08-12 16:02:00+00:00,63,254,41,28,51,19,25,19,254,0,59
2025-08-12 17:02:00+00:00,63,254,41,28,51,19,25,19,254,0,59
2025-08-12 18:02:00+00:00,62,254,41,28,51,19,25,19,254,0,59
2025-08-12 19:02:00+00:00,63,254,42,28,52,19,25,19,254,0,59
2025-08-12 20:02:00+00:00,63,254,42,28,52,19,25,19,254,0,59
2025-08-12 21:02:00+00:00,64,254,42,28,52,20,25,19,254,0,59
2025-08-12 22:02:00+00:00,64,254,42,28,52,19,25,19,254,0,59
2025-08-12 23:02:00+00:00,65,254,42,29,53,20,25,19,254,0,59
2025-08-13 00:02:00+00:00,66,254,42,29,53,20,25,19,254,0,59
2025-08-13 01:02:00+00:00,66,254,42,29,53,20,25,19,254,0,59
2025-08-13 02:02:00+00:00,67,254,43,29,54,20,25,20,254,0,59
2025-08-13 03:02:00+00:00,68,254,44,30,55,21,25,20,254,0,59
2025-08-13 04:02:00+00:00,68,254,45,29,55,20,25,20,254,0,59
2025-08-13 05:02:00+00:00,68,254,45,29,55,21,25,20,254,0,59
2025-08-13 06:02:00+00:00,68,254,45,29,55,20,25,20,254,0,59
2025-08-13 07:02:00+00:00,68,254,45,29,56,20,25,20,254,0,59
2025-08-13 08:02:00+00:00,67,254,44,29,55,20,25,19,254,0,103
2025-08-13 09:02:00+00:00,67,254,44,29,55,19,25,19,254,0,59
2025-08-13 10:02:00+00:00,67,254,44,29,55,20,25,19,254,0,59
2025-08-13 11:02:00+00:00,66,254,44,28,55,19,25,19,254,0,59
2025-08-13 12:02:00+00:00,66,254,44,28,55,19,25,19,254,0,59
2025-08-13 13:02:00+00:00,66,254,44,28,54,20,25,19,254,0,59
2025-08-13 14:02:00+00:00,65,254,44,28,55,19,25,19,254,0,59
2025-08-13 15:02:00+00:00,65,254,44,28,55,19,25,19,254,0,59
2025-08-13 16:02:00+00:00,65,254,44,28,55,19,25,19,254,0,59
2025-08-13 17:02:00+00:00,65,254,44,28,55,19,25,19,254,0,59
2025-08-13 18:02:00+00:00,65,254,44,28,55,20,25,19,254,0,59
2025-08-13 19:02:00+00:00,65,254,44,28,56,19,25,19,254,0,59
2025-08-13 20:02:00+00:00,65,254,44,28,56,19,25,19,254,0,59
2025-08-13 21:02:00+00:00,65,254,45,28,56,20,25,19,254,0,59
2025-08-13 22:02:00+00:00,66,254,44,28,56,20,25,19,254,0,59
2025-08-13 23:02:00+00:00,67,254,45,29,57,20,25,19,254,0,59
2025-08-14 00:02:00+00:00,67,254,45,29,56,20,25,19,254,0,59
2025-08-14 01:02:00+00:00,68,254,46,29,57,20,25,20,254,0,59
2025-08-14 02:02:00+00:00,69,254,46,29,57,20,25,19,254,0,59
2025-08-14 03:02:00+00:00,69,254,46,29,57,21,25,19,254,0,59
2025-08-14 04:02:00+00:00,69,254,47,29,57,20,25,19,254,0,59
2025-08-14 05:02:00+00:00,69,254,47,29,58,20,25,19,254,0,59
2025-08-14 06:02:00+00:00,69,254,47,29,57,20,25,19,254,0,59
2025-08-14 07:02:00+00:00,69,254,47,29,58,20,25,19,254,0,59
2025-08-14 08:02:00+00:00,69,254,47,29,57,20,25,19,254,0,103
2025-08-14 09:02:00+00:00,69,254,47,29,58,20,25,19,254,0,59
2025-08-14 10:02:00+00:00,68,254,47,29,58,20,25,19,254,0,59
2025-08-14 11:02:00+00:00,68,254,47,29,58,20,25,19,254,0,59
2025-08-14 12:02:00+00:00,68,254,47,29,58,20,25,19,254,0,59
2025-08-14 13:02:00+00:00,67,254,46,28,57,20,25,19,254,0,59
2025-08-14 14:02:00+00:00,67,254,46,28,57,19,25,19,254,0,59
2025-08-14 15:02:00+00:00,67,254,46,28,57,20,25,19,254,0,59
2025-08-14 16:02:00+00:00,66,254,45,28,56,19,25,18,254,0,59
2025-08-14 17:02:00+00:00,66,254,45,28,56,19,25,18,254,0,59
2025-08-14 18:02:00+00:00,66,254,45,28,56,20,25,18,254,0,59
2025-08-14 19:02:00+00:00,66,254,46,28,57,19,25,19,254,0,59
2025-08-14 20:02:00+00:00,66,254,46,28,57,20,25,19,254,0,59
2025-08-14 21:02:00+00:00,67,254,47,28,58,19,25,19,254,0,59
2025-08-14 22:02:00+00:00,67,254,47,28,58,20,25,19,254,0,59
2025-08-14 23:02:00+00:00,68,254,48,29,58,20,26,19,254,0,59
2025-08-15 00:02:00+00:00,68,254,48,29,58,21,25,19,254,0,59
2025-08-15 01:02:00+00:00,69,254,48,29,58,20,25,19,254,0,59
2025-08-15 02:02:00+00:00,69,254,48,29,58,20,25,19,254,0,59
2025-08-15 03:02:00+00:00,70,254,49,29,59,20,26,19,254,0,59
2025-08-15 04:02:00+00:00,70,254,49,29,59,20,25,19,254,0,59
2025-08-15 05:02:00+00:00,70,254,49,29,59,20,25,19,254,0,59
2025-08-15 06:02:00+00:00,70,254,49,29,60,20,25,19,254,0,59
2025-08-15 07:02:00+00:00,69,254,48,28,59,20,25,19,254,0,59
2025-08-15 08:02:00+00:00,69,254,48,28,59,20,25,19,254,0,103
2025-08-15 09:02:00+00:00,69,254,48,28,60,19,25,19,254,0,59
2025-08-15 10:02:00+00:00,69,254,48,28,60,20,25,19,254,0,59
2025-08-15 11:02:00+00:00,68,254,48,28,61,19,25,19,254,0,59
2025-08-15 12:02:00+00:00,68,254,48,28,61,19,25,19,254,0,59
2025-08-15 13:02:00+00:00,67,254,47,28,60,19,25,18,254,0,59
2025-08-15 14:02:00+00:00,67,254,48,28,61,19,25,18,254,0,59
2025-08-15 15:02:00+00:00,66,254,47,27,60,19,25,18,254,0,59
2025-08-15 16:02:00+00:00,66,254,47,27,61,19,25,18,254,0,59
2025-08-15 17:02:00+00:00,66,254,47,28,61,19,25,18,254,0,59
2025-08-15 18:02:00+00:00,66,254,47,28,61,19,25,18,254,0,59
2025-08-15 19:02:00+00:00,66,254,47,28,61,19,25,18,254,0,59
2025-08-15 20:02:00+00:00,66,254,47,28,61,19,25,18,254,0,59
2025-08-15 21:02:00+00:00,66,254,47,28,60,19,25,18,254,0,59
2025-08-15 22:02:00+00:00,67,254,48,28,61,20,25,19,254,0,59
2025-08-15 23:02:00+00:00,68,254,49,29,61,20,25,19,254,0,59
2025-08-16 00:02:00+00:00,69,254,48,29,61,19,25,19,254,9,59
2025-08-16 01:02:00+00:00,69,254,49,29,60,20,25,19,254,0,59
2025-08-16 02:02:00+00:00,69,254,49,28,61,19,25,19,254,0,59
2025-08-16 03:02:00+00:00,69,254,49,28,61,19,25,19,254,0,59
2025-08-16 04:02:00+00:00,69,254,49,28,61,20,25,19,254,0,59
2025-08-16 05:02:00+00:00,69,254,49,28,61,20,25,19,254,0,59
2025-08-16 06:02:00+00:00,69,254,49,28,62,19,25,19,254,0,59
2025-08-16 07:02:00+00:00,68,254,49,28,62,19,25,19,254,0,59
2025-08-16 08:02:00+00:00,68,254,48,28,63,19,25,19,254,0,103
2025-08-16 09:02:00+00:00,68,254,48,28,63,19,25,19,254,0,59
2025-08-16 10:02:00+00:00,67,254,48,28,63,19,25,18,254,0,59
2025-08-16 11:02:00+00:00,67,254,48,28,62,19,25,18,254,0,59
2025-08-16 12:02:00+00:00,66,254,47,27,62,18,25,18,254,0,59
2025-08-16 13:02:00+00:00,66,254,47,27,62,19,25,18,254,0,59
2025-08-16 14:02:00+00:00,66,254,47,27,63,18,25,18,254,4,59
2025-08-16 15:02:00+00:00,65,254,47,27,62,19,25,18,254,18,59
2025-08-16 16:02:00+00:00,65,254,47,27,63,19,25,18,254,19,59
2025-08-16 17:02:00+00:00,65,254,46,27,63,19,25,18,254,23,59
2025-08-16 18:02:00+00:00,65,254,46,27,63,19,25,18,254,23,59
2025-08-16 19:02:00+00:00,65,254,45,27,63,18,25,18,254,21,59
2025-08-16 20:02:00+00:00,65,254,45,27,63,19,25,18,254,22,59
2025-08-16 21:02:00+00:00,66,254,44,28,61,19,24,18,254,20,59
2025-08-16 22:02:00+00:00,67,254,44,28,62,19,21,18,254,20,59
2025-08-16 23:02:00+00:00,67,254,39,28,59,19,11,18,254,18,59
2025-08-17 00:02:00+00:00,68,254,29,28,56,19,7,19,254,16,59
2025-08-17 01:02:00+00:00,68,254,17,28,45,19,6,18,254,0,59
2025-08-17 02:02:00+00:00,69,254,14,28,32,19,9,18,254,0,59
2025-08-17 03:02:00+00:00,69,254,13,28,23,20,10,18,254,0,59
2025-08-17 04:02:00+00:00,69,254,13,27,19,19,11,17,254,0,59
2025-08-17 05:02:00+00:00,69,254,13,27,17,19,11,17,254,0,59
2025-08-17 06:02:00+00:00,69,254,14,26,16,19,12,17,254,0,59
2025-08-17 07:02:00+00:00,68,254,14,26,16,19,12,17,254,0,59
2025-08-17 08:02:00+00:00,68,254,14,25,16,19,12,17,254,0,103
2025-08-17 09:02:00+00:00,68,254,15,25,16,19,13,17,254,0,59
2025-08-17 10:02:00+00:00,68,254,15,25,16,19,13,17,254,0,59
2025-08-17 11:02:00+00:00,67,254,15,24,15,19,13,16,254,0,59
2025-08-17 12:02:00+00:00,67,254,15,24,16,19,13,16,254,0,59
2025-08-17 13:02:00+00:00,67,254,15,24,16,18,13,16,254,0,59
2025-08-17 14:02:00+00:00,66,254,15,24,16,18,13,16,254,0,59
2025-08-17 15:02:00+00:00,66,254,16,24,16,18,13,16,254,0,59
2025-08-17 16:02:00+00:00,66,254,16,24,16,18,14,16,254,0,59
2025-08-17 17:02:00+00:00,66,254,16,24,16,18,14,16,254,0,59
2025-08-17 18:02:00+00:00,65,254,16,24,16,17,14,16,254,0,59
2025-08-17 19:02:00+00:00,65,254,16,24,16,18,14,16,254,0,59
2025-08-17 20:02:00+00:00,65,254,16,24,16,18,14,16,254,0,59
2025-08-17 21:02:00+00:00,66,254,16,24,17,17,14,16,254,0,59
2025-08-17 22:02:00+00:00,66,254,16,24,17,17,14,17,254,0,59
2025-08-17 23:02:00+00:00,67,254,17,25,17,17,14,17,254,0,59
2025-08-18 00:02:00+00:00,67,254,17,25,16,17,14,17,254,0,59
2025-08-18 01:02:00+00:00,68,254,17,25,17,18,15,17,254,0,59
2025-08-18 02:02:00+00:00,68,254,17,25,17,17,15,17,254,0,59
2025-08-18 03:02:00+00:00,68,254,17,25,17,17,15,17,254,0,59
2025-08-18 04:02:00+00:00,68,254,17,25,17,17,15,17,254,0,59
2025-08-18 05:02:00+00:00,68,254,17,25,17,17,15,17,254,0,59
2025-08-18 06:02:00+00:00,68,254,17,25,17,17,15,17,254,0,59
2025-08-18 07:02:00+00:00,68,254,18,25,17,17,15,17,254,0,59
2025-08-18 08:02:00+00:00,68,254,18,25,17,17,15,17,254,0,103
2025-08-18 09:02:00+00:00,67,254,18,25,17,17,15,17,254,0,59
2025-08-18 10:02:00+00:00,67,254,18,25,17,17,15,17,254,0,59
2025-08-18 11:02:00+00:00,67,254,18,25,17,17,15,17,254,0,59
2025-08-18 12:02:00+00:00,66,254,18,24,17,17,15,16,254,0,59
2025-08-18 13:02:00+00:00,66,254,18,24,18,16,15,17,254,0,59
2025-08-18 14:02:00+00:00,65,254,18,24,17,17,15,17,254,0,59
2025-08-18 15:02:00+00:00,65,254,18,24,17,16,16,17,254,0,59
2025-08-18 16:02:00+00:00,65,254,18,25,18,16,16,17,254,0,59
2025-08-18 17:02:00+00:00,64,254,18,24,18,16,16,16,254,0,59
2026-04-21 15:21:00+00:00,254,254,2,2,8,3,2,5,254,0,59
2026-04-21 15:39:00+00:00,254,254,3,2,6,3,2,5,254,0,59
2026-05-08 23:10:00+00:00,77,254,2,1,1,11,1,1,254,0,59
2026-05-09 00:11:00+00:00,68,254,2,3,2,11,1,1,254,4,60
2026-05-09 01:11:00+00:00,67,254,2,3,10,12,1,0,254,0,59
2026-05-09 02:11:00+00:00,66,254,2,3,2,11,1,0,254,0,60
2026-05-09 03:11:00+00:00,65,254,3,4,10,15,1,3,254,0,60
2026-05-09 04:11:00+00:00,64,254,3,4,9,18,1,10,254,0,60
2026-05-09 05:11:00+00:00,62,254,3,5,11,19,1,12,254,0,60
2026-05-09 06:11:00+00:00,61,254,3,6,11,20,1,13,254,0,60
2026-05-09 07:11:00+00:00,60,254,3,6,11,19,1,14,254,0,60
2026-05-09 08:11:00+00:00,59,254,3,10,11,19,1,14,254,0,103
2026-05-09 09:11:00+00:00,58,254,3,8,12,19,2,14,254,0,60
2026-05-09 10:11:00+00:00,57,254,3,9,12,19,2,14,254,0,60
2026-05-09 11:11:00+00:00,56,254,3,10,12,19,2,14,254,0,60
2026-05-09 12:11:00+00:00,55,254,3,10,12,19,2,14,254,0,60
2026-05-09 13:11:00+00:00,55,254,3,10,13,19,2,15,254,0,60
2026-05-09 14:11:00+00:00,54,254,4,11,13,19,2,15,254,0,60
2026-05-09 15:11:00+00:00,55,254,4,11,13,19,2,15,254,0,60
2026-05-09 16:11:00+00:00,56,254,4,12,14,19,3,15,254,0,60
2026-05-09 17:11:00+00:00,57,254,5,13,14,19,2,16,254,0,60
2026-05-09 18:11:00+00:00,59,254,5,13,14,20,2,16,254,0,60
2026-05-09 19:11:00+00:00,61,254,6,14,14,21,3,17,254,0,60
2026-05-09 20:11:00+00:00,63,254,10,14,15,21,3,17,254,0,60
2026-05-09 21:11:00+00:00,65,254,6,15,15,22,3,17,254,0,59
2026-05-09 22:11:00+00:00,67,254,7,15,15,22,3,18,254,0,60
2026-05-09 23:11:00+00:00,68,254,7,16,15,22,3,18,254,0,59
2026-05-10 00:11:00+00:00,68,254,7,16,15,23,3,18,254,0,60
2026-05-10 01:11:00+00:00,68,254,8,16,15,23,3,18,254,0,59
2026-05-10 02:11:00+00:00,68,254,8,16,15,23,4,18,254,0,60
2026-05-10 03:11:00+00:00,66,254,8,16,15,22,4,18,254,0,60
2026-05-10 04:11:00+00:00,65,254,9,16,15,22,4,18,254,0,60
2026-05-10 05:11:00+00:00,63,254,9,16,15,22,4,17,254,0,60
2026-05-10 06:11:00+00:00,62,254,9,16,15,21,4,17,254,0,60
2026-05-10 07:11:00+00:00,61,254,10,16,15,21,6,17,254,0,60
2026-05-10 08:11:00+00:00,60,254,10,16,15,21,6,17,254,0,103
2026-05-10 09:11:00+00:00,58,254,10,16,15,21,6,17,254,0,60
2026-05-10 10:11:00+00:00,58,254,10,16,15,21,7,17,254,0,60
2026-05-10 11:11:00+00:00,57,254,10,16,15,20,7,17,254,0,60
2026-05-10 12:11:00+00:00,56,254,11,16,16,20,8,17,254,0,60
2026-05-10 13:11:00+00:00,55,254,10,16,16,20,9,16,254,0,60
2026-05-10 14:11:00+00:00,54,254,10,16,16,20,9,16,254,0,60
2026-05-10 15:11:00+00:00,55,254,10,16,16,20,9,17,254,0,60
2026-05-10 16:11:00+00:00,56,254,10,16,16,21,9,17,254,0,60
2026-05-10 17:11:00+00:00,58,254,11,17,17,21,9,17,254,0,60
2026-05-10 18:11:00+00:00,60,254,11,17,17,22,10,18,254,0,60
2026-05-10 19:11:00+00:00,63,254,11,18,17,23,10,18,254,0,59
2026-05-10 20:11:00+00:00,65,254,11,18,17,23,10,19,254,0,59
2026-05-10 21:11:00+00:00,68,254,12,19,18,24,10,19,254,0,59
2026-05-10 22:11:00+00:00,70,254,12,19,18,24,10,20,254,0,59
2026-05-10 23:11:00+00:00,71,254,12,19,18,24,10,20,254,0,59
2026-05-11 00:11:00+00:00,72,254,12,20,18,25,10,20,254,0,59
2026-05-11 01:11:00+00:00,72,254,12,20,18,25,10,20,254,0,59
2026-05-11 02:11:00+00:00,72,254,13,20,18,25,10,20,254,0,59
2026-05-11 03:11:00+00:00,71,254,12,19,17,24,10,19,254,0,59
2026-05-11 04:11:00+00:00,69,254,13,19,17,24,10,19,254,0,59
2026-05-11 05:11:00+00:00,68,254,12,19,17,24,10,19,254,0,59
2026-05-11 06:11:00+00:00,66,254,11,18,17,23,10,18,254,0,60
2026-05-11 07:11:00+00:00,65,254,12,18,17,23,10,18,254,0,60
2026-05-11 08:11:00+00:00,64,254,11,18,17,23,10,18,254,0,103
2026-05-11 09:11:00+00:00,63,254,12,18,17,23,10,18,254,0,60
2026-05-11 10:11:00+00:00,62,254,12,18,17,22,10,18,254,0,60
2026-05-11 11:11:00+00:00,61,254,12,18,17,22,10,18,254,0,60
2026-05-11 12:11:00+00:00,61,254,12,18,17,22,10,18,254,0,60
2026-05-11 13:11:00+00:00,60,254,12,18,17,22,10,18,254,0,60
2026-05-11 14:11:00+00:00,60,254,12,18,17,22,10,18,254,0,60
2026-05-11 15:11:00+00:00,60,254,12,18,17,22,10,18,254,0,59
2026-05-11 16:11:00+00:00,61,254,12,18,18,22,11,18,254,0,59
2026-05-11 17:11:00+00:00,63,254,12,19,18,23,11,18,254,0,59
2026-05-11 18:11:00+00:00,65,254,13,19,18,23,11,19,254,0,59
2026-05-11 19:11:00+00:00,68,254,13,20,19,24,11,19,254,0,59
2026-05-11 20:11:00+00:00,70,254,13,20,19,25,11,20,254,0,59
2026-05-11 21:11:00+00:00,73,254,13,20,19,25,11,20,254,0,59
2026-05-11 22:11:00+00:00,74,254,13,21,19,26,12,20,254,0,59
2026-05-11 23:11:00+00:00,75,254,13,21,19,25,12,20,254,0,59
2026-05-12 00:11:00+00:00,76,254,13,21,19,26,12,21,254,0,59
2026-05-12 01:11:00+00:00,76,254,13,21,19,26,12,21,254,0,59
2026-05-12 02:11:00+00:00,75,254,13,21,19,25,11,20,254,0,59
2026-05-12 03:11:00+00:00,74,254,13,21,19,25,11,20,254,0,59
2026-05-12 04:11:00+00:00,72,254,13,20,18,24,11,20,254,0,59
2026-05-12 05:11:00+00:00,71,254,13,20,18,24,11,19,254,0,59
2026-05-12 06:11:00+00:00,69,254,13,20,18,23,11,19,254,0,59
2026-05-12 07:11:00+00:00,68,254,13,20,18,23,11,19,254,0,59
2026-05-12 08:11:00+00:00,67,254,13,19,18,23,11,19,254,0,103
2026-05-12 09:11:00+00:00,66,254,12,19,18,23,11,18,254,0,60
2026-05-12 10:11:00+00:00,65,254,13,19,18,23,11,18,254,0,60
2026-05-12 11:11:00+00:00,64,254,12,19,18,22,11,18,254,0,60
2026-05-12 12:11:00+00:00,63,254,13,19,18,22,11,18,254,0,60
2026-05-12 13:11:00+00:00,62,254,13,18,18,22,11,18,254,0,60
2026-05-12 14:11:00+00:00,61,254,13,18,18,22,11,18,254,0,59
2026-05-12 15:11:00+00:00,61,254,13,19,18,22,11,18,254,0,59
2026-05-12 16:11:00+00:00,63,254,13,19,19,22,11,18,254,0,59
2026-05-12 17:11:00+00:00,65,254,13,19,19,23,12,19,254,0,59
2026-05-12 18:11:00+00:00,69,254,5,20,19,23,12,19,254,60,59
2026-05-12 19:11:00+00:00,70,254,4,20,19,23,11,20,254,0,59
2026-05-12 20:11:00+00:00,71,254,6,20,19,23,10,20,254,0,59
2026-05-12 21:11:00+00:00,73,254,7,20,19,23,9,20,254,0,59
2026-05-12 22:11:00+00:00,74,254,8,20,19,23,8,20,254,0,59
2026-05-12 23:11:00+00:00,75,254,8,20,19,22,8,20,254,0,59
2026-05-13 00:11:00+00:00,75,254,8,20,18,22,8,20,254,0,59
2026-05-13 01:11:00+00:00,74,254,9,20,18,22,8,20,254,0,59
2026-05-13 02:13:00+00:00,73,254,9,20,18,21,8,20,254,0,59
2026-05-13 03:13:00+00:00,71,254,10,19,17,21,8,19,254,0,59
2026-05-13 04:13:00+00:00,70,254,10,19,17,21,8,19,254,0,59
2026-05-13 05:13:00+00:00,69,254,10,19,17,20,8,19,254,0,59
2026-05-13 06:13:00+00:00,68,254,10,19,17,20,8,19,254,0,59
2026-05-13 07:13:00+00:00,66,254,10,18,17,20,8,18,254,0,59
2026-05-13 08:13:00+00:00,65,254,10,18,17,19,8,18,254,0,103
2026-05-13 09:13:00+00:00,65,254,10,18,17,19,9,18,254,0,59
2026-05-13 10:13:00+00:00,64,254,10,17,17,19,9,18,254,0,59
2026-05-13 11:13:00+00:00,63,254,10,17,17,19,9,18,254,0,59
2026-05-13 12:13:00+00:00,62,254,10,17,17,19,9,17,254,0,59
2026-05-13 13:13:00+00:00,62,254,11,17,17,19,9,18,254,0,59
2026-05-13 14:13:00+00:00,62,254,11,17,17,19,9,17,254,0,59
2026-05-13 15:13:00+00:00,62,254,11,17,17,19,9,18,254,0,59
2026-05-13 16:13:00+00:00,62,254,11,17,17,19,9,18,254,0,59
2026-05-13 17:13:00+00:00,63,254,11,18,17,20,10,18,254,0,59
2026-05-13 18:13:00+00:00,65,254,11,18,18,20,10,18,254,0,59
2026-05-13 19:13:00+00:00,65,254,11,18,18,20,10,18,254,0,59
2026-05-13 20:13:00+00:00,67,254,12,18,18,20,10,19,254,0,59
2026-05-13 21:13:00+00:00,68,254,12,19,18,21,10,19,254,0,59
2026-05-13 22:13:00+00:00,69,254,12,19,18,21,10,19,254,0,59
2026-05-13 23:13:00+00:00,70,254,12,19,18,21,10,19,254,0,59
2026-05-14 00:13:00+00:00,70,254,12,19,18,21,10,19,254,0,59
2026-05-14 01:13:00+00:00,70,254,12,19,18,21,10,19,254,0,59
2026-05-14 02:13:00+00:00,69,254,12,19,18,21,10,19,254,0,59
2026-05-14 03:13:00+00:00,68,254,12,19,18,21,10,19,254,0,59
2026-05-14 04:13:00+00:00,66,254,11,18,17,20,10,18,254,0,59
2026-05-14 05:13:00+00:00,65,254,12,18,17,20,10,18,254,0,59
2026-05-14 06:13:00+00:00,63,254,11,18,17,20,10,18,254,0,59
2026-05-14 07:13:00+00:00,62,254,11,18,17,20,10,18,254,0,59
2026-05-14 08:13:00+00:00,61,254,12,18,17,20,10,18,254,0,103
2026-05-14 09:13:00+00:00,60,254,11,17,17,20,10,18,254,0,59
2026-05-14 10:13:00+00:00,59,254,12,18,17,20,10,18,254,0,59
2026-05-14 11:13:00+00:00,58,254,12,17,17,19,10,17,254,0,59
2026-05-14 12:13:00+00:00,57,254,11,17,17,19,10,17,254,0,59
2026-05-14 13:13:00+00:00,56,254,12,17,17,19,10,17,254,0,59
2026-05-14 14:13:00+00:00,56,254,12,17,17,19,10,17,254,0,59
2026-05-14 15:13:00+00:00,56,254,12,17,17,20,10,17,254,0,59
2026-05-14 16:13:00+00:00,58,254,12,18,18,20,10,18,254,0,59
2026-05-14 17:13:00+00:00,60,254,12,18,18,20,10,18,254,0,59
2026-05-14 18:13:00+00:00,62,254,12,18,18,21,10,18,254,0,59
2026-05-14 19:13:00+00:00,65,254,13,19,19,22,11,19,254,0,59
2026-05-14 20:13:00+00:00,68,254,13,20,19,22,11,20,254,0,59
2026-05-14 21:13:00+00:00,70,254,13,20,19,23,11,20,254,0,59
2026-05-14 22:13:00+00:00,72,254,13,20,19,23,11,20,254,0,59
2026-05-14 23:13:00+00:00,74,254,13,21,19,24,11,21,254,0,59
2026-05-15 00:13:00+00:00,75,254,13,21,19,24,11,21,254,0,59
2026-05-15 01:13:00+00:00,74,254,13,21,19,24,11,21,254,0,59
2026-05-15 02:13:00+00:00,73,254,13,20,18,23,11,20,254,0,59
2026-05-15 03:13:00+00:00,72,254,13,20,18,23,11,20,254,0,59
2026-05-15 04:13:00+00:00,70,254,13,20,18,23,11,20,254,0,59
2026-05-15 05:13:00+00:00,68,254,13,19,18,22,11,19,254,0,59
2026-05-15 06:13:00+00:00,67,254,12,19,18,22,11,19,254,0,59
2026-05-15 07:13:00+00:00,65,254,12,19,18,22,11,19,254,0,59
2026-05-15 08:13:00+00:00,64,254,12,18,17,21,10,18,254,0,103
2026-05-15 09:13:00+00:00,63,254,12,18,18,21,11,18,254,0,59
2026-05-15 10:13:00+00:00,62,254,12,18,18,21,11,18,254,0,59
2026-05-15 11:13:00+00:00,61,254,12,18,18,21,11,18,254,0,59
2026-05-15 12:13:00+00:00,60,254,12,18,18,21,11,18,254,0,59
2026-05-15 13:13:00+00:00,59,254,12,18,18,21,11,18,254,0,59
2026-05-15 14:13:00+00:00,58,254,12,18,18,20,11,17,254,0,59
2026-05-15 15:13:00+00:00,59,254,13,18,18,21,11,18,254,0,59
2026-05-15 16:13:00+00:00,60,254,13,18,18,21,11,18,254,0,59
2026-05-15 17:13:00+00:00,62,254,13,18,18,21,11,18,254,0,59
2026-05-15 18:13:00+00:00,64,254,13,19,19,22,11,18,254,0,59
2026-05-15 19:13:00+00:00,67,254,14,19,19,22,12,19,254,0,59
2026-05-15 20:13:00+00:00,69,254,14,20,19,23,12,19,254,0,59
2026-05-15 21:13:00+00:00,71,254,14,20,19,23,12,20,254,0,59
2026-05-15 22:13:00+00:00,73,254,14,21,19,24,12,20,254,0,59
2026-05-15 23:13:00+00:00,74,254,14,21,20,24,12,21,254,0,59
2026-05-16 00:13:00+00:00,75,254,14,21,19,24,12,20,254,11,59
2026-05-16 01:13:00+00:00,73,254,14,20,17,23,11,20,254,72,59
2026-05-16 02:13:00+00:00,71,254,13,19,16,22,11,19,254,0,59
2026-05-16 03:13:00+00:00,70,254,13,19,16,21,10,19,254,0,59
2026-05-16 04:13:00+00:00,68,254,13,18,15,20,9,19,254,0,59
2026-05-16 05:13:00+00:00,66,254,13,17,15,19,8,18,254,0,59
2026-05-16 06:13:00+00:00,64,254,12,17,15,19,8,18,254,0,59
2026-05-16 07:13:00+00:00,63,254,12,16,15,18,7,18,254,0,59
2026-05-16 08:13:00+00:00,61,254,12,16,15,18,7,17,254,0,103
2026-05-16 09:13:00+00:00,60,254,12,15,15,18,7,17,254,0,59
2026-05-16 10:13:00+00:00,59,254,12,15,15,18,8,17,254,0,59
2026-05-16 11:13:00+00:00,58,254,12,15,14,17,8,17,254,0,59
2026-05-16 12:13:00+00:00,57,254,12,15,14,17,7,17,254,0,59
2026-05-16 13:13:00+00:00,57,254,12,15,14,17,8,17,254,0,59
2026-05-16 14:13:00+00:00,56,254,12,15,14,17,9,17,254,0,59
2026-05-16 15:13:00+00:00,56,254,12,15,15,17,9,17,254,0,59
2026-05-16 16:13:00+00:00,57,254,12,15,15,17,9,17,254,0,59
2026-05-16 17:13:00+00:00,58,254,12,15,15,18,9,17,254,0,59
2026-05-16 18:13:00+00:00,59,254,12,15,15,18,9,17,254,0,59
2026-05-16 19:13:00+00:00,60,254,12,15,15,18,9,17,254,0,59
2026-05-16 20:13:00+00:00,61,254,13,16,15,19,9,18,254,0,59
2026-05-16 21:13:00+00:00,62,254,13,16,15,19,9,18,254,0,59
2026-05-16 22:13:00+00:00,64,254,13,16,15,19,9,18,254,0,59
2026-05-16 23:13:00+00:00,65,254,13,16,15,20,9,18,254,0,59
2026-05-17 00:13:00+00:00,65,254,13,16,15,20,9,18,254,0,59
2026-05-17 01:13:00+00:00,65,254,13,16,15,20,9,18,254,0,59
2026-05-17 02:13:00+00:00,64,254,12,16,15,19,9,18,254,0,59
2026-05-17 03:13:00+00:00,63,254,12,16,15,19,9,18,254,0,59
2026-05-17 04:13:00+00:00,61,254,12,16,15,19,9,18,254,0,59
2026-05-17 05:13:00+00:00,60,254,12,16,15,19,9,17,254,0,59
2026-05-17 06:13:00+00:00,58,254,12,16,14,19,9,17,254,0,59
2026-05-17 07:13:00+00:00,57,254,12,15,14,18,9,17,254,0,59
2026-05-17 08:13:00+00:00,56,254,12,15,14,18,9,17,254,0,103
2026-05-17 09:13:00+00:00,55,254,12,15,14,18,9,17,254,0,59
2026-05-17 10:13:00+00:00,54,254,12,15,14,18,9,17,254,0,59
2026-05-17 11:13:00+00:00,54,254,12,15,15,18,9,17,254,0,59
2026-05-17 12:13:00+00:00,53,254,12,15,14,18,9,16,254,0,59
2026-05-17 13:13:00+00:00,53,254,12,15,15,18,9,17,254,0,59
2026-05-17 14:13:00+00:00,52,254,12,15,15,18,9,17,254,0,59
2026-05-17 15:13:00+00:00,52,254,12,15,15,19,9,17,254,0,59
2026-05-17 16:13:00+00:00,53,254,12,15,15,19,9,17,254,0,59
2026-05-17 17:13:00+00:00,54,254,12,16,15,19,9,17,254,0,59
2026-05-17 18:13:00+00:00,56,254,12,16,15,19,10,17,254,0,59
2026-05-17 19:13:00+00:00,58,254,13,16,16,20,10,18,254,0,59
2026-05-17 20:13:00+00:00,60,254,13,17,16,20,10,18,254,0,59
2026-05-17 21:13:00+00:00,62,254,13,17,16,21,10,18,254,0,59
2026-05-17 22:13:00+00:00,63,254,13,17,16,21,10,19,254,0,59
2026-05-17 23:13:00+00:00,64,254,13,17,16,21,10,19,254,0,59
2026-05-18 00:13:00+00:00,64,254,13,17,16,21,10,19,254,0,59
2026-05-18 01:13:00+00:00,63,254,13,17,16,21,10,19,254,0,59
2026-05-18 02:13:00+00:00,63,254,13,17,16,21,10,19,254,0,59
2026-05-18 03:13:00+00:00,62,254,13,17,15,21,10,18,254,0,59
2026-05-18 04:13:00+00:00,60,254,12,17,15,21,10,18,254,0,59
2026-05-18 05:13:00+00:00,59,254,12,17,15,21,10,18,254,0,59
2026-05-18 06:13:00+00:00,58,254,12,17,15,20,10,18,254,0,59
2026-05-18 07:13:00+00:00,57,254,12,16,15,20,10,17,254,0,59
2026-05-18 08:13:00+00:00,56,254,12,16,15,20,10,17,254,0,103
2026-05-18 09:13:00+00:00,55,254,12,16,15,20,10,17,254,0,59
2026-05-18 10:13:00+00:00,54,254,12,16,15,20,10,17,254,0,59
2026-05-18 11:13:00+00:00,54,254,12,16,15,20,10,17,254,0,59
2026-05-18 12:13:00+00:00,53,254,12,16,15,20,10,17,254,0,59
2026-05-18 13:13:00+00:00,52,254,12,16,15,20,10,17,254,0,59
2026-05-18 14:13:00+00:00,52,254,12,16,15,20,10,17,254,0,59
2026-05-18 15:13:00+00:00,53,254,12,16,15,20,10,17,254,0,59
2026-05-18 16:13:00+00:00,54,254,13,17,16,20,10,17,254,0,59
2026-05-18 17:13:00+00:00,56,254,13,17,16,20,10,18,254,0,59
2026-05-18 18:13:00+00:00,58,254,13,17,16,21,10,18,254,0,59
2026-05-18 19:13:00+00:00,60,254,13,18,16,21,11,18,254,0,59
2026-05-18 20:13:00+00:00,62,254,13,18,16,22,11,19,254,0,59
2026-05-18 21:13:00+00:00,64,254,13,18,17,22,11,19,254,0,59
2026-05-18 22:13:00+00:00,66,254,13,19,17,23,11,19,254,0,59
2026-05-18 23:13:00+00:00,67,254,13,19,17,23,11,19,254,0,59
2026-05-19 00:13:00+00:00,67,254,13,19,17,23,11,19,254,0,59
2026-05-19 01:13:00+00:00,67,254,13,19,16,23,11,19,254,0,59
2026-05-19 02:13:00+00:00,66,254,13,19,16,23,11,19,254,0,59
2026-05-19 03:13:00+00:00,65,254,13,19,16,23,11,19,254,0,59
2026-05-19 04:13:00+00:00,63,254,13,18,16,22,11,19,254,0,59
2026-05-19 05:13:00+00:00,62,254,13,18,16,22,11,18,254,0,59
2026-05-19 06:13:00+00:00,61,254,13,18,16,22,11,18,254,0,59
2026-05-19 07:13:00+00:00,59,254,13,18,16,21,10,18,254,0,59
2026-05-19 08:13:00+00:00,58,254,13,17,16,21,10,18,254,0,103
2026-05-19 09:13:00+00:00,57,254,12,17,15,21,10,17,254,0,59
2026-05-19 10:13:00+00:00,56,254,13,17,16,21,10,17,254,0,59
2026-05-19 11:13:00+00:00,55,254,12,17,16,20,10,17,254,0,59
2026-05-19 12:13:00+00:00,54,254,13,17,16,20,10,17,254,0,59
2026-05-19 13:13:00+00:00,53,254,12,17,16,20,10,17,254,0,59
2026-05-19 14:13:00+00:00,53,254,13,17,16,20,10,17,254,0,59
2026-05-19 15:13:00+00:00,54,254,13,17,16,21,11,17,254,0,59
2026-05-19 16:13:00+00:00,55,254,13,17,16,21,11,17,254,0,59
2026-05-19 17:13:00+00:00,58,254,13,18,17,21,11,18,254,0,59
2026-05-19 18:13:00+00:00,60,254,13,18,17,22,11,18,254,0,59
2026-05-19 19:13:00+00:00,63,254,14,19,17,23,12,19,254,0,59
2026-05-19 20:13:00+00:00,66,254,14,19,17,23,12,19,254,0,59
2026-05-19 21:13:00+00:00,68,254,14,20,18,24,12,20,254,0,59
2026-05-19 22:13:00+00:00,71,254,14,20,18,24,12,20,254,0,59
2026-05-19 23:13:00+00:00,72,254,14,20,18,25,12,20,254,0,59
2026-05-20 00:13:00+00:00,73,254,14,20,17,25,12,20,254,0,59
2026-05-20 01:13:00+00:00,72,254,14,20,17,25,12,20,254,0,59
2026-05-20 02:14:00+00:00,71,254,14,20,17,24,12,20,254,0,59
2026-05-20 03:14:00+00:00,70,254,14,20,17,24,12,20,254,0,59
2026-05-20 04:14:00+00:00,68,254,13,20,17,24,11,19,254,0,59
2026-05-20 05:14:00+00:00,66,254,13,19,16,23,11,19,254,0,59
2026-05-20 06:14:00+00:00,65,254,13,19,16,23,11,19,254,0,59
2026-05-20 07:14:00+00:00,63,254,13,19,16,22,11,18,254,0,59
2026-05-20 08:14:00+00:00,62,254,13,18,16,22,11,18,254,0,103
2026-05-20 09:14:00+00:00,60,254,13,18,16,21,11,18,254,0,59
2026-05-20 10:14:00+00:00,59,254,13,18,16,21,11,18,254,0,59
2026-05-20 11:14:00+00:00,58,254,13,18,16,21,11,17,254,0,59
2026-05-20 12:14:00+00:00,57,254,13,17,16,21,11,17,254,0,59
2026-05-20 13:14:00+00:00,56,254,13,17,16,21,11,17,254,0,59
2026-05-20 14:14:00+00:00,56,254,13,17,16,21,11,17,254,0,59
2026-05-20 15:14:00+00:00,56,254,13,17,16,21,11,17,254,0,59
2026-05-20 16:14:00+00:00,58,254,13,18,17,21,11,18,254,0,59
2026-05-20 17:14:00+00:00,60,254,14,18,17,22,12,18,254,0,59
2026-05-20 18:14:00+00:00,63,254,14,19,17,23,12,18,254,0,59
2026-05-20 19:14:00+00:00,66,254,14,19,17,23,12,19,254,0,59
2026-05-20 20:14:00+00:00,69,254,14,20,18,24,12,19,254,0,59
2026-05-20 21:14:00+00:00,71,254,14,20,18,24,13,20,254,0,59
2026-05-20 22:14:00+00:00,72,254,15,21,18,25,13,20,254,0,59
2026-05-20 23:14:00+00:00,73,254,14,21,18,25,13,20,254,0,59
2026-05-21 00:14:00+00:00,74,254,15,21,18,25,13,20,254,0,59
2026-05-21 01:14:00+00:00,73,254,14,21,17,25,12,20,254,0,59
2026-05-21 02:14:00+00:00,73,254,14,21,17,25,12,20,254,0,59
2026-05-21 03:14:00+00:00,71,254,14,20,17,24,12,20,254,0,59
2026-05-21 04:14:00+00:00,70,254,14,20,17,24,12,19,254,0,59
2026-05-21 05:14:00+00:00,68,254,14,20,17,24,12,19,254,0,59
2026-05-21 06:14:00+00:00,66,254,13,19,16,23,12,18,254,0,59
2026-05-21 07:14:00+00:00,65,254,13,19,16,23,12,18,254,0,59
2026-05-21 08:14:00+00:00,64,254,13,19,16,22,12,18,254,0,103
2026-05-21 09:14:00+00:00,63,254,13,19,16,22,12,18,254,0,59
2026-05-21 10:14:00+00:00,62,254,13,18,16,22,12,18,254,0,59
2026-05-21 11:14:00+00:00,62,254,13,18,16,22,12,18,254,0,59
2026-05-21 12:14:00+00:00,61,254,13,18,16,22,12,18,254,0,59
2026-05-21 13:14:00+00:00,60,254,13,18,16,22,12,17,254,0,59
2026-05-21 14:14:00+00:00,60,254,13,18,16,22,12,17,254,0,59
2026-05-21 15:14:00+00:00,60,254,14,18,17,22,12,18,254,0,59
2026-05-21 16:14:00+00:00,61,254,14,19,17,22,12,18,254,0,59
2026-05-21 17:14:00+00:00,63,254,14,19,17,23,12,18,254,0,59
2026-05-21 18:14:00+00:00,65,254,14,19,17,23,13,18,254,0,59
2026-05-21 19:14:00+00:00,67,254,14,20,17,23,13,19,254,0,59
2026-05-21 20:14:00+00:00,69,254,15,20,18,24,13,19,254,0,59
2026-05-21 21:14:00+00:00,71,254,15,20,18,24,13,19,254,0,59
2026-05-21 22:14:00+00:00,72,254,15,21,18,25,13,20,254,0,59
2026-05-21 23:14:00+00:00,73,254,15,21,18,25,13,20,254,0,59
2026-05-22 00:14:00+00:00,73,254,15,21,18,25,13,20,254,0,59
2026-05-22 01:14:00+00:00,73,254,15,21,18,25,13,20,254,0,59
2026-05-22 02:14:00+00:00,72,254,15,21,17,25,13,20,254,0,59
2026-05-22 03:14:00+00:00,71,254,14,20,17,24,13,19,254,0,59
2026-05-22 04:14:00+00:00,69,254,14,20,17,24,13,19,254,0,59
2026-05-22 05:14:00+00:00,68,254,14,20,17,24,13,19,254,0,59
2026-05-22 06:14:00+00:00,66,254,14,19,16,23,12,18,254,0,59
2026-05-22 07:14:00+00:00,65,254,14,19,17,23,12,18,254,0,59
2026-05-22 08:14:00+00:00,64,254,14,19,16,23,12,18,254,0,103
2026-05-22 09:14:00+00:00,62,254,14,18,16,22,12,17,254,0,59
2026-05-22 10:14:00+00:00,61,254,14,18,16,22,12,17,254,0,59
2026-05-22 11:14:00+00:00,60,254,14,18,16,22,12,17,254,0,59
2026-05-22 12:14:00+00:00,59,254,14,18,16,22,12,17,254,0,59
2026-05-22 13:14:00+00:00,58,254,14,18,16,22,12,17,254,0,59
2026-05-22 14:14:00+00:00,58,254,14,18,17,22,12,17,254,0,59
2026-05-22 15:14:00+00:00,59,254,14,18,17,22,13,17,254,0,59
2026-05-22 16:14:00+00:00,60,254,14,18,17,22,13,17,254,0,59
2026-05-22 17:14:00+00:00,62,254,14,19,17,23,13,18,254,0,59
2026-05-22 18:14:00+00:00,65,254,15,19,18,23,14,18,254,0,59
2026-05-22 19:14:00+00:00,67,254,15,20,18,24,14,19,254,0,59
2026-05-22 20:14:00+00:00,70,254,15,21,18,25,14,19,254,0,59
2026-05-22 21:14:00+00:00,73,254,15,21,18,25,14,19,254,85,59
2026-05-22 22:14:00+00:00,74,254,16,20,18,25,14,20,254,0,59
2026-05-22 23:14:00+00:00,74,254,15,20,18,24,14,20,254,0,59
2026-05-23 00:14:00+00:00,74,254,15,19,18,24,14,20,254,0,59
2026-05-23 01:14:00+00:00,73,254,15,19,17,23,13,19,254,0,59
2026-05-23 02:14:00+00:00,71,254,14,18,17,22,13,19,254,0,59
2026-05-23 03:14:00+00:00,69,254,14,18,17,22,13,19,254,0,59
2026-05-23 04:14:00+00:00,68,254,14,18,17,22,13,19,254,0,59
2026-05-23 05:14:00+00:00,66,254,14,17,16,21,12,18,254,0,59
2026-05-23 06:14:00+00:00,64,254,14,17,16,20,12,17,254,0,59
2026-05-23 07:14:00+00:00,63,254,14,17,16,20,12,17,254,0,59
2026-05-23 08:14:00+00:00,62,254,14,16,16,20,12,17,254,0,103
2026-05-23 09:14:00+00:00,61,254,14,16,16,20,12,17,254,0,59
2026-05-23 10:14:00+00:00,60,254,13,16,16,20,12,17,254,0,59
2026-05-23 11:14:00+00:00,59,254,14,16,16,20,12,17,254,0,59
2026-05-23 12:14:00+00:00,58,254,13,16,16,19,11,17,254,0,59
2026-05-23 13:14:00+00:00,57,254,13,16,16,19,11,16,254,0,59
2026-05-23 14:14:00+00:00,57,254,13,16,16,19,11,16,254,0,59
2026-05-23 15:14:00+00:00,57,254,13,16,16,19,11,16,254,0,59
2026-05-23 16:14:00+00:00,59,254,14,16,16,20,12,17,254,0,59
2026-05-23 17:14:00+00:00,61,254,14,17,16,21,12,17,254,0,59
2026-05-23 18:14:00+00:00,63,254,14,17,17,21,12,18,254,0,59
2026-05-23 19:14:00+00:00,66,254,14,17,17,21,12,18,254,0,59
2026-05-23 20:14:00+00:00,69,254,15,18,17,22,13,19,254,0,59
2026-05-23 21:14:00+00:00,70,254,15,18,17,23,13,19,254,0,59
2026-05-23 22:14:00+00:00,72,254,15,18,17,23,13,19,254,0,59
2026-05-23 23:14:00+00:00,74,254,15,19,17,24,13,20,254,0,59
2026-05-24 00:14:00+00:00,75,254,15,19,17,24,13,20,254,0,59
2026-05-24 01:14:00+00:00,75,254,14,19,17,24,13,20,254,0,59
2026-05-24 02:14:00+00:00,74,254,14,19,17,24,13,19,254,0,59
2026-05-24 03:14:00+00:00,73,254,14,19,16,23,12,19,254,0,59
2026-05-24 04:14:00+00:00,72,254,14,18,16,23,12,19,254,0,59
2026-05-24 05:14:00+00:00,70,254,14,18,16,23,12,19,254,0,59
2026-05-24 06:14:00+00:00,69,254,13,18,16,22,12,18,254,0,59
2026-05-24 07:14:00+00:00,68,254,13,18,16,22,12,18,254,0,59
2026-05-24 08:14:00+00:00,67,254,13,17,15,22,12,18,254,0,103
2026-05-24 09:14:00+00:00,66,254,13,17,15,21,12,18,254,0,59
2026-05-24 10:14:00+00:00,65,254,13,17,15,21,12,18,254,0,59
2026-05-24 11:14:00+00:00,64,254,13,17,15,21,12,17,254,0,59
2026-05-24 12:14:00+00:00,63,254,13,17,15,21,12,17,254,0,59
2026-05-24 13:14:00+00:00,62,254,13,17,15,21,12,17,254,0,59
2026-05-24 14:14:00+00:00,62,254,13,17,15,21,12,17,254,0,59
2026-05-24 15:14:00+00:00,62,254,13,17,15,21,12,17,254,0,59
2026-05-24 16:14:00+00:00,64,254,13,17,16,21,12,17,254,0,59
2026-05-24 17:14:00+00:00,65,254,14,17,16,22,12,18,254,0,59
2026-05-24 18:14:00+00:00,68,254,14,18,16,23,13,18,254,0,59
2026-05-24 19:14:00+00:00,70,254,14,18,16,23,13,19,254,0,59
2026-05-24 20:14:00+00:00,73,254,14,19,17,23,13,19,254,0,59
2026-05-24 21:14:00+00:00,76,254,15,20,17,24,14,20,254,0,59
2026-05-24 22:14:00+00:00,78,254,15,20,17,25,14,20,254,0,59
2026-05-24 23:14:00+00:00,79,254,15,20,17,25,14,20,254,0,59
2026-05-25 00:14:00+00:00,79,254,15,20,17,25,14,20,254,0,59
2026-05-25 01:14:00+00:00,80,254,15,20,17,25,14,20,254,0,59
2026-05-25 02:14:00+00:00,79,254,14,20,17,25,14,20,254,0,59
2026-05-25 03:14:00+00:00,78,254,14,20,16,25,13,20,254,0,59
2026-05-25 04:14:00+00:00,77,254,14,20,16,25,13,20,254,0,59
2026-05-25 05:14:00+00:00,75,254,14,19,16,24,13,19,254,0,59
2026-05-25 06:14:00+00:00,73,254,13,19,15,23,13,18,254,0,59
2026-05-25 07:14:00+00:00,72,254,13,19,15,23,13,18,254,0,59
2026-05-25 08:14:00+00:00,71,254,13,18,15,23,12,18,254,0,103
2026-05-25 09:14:00+00:00,69,254,12,17,15,22,12,18,254,63,59
2026-05-25 10:14:00+00:00,68,254,8,12,15,22,10,16,254,0,59
2026-05-25 11:14:00+00:00,67,254,5,10,15,21,7,15,254,0,59
2026-05-25 12:14:00+00:00,66,254,4,5,15,20,5,15,254,0,59
2026-05-25 13:14:00+00:00,65,254,4,10,15,20,5,15,254,0,59
2026-05-25 14:14:00+00:00,64,254,5,11,15,19,5,15,254,0,59
2026-05-25 15:14:00+00:00,64,254,5,2,15,19,5,15,254,0,59
2026-05-25 16:14:00+00:00,65,254,6,2,15,19,5,16,254,0,59
2026-05-25 17:14:00+00:00,67,254,6,2,16,19,6,16,254,0,59
2026-05-25 18:14:00+00:00,69,254,6,2,16,19,6,16,254,0,59
2026-05-25 19:14:00+00:00,71,254,7,11,16,20,6,16,254,0,59
2026-05-25 20:14:00+00:00,74,254,7,3,16,20,6,17,254,0,59
2026-05-25 21:14:00+00:00,75,254,7,3,16,20,6,17,254,0,59
2026-05-25 22:14:00+00:00,73,254,6,4,16,20,6,17,254,2,59
2026-05-25 23:14:00+00:00,73,254,7,10,15,20,6,17,254,0,59
2026-05-26 00:14:00+00:00,74,254,7,4,16,20,6,17,254,0,59
2026-05-26 01:14:00+00:00,73,254,7,5,15,20,6,17,254,0,59
2026-05-26 02:14:00+00:00,72,254,7,5,15,20,6,17,254,0,59
2026-05-26 03:14:00+00:00,71,254,7,6,15,19,6,17,254,0,59
2026-05-26 04:14:00+00:00,70,254,7,6,15,19,6,17,254,0,59
2026-05-26 05:14:00+00:00,69,254,7,7,15,19,6,16,254,0,59
2026-05-26 06:14:00+00:00,69,254,7,8,15,19,6,16,254,0,59
2026-05-26 07:14:00+00:00,68,254,7,8,15,19,7,16,254,0,59
2026-05-26 08:14:00+00:00,67,254,8,10,14,19,7,16,254,0,103
2026-05-26 09:14:00+00:00,66,254,8,10,14,19,7,16,254,0,59
2026-05-26 10:14:00+00:00,65,254,8,10,14,19,7,16,254,0,59
2026-05-26 11:14:00+00:00,64,254,8,10,14,18,7,16,254,0,59
2026-05-26 12:14:00+00:00,63,254,8,11,14,18,7,16,254,0,59
2026-05-26 13:14:00+00:00,63,254,8,10,14,18,7,16,254,0,59
2026-05-26 14:14:00+00:00,62,254,9,10,14,18,7,16,254,0,59
2026-05-26 15:14:00+00:00,62,254,9,11,14,18,8,16,254,0,59
2026-05-26 16:14:00+00:00,62,254,9,11,14,18,8,16,254,0,59
2026-05-26 17:14:00+00:00,63,254,9,11,15,19,8,16,254,0,59
2026-05-26 18:14:00+00:00,64,254,9,11,15,19,9,16,254,0,59
2026-05-26 19:14:00+00:00,65,254,10,12,15,19,9,16,254,0,59
2026-05-26 20:14:00+00:00,67,254,10,12,15,20,10,17,254,0,59
2026-05-26 21:14:00+00:00,68,254,10,12,15,20,10,17,254,0,59
2026-05-26 22:14:00+00:00,70,254,10,13,15,21,10,17,254,0,59
2026-05-26 23:14:00+00:00,71,254,10,13,15,21,10,17,254,0,59
2026-05-27 00:14:00+00:00,71,254,10,13,15,21,10,17,254,0,59
2026-05-27 01:14:00+00:00,71,254,10,13,15,21,10,17,254,0,59
2026-05-27 02:14:00+00:00,70,254,10,13,15,21,10,17,254,0,59
2026-05-27 03:14:00+00:00,69,254,10,13,15,20,10,17,254,0,59
2026-05-27 04:14:00+00:00,67,254,10,13,14,20,10,17,254,0,59
2026-05-27 05:14:00+00:00,66,254,10,13,14,20,10,17,254,0,59
2026-05-27 06:14:00+00:00,65,254,10,13,14,20,10,17,254,0,59
2026-05-27 07:14:00+00:00,64,254,10,13,14,20,10,16,254,0,59
2026-05-27 08:14:00+00:00,64,254,10,13,14,20,10,16,254,0,103
2026-05-27 09:14:00+00:00,63,254,10,13,14,20,10,16,254,0,59
2026-05-27 10:14:00+00:00,63,254,10,13,14,20,10,16,254,0,59
2026-05-27 11:14:00+00:00,62,254,10,13,14,19,10,16,254,0,59
2026-05-27 12:14:00+00:00,61,254,10,13,14,19,10,16,254,0,59
2026-05-27 13:14:00+00:00,61,254,10,13,14,20,10,16,254,0,59
2026-05-27 14:14:00+00:00,61,254,10,13,14,20,10,16,254,0,59
2026-05-27 15:14:00+00:00,61,254,10,14,15,20,10,16,254,0,59
2026-05-27 16:14:00+00:00,62,254,10,14,15,20,10,16,254,0,59
2026-05-27 17:14:00+00:00,63,254,10,14,15,20,10,17,254,0,59
2026-05-27 18:14:00+00:00,65,254,10,14,15,21,10,17,254,0,59
2026-05-27 19:14:00+00:00,67,254,11,15,15,21,11,17,254,0,59
2026-05-27 20:14:00+00:00,70,254,11,15,16,22,11,18,254,0,59
2026-05-27 21:14:00+00:00,72,254,11,16,16,22,11,18,254,0,59
2026-05-27 22:14:00+00:00,74,254,11,16,16,23,11,18,254,0,59
2026-05-27 23:14:00+00:00,75,254,11,16,16,23,11,18,254,0,59
2026-05-28 00:16:00+00:00,75,254,11,16,16,23,11,18,254,0,59
2026-05-28 01:16:00+00:00,75,254,11,16,16,23,11,18,254,0,59
2026-05-28 02:16:00+00:00,74,254,11,16,15,23,11,18,254,0,59
2026-05-28 03:16:00+00:00,73,254,11,16,15,22,11,18,254,0,59
2026-05-28 04:16:00+00:00,72,254,11,16,15,22,11,18,254,0,59
2026-05-28 05:16:00+00:00,71,254,11,16,15,22,11,18,254,0,59
2026-05-28 06:16:00+00:00,70,254,11,16,15,22,11,18,254,0,59
2026-05-28 07:16:00+00:00,69,254,11,16,15,21,11,17,254,0,59
2026-05-28 08:16:00+00:00,69,254,11,16,15,21,11,17,254,0,103
2026-05-28 09:16:00+00:00,68,254,11,16,15,21,11,17,254,0,59
2026-05-28 10:16:00+00:00,67,254,11,15,15,21,11,17,254,0,59
2026-05-28 11:16:00+00:00,66,254,11,15,14,21,11,17,254,0,59
2026-05-28 12:16:00+00:00,65,254,11,15,15,21,11,17,254,0,59
2026-05-28 13:16:00+00:00,65,254,11,15,15,21,11,17,254,0,59
2026-05-28 14:16:00+00:00,64,254,11,15,14,20,11,17,254,0,59
2026-05-28 15:16:00+00:00,64,254,11,15,15,21,11,17,254,0,59
2026-05-28 16:16:00+00:00,65,254,11,15,15,21,11,17,254,0,59
2026-05-28 17:16:00+00:00,67,254,11,16,15,21,12,17,254,0,59
2026-05-28 18:16:00+00:00,69,254,11,16,16,22,12,17,254,0,59
2026-05-28 19:16:00+00:00,72,254,12,17,16,23,12,18,254,0,59
2026-05-28 20:16:00+00:00,73,254,12,17,16,23,13,18,254,0,59
2026-05-28 21:16:00+00:00,74,254,12,17,16,23,13,18,254,0,59
2026-05-28 22:16:00+00:00,73,254,12,17,16,23,13,18,254,0,59
2026-05-28 23:16:00+00:00,74,254,12,17,16,23,13,18,254,0,59
2026-05-29 00:16:00+00:00,75,254,12,17,16,23,13,19,254,0,59
2026-05-29 01:16:00+00:00,75,254,12,17,16,23,13,18,254,0,59
2026-05-29 02:16:00+00:00,74,254,12,17,16,23,13,18,254,0,59
2026-05-29 03:16:00+00:00,74,254,12,17,16,23,13,18,254,0,59
2026-05-29 04:16:00+00:00,72,254,12,17,16,23,13,18,254,0,59
2026-05-29 05:16:00+00:00,71,254,12,17,15,22,13,18,254,0,59
2026-05-29 06:16:00+00:00,70,254,12,17,15,22,13,18,254,0,59
2026-05-29 07:16:00+00:00,68,254,11,16,15,22,13,17,254,0,59
2026-05-29 08:16:00+00:00,67,254,11,16,15,21,13,17,254,0,103
2026-05-29 09:16:00+00:00,66,254,11,16,15,21,12,17,254,0,59
2026-05-29 10:16:00+00:00,65,254,11,16,15,21,12,17,254,0,59
2026-05-29 11:16:00+00:00,64,254,11,16,15,21,12,17,254,0,59
2026-05-29 12:16:00+00:00,63,254,11,16,15,21,12,17,254,0,59
2026-05-29 13:16:00+00:00,62,254,11,16,15,21,12,16,254,0,59
2026-05-29 14:16:00+00:00,62,254,11,16,15,21,12,16,254,0,59
2026-05-29 15:16:00+00:00,62,254,11,16,15,21,13,16,254,0,59
2026-05-29 16:16:00+00:00,64,254,12,16,15,21,13,17,254,0,59
2026-05-29 17:16:00+00:00,65,254,12,16,16,22,13,17,254,0,59
2026-05-29 18:16:00+00:00,67,254,12,17,16,22,14,17,254,0,59
2026-05-29 19:16:00+00:00,70,254,13,17,16,23,14,18,254,0,59
2026-05-29 20:16:00+00:00,72,254,13,18,17,23,15,18,254,0,59
2026-05-29 21:16:00+00:00,75,254,13,19,17,24,15,19,254,0,59
2026-05-29 22:16:00+00:00,76,254,13,18,17,24,15,19,254,0,59
2026-05-29 23:16:00+00:00,77,254,13,19,17,25,16,19,254,0,59
2026-05-30 00:16:00+00:00,76,254,13,19,17,24,15,19,254,0,59
2026-05-30 01:16:00+00:00,76,254,13,19,17,24,15,19,254,0,59
2026-05-30 02:16:00+00:00,75,254,13,18,16,24,15,19,254,0,59
2026-05-30 03:16:00+00:00,74,254,13,18,16,24,15,19,254,0,59
2026-05-30 04:16:00+00:00,72,254,13,18,16,23,15,18,254,0,59
2026-05-30 05:16:00+00:00,71,254,13,18,16,23,15,18,254,0,59
2026-05-30 06:16:00+00:00,70,254,13,18,16,23,15,18,254,0,59
2026-05-30 07:16:00+00:00,69,254,12,17,16,22,14,18,254,0,59
2026-05-30 08:16:00+00:00,68,254,13,17,16,22,14,18,254,0,103
2026-05-30 09:16:00+00:00,67,254,12,17,16,22,14,17,254,0,59
2026-05-30 10:16:00+00:00,66,254,12,17,15,22,14,17,254,0,59
2026-05-30 11:16:00+00:00,65,254,12,17,16,22,14,17,254,0,59
2026-05-30 12:16:00+00:00,64,254,12,17,15,21,14,17,254,0,59
2026-05-30 13:16:00+00:00,63,254,12,17,15,21,14,17,254,0,59
2026-05-30 14:16:00+00:00,63,254,13,17,16,21,14,17,254,0,59
2026-05-30 15:16:00+00:00,64,254,13,17,16,21,14,17,254,0,59
2026-05-30 16:16:00+00:00,65,254,13,17,16,22,15,17,254,0,59
2026-05-30 17:16:00+00:00,66,254,13,17,16,22,15,17,254,0,59
2026-05-30 18:16:00+00:00,68,254,14,18,17,23,16,18,254,0,59
2026-05-30 19:16:00+00:00,70,254,14,18,17,23,16,18,254,0,59
2026-05-30 20:16:00+00:00,72,254,14,18,17,24,16,18,254,0,59
2026-05-30 21:16:00+00:00,74,254,14,19,17,24,17,19,254,0,59
2026-05-30 22:16:00+00:00,76,254,15,19,18,25,17,19,254,0,59
2026-05-30 23:16:00+00:00,77,254,15,20,18,25,18,20,254,0,59
2026-05-31 00:17:00+00:00,77,254,15,20,18,25,18,20,254,0,59
2026-05-31 01:17:00+00:00,77,254,15,20,18,25,18,20,254,0,59
2026-05-31 02:17:00+00:00,76,254,14,19,17,25,18,19,254,0,59
2026-05-31 03:17:00+00:00,74,254,14,19,17,24,17,19,254,0,59
2026-05-31 04:17:00+00:00,73,254,14,19,17,24,17,18,254,0,59
2026-05-31 05:17:00+00:00,71,254,14,18,16,23,17,18,254,0,59
2026-05-31 06:17:00+00:00,70,254,14,18,17,23,17,18,254,0,59
2026-05-31 07:17:00+00:00,68,254,14,18,16,23,16,18,254,0,59
2026-05-31 08:17:00+00:00,67,254,13,18,16,22,16,17,254,0,103
2026-05-31 09:17:00+00:00,66,254,13,17,16,22,16,17,254,0,59
2026-05-31 10:17:00+00:00,65,254,14,17,16,22,16,17,254,0,59
2026-05-31 11:17:00+00:00,64,254,13,17,16,22,16,17,254,0,59
2026-05-31 12:17:00+00:00,63,254,14,17,16,22,16,17,254,0,59
2026-05-31 13:17:00+00:00,62,254,13,17,16,22,16,17,254,0,59
2026-05-31 14:17:00+00:00,62,254,14,17,16,22,16,17,254,0,59
2026-05-31 15:17:00+00:00,62,254,14,17,16,22,16,17,254,0,59
2026-05-31 16:17:00+00:00,63,254,14,17,17,22,17,17,254,0,59
2026-05-31 17:17:00+00:00,65,254,14,18,17,23,17,17,254,0,59
2026-05-31 18:17:00+00:00,66,254,14,18,17,23,18,17,254,0,59
2026-05-31 19:17:00+00:00,69,254,15,19,18,24,18,18,254,0,59
2026-05-31 20:17:00+00:00,71,254,15,19,18,24,19,18,254,0,59
2026-05-31 21:17:00+00:00,73,254,15,19,18,24,19,19,254,0,59
2026-05-31 22:17:00+00:00,75,254,16,20,18,25,20,19,254,0,59
2026-05-31 23:17:00+00:00,76,254,16,20,19,25,20,20,254,0,59
2026-06-01 00:17:00+00:00,77,254,16,21,19,26,21,20,254,0,59
2026-06-01 01:17:00+00:00,76,254,16,20,19,25,21,20,254,0,59
2026-06-01 02:17:00+00:00,75,254,15,20,18,25,20,19,254,0,59
2026-06-01 03:17:00+00:00,74,254,15,20,18,25,20,19,254,0,59
2026-06-01 04:17:00+00:00,73,254,15,19,18,24,20,19,254,0,59
2026-06-01 05:17:00+00:00,71,254,15,19,17,24,20,18,254,0,59
2026-06-01 06:17:00+00:00,69,254,15,19,17,24,19,18,254,0,59
2026-06-01 07:17:00+00:00,68,254,15,19,17,23,19,18,254,0,59
2026-06-01 08:17:00+00:00,67,254,15,18,17,23,19,18,254,0,103
2026-06-01 09:17:00+00:00,65,254,15,18,17,23,19,17,254,0,59
2026-06-01 10:17:00+00:00,64,254,14,18,17,22,18,17,254,0,59
2026-06-01 11:17:00+00:00,63,254,15,18,17,22,19,17,254,0,59
2026-06-01 12:17:00+00:00,62,254,15,18,17,22,18,17,254,0,59
2026-06-01 13:17:00+00:00,62,254,15,18,17,22,19,17,254,0,59
2026-06-01 14:17:00+00:00,61,254,15,17,17,22,19,17,254,95,59
2026-06-01 15:17:00+00:00,61,254,15,14,17,22,19,17,254,1,59
2026-06-01 16:17:00+00:00,62,254,13,10,17,22,19,17,254,0,59
2026-06-01 17:17:00+00:00,64,254,13,4,18,23,19,17,254,0,59
2026-06-01 18:17:00+00:00,65,254,12,1,18,23,19,17,254,0,59
2026-06-01 19:17:00+00:00,67,254,11,1,18,23,19,18,254,0,59
2026-06-01 20:17:00+00:00,69,254,11,2,18,24,19,18,254,0,59
2026-06-01 21:17:00+00:00,71,254,11,1,18,24,19,18,254,0,59
2026-06-01 22:17:00+00:00,72,254,11,8,18,24,19,19,254,0,59
2026-06-01 23:17:00+00:00,73,254,11,2,18,24,18,19,254,0,59
2026-06-02 00:17:00+00:00,73,254,11,2,18,24,18,19,254,0,59
2026-06-02 01:17:00+00:00,73,254,11,2,18,24,18,18,254,0,59
2026-06-02 02:17:00+00:00,72,254,11,2,18,24,18,18,254,0,59
2026-06-02 03:17:00+00:00,71,254,10,4,17,24,17,18,254,0,59
2026-06-02 04:17:00+00:00,69,254,10,3,17,23,17,18,254,0,59
2026-06-02 05:17:00+00:00,68,254,10,3,17,23,16,18,254,0,59
2026-06-02 06:17:00+00:00,67,254,10,4,17,23,16,17,254,0,59
2026-06-02 07:17:00+00:00,65,254,10,5,16,22,15,17,254,0,59
2026-06-02 08:17:00+00:00,64,254,10,12,16,22,15,17,254,0,103
2026-06-02 09:17:00+00:00,63,254,10,7,16,22,15,17,254,0,59
2026-06-02 10:17:00+00:00,62,254,10,9,16,22,15,16,254,0,59
2026-06-02 11:17:00+00:00,61,254,10,10,16,22,15,16,254,0,59
2026-06-02 12:17:00+00:00,60,254,10,10,16,21,14,16,254,0,59
2026-06-02 13:17:00+00:00,60,254,10,10,16,21,14,16,254,0,59
2026-06-02 14:17:00+00:00,59,254,10,14,16,22,14,16,254,0,59
2026-06-02 15:17:00+00:00,60,254,10,12,16,22,14,16,254,0,59
2026-06-02 16:17:00+00:00,61,254,10,11,17,22,15,17,254,0,59
2026-06-02 17:17:00+00:00,62,254,10,11,17,22,15,17,254,0,59
2026-06-02 18:17:00+00:00,64,254,10,11,17,23,15,17,254,0,59
2026-06-02 19:17:00+00:00,66,254,11,12,17,23,16,17,254,0,59
2026-06-02 20:17:00+00:00,69,254,11,13,18,24,16,18,254,0,59
2026-06-02 21:17:00+00:00,71,254,11,13,18,24,17,18,254,0,59
2026-06-02 22:17:00+00:00,73,254,11,13,18,25,17,19,254,0,59
2026-06-02 23:17:00+00:00,75,254,11,14,19,25,18,19,254,0,59
2026-06-03 00:17:00+00:00,75,254,11,14,18,25,18,19,254,0,59
2026-06-03 01:17:00+00:00,75,254,11,14,18,25,18,19,254,0,59
2026-06-03 02:17:00+00:00,74,254,11,14,18,25,18,19,254,0,59
2026-06-03 03:17:00+00:00,73,254,11,14,17,25,17,19,254,0,59
2026-06-03 04:17:00+00:00,72,254,11,14,17,25,17,19,254,0,59
2026-06-03 05:17:00+00:00,71,254,11,14,17,24,17,18,254,0,59
2026-06-03 06:17:00+00:00,69,254,11,14,17,24,16,18,254,0,59
2026-06-03 07:17:00+00:00,68,254,11,14,17,24,16,18,254,0,59
2026-06-03 08:17:00+00:00,66,254,11,13,16,23,16,17,254,0,103
2026-06-03 09:17:00+00:00,65,254,11,14,16,23,16,17,254,0,59
2026-06-03 10:17:00+00:00,64,254,11,13,16,22,15,17,254,0,59
2026-06-03 11:17:00+00:00,63,254,11,13,16,22,15,17,254,0,59
2026-06-03 12:17:00+00:00,62,254,10,13,16,22,15,17,254,0,59
2026-06-03 13:17:00+00:00,61,254,11,13,16,22,15,17,254,0,59
2026-06-03 14:17:00+00:00,61,254,11,14,16,22,15,17,254,0,59
2026-06-03 15:17:00+00:00,62,254,11,14,16,22,16,17,254,0,59
2026-06-03 16:17:00+00:00,63,254,11,14,17,23,16,17,254,0,59
2026-06-03 17:17:00+00:00,65,254,11,14,17,23,17,18,254,0,59
2026-06-03 18:17:00+00:00,67,254,11,15,18,24,17,18,254,0,59
2026-06-03 19:17:00+00:00,69,254,12,15,18,24,18,18,254,0,59
2026-06-03 20:17:00+00:00,71,254,12,16,18,25,19,19,254,0,59
2026-06-03 21:17:00+00:00,73,254,12,16,19,25,20,19,254,0,59
2026-06-03 22:17:00+00:00,75,254,12,16,19,25,20,19,254,1,59
2026-06-03 23:17:00+00:00,74,254,4,15,19,25,21,19,254,86,59
2026-06-04 00:17:00+00:00,73,254,0,7,19,25,20,19,254,0,59
2026-06-04 01:17:00+00:00,72,254,0,6,19,25,20,18,254,0,59
2026-06-04 02:17:00+00:00,72,254,0,1,19,25,20,18,254,0,59
2026-06-04 03:17:00+00:00,71,254,0,1,18,24,20,17,254,0,59
2026-06-04 04:17:00+00:00,69,254,0,1,18,23,19,17,254,0,59
2026-06-04 05:17:00+00:00,68,254,0,0,18,23,19,17,254,0,59
2026-06-04 06:17:00+00:00,67,254,0,0,17,23,18,16,254,0,59
2026-06-04 07:17:00+00:00,66,254,0,0,17,22,17,16,254,0,59
2026-06-04 08:17:00+00:00,65,254,0,0,17,22,17,16,254,0,103
2026-06-04 09:17:00+00:00,64,254,0,0,17,22,17,16,254,0,59
2026-06-04 10:17:00+00:00,63,254,0,0,17,22,16,16,254,0,59
2026-06-04 11:17:00+00:00,63,254,0,0,17,22,16,16,254,0,59
2026-06-04 12:17:00+00:00,62,254,0,0,16,21,16,16,254,0,59
2026-06-04 13:17:00+00:00,61,254,0,0,16,21,16,15,254,0,59
2026-06-04 14:17:00+00:00,61,254,0,0,17,21,16,16,254,0,59
2026-06-04 15:17:00+00:00,61,254,0,0,17,21,16,16,254,0,59
2026-06-04 16:17:00+00:00,62,254,0,1,17,21,16,16,254,0,59
2026-06-04 17:17:00+00:00,63,254,0,1,17,22,16,16,254,0,59
2026-06-04 18:17:00+00:00,64,254,0,1,17,22,16,16,254,0,59
2026-06-04 19:17:00+00:00,66,254,0,1,17,22,17,16,254,0,59
2026-06-04 20:17:00+00:00,68,254,0,1,18,23,17,17,254,0,59
2026-06-04 21:17:00+00:00,70,254,0,10,18,24,18,17,254,0,59
2026-06-04 22:17:00+00:00,72,254,0,3,19,24,18,18,254,0,59
2026-06-04 23:17:00+00:00,74,254,0,3,19,25,19,18,254,0,59
2026-06-05 00:17:00+00:00,75,254,0,4,19,24,19,18,254,0,59
2026-06-05 01:17:00+00:00,75,254,0,4,19,24,19,18,254,0,59
2026-06-05 02:17:00+00:00,74,254,0,5,19,25,19,18,254,0,59
2026-06-05 03:17:00+00:00,73,254,0,5,18,24,19,18,254,0,59
2026-06-05 04:17:00+00:00,72,254,0,6,18,24,18,18,254,0,59
2026-06-05 05:17:00+00:00,70,254,0,7,17,23,18,18,254,0,59
2026-06-05 06:17:00+00:00,69,254,0,7,17,23,17,17,254,0,59
2026-06-05 07:17:00+00:00,67,254,0,8,17,22,17,17,254,0,59
2026-06-05 08:17:00+00:00,66,254,1,9,16,22,16,17,254,0,103
2026-06-05 09:17:00+00:00,65,254,1,9,16,22,16,16,254,0,59
2026-06-05 10:17:00+00:00,64,254,2,9,16,22,16,16,254,0,59
2026-06-05 11:17:00+00:00,63,254,2,10,16,22,16,16,254,0,59
2026-06-05 12:17:00+00:00,62,254,2,10,16,21,16,16,254,0,59
2026-06-05 13:17:00+00:00,61,254,3,10,16,21,16,16,254,0,59
2026-06-05 14:17:00+00:00,61,254,3,12,16,22,16,16,254,0,59
2026-06-05 15:17:00+00:00,61,254,4,10,16,22,16,16,254,0,59
2026-06-05 16:17:00+00:00,62,254,4,10,16,22,16,16,254,0,59
2026-06-05 17:17:00+00:00,64,254,5,11,17,22,16,17,254,0,59
2026-06-05 18:17:00+00:00,66,254,5,11,17,23,17,17,254,0,59
2026-06-05 19:17:00+00:00,68,254,6,12,18,23,18,18,254,0,59
2026-06-05 20:17:00+00:00,71,254,6,12,19,24,19,18,254,0,59
2026-06-05 21:17:00+00:00,74,254,7,13,19,25,20,19,254,0,59
2026-06-05 22:17:00+00:00,77,254,8,13,20,26,21,19,254,0,59
2026-06-05 23:17:00+00:00,79,254,8,14,21,26,22,20,254,0,59
2026-06-06 00:17:00+00:00,80,254,9,14,21,26,23,20,254,0,59
2026-06-06 01:17:00+00:00,80,254,9,14,21,26,23,20,254,0,59
2026-06-06 02:17:00+00:00,79,254,9,14,21,26,23,20,254,0,59
2026-06-06 03:17:00+00:00,78,254,9,14,20,26,23,20,254,0,59
2026-06-06 04:17:00+00:00,77,254,9,14,20,26,22,19,254,0,59
2026-06-06 05:17:00+00:00,75,254,9,14,19,25,21,19,254,0,59
2026-06-06 06:17:00+00:00,74,254,9,14,19,25,21,19,254,0,59
2026-06-06 07:17:00+00:00,72,254,9,14,18,24,20,18,254,0,59
2026-06-06 08:17:00+00:00,71,254,9,14,18,24,20,18,254,0,103
2026-06-06 09:17:00+00:00,70,254,10,14,18,24,20,18,254,0,59
2026-06-06 10:17:00+00:00,69,254,10,13,18,23,19,17,254,0,59
2026-06-06 11:17:00+00:00,68,254,10,13,18,23,19,17,254,0,59
2026-06-06 12:17:00+00:00,67,254,10,13,18,23,19,17,254,0,59
2026-06-06 13:17:00+00:00,66,254,10,13,17,22,18,17,254,0,59
2026-06-06 14:17:00+00:00,66,254,10,13,17,22,19,17,254,0,59
2026-06-06 15:17:00+00:00,66,254,10,13,18,22,19,17,254,0,59
2026-06-06 16:17:00+00:00,67,254,10,14,18,23,19,17,254,0,59
2026-06-06 17:17:00+00:00,69,254,11,14,19,23,20,18,254,0,59
2026-06-06 18:17:00+00:00,70,254,11,14,19,24,21,18,254,0,59
2026-06-06 19:17:00+00:00,71,254,11,15,20,24,22,18,254,0,59
2026-06-06 20:17:00+00:00,73,254,11,15,20,24,22,18,254,0,59
2026-06-06 21:17:00+00:00,74,254,12,15,20,25,23,19,254,0,59
2026-06-06 22:17:00+00:00,75,254,12,15,21,25,23,19,254,0,59
2026-06-06 23:17:00+00:00,76,254,12,16,21,26,24,19,254,0,59
2026-06-07 00:17:00+00:00,77,254,12,16,21,26,25,20,254,0,59
2026-06-07 01:17:00+00:00,77,254,12,16,22,26,25,20,254,0,59
2026-06-07 02:17:00+00:00,76,254,12,16,21,26,25,19,254,0,59
2026-06-07 03:17:00+00:00,75,254,12,16,21,25,25,19,254,0,59
2026-06-07 04:17:00+00:00,74,254,12,16,21,25,25,19,254,0,59
2026-06-07 05:17:00+00:00,72,254,12,16,20,25,24,19,254,0,59
2026-06-07 06:17:00+00:00,71,254,12,15,20,24,23,18,254,0,59
2026-06-07 07:17:00+00:00,69,254,11,15,19,24,23,18,254,0,59
2026-06-07 08:17:00+00:00,68,254,12,15,19,24,23,18,254,0,103
2026-06-07 09:17:00+00:00,67,254,11,15,19,23,22,17,254,0,59
2026-06-07 10:17:00+00:00,66,254,11,15,19,23,22,17,254,0,59
2026-06-07 11:17:00+00:00,65,254,12,15,19,23,22,17,254,0,59
2026-06-07 12:17:00+00:00,64,254,11,15,19,23,22,17,254,0,59
2026-06-07 13:17:00+00:00,63,254,12,15,19,23,22,17,254,0,59
2026-06-07 14:17:00+00:00,63,254,12,15,19,23,22,17,254,0,59
2026-06-07 15:17:00+00:00,63,254,12,15,19,23,22,17,254,0,59
2026-06-07 16:17:00+00:00,64,254,12,15,20,23,22,17,254,0,59
2026-06-07 17:17:00+00:00,65,254,12,15,20,23,23,17,254,0,59
2026-06-07 18:17:00+00:00,66,254,12,15,20,23,23,17,254,0,59
2026-06-07 19:17:00+00:00,68,254,13,16,21,24,24,18,254,0,59
2026-06-07 20:17:00+00:00,70,254,13,16,22,25,25,19,254,0,59
2026-06-07 21:17:00+00:00,73,254,14,17,22,25,26,19,254,0,59
2026-06-07 22:17:00+00:00,75,254,14,17,22,26,26,19,254,0,59
2026-06-07 23:17:00+00:00,76,254,14,18,23,26,27,20,254,0,59
2026-06-08 00:17:00+00:00,76,254,14,18,23,27,27,20,254,0,59
2026-06-08 01:17:00+00:00,75,254,14,17,22,26,27,20,254,0,59
2026-06-08 02:17:00+00:00,74,254,14,17,22,26,27,20,254,0,59
2026-06-08 03:17:00+00:00,73,254,14,17,22,26,26,19,254,0,59
2026-06-08 04:17:00+00:00,72,254,14,17,22,25,26,19,254,0,59
2026-06-08 05:17:00+00:00,71,254,14,17,21,25,26,19,254,0,59
2026-06-08 06:17:00+00:00,69,254,14,16,21,25,25,18,254,0,59
2026-06-08 07:17:00+00:00,68,254,14,16,21,24,25,18,254,0,59
2026-06-08 08:17:00+00:00,68,254,14,16,21,24,25,18,254,0,103
2026-06-08 09:17:00+00:00,66,254,13,16,20,24,24,18,254,0,59
2026-06-08 10:17:00+00:00,65,254,13,16,20,24,24,18,254,0,59
2026-06-08 11:17:00+00:00,64,254,13,16,20,23,24,17,254,0,59
2026-06-08 12:17:00+00:00,63,254,13,16,20,23,23,17,254,0,59
2026-06-08 13:17:00+00:00,63,254,14,16,20,23,24,17,254,0,59
2026-06-08 14:17:00+00:00,62,254,14,16,20,23,23,17,254,0,59
2026-06-08 15:17:00+00:00,63,254,14,16,21,23,24,17,254,0,59
2026-06-08 16:17:00+00:00,63,254,14,16,21,24,24,17,254,0,59
2026-06-08 17:17:00+00:00,65,254,15,16,22,24,25,18,254,0,59
2026-06-08 18:17:00+00:00,67,254,15,17,22,25,26,18,254,0,59
2026-06-08 19:17:00+00:00,68,254,16,17,23,25,26,19,254,0,59
2026-06-08 20:17:00+00:00,69,254,16,17,23,25,27,19,254,0,59
2026-06-08 21:17:00+00:00,72,254,17,18,24,26,28,20,254,0,59
2026-06-08 22:17:00+00:00,74,254,18,19,24,27,29,20,254,0,59
2026-06-08 23:17:00+00:00,75,254,18,19,24,27,29,20,254,0,59
2026-06-09 00:17:00+00:00,75,254,18,19,24,27,29,20,254,0,59
2026-06-09 01:17:00+00:00,74,254,18,19,24,27,29,20,254,0,59
2026-06-09 02:17:00+00:00,74,254,18,19,24,27,30,20,254,0,59
2026-06-09 03:17:00+00:00,73,254,17,19,24,27,29,20,254,0,59
2026-06-09 04:17:00+00:00,72,254,17,19,24,27,29,20,254,0,59
2026-06-09 05:17:00+00:00,71,254,17,18,23,26,28,19,254,0,59
2026-06-09 06:17:00+00:00,70,254,17,18,23,26,28,19,254,0,59
2026-06-09 07:17:00+00:00,70,254,17,18,23,26,28,19,254,1,59
2026-06-09 08:17:00+00:00,69,254,17,18,23,25,27,19,254,0,103
2026-06-09 09:17:00+00:00,68,254,17,18,23,25,27,19,254,0,59
2026-06-09 10:17:00+00:00,67,254,17,17,22,25,27,18,254,2,59
2026-06-09 11:17:00+00:00,67,254,17,18,22,25,27,18,254,0,59
2026-06-09 12:17:00+00:00,66,254,17,17,22,24,26,18,254,0,59
2026-06-09 13:17:00+00:00,66,254,17,17,22,24,26,18,254,1,59
2026-06-09 14:17:00+00:00,65,254,17,17,22,25,26,18,254,1,59
2026-06-09 15:17:00+00:00,65,254,17,17,8,25,26,18,254,10,59
2026-06-09 16:17:00+00:00,66,254,0,12,10,25,26,18,254,69,59
2026-06-09 17:17:00+00:00,67,254,0,4,11,25,27,18,254,0,59
2026-06-09 18:17:00+00:00,68,254,0,10,12,26,27,18,254,0,59
2026-06-09 19:17:00+00:00,69,254,0,0,12,26,26,18,254,0,59
2026-06-09 20:17:00+00:00,70,254,0,0,13,27,25,18,254,0,59
2026-06-09 21:17:00+00:00,72,254,0,0,14,27,25,18,254,0,59
2026-06-09 22:17:00+00:00,72,254,0,0,14,27,24,18,254,0,59
2026-06-09 23:17:00+00:00,73,254,0,0,14,27,23,18,254,0,59
2026-06-10 00:17:00+00:00,72,254,0,1,15,27,23,19,254,0,59
2026-06-10 01:17:00+00:00,71,254,1,8,15,27,22,18,254,0,59
2026-06-10 02:17:00+00:00,70,254,0,3,15,27,22,18,254,0,59
2026-06-10 03:17:00+00:00,68,254,0,3,15,27,21,18,254,0,59
2026-06-10 04:17:00+00:00,67,254,0,6,15,26,21,18,254,0,59
2026-06-10 05:17:00+00:00,66,254,0,1,15,26,20,17,254,0,59
2026-06-10 06:17:00+00:00,65,254,1,10,14,25,20,17,254,0,59
2026-06-10 07:17:00+00:00,64,254,0,4,14,25,19,17,254,0,59
2026-06-10 08:17:00+00:00,63,254,0,2,14,25,19,17,254,0,103
2026-06-10 09:17:00+00:00,62,254,0,4,14,25,19,17,254,0,59
2026-06-10 10:17:00+00:00,61,254,0,5,14,25,18,17,254,0,59
2026-06-10 11:17:00+00:00,60,254,0,6,14,24,18,17,254,0,59
2026-06-10 12:17:00+00:00,60,254,0,6,14,24,18,17,254,0,59
2026-06-10 13:17:00+00:00,59,254,1,8,14,24,18,17,254,0,59
2026-06-10 14:17:00+00:00,59,254,1,9,14,24,18,17,254,0,59
2026-06-10 15:17:00+00:00,59,254,2,9,14,24,18,17,254,0,59
2026-06-10 16:17:00+00:00,60,254,4,10,14,25,17,17,254,0,59
2026-06-10 17:17:00+00:00,62,254,5,10,15,25,18,17,254,0,59
2026-06-10 18:17:00+00:00,63,254,5,11,15,26,18,18,254,0,59
2026-06-10 19:17:00+00:00,65,254,7,11,15,26,18,18,254,0,59
2026-06-10 20:17:00+00:00,67,254,8,12,15,27,19,18,254,0,59
2026-06-10 21:17:00+00:00,69,254,10,12,16,27,19,19,254,0,59
2026-06-10 22:17:00+00:00,71,254,10,13,16,28,19,19,254,0,59
2026-06-10 23:17:00+00:00,72,254,10,13,16,29,20,20,254,0,59
2026-06-11 00:17:00+00:00,72,254,11,13,17,29,20,20,254,0,59
2026-06-11 01:17:00+00:00,72,254,11,14,17,29,20,20,254,0,59
2026-06-11 02:17:00+00:00,71,254,11,14,16,28,20,19,254,0,59
2026-06-11 03:17:00+00:00,70,254,11,14,16,28,20,19,254,0,59
2026-06-11 04:17:00+00:00,69,254,11,14,16,27,20,19,254,0,59
2026-06-11 05:17:00+00:00,67,254,11,13,16,27,19,19,254,0,59
2026-06-11 06:17:00+00:00,66,254,10,13,15,26,19,18,254,0,59
2026-06-11 07:17:00+00:00,65,254,11,13,15,26,19,18,254,0,59
2026-06-11 08:17:00+00:00,64,254,10,13,15,26,18,18,254,0,103
2026-06-11 09:17:00+00:00,62,254,10,13,15,25,18,17,254,0,59
2026-06-11 10:17:00+00:00,61,254,10,13,15,25,18,17,254,0,59
2026-06-11 11:17:00+00:00,60,254,10,13,15,25,18,17,254,0,59
2026-06-11 12:17:00+00:00,59,254,11,13,15,25,18,17,254,0,59
2026-06-11 13:17:00+00:00,59,254,11,13,15,25,18,17,254,0,59
2026-06-11 14:17:00+00:00,58,254,11,13,15,24,18,17,254,0,59
2026-06-11 15:17:00+00:00,58,254,0,11,13,24,18,17,254,80,59
2026-06-11 16:17:00+00:00,59,254,1,3,12,25,17,17,254,0,59
2026-06-11 17:17:00+00:00,61,254,0,0,12,25,16,18,254,0,59
2026-06-11 18:17:00+00:00,64,254,0,10,12,25,14,18,254,0,59
2026-06-11 19:17:00+00:00,65,254,0,10,13,26,13,18,254,0,59
2026-06-11 20:17:00+00:00,67,254,1,0,13,26,12,19,254,0,59
2026-06-11 21:17:00+00:00,69,254,1,10,13,27,12,19,254,0,59
2026-06-11 22:17:00+00:00,71,254,1,9,14,27,12,19,254,0,59
2026-06-11 23:17:00+00:00,72,254,0,5,14,28,12,20,254,0,59
2026-06-12 00:17:00+00:00,73,254,0,11,14,28,11,20,254,0,59
2026-06-12 01:17:00+00:00,73,254,0,11,14,28,11,20,254,0,59
2026-06-12 02:17:00+00:00,72,254,0,10,14,28,11,20,254,0,59
2026-06-12 03:17:00+00:00,71,254,0,0,14,27,11,19,254,0,59
2026-06-12 04:17:00+00:00,70,254,0,5,14,27,11,19,254,0,59
2026-06-12 05:17:00+00:00,68,254,0,5,13,26,11,19,254,0,59
2026-06-12 06:17:00+00:00,67,254,0,4,13,26,11,18,254,0,59
2026-06-12 07:17:00+00:00,66,254,0,3,13,25,11,18,254,0,59
2026-06-12 08:17:00+00:00,64,254,0,1,13,25,11,18,254,0,103
2026-06-12 09:17:00+00:00,63,254,0,0,13,25,11,18,254,0,59
2026-06-12 10:17:00+00:00,62,254,0,4,13,24,10,17,254,0,59
2026-06-12 11:17:00+00:00,61,254,0,2,13,24,11,17,254,0,59
2026-06-12 12:17:00+00:00,60,254,0,1,13,24,10,17,254,0,59
2026-06-12 13:17:00+00:00,60,254,0,1,13,24,10,17,254,0,59
2026-06-12 14:17:00+00:00,59,254,1,2,13,24,11,17,254,0,59
2026-06-12 15:17:00+00:00,60,254,1,3,13,24,11,17,254,0,59
2026-06-12 16:17:00+00:00,61,254,2,4,13,25,11,17,254,0,59
2026-06-12 17:17:00+00:00,63,254,3,5,14,25,11,18,254,0,59
2026-06-12 18:17:00+00:00,66,254,4,7,14,26,11,18,254,0,59
2026-06-12 19:17:00+00:00,67,254,7,9,14,26,12,19,254,0,59
2026-06-12 20:17:00+00:00,68,254,9,10,15,27,12,19,254,0,59
2026-06-12 21:17:00+00:00,71,254,10,11,15,28,13,20,254,0,59
2026-06-12 22:17:00+00:00,74,254,11,11,16,29,13,20,254,0,59
2026-06-12 23:17:00+00:00,75,254,12,12,16,29,14,21,254,0,59
2026-06-13 00:17:00+00:00,76,254,12,12,17,30,14,21,254,0,59
2026-06-13 01:17:00+00:00,76,254,13,13,17,30,14,21,254,0,59
2026-06-13 02:17:00+00:00,75,254,13,13,17,29,14,21,254,0,59
2026-06-13 03:17:00+00:00,74,254,13,13,17,29,15,21,254,0,59
2026-06-13 04:18:00+00:00,73,254,12,13,16,28,14,20,254,0,59
2026-06-13 05:18:00+00:00,72,254,12,13,16,28,14,20,254,0,59
2026-06-13 06:18:00+00:00,70,254,12,13,16,28,14,20,254,0,59
2026-06-13 07:18:00+00:00,69,254,12,13,16,27,14,19,254,0,59
2026-06-13 08:18:00+00:00,68,254,12,13,16,27,14,19,254,0,103
2026-06-13 09:18:00+00:00,67,254,12,13,15,26,14,19,254,0,59
2026-06-13 10:18:00+00:00,66,254,12,13,15,26,14,18,254,0,59
2026-06-13 11:18:00+00:00,65,254,12,13,15,26,14,18,254,0,59
2026-06-13 12:18:00+00:00,64,254,12,13,15,25,14,18,254,0,59
2026-06-13 13:18:00+00:00,64,254,12,13,15,25,14,18,254,0,59
2026-06-13 14:18:00+00:00,63,254,12,12,15,25,14,18,254,81,59
2026-06-13 15:18:00+00:00,63,254,0,9,15,25,12,18,254,0,59
2026-06-13 16:18:00+00:00,63,254,0,1,15,25,10,18,254,0,59
2026-06-13 17:18:00+00:00,65,254,0,0,16,26,10,18,254,0,59
2026-06-13 18:18:00+00:00,66,254,0,0,16,26,7,18,254,0,59
2026-06-13 19:18:00+00:00,67,254,1,0,16,26,6,18,254,0,59
2026-06-13 20:18:00+00:00,68,254,0,0,17,27,5,19,254,0,59
2026-06-13 21:18:00+00:00,71,254,0,0,17,28,5,19,254,0,59
2026-06-13 22:18:00+00:00,73,254,1,0,17,28,6,19,254,0,59
2026-06-13 23:18:00+00:00,74,254,1,0,18,29,7,20,254,0,59
2026-06-14 00:18:00+00:00,73,254,2,0,18,29,7,20,254,0,59
2026-06-14 01:18:00+00:00,73,254,4,0,18,29,8,20,254,0,59
2026-06-14 02:18:00+00:00,72,254,6,1,18,29,8,20,254,0,59
2026-06-14 03:18:00+00:00,71,254,8,1,18,28,9,19,254,0,59
2026-06-14 04:18:00+00:00,70,254,9,1,17,28,9,19,254,0,59
2026-06-14 05:18:00+00:00,68,254,9,1,17,27,9,19,254,0,59
2026-06-14 06:18:00+00:00,67,254,10,1,17,26,9,18,254,0,59
2026-06-14 07:18:00+00:00,66,254,10,2,16,26,9,18,254,0,59
2026-06-14 08:18:00+00:00,65,254,10,2,16,26,10,18,254,0,103
2026-06-14 09:18:00+00:00,64,254,10,3,16,25,9,18,254,0,59
2026-06-14 10:18:00+00:00,63,254,10,4,16,25,10,17,254,0,59
2026-06-14 11:18:00+00:00,63,254,10,5,16,25,10,17,254,0,59
2026-06-14 12:18:00+00:00,62,254,10,6,16,25,9,17,254,0,59
2026-06-14 13:18:00+00:00,61,254,10,7,16,25,10,17,254,0,59
2026-06-14 14:18:00+00:00,61,254,10,8,16,25,10,17,254,0,59
2026-06-14 15:18:00+00:00,62,254,10,9,16,25,10,17,254,0,59
2026-06-14 16:18:00+00:00,63,254,11,10,16,26,10,18,254,0,59
2026-06-14 17:18:00+00:00,64,254,11,10,16,26,10,18,254,0,59
2026-06-14 18:18:00+00:00,67,254,12,11,17,27,11,18,254,0,59
2026-06-14 19:18:00+00:00,68,254,13,12,17,28,11,19,254,0,59
2026-06-14 20:18:00+00:00,70,254,14,12,18,29,12,19,254,0,59
2026-06-14 21:18:00+00:00,73,254,15,13,19,29,12,20,254,0,59
2026-06-14 22:18:00+00:00,75,254,15,13,19,30,13,21,254,0,59
2026-06-14 23:18:00+00:00,77,254,17,14,20,32,14,22,254,0,59
2026-06-15 00:18:00+00:00,77,254,17,15,20,32,14,22,254,0,59
2026-06-15 01:18:00+00:00,77,254,18,15,20,32,15,22,254,0,59
2026-06-15 02:18:00+00:00,76,254,18,15,20,31,15,22,254,0,59
2026-06-15 03:18:00+00:00,75,254,17,15,19,30,15,21,254,0,59
2026-06-15 04:18:00+00:00,74,254,17,15,19,30,15,21,254,0,59
2026-06-15 05:18:00+00:00,72,254,17,15,19,29,15,21,254,0,59
2026-06-15 06:18:00+00:00,71,254,16,14,19,29,15,20,254,0,59
2026-06-15 07:18:00+00:00,70,254,17,14,19,28,15,20,254,0,59
2026-06-15 08:18:00+00:00,69,254,16,14,18,28,15,19,254,0,103
2026-06-15 09:18:00+00:00,67,254,16,14,18,27,15,19,254,0,59
2026-06-15 10:18:00+00:00,66,254,16,14,18,27,15,19,254,0,59
2026-06-15 11:18:00+00:00,65,254,16,14,18,27,15,18,254,0,59
2026-06-15 12:18:00+00:00,65,254,16,14,18,26,15,18,254,0,59
2026-06-15 13:18:00+00:00,64,254,4,13,18,26,1,18,254,79,59
2026-06-15 14:18:00+00:00,63,254,0,10,18,26,0,18,254,0,59
2026-06-15 15:18:00+00:00,63,254,0,3,18,26,0,18,254,0,59
2026-06-15 16:18:00+00:00,64,254,0,0,18,26,0,18,254,0,59
2026-06-15 17:18:00+00:00,66,254,1,0,18,27,0,18,254,0,58
2026-06-15 18:18:00+00:00,68,254,1,0,19,28,0,18,254,0,59
2026-06-15 19:18:00+00:00,70,254,0,0,19,29,0,18,254,0,59
2026-06-15 20:18:00+00:00,72,254,0,0,20,29,1,19,254,0,59
2026-06-15 21:18:00+00:00,74,254,1,0,20,30,0,19,254,0,59
2026-06-15 22:18:00+00:00,76,254,1,1,21,31,0,19,254,0,59
2026-06-15 23:18:00+00:00,77,254,2,1,21,32,0,20,254,0,59
2026-06-16 00:18:00+00:00,77,254,4,1,21,32,0,20,254,0,59
2026-06-16 01:18:00+00:00,76,254,7,1,21,31,0,20,254,0,59
2026-06-16 02:18:00+00:00,75,254,9,1,20,30,0,19,254,0,59
2026-06-16 03:18:00+00:00,74,254,10,2,20,30,0,19,254,0,59
2026-06-16 04:18:00+00:00,73,254,10,2,20,29,0,19,254,0,59
2026-06-16 05:18:00+00:00,72,254,10,2,20,29,1,19,254,0,59
2026-06-16 06:18:00+00:00,71,254,10,2,19,28,2,18,254,0,59
2026-06-16 07:18:00+00:00,70,254,10,3,19,28,3,18,254,0,59
2026-06-16 08:18:00+00:00,69,254,10,3,19,27,3,18,254,0,103
2026-06-16 09:18:00+00:00,68,254,10,4,18,27,4,18,254,0,59
2026-06-16 10:18:00+00:00,67,254,10,5,18,27,4,17,254,0,59
2026-06-16 11:18:00+00:00,66,254,10,6,18,26,5,17,254,0,59
2026-06-16 12:18:00+00:00,65,254,10,7,18,26,5,17,254,0,59
2026-06-16 13:18:00+00:00,65,254,10,8,18,26,6,17,254,0,59
2026-06-16 14:18:00+00:00,64,254,10,9,17,26,6,17,254,0,59
2026-06-16 15:18:00+00:00,65,254,11,10,18,26,7,17,254,0,59
2026-06-16 16:18:00+00:00,66,254,11,10,18,27,8,17,254,0,59
2026-06-16 17:18:00+00:00,68,254,12,11,18,28,10,18,254,0,59
2026-06-16 18:18:00+00:00,70,254,13,12,19,29,10,19,254,0,59
2026-06-16 19:18:00+00:00,72,254,14,12,19,30,11,19,254,0,59
2026-06-16 20:18:00+00:00,73,254,15,13,20,30,11,19,254,0,59
2026-06-16 21:18:00+00:00,75,254,16,14,20,31,12,20,254,0,58
2026-06-16 22:18:00+00:00,78,254,18,15,21,33,13,21,254,0,59
2026-06-16 23:18:00+00:00,79,254,20,16,22,34,14,22,254,0,59
2026-06-17 00:18:00+00:00,80,254,21,16,22,34,15,22,254,0,59
2026-06-17 01:18:00+00:00,79,254,22,17,22,34,16,22,254,0,59
2026-06-17 02:18:00+00:00,79,254,22,17,22,34,17,23,254,0,59
2026-06-17 03:18:00+00:00,78,254,22,17,22,34,17,22,254,0,59
2026-06-17 04:18:00+00:00,77,254,22,16,22,33,17,22,254,0,59
2026-06-17 05:18:00+00:00,76,254,21,16,22,32,17,21,254,0,59
2026-06-17 06:18:00+00:00,74,254,20,16,21,31,17,21,254,0,59
2026-06-17 07:18:00+00:00,73,254,20,16,21,31,17,20,254,0,59
2026-06-17 08:18:00+00:00,73,254,20,16,21,30,17,20,254,0,103
2026-06-17 09:18:00+00:00,72,254,20,16,21,30,17,20,254,0,59
2026-06-17 10:18:00+00:00,71,254,20,15,21,30,17,20,254,0,59
2026-06-17 11:18:00+00:00,70,254,20,15,21,29,17,20,254,0,59
2026-06-17 12:18:00+00:00,69,254,20,15,20,29,17,19,254,0,59
2026-06-17 13:18:00+00:00,68,254,20,15,20,29,17,19,254,0,59
2026-06-17 14:18:00+00:00,68,254,20,15,20,29,17,19,254,0,59
2026-06-17 15:18:00+00:00,68,254,21,16,21,29,17,19,254,0,59
2026-06-17 16:18:00+00:00,68,254,21,16,21,29,0,19,254,64,59
2026-06-17 17:18:00+00:00,68,254,17,14,21,29,0,13,254,22,59
2026-06-17 18:18:00+00:00,69,254,13,12,21,30,0,11,254,0,59
2026-06-17 19:18:00+00:00,70,254,13,11,21,30,0,11,254,0,59
2026-06-17 20:18:00+00:00,71,254,13,11,21,31,0,11,254,0,59
2026-06-17 21:18:00+00:00,73,254,14,11,22,32,0,11,254,0,59
2026-06-17 22:18:00+00:00,74,254,15,11,22,33,0,11,254,0,59
2026-06-17 23:18:00+00:00,75,254,16,12,22,33,0,12,254,0,59
2026-06-18 00:18:00+00:00,74,254,17,12,22,33,0,12,254,0,59
2026-06-18 01:18:00+00:00,74,254,18,12,22,33,0,13,254,0,59
2026-06-18 02:18:00+00:00,73,254,18,12,22,33,1,13,254,0,59
2026-06-18 03:18:00+00:00,72,254,19,13,22,32,0,13,254,0,59
2026-06-18 04:18:00+00:00,71,254,18,12,22,31,3,13,254,0,59
2026-06-18 05:18:00+00:00,70,254,18,12,22,31,8,13,254,0,59
2026-06-18 06:18:00+00:00,69,254,17,12,21,30,0,14,254,0,59
2026-06-18 07:18:00+00:00,68,254,17,12,21,30,5,14,254,0,59
2026-06-18 08:18:00+00:00,67,254,17,12,21,30,10,14,254,0,103
2026-06-18 09:18:00+00:00,66,254,17,12,21,29,0,14,254,0,59
2026-06-18 10:18:00+00:00,65,254,17,12,20,29,0,14,254,0,59
2026-06-18 11:18:00+00:00,65,254,17,12,20,29,4,14,254,0,59
2026-06-18 12:18:00+00:00,64,254,17,12,20,28,3,14,254,0,59
2026-06-18 13:18:00+00:00,63,254,17,12,20,28,0,14,254,0,59
2026-06-18 14:18:00+00:00,63,254,17,12,20,28,0,14,254,0,59
2026-06-18 15:18:00+00:00,63,254,17,13,20,28,0,14,254,0,59
2026-06-18 16:18:00+00:00,64,254,17,13,20,28,0,14,254,0,59
2026-06-18 17:18:00+00:00,66,254,18,14,20,29,4,15,254,0,59
2026-06-18 18:18:00+00:00,67,254,20,14,21,30,0,15,254,0,59
2026-06-18 19:18:00+00:00,69,254,21,15,21,31,2,16,254,0,59
2026-06-18 20:18:00+00:00,70,254,23,16,22,32,3,16,254,0,59
2026-06-18 21:18:00+00:00,72,254,24,16,22,33,5,17,254,0,59
2026-06-18 22:18:00+00:00,73,254,25,17,22,34,7,17,254,0,59
2026-06-18 23:18:00+00:00,74,254,26,17,23,35,8,18,254,0,59
2026-06-19 00:18:00+00:00,74,254,27,18,23,35,9,18,254,0,59
2026-06-19 01:18:00+00:00,74,254,28,18,23,35,10,18,254,0,59
2026-06-19 02:18:00+00:00,73,254,28,18,23,34,10,18,254,0,59
2026-06-19 03:18:00+00:00,73,254,28,18,23,34,11,18,254,0,59
2026-06-19 04:18:00+00:00,72,254,27,17,23,34,11,18,254,0,59
2026-06-19 05:18:00+00:00,71,254,26,17,23,33,11,18,254,0,59
2026-06-19 06:18:00+00:00,70,254,26,17,23,32,11,18,254,0,59
2026-06-19 07:18:00+00:00,69,254,26,17,22,32,11,18,254,0,59
2026-06-19 08:18:00+00:00,68,254,25,17,22,31,11,18,254,0,103
2026-06-19 09:18:00+00:00,67,254,25,16,22,31,11,18,254,0,59
2026-06-19 10:18:00+00:00,66,254,25,16,22,30,10,17,254,0,59
2026-06-19 11:18:00+00:00,65,254,25,16,22,30,11,17,254,0,59
2026-06-19 12:18:00+00:00,64,254,24,16,21,29,10,17,254,0,59
2026-06-19 13:18:00+00:00,64,254,24,16,22,29,11,17,254,0,59
2026-06-19 14:18:00+00:00,63,254,24,16,22,29,11,17,254,0,59
2026-06-19 15:18:00+00:00,64,254,25,16,22,29,11,17,254,0,59
2026-06-19 16:18:00+00:00,64,254,25,16,22,29,0,17,254,87,59
2026-06-19 17:18:00+00:00,66,254,26,15,22,30,0,0,254,0,59
2026-06-19 18:18:00+00:00,67,254,27,14,23,31,0,0,254,0,59
2026-06-19 19:18:00+00:00,69,254,28,14,23,32,0,0,254,0,59
2026-06-19 20:18:00+00:00,70,254,29,14,23,33,0,1,254,0,59
2026-06-19 21:18:00+00:00,71,254,29,14,23,33,0,0,254,0,59
2026-06-19 22:18:00+00:00,72,254,30,15,23,34,0,1,254,0,58
2026-06-19 23:18:00+00:00,73,254,30,15,23,34,0,2,254,0,58
2026-06-20 00:18:00+00:00,74,254,30,15,23,35,0,5,254,0,59
2026-06-20 01:18:00+00:00,74,254,29,15,23,35,0,8,254,0,59
2026-06-20 02:18:00+00:00,74,254,29,15,23,35,0,11,254,0,59
2026-06-20 03:18:00+00:00,74,254,28,15,23,34,0,12,254,0,59
2026-06-20 04:18:00+00:00,73,254,27,14,22,33,0,12,254,0,59
2026-06-20 05:18:00+00:00,72,254,26,14,22,33,0,13,254,0,59
2026-06-20 06:18:00+00:00,71,254,25,14,21,32,0,13,254,0,59
2026-06-20 07:18:00+00:00,71,254,25,14,21,32,0,13,254,0,59
2026-06-20 08:18:00+00:00,70,254,24,14,21,32,0,13,254,0,103
2026-06-20 09:18:00+00:00,69,254,24,14,21,31,0,13,254,0,59
2026-06-20 10:18:00+00:00,69,254,23,14,20,31,0,14,254,0,59
2026-06-20 11:18:00+00:00,68,254,23,14,20,31,0,14,254,0,59
2026-06-20 12:18:00+00:00,68,254,23,14,20,30,0,14,254,0,59
2026-06-20 13:18:00+00:00,68,254,23,14,20,31,0,14,254,0,59
2026-06-20 14:18:00+00:00,68,254,22,14,20,30,0,14,254,2,59
2026-06-20 15:18:00+00:00,68,254,22,14,20,30,0,14,254,0,59
2026-06-20 16:18:00+00:00,68,254,22,14,20,30,0,14,254,0,59
2026-06-20 17:18:00+00:00,68,254,22,15,20,30,0,14,254,0,59
2026-06-20 18:18:00+00:00,69,254,23,15,20,31,0,15,254,0,59
2026-06-20 19:18:00+00:00,70,254,24,16,20,31,0,15,254,0,59
2026-06-20 20:18:00+00:00,71,254,24,16,20,32,0,16,254,0,59
2026-06-20 21:18:00+00:00,71,254,25,16,20,32,0,16,254,0,59
2026-06-20 22:18:00+00:00,72,254,26,17,20,33,0,16,254,0,59
2026-06-20 23:18:00+00:00,72,254,27,17,20,33,0,16,254,0,59
2026-06-21 00:18:00+00:00,72,254,27,17,20,33,0,17,254,0,59
2026-06-21 01:18:00+00:00,72,254,27,17,21,33,0,17,254,0,59
2026-06-21 02:18:00+00:00,72,254,27,17,21,33,0,17,254,0,59
2026-06-21 03:18:00+00:00,72,254,27,17,21,33,0,17,254,0,59
2026-06-21 04:18:00+00:00,71,254,26,17,20,32,0,17,254,0,59
2026-06-21 05:18:00+00:00,71,254,25,17,20,32,0,17,254,0,59
2026-06-21 06:18:00+00:00,70,254,25,17,20,32,0,17,254,0,59
2026-06-21 07:18:00+00:00,69,254,24,16,20,31,0,16,254,0,59
2026-06-21 08:18:00+00:00,68,254,24,16,20,31,0,16,254,0,103
2026-06-21 09:18:00+00:00,68,254,24,16,20,31,0,16,254,0,59
2026-06-21 10:18:00+00:00,67,254,23,16,20,30,0,16,254,0,59
2026-06-21 11:18:00+00:00,66,254,23,16,19,29,0,16,254,0,59
2026-06-21 12:18:00+00:00,66,254,23,16,19,29,0,16,254,0,59
2026-06-21 13:18:00+00:00,65,254,23,16,19,29,0,16,254,0,59
2026-06-21 14:18:00+00:00,65,254,23,16,19,29,1,16,254,0,59
2026-06-21 15:18:00+00:00,65,254,2,12,19,29,0,16,254,88,59
2026-06-21 16:18:00+00:00,65,254,2,9,19,29,0,1,254,0,59
2026-06-21 17:18:00+00:00,66,254,2,11,19,30,0,0,254,0,59
2026-06-21 18:18:00+00:00,68,254,2,0,20,31,0,4,254,0,58
2026-06-21 19:18:00+00:00,69,254,2,0,20,32,0,4,254,0,58
2026-06-21 20:18:00+00:00,70,254,2,7,20,33,0,8,254,0,58
2026-06-21 21:18:00+00:00,72,254,2,1,20,34,0,1,254,0,58
2026-06-21 22:18:00+00:00,74,254,3,8,20,35,0,7,254,0,58
2026-06-21 23:18:00+00:00,75,254,4,6,20,35,0,8,254,0,58
2026-06-22 00:18:00+00:00,75,254,8,1,20,36,0,4,254,0,58
2026-06-22 01:18:00+00:00,75,254,11,2,20,36,0,6,254,0,59
2026-06-22 02:18:00+00:00,74,254,12,2,20,36,0,10,254,0,59
2026-06-22 03:18:00+00:00,74,254,12,4,20,35,0,10,254,0,59
2026-06-22 04:18:00+00:00,73,254,12,5,19,34,0,11,254,0,59
2026-06-22 05:18:00+00:00,72,254,12,6,19,34,0,11,254,0,59
2026-06-22 06:18:00+00:00,71,254,12,8,19,33,0,12,254,0,59
2026-06-22 07:18:00+00:00,70,254,12,8,19,33,0,12,254,0,59
2026-06-22 08:18:00+00:00,69,254,12,9,19,32,0,12,254,0,103
2026-06-22 09:18:00+00:00,68,254,12,10,19,32,0,12,254,0,59
2026-06-22 10:18:00+00:00,67,254,12,10,18,31,0,12,254,0,59
2026-06-22 11:18:00+00:00,66,254,12,10,18,30,0,12,254,0,59
2026-06-22 12:18:00+00:00,65,254,12,10,18,30,0,13,254,0,59
2026-06-22 13:18:00+00:00,65,254,12,11,18,30,0,13,254,0,59
2026-06-22 14:18:00+00:00,64,254,12,11,18,30,0,13,254,0,59
2026-06-22 15:18:00+00:00,64,254,13,11,18,30,0,13,254,0,59
2026-06-22 16:18:00+00:00,65,254,13,12,18,31,0,13,254,0,59
2026-06-22 17:18:00+00:00,66,254,14,12,18,31,0,14,254,0,59
2026-06-22 18:18:00+00:00,67,254,15,13,19,32,0,14,254,0,58
2026-06-22 19:18:00+00:00,69,254,16,14,19,33,0,15,254,0,58
2026-06-22 20:18:00+00:00,70,254,17,15,20,35,0,15,254,0,58
2026-06-22 21:18:00+00:00,72,254,18,16,20,36,0,16,254,0,58
2026-06-22 22:18:00+00:00,73,254,20,17,21,36,1,16,254,0,58
2026-06-22 23:18:00+00:00,74,254,21,17,21,38,3,17,254,0,58
2026-06-23 00:18:00+00:00,74,254,22,18,22,38,3,18,254,0,58
2026-06-23 01:18:00+00:00,73,254,23,18,22,38,5,18,254,0,59
2026-06-23 02:18:00+00:00,73,254,24,18,22,38,6,18,254,0,59
2026-06-23 03:18:00+00:00,72,254,24,18,22,38,6,18,254,0,59
2026-06-23 04:18:00+00:00,72,254,24,18,23,37,7,18,254,0,59
2026-06-23 05:18:00+00:00,71,254,23,17,22,36,7,18,254,0,59
2026-06-23 06:18:00+00:00,69,254,23,17,22,35,7,17,254,0,59
2026-06-23 07:18:00+00:00,69,254,22,17,23,35,8,17,254,0,59
2026-06-23 08:18:00+00:00,68,254,22,17,23,34,8,17,254,0,103
2026-06-23 09:18:00+00:00,67,254,22,17,22,34,8,17,254,0,59
2026-06-23 10:18:00+00:00,66,254,22,16,22,33,8,17,254,0,59
2026-06-23 11:18:00+00:00,65,254,22,16,22,33,9,17,254,0,59
2026-06-23 12:18:00+00:00,65,254,22,16,23,32,9,17,254,0,59
2026-06-23 13:18:00+00:00,64,254,22,16,22,32,9,16,254,0,59
2026-06-23 14:18:00+00:00,64,254,22,16,22,32,9,16,254,0,59
2026-06-23 15:18:00+00:00,64,254,22,16,23,32,10,17,254,0,59
2026-06-23 16:18:00+00:00,65,254,23,17,23,33,10,17,254,0,59
2026-06-23 17:18:00+00:00,65,254,24,17,23,33,10,17,254,0,58
2026-06-23 18:18:00+00:00,67,254,25,18,24,35,10,18,254,0,58
2026-06-23 19:18:00+00:00,69,254,26,19,24,36,11,18,254,0,58
2026-06-23 20:18:00+00:00,71,254,28,20,24,38,11,19,254,0,58
2026-06-23 21:18:00+00:00,72,254,30,21,25,39,12,20,254,0,58
2026-06-23 22:18:00+00:00,74,254,32,21,25,41,13,20,254,0,58
2026-06-23 23:18:00+00:00,75,254,33,22,25,41,13,21,254,0,58
2026-06-24 00:18:00+00:00,75,254,34,22,25,42,14,21,254,0,58
2026-06-24 01:18:00+00:00,75,254,35,22,25,42,14,21,254,0,59
2026-06-24 02:18:00+00:00,75,254,36,23,25,42,15,22,254,0,59
2026-06-24 03:18:00+00:00,75,254,37,22,25,42,15,22,254,0,59
2026-06-24 04:18:00+00:00,74,254,37,22,25,41,16,22,254,0,59
2026-06-24 05:18:00+00:00,73,254,36,22,25,40,16,22,254,0,59
2026-06-24 06:18:00+00:00,72,254,36,21,25,40,16,21,254,0,59
2026-06-24 07:18:00+00:00,71,254,35,21,25,39,16,21,254,0,59
2026-06-24 08:18:00+00:00,71,254,35,21,25,38,16,21,254,0,103
2026-06-24 09:18:00+00:00,70,254,35,21,25,38,16,21,254,0,59
2026-06-24 10:18:00+00:00,69,254,34,20,25,37,16,20,254,0,59
2026-06-24 11:18:00+00:00,68,254,34,20,25,36,16,20,254,0,59
2026-06-24 12:18:00+00:00,68,254,34,20,25,36,17,20,254,0,59
2026-06-24 13:18:00+00:00,67,254,34,20,25,35,16,20,254,0,59
2026-06-24 14:18:00+00:00,67,254,34,20,25,35,16,20,254,0,59
2026-06-24 15:18:00+00:00,67,254,34,20,25,35,17,20,254,0,59
2026-06-24 16:18:00+00:00,67,254,35,21,25,36,17,20,254,0,59
2026-06-24 17:18:00+00:00,68,254,36,22,26,38,17,21,254,0,58
2026-06-24 18:18:00+00:00,70,254,38,23,26,39,18,21,254,0,58
2026-06-24 19:18:00+00:00,72,254,39,24,27,41,19,22,254,0,58
2026-06-24 20:18:00+00:00,73,254,40,25,27,42,19,23,254,0,58
2026-06-24 21:18:00+00:00,75,254,41,26,27,44,20,24,254,0,58
2026-06-24 22:18:00+00:00,76,254,43,27,28,45,21,25,254,0,58
2026-06-24 23:18:00+00:00,76,254,43,27,28,46,22,25,254,0,58
2026-06-25 00:18:00+00:00,76,254,44,28,28,46,23,26,254,0,58
2026-06-25 01:18:00+00:00,76,254,45,29,28,47,23,27,254,0,58
2026-06-25 02:18:00+00:00,76,254,46,28,28,47,24,27,254,0,59
2026-06-25 03:18:00+00:00,76,254,46,28,28,47,24,27,254,0,59
2026-06-25 04:18:00+00:00,75,254,46,27,27,45,24,27,254,0,59
2026-06-25 05:18:00+00:00,74,254,46,27,27,45,25,26,254,0,59
2026-06-25 06:18:00+00:00,73,254,46,26,27,44,25,26,254,0,59
2026-06-25 07:18:00+00:00,73,254,46,26,27,43,25,26,254,0,59
2026-06-25 08:18:00+00:00,72,254,46,26,27,42,26,25,254,14,103
2026-06-25 09:18:00+00:00,69,254,45,24,26,40,0,24,254,91,59
2026-06-25 10:18:00+00:00,69,254,45,23,27,40,0,23,254,1,59
2026-06-25 11:18:00+00:00,68,254,44,23,27,39,0,20,254,0,59
2026-06-25 12:18:00+00:00,68,254,44,22,27,37,0,19,254,0,59
2026-06-25 13:18:00+00:00,67,254,42,21,27,36,0,17,254,0,59
2026-06-25 14:18:00+00:00,67,254,41,21,27,35,0,17,254,0,59
2026-06-25 15:18:00+00:00,67,254,40,21,27,34,0,16,254,0,59
2026-06-25 16:18:00+00:00,67,254,38,21,27,34,0,16,254,0,59
2026-06-25 17:18:00+00:00,68,254,38,22,27,34,0,16,254,0,59
2026-06-25 18:18:00+00:00,69,254,37,22,27,34,0,16,254,0,58
2026-06-25 19:18:00+00:00,70,254,36,23,27,35,0,17,254,0,58
2026-06-25 20:18:00+00:00,71,254,36,23,27,35,0,17,254,0,58
2026-06-25 21:18:00+00:00,72,254,36,24,27,36,0,17,254,0,58
2026-06-25 22:18:00+00:00,73,254,36,24,27,37,0,17,254,0,58
2026-06-25 23:18:00+00:00,74,254,37,25,27,38,0,18,254,0,58
2026-06-26 00:18:00+00:00,75,254,37,25,27,38,0,18,254,0,59
2026-06-26 01:18:00+00:00,75,254,37,25,27,38,0,18,254,0,59
2026-06-26 02:18:00+00:00,75,254,37,25,27,37,0,18,254,0,59
2026-06-26 03:18:00+00:00,75,254,37,24,27,37,0,19,254,0,59
2026-06-26 04:19:00+00:00,74,254,36,24,27,37,0,19,254,0,59
2026-06-26 05:19:00+00:00,73,254,35,23,26,36,0,18,254,0,59
2026-06-26 06:19:00+00:00,72,254,35,23,26,36,0,18,254,0,59
2026-06-26 07:19:00+00:00,72,254,34,23,26,35,0,19,254,0,59
2026-06-26 08:19:00+00:00,71,254,34,22,25,35,0,18,254,0,103
2026-06-26 09:19:00+00:00,70,254,33,22,25,34,0,18,254,0,59
2026-06-26 10:19:00+00:00,69,254,33,22,25,34,0,18,254,0,59
2026-06-26 11:19:00+00:00,69,254,32,22,25,34,0,18,254,0,59
2026-06-26 12:19:00+00:00,68,254,32,22,25,34,0,18,254,0,59
2026-06-26 13:19:00+00:00,68,254,32,22,25,34,0,18,254,0,59
2026-06-26 14:19:00+00:00,68,254,32,22,25,33,0,18,254,0,59
2026-06-26 15:19:00+00:00,67,254,31,21,24,33,0,18,254,0,59
2026-06-26 16:19:00+00:00,67,254,31,22,24,33,0,18,254,0,59
2026-06-26 17:19:00+00:00,67,254,31,22,24,33,0,18,254,0,59
2026-06-26 18:19:00+00:00,67,254,31,22,24,33,0,18,254,0,59
2026-06-26 19:19:00+00:00,68,254,31,22,24,34,0,19,254,0,59
2026-06-26 20:19:00+00:00,68,254,32,22,24,34,0,19,254,0,59
2026-06-26 21:19:00+00:00,68,254,31,22,24,34,0,19,254,0,59
2026-06-26 22:19:00+00:00,68,254,31,22,24,33,0,19,254,6,59
2026-06-26 23:19:00+00:00,68,254,31,22,24,34,0,19,254,0,59
2026-06-27 00:19:00+00:00,68,254,31,22,24,34,0,19,254,0,59
2026-06-27 01:19:00+00:00,68,254,31,22,24,34,0,19,254,0,59
2026-06-27 02:19:00+00:00,68,254,31,22,24,34,0,19,254,0,59
2026-06-27 03:19:00+00:00,68,254,31,22,24,34,0,19,254,1,59
2026-06-27 04:19:00+00:00,67,254,2,21,23,33,0,19,254,15,59
2026-06-27 05:19:00+00:00,66,254,2,21,23,32,0,18,254,0,59
2026-06-27 06:19:00+00:00,66,254,2,20,23,32,0,18,254,0,59
2026-06-27 07:19:00+00:00,66,254,2,20,23,32,0,18,254,0,59
2026-06-27 08:19:00+00:00,66,254,2,20,23,32,0,18,254,0,103
2026-06-27 09:19:00+00:00,65,254,2,20,23,32,0,18,254,0,59
2026-06-27 10:19:00+00:00,65,254,3,20,23,32,0,18,254,0,59
2026-06-27 11:19:00+00:00,65,254,3,20,23,32,0,18,254,0,59
2026-06-27 12:19:00+00:00,65,254,3,20,23,32,0,18,254,0,59
2026-06-27 13:19:00+00:00,64,254,3,19,23,31,0,18,254,0,59
2026-06-27 14:19:00+00:00,64,254,2,19,23,31,0,18,254,3,59
2026-06-27 15:19:00+00:00,63,254,2,19,23,31,0,18,254,4,59
2026-06-27 16:19:00+00:00,63,254,2,19,23,31,0,18,254,2,59
2026-06-27 17:19:00+00:00,64,254,2,19,23,31,0,18,254,0,59
2026-06-27 18:19:00+00:00,64,254,2,19,23,31,0,18,254,0,59
2026-06-27 19:19:00+00:00,64,254,5,19,22,31,0,18,254,9,59
2026-06-27 20:19:00+00:00,63,254,2,19,22,31,0,18,254,4,59
2026-06-27 21:19:00+00:00,64,254,2,18,22,31,0,17,254,0,59
2026-06-27 22:19:00+00:00,61,254,2,12,0,27,0,10,254,104,59
2026-06-27 23:19:00+00:00,61,254,4,6,0,14,0,6,254,0,59
2026-06-28 00:19:00+00:00,62,254,7,2,0,11,0,6,254,0,59
2026-06-28 01:19:00+00:00,63,254,10,2,0,11,0,6,254,0,59
2026-06-28 02:19:00+00:00,63,254,10,3,0,11,0,7,254,0,59
2026-06-28 03:19:00+00:00,63,254,10,4,0,11,0,2,254,0,59
2026-06-28 04:19:00+00:00,63,254,8,4,0,12,0,2,254,0,59
2026-06-28 05:19:00+00:00,62,254,9,9,0,12,0,3,254,2,59
2026-06-28 06:19:00+00:00,62,254,9,0,0,12,0,5,254,0,59
2026-06-28 07:19:00+00:00,62,254,10,0,0,12,0,7,254,0,59
2026-06-28 08:19:00+00:00,61,254,10,0,0,13,0,5,254,0,103
2026-06-28 09:19:00+00:00,61,254,9,1,0,13,0,5,254,0,59
2026-06-28 10:20:00+00:00,60,254,9,1,0,13,0,5,254,0,59
2026-06-28 11:20:00+00:00,60,254,9,0,0,13,0,5,254,0,59
2026-06-28 12:20:00+00:00,59,254,5,1,0,14,0,6,254,0,59
2026-06-28 13:20:00+00:00,59,254,3,1,0,14,0,6,254,0,59
2026-06-28 14:20:00+00:00,59,254,6,1,0,14,0,6,254,0,59
2026-06-28 15:20:00+00:00,59,254,6,1,0,14,0,6,254,0,59
2026-06-28 16:20:00+00:00,60,254,5,1,0,15,0,6,254,0,58
2026-06-28 17:20:00+00:00,60,254,1,4,0,15,0,4,254,0,58
2026-06-28 18:20:00+00:00,61,254,3,1,0,16,0,7,254,0,58
2026-06-28 19:20:00+00:00,61,254,0,11,0,16,0,8,254,0,58
2026-06-28 20:20:00+00:00,62,254,0,2,0,17,0,7,254,0,58
2026-06-28 21:20:00+00:00,63,254,0,3,0,18,0,8,254,0,58
2026-06-28 22:20:00+00:00,64,254,0,3,0,18,0,8,254,0,58
2026-06-28 23:20:00+00:00,64,254,0,10,0,18,0,9,254,0,58
2026-06-29 00:20:00+00:00,64,254,0,6,0,19,0,9,254,0,58
2026-06-29 01:20:00+00:00,64,254,0,8,0,19,0,10,254,0,58
2026-06-29 02:20:00+00:00,64,254,0,9,0,19,0,10,254,0,59
2026-06-29 03:20:00+00:00,64,254,0,10,0,19,0,10,254,0,58
2026-06-29 04:20:00+00:00,63,254,0,10,1,19,0,10,254,1,59
2026-06-29 05:20:00+00:00,63,254,0,10,1,19,0,11,254,1,59
2026-06-29 06:20:00+00:00,62,254,0,10,2,19,0,11,254,0,59
2026-06-29 07:20:00+00:00,62,254,0,10,2,19,0,11,254,1,59
2026-06-29 08:20:00+00:00,62,254,0,10,3,19,0,11,254,0,103
2026-06-29 09:20:00+00:00,61,254,0,10,3,19,0,11,254,0,59
2026-06-29 10:20:00+00:00,61,254,0,11,4,19,0,11,254,0,59
2026-06-29 11:20:00+00:00,61,254,0,11,4,19,0,12,254,0,59
2026-06-29 12:20:00+00:00,61,254,0,11,4,19,0,12,254,0,59
2026-06-29 13:20:00+00:00,60,254,0,11,5,19,0,12,254,0,59
2026-06-29 14:20:00+00:00,60,254,0,11,5,19,0,12,254,0,59
2026-06-29 15:20:00+00:00,60,254,0,11,6,19,0,12,254,0,58
2026-06-29 16:20:00+00:00,60,254,0,11,6,19,0,12,254,0,58
2026-06-29 17:20:00+00:00,61,254,0,12,7,20,0,12,254,0,58
2026-06-29 18:20:00+00:00,62,254,0,12,7,20,0,12,254,0,58
2026-06-29 19:20:00+00:00,63,254,2,13,8,21,0,13,254,0,58
2026-06-29 20:20:00+00:00,64,254,3,14,9,21,0,13,254,0,58
2026-06-29 21:20:00+00:00,66,254,6,14,10,22,0,13,254,0,58
2026-06-29 22:20:00+00:00,66,254,10,15,10,22,0,14,254,0,58
2026-06-29 23:20:00+00:00,67,254,10,16,10,23,0,14,254,0,58
2026-06-30 00:20:00+00:00,67,254,11,16,10,23,1,14,254,0,58
2026-06-30 01:20:00+00:00,67,254,11,16,10,23,1,15,254,0,58
2026-06-30 02:20:00+00:00,67,254,11,16,10,24,3,15,254,0,58
2026-06-30 03:20:00+00:00,66,254,11,16,10,23,3,15,254,0,58
2026-06-30 04:20:00+00:00,66,254,11,16,10,23,4,15,254,0,58
2026-06-30 05:20:00+00:00,65,254,11,16,11,23,4,15,254,0,59
2026-06-30 06:20:00+00:00,65,254,11,16,11,23,4,15,254,0,59
2026-06-30 07:20:00+00:00,64,254,11,16,10,22,4,15,254,0,59
2026-06-30 08:20:00+00:00,63,254,11,15,11,22,4,15,254,0,103
2026-06-30 09:20:00+00:00,63,254,11,15,11,22,5,15,254,0,59
2026-06-30 10:20:00+00:00,62,254,11,15,11,22,5,15,254,0,59
2026-06-30 11:20:00+00:00,62,254,11,15,11,22,5,15,254,0,59
2026-06-30 12:20:00+00:00,61,254,11,15,11,22,5,15,254,0,58
2026-06-30 13:20:00+00:00,61,254,11,15,11,22,5,15,254,0,58
2026-06-30 14:20:00+00:00,61,254,11,15,11,22,5,15,254,0,59
2026-06-30 15:20:00+00:00,61,254,11,15,11,22,6,15,254,0,58
2026-06-30 16:20:00+00:00,61,254,12,16,11,22,6,15,254,0,58
2026-06-30 17:20:00+00:00,62,254,12,16,11,22,6,15,254,0,58
2026-06-30 18:20:00+00:00,63,254,11,17,11,23,7,15,254,0,58
2026-06-30 19:20:00+00:00,67,254,0,12,0,17,0,5,254,72,58
2026-06-30 20:20:00+00:00,68,254,1,6,0,13,0,2,254,0,58
2026-06-30 21:20:00+00:00,69,254,10,1,0,11,0,5,254,0,58
2026-06-30 22:20:00+00:00,69,254,10,2,0,10,0,6,254,0,58
2026-06-30 23:20:00+00:00,70,254,6,2,0,11,0,2,254,0,58
2026-07-01 00:20:00+00:00,70,254,6,2,0,11,0,2,254,0,58
2026-07-01 01:20:00+00:00,70,254,6,2,0,11,0,2,254,0,58
2026-07-01 02:20:00+00:00,70,254,10,2,0,11,0,2,254,0,58
2026-07-01 03:20:00+00:00,69,254,7,2,0,12,0,3,254,0,58
2026-07-01 04:20:00+00:00,69,254,4,2,0,12,0,4,254,0,58
2026-07-01 05:20:00+00:00,68,254,6,2,0,12,0,4,254,0,58
2026-07-01 06:20:00+00:00,67,254,2,2,0,12,0,4,254,0,58
2026-07-01 07:20:00+00:00,67,254,3,2,0,13,0,5,254,0,58
2026-07-01 08:20:00+00:00,66,254,0,2,0,13,0,5,254,0,103
2026-07-01 09:20:00+00:00,66,254,1,2,8,13,0,6,254,0,58
2026-07-01 10:20:00+00:00,65,254,1,3,0,13,0,7,254,0,58
2026-07-01 11:20:00+00:00,65,254,1,4,0,14,0,8,254,0,58
2026-07-01 12:20:00+00:00,64,254,0,3,0,14,0,9,254,0,58
2026-07-01 13:20:00+00:00,64,254,2,4,0,14,0,10,254,0,58
2026-07-01 14:20:00+00:00,63,254,0,4,0,14,0,10,254,0,58
2026-07-01 15:20:00+00:00,63,254,0,6,0,14,0,10,254,0,58
2026-07-01 16:20:00+00:00,64,254,0,7,0,15,0,11,254,0,58
2026-07-01 17:20:00+00:00,64,254,1,8,1,15,0,11,254,0,58
2026-07-01 18:20:00+00:00,65,254,2,10,2,16,0,11,254,0,58
2026-07-01 19:20:00+00:00,66,254,2,11,3,17,0,12,254,0,58
2026-07-01 20:20:00+00:00,67,254,3,12,5,18,0,13,254,0,58
2026-07-01 21:20:00+00:00,68,254,7,13,7,19,0,13,254,0,58
2026-07-01 22:20:00+00:00,69,254,10,14,10,20,0,14,254,0,58
2026-07-01 23:20:00+00:00,70,254,11,15,10,21,0,15,254,0,58
2026-07-02 00:20:00+00:00,70,254,11,16,11,21,2,15,254,0,58
2026-07-02 01:20:00+00:00,70,254,12,16,11,22,4,16,254,0,58
2026-07-02 02:20:00+00:00,70,254,12,17,11,22,5,16,254,0,58
2026-07-02 03:20:00+00:00,70,254,12,17,11,22,6,16,254,0,58
2026-07-02 04:20:00+00:00,69,254,12,16,11,22,6,16,254,0,58
2026-07-02 05:20:00+00:00,68,254,12,16,11,22,6,16,254,0,58
2026-07-02 06:20:00+00:00,68,254,12,16,11,22,7,16,254,0,58
2026-07-02 07:20:00+00:00,67,254,12,16,11,21,7,16,254,0,58
2026-07-02 08:20:00+00:00,66,254,11,16,11,21,7,15,254,0,103
2026-07-02 09:20:00+00:00,66,254,11,16,11,21,7,15,254,0,58
2026-07-02 10:20:00+00:00,65,254,12,16,11,21,7,15,254,0,58
2026-07-02 11:20:00+00:00,64,254,11,15,11,20,8,15,254,0,58
2026-07-02 12:20:00+00:00,64,254,11,15,11,20,8,15,254,0,58
2026-07-02 13:20:00+00:00,63,254,11,15,12,20,8,15,254,0,58
2026-07-02 14:20:00+00:00,63,254,12,16,12,20,9,15,254,0,58
2026-07-02 15:20:00+00:00,63,254,12,16,12,21,9,15,254,0,58
2026-07-02 16:20:00+00:00,63,254,12,16,12,21,9,15,254,0,58
2026-07-02 17:20:00+00:00,64,254,12,16,12,21,10,16,254,0,58
2026-07-02 18:20:00+00:00,65,254,0,15,0,18,0,3,254,50,58
2026-07-02 19:20:00+00:00,66,254,2,12,0,13,0,7,254,0,58
2026-07-02 20:20:00+00:00,67,254,10,11,0,11,0,10,254,0,58
2026-07-02 21:20:00+00:00,68,254,10,10,0,10,0,7,254,0,58
2026-07-02 22:20:00+00:00,69,254,11,10,0,10,0,7,254,0,58
2026-07-02 23:20:00+00:00,69,254,10,10,0,11,0,6,254,0,58
2026-07-03 00:20:00+00:00,70,254,10,11,0,11,0,6,254,0,58
2026-07-03 01:20:00+00:00,70,254,10,11,0,12,0,3,254,0,58
2026-07-03 02:20:00+00:00,70,254,9,11,0,12,0,3,254,0,58
2026-07-03 03:20:00+00:00,70,254,7,11,0,13,0,4,254,0,58
2026-07-03 04:20:00+00:00,69,254,8,11,0,13,0,4,254,0,58
2026-07-03 05:20:00+00:00,68,254,5,11,0,13,0,5,254,0,58
2026-07-03 06:20:00+00:00,68,254,4,11,0,14,0,6,254,0,58
2026-07-03 07:20:00+00:00,67,254,1,11,0,14,0,6,254,0,58
2026-07-03 08:20:00+00:00,66,254,0,11,0,14,0,7,254,0,103
2026-07-03 09:20:00+00:00,66,254,0,11,0,14,0,7,254,0,58
2026-07-03 10:20:00+00:00,65,254,0,11,0,14,0,8,254,0,58
2026-07-03 11:20:00+00:00,64,254,0,11,1,14,0,9,254,0,58
2026-07-03 12:20:00+00:00,64,254,0,11,2,14,0,10,254,0,58
2026-07-03 13:20:00+00:00,63,254,0,11,2,14,0,10,254,0,58
2026-07-03 14:20:00+00:00,63,254,0,11,3,15,0,10,254,0,58
2026-07-03 15:20:00+00:00,63,254,0,11,3,15,0,10,254,0,58
2026-07-03 16:20:00+00:00,63,254,0,12,4,15,0,10,254,0,58
2026-07-03 17:20:00+00:00,64,254,0,12,6,16,0,11,254,0,58
2026-07-03 18:20:00+00:00,65,254,1,13,8,17,0,11,254,0,58
2026-07-03 19:20:00+00:00,66,254,4,14,10,18,0,12,254,0,58
2026-07-03 20:20:00+00:00,67,254,7,15,10,19,0,12,254,0,58
2026-07-03 21:20:00+00:00,68,254,10,16,11,20,0,13,254,0,58
2026-07-03 22:20:00+00:00,69,254,11,17,12,21,1,13,254,0,58
2026-07-03 23:20:00+00:00,70,254,11,18,12,22,3,14,254,0,58
2026-07-04 00:20:00+00:00,70,254,12,18,13,22,5,14,254,0,58
2026-07-04 01:20:00+00:00,70,254,12,18,13,23,6,15,254,0,58
2026-07-04 02:20:00+00:00,70,254,12,18,13,23,7,15,254,0,58
2026-07-04 03:20:00+00:00,70,254,12,18,13,23,8,15,254,0,58
2026-07-04 04:20:00+00:00,70,254,12,18,13,22,8,15,254,0,58
2026-07-04 05:20:00+00:00,69,254,12,18,13,22,9,15,254,0,58
2026-07-04 06:20:00+00:00,69,254,12,17,13,22,9,15,254,0,58
2026-07-04 07:20:00+00:00,68,254,12,18,13,22,9,16,254,0,58
2026-07-04 08:20:00+00:00,67,254,12,17,13,21,10,15,254,0,103
2026-07-04 09:20:00+00:00,67,254,12,17,13,21,10,15,254,0,58
2026-07-04 10:20:00+00:00,66,254,12,17,13,21,10,15,254,0,58
2026-07-04 11:20:00+00:00,65,254,12,17,13,21,10,15,254,0,58
2026-07-04 12:20:00+00:00,65,254,12,17,13,21,10,15,254,0,58
2026-07-04 13:20:00+00:00,64,254,12,17,13,21,10,15,254,0,58
2026-07-04 14:20:00+00:00,64,254,12,17,13,21,10,15,254,0,58
2026-07-04 15:20:00+00:00,64,254,12,17,13,21,10,15,254,0,58
2026-07-04 16:20:00+00:00,64,254,12,17,14,21,10,15,254,0,58
2026-07-04 17:20:00+00:00,65,254,0,16,0,19,0,13,254,32,58
2026-07-04 18:20:00+00:00,67,254,1,15,0,14,0,5,254,0,58
2026-07-04 19:20:00+00:00,68,254,3,14,0,12,0,7,254,0,58
2026-07-04 20:20:00+00:00,69,254,0,13,0,12,0,4,254,0,58
2026-07-04 21:20:00+00:00,70,254,0,13,0,12,0,3,254,0,58
2026-07-04 22:20:00+00:00,71,254,0,13,0,12,0,3,254,0,58
2026-07-04 23:20:00+00:00,72,254,0,14,0,13,0,4,254,0,58
2026-07-05 00:20:00+00:00,73,254,0,14,0,14,0,4,254,0,58
2026-07-05 01:20:00+00:00,73,254,0,14,0,15,0,12,254,0,58
2026-07-05 02:20:00+00:00,73,254,0,14,0,15,0,11,254,0,58
2026-07-05 03:20:00+00:00,73,254,0,14,0,16,0,10,254,0,58
2026-07-05 04:20:00+00:00,72,254,0,14,0,16,0,7,254,0,58
2026-07-05 05:20:00+00:00,72,254,0,14,0,16,0,7,254,0,58
2026-07-05 06:20:00+00:00,71,254,0,14,0,16,0,8,254,0,58
2026-07-05 07:20:00+00:00,70,254,0,14,1,16,0,9,254,0,58
2026-07-05 08:20:00+00:00,70,254,0,14,2,16,0,10,254,0,103
2026-07-05 09:20:00+00:00,69,254,0,13,3,16,0,10,254,0,58
2026-07-05 10:20:00+00:00,68,254,1,13,3,16,0,10,254,0,58
2026-07-05 11:20:00+00:00,68,254,0,13,4,16,0,10,254,0,58
2026-07-05 12:20:00+00:00,67,254,0,13,4,16,0,10,254,0,58
2026-07-05 13:20:00+00:00,67,254,0,13,5,16,0,11,254,0,58
2026-07-05 14:20:00+00:00,66,254,0,13,6,16,0,11,254,0,58
2026-07-05 15:20:00+00:00,66,254,0,13,7,16,0,11,254,0,58
2026-07-05 16:20:00+00:00,67,254,0,14,8,17,0,11,254,0,58
2026-07-05 17:20:00+00:00,67,254,1,14,10,17,0,11,254,0,58
2026-07-05 18:20:00+00:00,68,254,2,15,10,18,0,12,254,0,58
2026-07-05 19:20:00+00:00,69,254,5,16,11,19,0,12,254,0,58
2026-07-05 20:20:00+00:00,70,254,8,17,12,21,0,13,254,0,58
2026-07-05 21:20:00+00:00,71,254,10,18,13,21,1,13,254,0,58
2026-07-05 22:20:00+00:00,72,254,11,18,14,22,4,14,254,0,58
2026-07-05 23:20:00+00:00,72,254,12,19,14,23,5,14,254,0,58
2026-07-06 00:20:00+00:00,72,254,12,19,15,23,7,15,254,0,58
2026-07-06 01:20:00+00:00,72,254,12,19,15,23,8,15,254,0,58
2026-07-06 02:20:00+00:00,72,254,12,19,15,23,9,15,254,0,58
2026-07-06 03:20:00+00:00,72,254,13,19,15,23,10,15,254,0,58
2026-07-06 04:20:00+00:00,72,254,13,18,15,23,10,16,254,0,58
2026-07-06 05:20:00+00:00,71,254,12,18,15,23,10,16,254,0,58
2026-07-06 06:20:00+00:00,71,254,13,18,15,22,10,16,254,0,58
2026-07-06 07:20:00+00:00,70,254,13,18,15,22,10,16,254,0,58
2026-07-06 08:20:00+00:00,70,254,13,18,15,22,10,16,254,0,103
2026-07-06 09:20:00+00:00,70,254,13,18,15,22,10,16,254,0,58
2026-07-06 10:20:00+00:00,69,254,13,18,15,22,10,16,254,0,58
2026-07-06 11:20:00+00:00,69,254,13,18,15,22,10,16,254,0,58
2026-07-06 12:20:00+00:00,68,254,13,18,15,22,10,16,254,0,58
2026-07-06 13:20:00+00:00,68,254,13,18,15,22,11,16,254,0,58
2026-07-06 14:20:00+00:00,68,254,13,18,15,22,11,16,254,0,58
2026-07-06 15:20:00+00:00,68,254,13,18,15,22,11,16,254,0,58
2026-07-06 16:20:00+00:00,68,254,13,18,16,22,11,17,254,0,58
2026-07-06 17:20:00+00:00,69,254,14,19,16,23,11,17,254,0,58
2026-07-06 18:20:00+00:00,69,254,14,19,17,24,11,17,254,0,58
2026-07-06 19:20:00+00:00,70,254,15,20,17,25,12,18,254,0,58
2026-07-06 20:20:00+00:00,71,254,16,21,18,26,12,18,254,0,58
2026-07-06 21:20:00+00:00,72,254,17,22,19,27,13,19,254,0,58
2026-07-06 22:20:00+00:00,73,254,2,22,16,27,0,18,254,30,58
2026-07-06 23:20:00+00:00,74,254,0,22,14,28,0,13,254,0,58
2026-07-07 00:20:00+00:00,74,254,0,21,14,27,0,11,254,1,58
2026-07-07 01:20:00+00:00,73,254,0,20,13,27,0,10,254,1,58
2026-07-07 02:20:00+00:00,73,254,0,19,12,26,0,10,254,0,58
2026-07-07 03:20:00+00:00,72,254,0,19,12,26,0,10,254,0,58
2026-07-07 04:20:00+00:00,72,254,0,19,12,26,0,10,254,0,58
2026-07-07 05:20:00+00:00,71,254,0,18,12,25,0,12,254,0,58
2026-07-07 06:20:00+00:00,71,254,0,18,12,24,0,10,254,0,58
2026-07-07 07:20:00+00:00,70,254,0,17,12,24,0,10,254,0,58
2026-07-07 08:20:00+00:00,69,254,0,17,11,24,0,10,254,0,103
2026-07-07 09:20:00+00:00,69,254,0,17,11,23,0,11,254,0,58
2026-07-07 10:20:00+00:00,68,254,0,16,12,23,0,11,254,0,58
2026-07-07 11:20:00+00:00,68,254,0,16,12,23,0,11,254,0,58
2026-07-07 12:20:00+00:00,67,254,0,16,11,23,0,11,254,0,58
2026-07-07 13:20:00+00:00,66,254,0,16,11,22,0,11,254,0,58
2026-07-07 14:20:00+00:00,66,254,0,15,11,22,0,11,254,0,58
2026-07-07 15:20:00+00:00,66,254,0,15,11,22,0,11,254,0,58
2026-07-07 16:20:00+00:00,66,254,0,15,12,22,0,11,254,0,58
2026-07-07 17:20:00+00:00,67,254,0,16,12,23,0,11,254,0,58
2026-07-07 18:20:00+00:00,68,254,0,17,13,24,0,12,254,0,58
2026-07-07 19:20:00+00:00,69,254,0,18,13,25,0,12,254,0,58
2026-07-07 20:20:00+00:00,70,254,0,18,14,26,0,13,254,0,58
2026-07-07 21:20:00+00:00,71,254,1,19,15,27,0,13,254,0,58
2026-07-07 22:20:00+00:00,72,254,3,19,15,27,0,13,254,0,58
2026-07-07 23:20:00+00:00,73,254,4,20,16,27,0,14,254,0,58
2026-07-08 00:20:00+00:00,73,254,6,19,16,27,0,14,254,0,58
2026-07-08 01:20:00+00:00,73,254,8,20,16,28,0,14,254,0,58
2026-07-08 02:20:00+00:00,73,254,9,19,16,27,0,14,254,0,58
2026-07-08 03:20:00+00:00,73,254,10,19,16,27,1,15,254,0,58
2026-07-08 04:20:00+00:00,72,254,10,19,16,27,1,15,254,0,58
2026-07-08 05:20:00+00:00,72,254,10,19,16,26,2,15,254,0,58
2026-07-08 06:20:00+00:00,71,254,10,18,16,26,2,15,254,0,58
2026-07-08 07:20:00+00:00,71,254,10,18,16,25,3,15,254,0,58
2026-07-08 08:20:00+00:00,70,254,10,18,16,25,3,15,254,0,103
2026-07-08 09:20:00+00:00,70,254,11,18,16,25,4,15,254,0,58
2026-07-08 10:20:00+00:00,69,254,10,18,16,24,4,15,254,0,58
2026-07-08 11:20:00+00:00,68,254,11,18,16,24,4,15,254,0,58
2026-07-08 12:20:00+00:00,68,254,11,18,16,24,4,15,254,0,58
2026-07-08 13:20:00+00:00,67,254,11,17,16,24,5,15,254,0,58
2026-07-08 14:20:00+00:00,67,254,11,17,16,24,5,15,254,0,58
2026-07-08 15:20:00+00:00,67,254,11,18,16,24,6,15,254,0,58
2026-07-08 16:20:00+00:00,67,254,11,18,16,24,6,16,254,0,58
2026-07-08 17:20:00+00:00,68,254,11,19,17,25,7,16,254,0,58
2026-07-08 18:20:00+00:00,69,254,12,19,18,26,8,16,254,0,58
2026-07-08 19:20:00+00:00,70,254,13,20,18,27,10,17,254,0,58
2026-07-08 20:20:00+00:00,71,254,13,20,19,27,10,17,254,0,58
2026-07-08 21:20:00+00:00,73,254,0,17,0,26,0,14,254,26,58
2026-07-08 22:20:00+00:00,73,254,0,11,0,25,0,11,254,0,58
2026-07-08 23:20:00+00:00,73,254,5,11,0,24,0,3,254,0,58
2026-07-09 00:20:00+00:00,74,254,9,11,0,24,0,3,254,0,58
2026-07-09 01:20:00+00:00,73,254,6,12,0,23,0,3,254,0,58
2026-07-09 02:20:00+00:00,73,254,8,12,0,22,0,3,254,0,58
2026-07-09 03:20:00+00:00,73,254,7,11,0,22,0,3,254,0,58
2026-07-09 04:20:00+00:00,73,254,3,5,0,22,0,3,254,0,58
2026-07-09 05:20:00+00:00,72,254,7,3,0,21,0,4,254,0,58
2026-07-09 06:20:00+00:00,72,254,7,1,0,21,0,4,254,0,58
2026-07-09 07:20:00+00:00,71,254,7,1,0,20,0,4,254,0,58
2026-07-09 08:20:00+00:00,70,254,0,1,0,20,0,4,254,0,103
2026-07-09 09:20:00+00:00,70,254,3,1,0,20,0,4,254,0,58
2026-07-09 10:20:00+00:00,69,254,3,1,0,20,0,4,254,0,58
2026-07-09 11:20:00+00:00,69,254,0,1,0,19,0,4,254,0,58
2026-07-09 12:20:00+00:00,68,254,0,1,0,19,0,13,254,0,58
2026-07-09 13:20:00+00:00,68,254,0,1,0,19,0,5,254,0,58
2026-07-09 14:20:00+00:00,68,254,1,1,0,19,0,5,254,0,58
2026-07-09 15:20:00+00:00,67,254,1,1,0,19,0,6,254,0,58
2026-07-09 16:20:00+00:00,68,254,0,1,0,20,0,6,254,0,58
2026-07-09 17:20:00+00:00,68,254,0,2,2,20,0,7,254,0,58
2026-07-09 18:20:00+00:00,69,254,0,3,5,21,0,8,254,0,58
2026-07-09 19:20:00+00:00,70,254,0,6,10,22,0,9,254,0,58
2026-07-09 20:20:00+00:00,70,254,0,9,11,23,0,10,254,0,58
2026-07-09 21:20:00+00:00,71,254,0,11,12,23,0,10,254,0,58
2026-07-09 22:20:00+00:00,72,254,1,12,14,25,0,11,254,0,58
2026-07-09 23:20:00+00:00,72,254,3,13,15,25,0,11,254,0,58
2026-07-10 00:20:00+00:00,73,254,6,15,16,25,2,12,254,0,58
2026-07-10 01:20:00+00:00,73,254,9,15,16,26,4,12,254,0,58
2026-07-10 02:20:00+00:00,73,254,10,16,16,26,5,12,254,0,58
2026-07-10 03:20:00+00:00,73,254,11,16,17,25,7,13,254,0,58
2026-07-10 04:20:00+00:00,72,254,11,16,17,25,7,13,254,0,58
2026-07-10 05:20:00+00:00,72,254,11,16,17,25,8,13,254,0,58
2026-07-10 06:20:00+00:00,71,254,10,15,16,24,8,13,254,0,58
2026-07-10 07:20:00+00:00,70,254,11,16,17,24,8,13,254,0,58
2026-07-10 08:20:00+00:00,69,254,10,15,16,23,8,13,254,0,103
2026-07-10 09:20:00+00:00,69,254,10,15,16,23,9,14,254,0,58
2026-07-10 10:20:00+00:00,68,254,11,15,17,23,10,14,254,0,58
2026-07-10 11:20:00+00:00,67,254,10,15,16,22,10,14,254,0,58
2026-07-10 12:20:00+00:00,67,254,10,15,17,22,10,14,254,0,58
2026-07-10 13:20:00+00:00,66,254,10,15,16,22,10,14,254,0,58
2026-07-10 14:20:00+00:00,66,254,11,15,16,22,10,14,254,0,58
2026-07-10 15:20:00+00:00,66,254,11,15,17,22,10,14,254,0,58
2026-07-10 16:20:00+00:00,66,254,11,15,17,22,10,14,254,0,58
2026-07-10 17:20:00+00:00,67,254,11,16,18,23,10,15,254,0,58
2026-07-10 18:20:00+00:00,68,254,12,17,18,24,11,15,254,0,58
2026-07-10 19:20:00+00:00,69,254,12,17,19,25,11,16,254,0,58
2026-07-10 20:20:00+00:00,71,254,0,18,15,25,0,14,254,27,58
2026-07-10 21:20:00+00:00,72,254,3,16,11,25,0,3,254,0,58
2026-07-10 22:20:00+00:00,73,254,10,16,8,24,0,3,254,0,58
2026-07-10 23:20:00+00:00,74,254,11,15,8,25,0,3,254,0,58
2026-07-11 00:20:00+00:00,74,254,3,15,8,25,0,2,254,0,58
2026-07-11 01:20:00+00:00,75,254,3,15,8,24,0,3,254,0,58
2026-07-11 02:20:00+00:00,75,254,0,14,8,24,0,3,254,0,58
2026-07-11 03:20:00+00:00,75,254,1,14,9,24,0,3,254,0,58
2026-07-11 04:20:00+00:00,74,254,2,14,9,23,0,3,254,0,58
2026-07-11 05:20:00+00:00,74,254,0,14,9,23,0,3,254,0,58
2026-07-11 06:20:00+00:00,73,254,2,13,9,22,0,4,254,0,58
2026-07-11 07:20:00+00:00,72,254,0,13,9,22,0,4,254,0,58
2026-07-11 08:20:00+00:00,72,254,0,13,9,22,0,4,254,0,103
2026-07-11 09:20:00+00:00,71,254,0,12,10,21,0,5,254,0,58
2026-07-11 10:20:00+00:00,70,254,0,12,10,21,0,5,254,0,58
2026-07-11 11:20:00+00:00,70,254,0,12,10,21,0,6,254,0,58
2026-07-11 12:20:00+00:00,69,254,2,12,10,20,0,6,254,0,58
2026-07-11 13:20:00+00:00,69,254,0,12,10,20,0,7,254,0,58
2026-07-11 14:20:00+00:00,68,254,0,12,10,20,0,7,254,0,58
2026-07-11 15:20:00+00:00,68,254,0,12,10,20,0,8,254,0,58
2026-07-11 16:20:00+00:00,68,254,0,12,10,21,0,9,254,0,58
2026-07-11 17:20:00+00:00,69,254,0,13,11,21,0,10,254,0,58
2026-07-11 18:20:00+00:00,70,254,0,13,11,22,0,10,254,0,58
2026-07-11 19:20:00+00:00,71,254,0,14,12,23,0,11,254,0,58
2026-07-11 20:20:00+00:00,72,254,0,15,13,24,0,11,254,0,58
2026-07-11 21:20:00+00:00,73,254,4,15,14,24,0,12,254,0,58
2026-07-11 22:20:00+00:00,74,254,2,16,15,25,0,12,254,0,58
2026-07-11 23:20:00+00:00,75,254,4,17,16,26,0,12,254,0,58
2026-07-12 00:20:00+00:00,75,254,7,17,16,26,3,13,254,0,58
2026-07-12 01:20:00+00:00,76,254,9,18,17,26,4,13,254,0,58
2026-07-12 02:20:00+00:00,76,254,10,18,17,26,5,14,254,0,58
2026-07-12 03:20:00+00:00,76,254,11,17,17,26,6,14,254,0,58
2026-07-12 04:20:00+00:00,75,254,10,17,16,25,7,14,254,0,58
2026-07-12 05:20:00+00:00,75,254,10,17,17,25,7,15,254,0,58
2026-07-12 06:20:00+00:00,74,254,10,17,17,24,8,15,254,0,58
2026-07-12 07:20:00+00:00,73,254,10,17,16,24,8,15,254,0,58
2026-07-12 08:20:00+00:00,72,254,10,17,16,24,8,15,254,0,103
2026-07-12 09:20:00+00:00,72,254,11,17,17,23,9,15,254,0,58
2026-07-12 10:20:00+00:00,71,254,10,16,16,23,9,15,254,0,58
2026-07-12 11:20:00+00:00,70,254,10,16,17,23,9,15,254,0,58
2026-07-12 12:20:00+00:00,70,254,11,16,17,23,9,15,254,0,58
2026-07-12 13:20:00+00:00,69,254,10,16,16,22,10,15,254,0,58
2026-07-12 14:20:00+00:00,69,254,11,16,17,22,10,15,254,0,58
2026-07-12 15:20:00+00:00,68,254,11,16,17,22,10,15,254,0,58
2026-07-12 16:20:00+00:00,69,254,11,16,17,23,10,16,254,0,58
2026-07-12 17:20:00+00:00,69,254,11,17,18,24,10,16,254,0,58
2026-07-12 18:20:00+00:00,70,254,12,18,19,25,11,17,254,0,58
2026-07-12 19:20:00+00:00,72,254,0,18,14,26,0,17,254,31,58
2026-07-12 20:20:00+00:00,72,254,0,17,2,26,0,11,254,0,58
2026-07-12 21:20:00+00:00,73,254,5,16,1,26,0,6,254,0,58
2026-07-12 22:20:00+00:00,73,254,6,16,1,26,0,4,254,0,58
2026-07-12 23:20:00+00:00,74,254,4,16,2,26,0,5,254,0,58
2026-07-13 00:20:00+00:00,74,254,3,16,3,26,0,5,254,0,58
2026-07-13 01:20:00+00:00,74,254,0,16,4,26,0,6,254,0,58
2026-07-13 02:20:00+00:00,73,254,1,16,5,26,0,7,254,0,58
2026-07-13 03:20:00+00:00,73,254,0,15,6,25,0,7,254,0,58
2026-07-13 04:20:00+00:00,73,254,0,15,7,24,0,8,254,0,58
2026-07-13 05:20:00+00:00,72,254,0,15,8,24,0,11,254,0,58
2026-07-13 06:20:00+00:00,72,254,0,15,9,24,0,9,254,0,58
2026-07-13 07:20:00+00:00,71,254,0,15,9,23,0,9,254,0,58
2026-07-13 08:20:00+00:00,71,254,0,15,10,23,0,10,254,0,103
2026-07-13 09:20:00+00:00,70,254,0,14,10,22,0,10,254,0,58
2026-07-13 10:20:00+00:00,70,254,0,14,10,22,0,10,254,0,58
2026-07-13 11:20:00+00:00,69,254,0,13,10,22,0,10,254,0,58
2026-07-13 12:20:00+00:00,69,254,0,14,10,22,0,10,254,0,58
2026-07-13 13:20:00+00:00,69,254,0,13,11,22,0,10,254,0,58
2026-07-13 14:20:00+00:00,68,254,0,13,11,21,0,11,254,0,58
2026-07-13 15:20:00+00:00,68,254,0,14,11,21,0,11,254,0,58
2026-07-13 16:20:00+00:00,68,254,0,14,11,22,0,11,254,0,58
2026-07-13 17:20:00+00:00,69,254,0,14,11,22,0,11,254,0,58
2026-07-13 18:20:00+00:00,70,254,0,15,12,23,0,12,254,0,58
2026-07-13 19:20:00+00:00,71,254,0,15,13,23,0,12,254,0,58
2026-07-13 20:20:00+00:00,71,254,0,15,13,23,0,12,254,0,58
2026-07-13 21:20:00+00:00,72,254,0,16,14,25,0,13,254,0,58
2026-07-13 22:20:00+00:00,72,254,2,17,15,25,0,13,254,0,58
2026-07-13 23:20:00+00:00,73,254,6,17,16,26,1,13,254,0,58
2026-07-14 00:20:00+00:00,73,254,8,18,17,27,3,14,254,0,58
2026-07-14 01:20:00+00:00,73,254,10,18,18,27,5,14,254,0,58
2026-07-14 02:20:00+00:00,73,254,11,18,18,27,6,14,254,0,58
2026-07-14 03:20:00+00:00,73,254,11,18,18,26,8,15,254,0,58
2026-07-14 04:20:00+00:00,73,254,11,18,18,26,9,15,254,0,58
2026-07-14 05:20:00+00:00,73,254,11,18,18,26,9,15,254,0,58
2026-07-14 06:20:00+00:00,72,254,11,18,18,25,10,15,254,0,58
2026-07-14 07:20:00+00:00,72,254,11,18,18,25,10,15,254,0,58
2026-07-14 08:20:00+00:00,72,254,11,18,18,25,10,16,254,0,103
2026-07-14 09:20:00+00:00,71,254,11,17,18,24,10,16,254,0,58
2026-07-14 10:20:00+00:00,71,254,11,17,18,24,10,16,254,0,58
2026-07-14 11:20:00+00:00,71,254,11,17,18,24,10,16,254,0,58
2026-07-14 12:20:00+00:00,70,254,11,17,18,24,10,16,254,0,58
2026-07-14 13:20:00+00:00,70,254,11,17,18,24,10,16,254,0,58
2026-07-14 14:20:00+00:00,70,254,11,17,18,24,10,16,254,0,58
2026-07-14 15:20:00+00:00,70,254,12,17,18,24,11,16,254,0,58
2026-07-14 16:20:00+00:00,70,254,12,18,19,24,11,17,254,0,58
2026-07-14 17:20:00+00:00,70,254,12,18,19,25,11,17,254,0,58
2026-07-14 18:20:00+00:00,71,254,0,18,11,24,1,6,254,29,58
2026-07-14 19:20:00+00:00,71,254,0,16,0,24,0,2,254,0,58
2026-07-14 20:20:00+00:00,71,254,0,15,0,24,0,1,254,0,58
2026-07-14 21:20:00+00:00,71,254,5,14,0,24,0,1,254,0,58
2026-07-14 22:20:00+00:00,72,254,6,14,0,24,0,1,254,0,58
2026-07-14 23:20:00+00:00,73,254,6,14,0,25,0,1,254,0,58
2026-07-15 00:20:00+00:00,73,254,6,14,0,24,0,2,254,0,58
2026-07-15 01:20:00+00:00,73,254,4,15,0,24,0,2,254,0,58
2026-07-15 02:20:00+00:00,74,254,0,14,0,24,0,2,254,0,58
2026-07-15 03:20:00+00:00,74,254,1,14,0,24,0,2,254,0,58
2026-07-15 04:20:00+00:00,73,254,0,14,0,23,0,3,254,0,58
2026-07-15 05:20:00+00:00,73,254,1,13,0,23,0,3,254,0,58
2026-07-15 06:20:00+00:00,73,254,1,13,1,23,0,4,254,0,58
2026-07-15 07:20:00+00:00,72,254,1,13,1,22,0,4,254,0,58
2026-07-15 08:20:00+00:00,72,254,0,13,1,22,0,5,254,0,103
2026-07-15 09:20:00+00:00,72,254,0,14,1,22,0,6,254,0,58
2026-07-15 10:20:00+00:00,71,254,0,13,1,21,0,7,254,0,58
2026-07-15 11:20:00+00:00,71,254,0,13,1,21,0,8,254,0,58
2026-07-15 12:20:00+00:00,71,254,0,13,2,21,0,10,254,0,58
2026-07-15 13:20:00+00:00,71,254,0,13,2,21,0,10,254,0,58
2026-07-15 14:20:00+00:00,70,254,0,14,2,21,0,11,254,0,58
2026-07-15 15:20:00+00:00,70,254,0,13,3,21,0,11,254,0,58
2026-07-15 16:20:00+00:00,70,254,0,13,4,21,0,12,254,0,58
2026-07-15 17:20:00+00:00,71,254,0,14,7,22,0,12,254,0,58
2026-07-15 18:20:00+00:00,71,254,0,14,10,22,0,13,254,0,58
2026-07-15 19:20:00+00:00,72,254,0,15,11,24,0,14,254,0,58
2026-07-15 20:20:00+00:00,73,254,0,15,12,24,0,15,254,0,58
2026-07-15 21:20:00+00:00,74,254,1,16,14,25,0,16,254,0,58
2026-07-15 22:20:00+00:00,75,254,3,17,15,26,0,17,254,0,58
2026-07-15 23:20:00+00:00,75,254,7,18,17,27,0,18,254,0,58
2026-07-16 00:20:00+00:00,76,254,10,18,18,27,3,19,254,0,58
2026-07-16 01:20:00+00:00,75,254,11,19,18,27,5,19,254,0,58
2026-07-16 02:20:00+00:00,75,254,11,19,19,27,7,19,254,0,58
2026-07-16 03:20:00+00:00,75,254,12,18,19,27,8,19,254,0,58
2026-07-16 04:20:00+00:00,75,254,12,18,19,26,9,19,254,0,58
2026-07-16 05:20:00+00:00,74,254,12,18,19,26,10,19,254,0,58
2026-07-16 06:20:00+00:00,74,254,12,18,19,26,10,18,254,0,58
2026-07-16 07:20:00+00:00,73,254,12,18,19,25,10,18,254,0,58
2026-07-16 08:20:00+00:00,73,254,12,18,19,25,10,18,254,0,103
2026-07-16 09:20:00+00:00,72,254,12,17,19,24,10,18,254,0,58
2026-07-16 10:20:00+00:00,71,254,12,17,18,24,10,17,254,0,58
2026-07-16 11:20:00+00:00,71,254,12,17,19,24,10,17,254,0,58
2026-07-16 12:20:00+00:00,70,254,12,17,19,24,10,17,254,0,58
2026-07-16 13:20:00+00:00,70,254,12,17,19,24,10,17,254,0,58
2026-07-16 14:20:00+00:00,70,254,12,17,19,23,10,17,254,0,58
2026-07-16 15:20:00+00:00,69,254,12,17,19,23,10,17,254,0,58
2026-07-16 16:20:00+00:00,69,254,12,17,19,23,11,17,254,0,58
2026-07-16 17:20:00+00:00,70,254,12,18,20,24,11,18,254,0,58
2026-07-16 18:20:00+00:00,71,254,13,18,20,25,11,18,254,0,58
2026-07-16 19:20:00+00:00,72,254,13,19,22,27,12,19,254,0,58
2026-07-16 20:20:00+00:00,73,254,14,20,22,27,12,20,254,0,58
2026-07-16 21:20:00+00:00,74,254,15,20,23,28,13,20,254,0,58
2026-07-16 22:20:00+00:00,75,254,15,21,24,29,13,21,254,0,58
2026-07-16 23:20:00+00:00,76,254,15,21,25,29,13,21,254,0,58
2026-07-17 00:20:00+00:00,76,254,15,21,25,29,14,21,254,0,58
2026-07-17 01:20:00+00:00,76,254,16,21,26,29,14,22,254,0,58
2026-07-17 02:20:00+00:00,76,254,16,21,26,29,14,22,254,9,58
2026-07-17 03:20:00+00:00,76,254,16,21,26,28,14,21,254,0,58
2026-07-17 04:20:00+00:00,76,254,15,21,25,28,14,21,254,0,58
2026-07-17 05:20:00+00:00,75,254,15,20,25,27,14,21,254,0,58
2026-07-17 06:20:00+00:00,75,254,14,20,25,27,14,20,254,0,58
2026-07-17 07:20:00+00:00,74,254,14,20,24,27,14,20,254,0,58
2026-07-17 08:20:00+00:00,74,254,14,20,24,27,14,20,254,0,103
2026-07-17 09:20:00+00:00,73,254,14,20,24,26,13,20,254,0,58
2026-07-17 10:20:00+00:00,73,254,14,20,24,26,13,20,254,0,58
2026-07-17 11:20:00+00:00,72,254,14,19,24,26,13,20,254,0,58
2026-07-17 12:20:00+00:00,72,254,14,19,23,26,13,20,254,0,58
2026-07-17 13:20:00+00:00,72,254,14,19,23,25,13,20,254,0,58
2026-07-17 14:20:00+00:00,71,254,14,19,23,25,13,19,254,0,58
2026-07-17 15:20:00+00:00,71,254,14,19,23,25,13,19,254,0,58
2026-07-17 16:20:00+00:00,72,254,14,20,24,26,14,20,254,0,58
2026-07-17 17:20:00+00:00,72,254,14,20,24,27,14,20,254,0,58
2026-07-17 18:20:00+00:00,73,254,15,21,25,27,14,20,254,0,58
2026-07-17 19:20:00+00:00,74,254,16,21,26,29,15,21,254,1,58
2026-07-17 20:20:00+00:00,74,254,16,22,27,29,15,21,254,0,58
2026-07-17 21:20:00+00:00,77,254,0,22,28,31,16,23,254,21,58
2026-07-17 22:20:00+00:00,78,254,0,13,12,29,0,11,254,16,58
2026-07-17 23:20:00+00:00,78,254,0,12,8,29,0,2,254,0,58
2026-07-18 00:20:00+00:00,78,254,0,12,6,29,0,0,254,0,58
2026-07-18 01:20:00+00:00,78,254,0,13,5,28,0,0,254,0,58
2026-07-18 02:20:00+00:00,78,254,4,12,5,28,0,0,254,0,58
2026-07-18 03:20:00+00:00,77,254,0,11,5,27,0,1,254,0,58
2026-07-18 04:21:00+00:00,77,254,0,12,5,26,0,1,254,0,58
2026-07-18 05:21:00+00:00,77,254,0,11,6,26,0,0,254,0,58
2026-07-18 06:21:00+00:00,76,254,0,11,6,25,0,0,254,0,58
2026-07-18 07:21:00+00:00,75,254,0,11,6,24,0,0,254,0,58
2026-07-18 08:21:00+00:00,75,254,0,11,6,24,0,0,254,0,103
2026-07-18 09:21:00+00:00,74,254,0,11,7,24,0,0,254,0,58
2026-07-18 10:21:00+00:00,74,254,0,11,7,23,0,0,254,0,58
2026-07-18 11:21:00+00:00,73,254,0,11,7,23,0,0,254,0,58
2026-07-18 12:21:00+00:00,73,254,0,11,8,22,0,0,254,0,58
2026-07-18 13:21:00+00:00,72,254,0,11,8,22,0,0,254,0,58
2026-07-18 14:21:00+00:00,72,254,0,11,9,22,0,0,254,0,58
2026-07-18 15:21:00+00:00,72,254,0,11,9,22,0,1,254,0,58
2026-07-18 16:21:00+00:00,72,254,0,10,10,22,0,2,254,0,58
2026-07-18 17:21:00+00:00,72,254,0,10,10,23,0,4,254,0,58
2026-07-18 18:21:00+00:00,73,254,0,11,11,23,1,6,254,0,58
2026-07-18 19:21:00+00:00,74,254,0,11,12,25,0,10,254,0,58
2026-07-18 20:21:00+00:00,75,254,0,12,12,25,0,11,254,0,58
2026-07-18 21:21:00+00:00,76,254,0,14,14,26,0,13,254,0,58
2026-07-18 22:21:00+00:00,76,254,0,14,15,27,0,14,254,0,58
2026-07-18 23:21:00+00:00,77,254,0,16,16,28,0,15,254,0,58
2026-07-19 00:21:00+00:00,77,254,2,16,17,29,0,16,254,0,58
2026-07-19 01:21:00+00:00,77,254,4,17,18,29,1,16,254,0,58
2026-07-19 02:21:00+00:00,76,254,7,18,18,28,3,16,254,0,58
2026-07-19 03:21:00+00:00,76,254,8,17,18,28,5,16,254,0,58
2026-07-19 04:21:00+00:00,75,254,9,17,18,27,6,16,254,0,58
2026-07-19 05:21:00+00:00,75,254,10,16,18,26,7,16,254,0,58
2026-07-19 06:21:00+00:00,74,254,10,17,18,26,7,16,254,0,58
2026-07-19 07:21:00+00:00,73,254,10,17,18,25,8,15,254,0,58
2026-07-19 08:21:00+00:00,73,254,10,16,18,25,8,15,254,0,103
2026-07-19 09:21:00+00:00,72,254,10,16,18,25,9,15,254,0,58
2026-07-19 10:21:00+00:00,71,254,10,16,18,24,9,15,254,0,58
2026-07-19 11:21:00+00:00,71,254,10,16,18,24,9,15,254,0,58
2026-07-19 12:21:00+00:00,70,254,10,16,19,24,10,15,254,0,58
2026-07-19 13:21:00+00:00,70,254,10,16,19,24,10,15,254,0,58
2026-07-19 14:21:00+00:00,69,254,10,16,18,24,10,15,254,0,58
2026-07-19 15:21:00+00:00,69,254,11,16,19,24,10,15,254,0,58
2026-07-19 16:21:00+00:00,69,254,11,16,19,24,10,15,254,0,58
2026-07-19 17:21:00+00:00,70,254,11,17,20,25,10,15,254,0,58
2026-07-19 18:21:00+00:00,70,254,11,17,20,25,11,16,254,0,58
2026-07-19 19:21:00+00:00,71,254,12,18,20,26,11,16,254,0,58
2026-07-19 20:21:00+00:00,72,254,12,19,21,27,11,16,254,0,58
2026-07-19 21:21:00+00:00,73,254,13,19,22,28,12,17,254,0,58
2026-07-19 22:21:00+00:00,74,254,13,20,23,29,12,18,254,0,58
2026-07-19 23:21:00+00:00,75,254,14,20,24,30,13,18,254,0,58
2026-07-20 00:21:00+00:00,75,254,14,21,25,30,13,18,254,0,58
2026-07-20 01:21:00+00:00,75,254,14,21,25,30,13,19,254,0,58
2026-07-20 02:21:00+00:00,75,254,15,21,26,30,14,19,254,0,58
2026-07-20 03:21:00+00:00,75,254,15,21,26,30,14,19,254,0,58
2026-07-20 04:21:00+00:00,74,254,15,20,26,29,14,19,254,0,58
2026-07-20 05:21:00+00:00,74,254,15,20,27,29,14,19,254,0,58
2026-07-20 06:21:00+00:00,73,254,15,20,26,28,14,18,254,0,58
2026-07-20 07:21:00+00:00,72,254,15,20,26,28,14,18,254,0,58
2026-07-20 08:21:00+00:00,72,254,15,20,26,27,14,18,254,0,103
2026-07-20 09:21:00+00:00,71,254,15,19,26,27,14,18,254,0,58
2026-07-20 10:21:00+00:00,71,254,15,19,26,27,14,18,254,0,58
2026-07-20 11:21:00+00:00,71,254,15,19,26,26,14,17,254,0,58
2026-07-20 12:21:00+00:00,70,254,15,19,26,26,14,17,254,0,58
2026-07-20 13:21:00+00:00,70,254,15,19,26,26,15,17,254,0,58
2026-07-20 14:21:00+00:00,70,254,15,19,26,26,15,17,254,0,58
2026-07-20 15:21:00+00:00,70,254,15,19,26,26,15,17,254,0,58
2026-07-20 16:21:00+00:00,70,254,15,20,26,27,15,17,254,0,58
2026-07-20 17:21:00+00:00,70,254,15,20,27,27,15,18,254,0,58
2026-07-20 18:21:00+00:00,71,254,16,20,27,28,15,18,254,0,58
2026-07-20 19:21:00+00:00,72,254,17,21,29,30,16,19,254,0,58
2026-07-20 20:21:00+00:00,73,254,17,22,29,31,17,19,254,0,58
2026-07-20 21:21:00+00:00,74,254,18,23,31,32,18,20,254,0,58
2026-07-20 22:21:00+00:00,75,254,19,23,31,32,18,20,254,0,58
2026-07-20 23:21:00+00:00,75,254,19,23,32,32,19,20,254,0,58
2026-07-21 00:21:00+00:00,75,254,20,24,33,33,19,21,254,0,58
2026-07-21 01:21:00+00:00,75,254,20,24,33,33,20,21,254,0,58
2026-07-21 02:21:00+00:00,75,254,20,24,34,33,20,21,254,0,58
2026-07-21 03:21:00+00:00,75,254,0,20,34,32,1,21,254,44,58
2026-07-21 04:21:00+00:00,75,254,0,13,34,32,0,0,254,0,58
2026-07-21 05:21:00+00:00,74,254,0,12,33,31,0,0,254,0,58
2026-07-21 06:21:00+00:00,74,254,0,11,31,31,0,0,254,0,58
2026-07-21 07:21:00+00:00,74,254,0,11,29,30,0,0,254,0,58
2026-07-21 08:21:00+00:00,73,254,0,7,26,29,0,0,254,0,103
2026-07-21 09:21:00+00:00,73,254,0,6,24,28,0,0,254,0,58
2026-07-21 10:21:00+00:00,73,254,0,7,22,28,0,1,254,0,58
2026-07-21 11:21:00+00:00,73,254,0,9,21,28,0,0,254,0,58
2026-07-21 12:21:00+00:00,72,254,0,8,20,27,0,0,254,0,58
2026-07-21 13:21:00+00:00,72,254,0,9,19,27,0,0,254,0,58
2026-07-21 14:21:00+00:00,72,254,0,7,19,27,0,0,254,0,58
2026-07-21 15:21:00+00:00,72,254,0,11,19,26,0,0,254,0,58
2026-07-21 16:21:00+00:00,72,254,0,6,18,26,0,0,254,0,58
2026-07-21 17:21:00+00:00,72,254,0,9,18,26,0,0,254,0,58
2026-07-21 18:21:00+00:00,72,254,0,12,18,27,0,0,254,0,58
2026-07-21 19:21:00+00:00,72,254,0,11,18,27,0,0,254,0,58
2026-07-21 20:21:00+00:00,73,254,0,11,19,28,0,0,254,0,58
2026-07-21 21:21:00+00:00,74,254,0,12,20,29,0,1,254,0,58
2026-07-21 22:21:00+00:00,74,254,0,13,20,30,0,4,254,0,58
2026-07-21 23:21:00+00:00,75,254,0,14,21,30,0,7,254,0,58
2026-07-22 00:21:00+00:00,75,254,0,15,21,31,0,10,254,0,58
2026-07-22 01:21:00+00:00,75,254,0,16,22,31,0,11,254,0,58
2026-07-22 02:21:00+00:00,75,254,0,15,22,31,0,11,254,0,58
2026-07-22 03:21:00+00:00,75,254,0,16,22,30,0,12,254,0,58
2026-07-22 04:21:00+00:00,74,254,0,16,22,30,1,12,254,0,58
2026-07-22 05:21:00+00:00,74,254,1,16,23,29,1,12,254,0,58
2026-07-22 06:21:00+00:00,74,254,2,16,23,29,2,12,254,0,58
2026-07-22 07:21:00+00:00,73,254,2,16,22,28,3,12,254,0,58
2026-07-22 08:21:00+00:00,73,254,3,16,22,28,4,12,254,0,103
2026-07-22 09:21:00+00:00,73,254,4,16,22,28,4,12,254,0,58
2026-07-22 10:21:00+00:00,73,254,4,16,22,27,5,12,254,0,58
2026-07-22 11:21:00+00:00,72,254,5,16,22,27,5,12,254,0,58
2026-07-22 12:21:00+00:00,72,254,6,16,22,27,6,12,254,0,58
2026-07-22 13:21:00+00:00,71,254,6,16,22,27,6,12,254,0,58
2026-07-22 14:21:00+00:00,71,254,6,16,22,26,7,12,254,0,58
2026-07-22 15:21:00+00:00,71,254,7,16,22,26,7,12,254,0,58
2026-07-22 16:21:00+00:00,71,254,7,16,22,26,7,12,254,0,58
2026-07-22 17:21:00+00:00,71,254,8,16,22,26,8,12,254,0,58
2026-07-22 18:21:00+00:00,72,254,9,16,22,27,8,13,254,0,58
2026-07-22 19:21:00+00:00,72,254,9,17,22,27,9,13,254,0,58
2026-07-22 20:21:00+00:00,72,254,10,17,22,27,9,13,254,0,58
2026-07-22 21:21:00+00:00,73,254,10,17,22,27,10,13,254,0,58
2026-07-22 22:21:00+00:00,73,254,10,17,23,27,10,13,254,0,58
2026-07-22 23:21:00+00:00,73,254,11,17,23,27,10,13,254,0,58
2026-07-23 00:21:00+00:00,73,254,11,18,23,28,10,14,254,0,58
2026-07-23 01:21:00+00:00,73,254,11,18,23,28,11,14,254,0,58
2026-07-23 02:21:00+00:00,73,254,11,18,23,28,11,14,254,0,58
2026-07-23 03:21:00+00:00,73,254,11,18,23,28,11,14,254,0,58
2026-07-23 04:21:00+00:00,73,254,11,18,23,28,11,14,254,0,58
2026-07-23 05:21:00+00:00,73,254,11,18,23,27,11,14,254,0,58
2026-07-23 06:21:00+00:00,72,254,11,18,23,27,11,14,254,0,58
2026-07-23 07:21:00+00:00,72,254,11,18,23,27,11,14,254,0,58
2026-07-23 08:21:00+00:00,72,254,11,18,23,27,11,14,254,0,103
2026-07-23 09:21:00+00:00,71,254,11,17,23,26,11,14,254,0,58
2026-07-23 10:21:00+00:00,71,254,11,17,23,26,11,14,254,0,58
2026-07-23 11:21:00+00:00,70,254,11,17,23,26,11,14,254,0,58
2026-07-23 12:21:00+00:00,70,254,11,17,23,26,11,14,254,0,58
2026-07-23 13:21:00+00:00,69,254,11,17,23,26,11,13,254,0,58
2026-07-23 14:21:00+00:00,69,254,11,17,23,26,11,13,254,0,58
2026-07-23 15:21:00+00:00,69,254,11,17,23,26,11,13,254,0,58
2026-07-23 16:21:00+00:00,69,254,11,17,23,26,11,14,254,0,58
2026-07-23 17:21:00+00:00,69,254,12,17,23,26,11,14,254,0,58
2026-07-23 18:21:00+00:00,70,254,12,18,24,27,12,14,254,0,58
2026-07-23 19:21:00+00:00,71,254,12,18,24,28,12,14,254,0,58
2026-07-23 20:21:00+00:00,72,254,13,19,25,29,12,15,254,0,58
2026-07-23 21:21:00+00:00,73,254,13,19,25,29,13,15,254,0,58
2026-07-23 22:21:00+00:00,74,254,14,20,26,30,13,16,254,0,58
2026-07-23 23:21:00+00:00,75,254,14,20,26,31,13,16,254,0,58
2026-07-24 00:21:00+00:00,75,254,14,20,27,31,14,16,254,0,58
2026-07-24 01:21:00+00:00,75,254,14,20,27,31,14,16,254,0,58
2026-07-24 02:21:00+00:00,75,254,14,20,28,31,14,16,254,0,58
2026-07-24 03:21:00+00:00,75,254,14,20,28,31,14,16,254,0,58
2026-07-24 04:21:00+00:00,75,254,14,20,28,30,14,16,254,0,58
2026-07-24 05:21:00+00:00,74,254,15,20,28,30,14,16,254,0,58
2026-07-24 06:21:00+00:00,74,254,15,20,28,30,14,16,254,0,58
2026-07-24 07:21:00+00:00,73,254,14,20,28,29,14,16,254,0,58
2026-07-24 08:21:00+00:00,73,254,14,20,28,29,14,16,254,0,103
2026-07-24 09:21:00+00:00,71,254,0,19,27,28,14,15,254,23,58
2026-07-24 10:21:00+00:00,71,254,0,16,5,28,1,0,254,21,58
2026-07-24 11:21:00+00:00,71,254,0,12,0,27,0,0,254,0,58
2026-07-24 12:21:00+00:00,70,254,0,10,0,26,0,0,254,0,58
2026-07-24 13:21:00+00:00,70,254,0,4,0,26,0,0,254,0,58
2026-07-24 14:21:00+00:00,70,254,0,10,0,25,0,0,254,0,58
2026-07-24 15:21:00+00:00,70,254,0,8,0,25,0,0,254,0,58
2026-07-24 16:21:00+00:00,70,254,0,6,0,25,0,0,254,0,58
2026-07-24 17:21:00+00:00,70,254,0,4,0,25,0,0,254,1,58
2026-07-24 18:21:00+00:00,71,254,0,6,0,25,0,0,254,0,58
2026-07-24 19:21:00+00:00,72,254,0,7,0,26,0,0,254,0,58
2026-07-24 20:21:00+00:00,73,254,0,9,0,26,0,0,254,0,58
2026-07-24 21:21:00+00:00,74,254,0,10,1,27,0,0,254,0,58
2026-07-24 22:21:00+00:00,75,254,0,11,1,27,0,0,254,0,58
2026-07-24 23:21:00+00:00,75,254,0,11,3,27,0,0,254,0,58
2026-07-25 00:21:00+00:00,76,254,0,11,6,28,0,0,254,0,58
2026-07-25 01:21:00+00:00,76,254,0,11,9,28,0,0,254,0,58
2026-07-25 02:21:00+00:00,76,254,0,11,11,28,0,0,254,0,58
2026-07-25 03:21:00+00:00,76,254,0,12,11,27,0,1,254,0,58
2026-07-25 04:21:00+00:00,75,254,0,12,12,27,0,2,254,0,58
2026-07-25 05:21:00+00:00,75,254,0,12,12,26,0,3,254,0,58
2026-07-25 06:21:00+00:00,74,254,0,13,12,26,0,4,254,0,58
2026-07-25 07:21:00+00:00,74,254,0,13,13,26,0,5,254,0,58
2026-07-25 08:21:00+00:00,73,254,0,13,13,25,0,5,254,0,103
2026-07-25 09:21:00+00:00,72,254,0,13,13,25,0,6,254,0,58
2026-07-25 10:21:00+00:00,72,254,0,13,13,25,0,6,254,0,58
2026-07-25 11:21:00+00:00,71,254,0,13,13,24,0,7,254,0,58
2026-07-25 12:21:00+00:00,71,254,0,13,13,24,0,7,254,0,58
2026-07-25 13:21:00+00:00,70,254,0,13,14,24,0,8,254,0,58
2026-07-25 14:21:00+00:00,69,254,0,13,13,24,0,8,254,0,58
2026-07-25 15:21:00+00:00,69,254,0,13,14,24,1,8,254,0,58
2026-07-25 16:21:00+00:00,69,254,0,13,14,24,1,9,254,0,58
2026-07-25 17:21:00+00:00,70,254,0,14,14,25,2,9,254,0,58
2026-07-25 18:21:00+00:00,70,254,0,14,15,25,2,10,254,0,58
2026-07-25 19:21:00+00:00,71,254,0,15,15,25,3,10,254,0,58
2026-07-25 20:21:00+00:00,73,254,1,16,16,27,4,11,254,0,58
2026-07-25 21:21:00+00:00,74,254,3,17,17,28,6,11,254,0,58
2026-07-25 22:21:00+00:00,75,254,5,17,17,28,8,12,254,0,58
2026-07-25 23:21:00+00:00,75,254,7,18,17,28,9,12,254,0,58
2026-07-26 00:21:00+00:00,76,254,9,18,18,29,11,12,254,0,58
2026-07-26 01:21:00+00:00,76,254,10,18,18,28,11,12,254,0,58
2026-07-26 02:21:00+00:00,76,254,11,18,18,28,11,12,254,0,58
2026-07-26 03:21:00+00:00,76,254,11,18,18,28,11,12,254,0,58
2026-07-26 04:21:00+00:00,75,254,11,18,18,27,11,12,254,0,58
2026-07-26 05:21:00+00:00,75,254,11,18,18,27,11,12,254,0,58
2026-07-26 06:21:00+00:00,74,254,11,17,18,27,11,12,254,0,58
2026-07-26 07:21:00+00:00,73,254,11,17,18,26,11,12,254,0,58
2026-07-26 08:21:00+00:00,72,254,11,17,18,26,11,12,254,0,103
2026-07-26 09:21:00+00:00,72,254,11,17,18,26,11,12,254,0,58
2026-07-26 10:21:00+00:00,71,254,11,17,18,25,11,12,254,0,58
2026-07-26 11:21:00+00:00,71,254,11,17,18,25,11,12,254,0,58
2026-07-26 12:21:00+00:00,70,254,11,17,18,25,11,12,254,0,58
2026-07-26 13:21:00+00:00,70,254,11,17,18,25,12,12,254,0,58
2026-07-26 14:21:00+00:00,70,254,11,17,18,25,12,12,254,0,58
2026-07-26 15:21:00+00:00,69,254,11,17,18,25,12,12,254,0,58
2026-07-26 16:21:00+00:00,69,254,11,17,18,25,12,12,254,0,58
2026-07-26 17:21:00+00:00,70,254,12,17,19,25,12,12,254,0,58
2026-07-26 18:21:00+00:00,70,254,12,17,19,26,12,12,254,0,58
2026-07-26 19:21:00+00:00,71,254,12,18,19,26,12,12,254,0,58
2026-07-26 20:21:00+00:00,71,254,12,18,19,27,13,12,254,0,58
2026-07-26 21:21:00+00:00,72,254,13,19,20,28,13,13,254,0,58
2026-07-26 22:21:00+00:00,73,254,13,19,20,28,13,13,254,0,58
2026-07-26 23:21:00+00:00,74,254,14,19,21,29,14,13,254,0,58
2026-07-27 00:21:00+00:00,74,254,14,19,21,29,14,14,254,0,58
2026-07-27 01:21:00+00:00,74,254,14,19,21,29,14,14,254,0,58
2026-07-27 02:21:00+00:00,74,254,14,19,22,29,14,14,254,0,58
2026-07-27 03:21:00+00:00,73,254,14,19,21,28,14,13,254,0,58
2026-07-27 04:21:00+00:00,73,254,14,19,21,28,14,13,254,0,58
2026-07-27 05:21:00+00:00,72,254,14,19,22,28,14,13,254,0,58
2026-07-27 06:21:00+00:00,72,254,14,19,22,28,15,13,254,0,58
2026-07-27 07:21:00+00:00,71,254,14,18,21,27,14,13,254,0,58
2026-07-27 08:21:00+00:00,70,254,14,18,22,27,15,13,254,0,103
2026-07-27 09:21:00+00:00,70,254,14,18,22,27,15,13,254,0,58
2026-07-27 10:21:00+00:00,69,254,14,18,21,26,15,13,254,0,58
2026-07-27 11:21:00+00:00,69,254,14,18,21,26,15,13,254,0,58
2026-07-27 12:21:00+00:00,68,254,14,18,21,26,15,13,254,0,58
2026-07-27 13:21:00+00:00,68,254,14,18,21,26,15,13,254,0,58
2026-07-27 14:21:00+00:00,67,254,14,17,21,25,15,13,254,0,58
2026-07-27 15:21:00+00:00,67,254,14,17,21,25,15,13,254,0,58
2026-07-27 16:21:00+00:00,67,254,0,15,10,25,1,12,254,51,58
2026-07-27 17:21:00+00:00,67,254,0,10,7,25,0,0,254,0,58
2026-07-27 18:21:00+00:00,68,254,0,3,5,25,0,0,254,0,58
2026-07-27 19:21:00+00:00,69,254,0,0,0,25,0,0,254,0,58
2026-07-27 20:21:00+00:00,69,254,0,0,0,25,0,0,254,0,58
2026-07-27 21:21:00+00:00,70,254,0,0,0,25,0,0,254,0,58
2026-07-27 22:21:00+00:00,71,254,0,0,0,25,0,0,254,0,58
2026-07-27 23:21:00+00:00,71,254,0,0,1,25,0,0,254,0,58
2026-07-28 00:21:00+00:00,72,254,0,0,1,26,0,0,254,0,58
2026-07-28 01:21:00+00:00,72,254,0,0,0,25,0,0,254,0,58
2026-07-28 02:21:00+00:00,72,254,0,0,0,25,0,0,254,0,58
2026-07-28 03:21:00+00:00,72,254,0,0,2,25,0,0,254,0,58
2026-07-28 04:21:00+00:00,71,254,0,0,1,24,0,0,254,0,58
2026-07-28 05:21:00+00:00,71,254,0,1,1,24,0,0,254,0,58
2026-07-28 06:21:00+00:00,70,254,0,1,1,24,0,0,254,0,58
2026-07-28 07:21:00+00:00,70,254,0,1,2,24,0,0,254,0,58
2026-07-28 08:21:00+00:00,69,254,0,2,2,23,0,0,254,0,103
2026-07-28 09:21:00+00:00,69,254,0,3,2,23,0,0,254,0,58
2026-07-28 10:21:00+00:00,68,254,0,4,3,23,0,0,254,0,58
2026-07-28 11:21:00+00:00,67,254,0,4,4,22,0,0,254,0,58
2026-07-28 12:21:00+00:00,67,254,0,5,5,22,0,0,254,0,58
2026-07-28 13:21:00+00:00,66,254,0,7,5,22,0,0,254,0,58
2026-07-28 14:21:00+00:00,66,254,0,7,6,22,0,0,254,0,58
2026-07-28 15:21:00+00:00,66,254,0,8,7,22,0,1,254,0,58
2026-07-28 16:21:00+00:00,66,254,0,10,8,22,0,2,254,0,58
2026-07-28 17:21:00+00:00,66,254,0,10,8,22,0,2,254,0,58
2026-07-28 18:21:00+00:00,67,254,0,11,10,22,0,3,254,0,58
2026-07-28 19:21:00+00:00,68,254,0,11,10,23,0,4,254,0,58
2026-07-28 20:21:00+00:00,69,254,0,12,11,24,0,6,254,0,58
2026-07-28 21:21:00+00:00,70,254,0,13,11,25,1,7,254,0,58
2026-07-28 22:21:00+00:00,71,254,0,14,12,25,1,8,254,0,58
2026-07-28 23:21:00+00:00,71,254,0,14,12,25,1,10,254,0,58
2026-07-29 00:21:00+00:00,72,254,0,15,13,26,2,10,254,0,58
2026-07-29 01:21:00+00:00,72,254,0,15,13,26,2,11,254,0,58
2026-07-29 02:21:00+00:00,72,254,0,15,14,26,2,11,254,0,58
2026-07-29 03:21:00+00:00,72,254,1,15,14,25,3,11,254,0,58
2026-07-29 04:21:00+00:00,71,254,1,15,14,25,4,11,254,0,58
2026-07-29 05:21:00+00:00,71,254,2,15,14,25,5,11,254,0,58
2026-07-29 06:21:00+00:00,70,254,3,15,14,25,5,11,254,0,58
2026-07-29 07:21:00+00:00,70,254,3,15,14,24,6,11,254,0,58
2026-07-29 08:21:00+00:00,69,254,4,15,14,24,6,11,254,0,103
2026-07-29 09:21:00+00:00,68,254,4,15,14,24,7,11,254,0,58
2026-07-29 10:21:00+00:00,68,254,5,15,15,24,8,11,254,0,58
2026-07-29 11:21:00+00:00,68,254,6,15,15,24,8,11,254,0,58
2026-07-29 12:21:00+00:00,67,254,6,15,14,23,9,11,254,0,58
2026-07-29 13:21:00+00:00,67,254,7,15,14,23,9,11,254,0,58
2026-07-29 14:21:00+00:00,67,254,7,15,15,23,10,11,254,0,58
2026-07-29 15:21:00+00:00,67,254,8,15,15,23,10,11,254,0,58
2026-07-29 16:21:00+00:00,67,254,8,15,15,23,10,12,254,0,58
2026-07-29 17:21:00+00:00,67,254,10,15,15,24,10,12,254,0,58
2026-07-29 18:21:00+00:00,68,254,10,16,16,24,10,12,254,0,58
2026-07-29 19:21:00+00:00,68,254,10,16,16,25,11,12,254,0,58
2026-07-29 20:21:00+00:00,69,254,11,16,16,25,11,12,254,0,58
2026-07-29 21:21:00+00:00,70,254,11,17,17,26,11,13,254,0,58
2026-07-29 22:21:00+00:00,71,254,12,18,17,27,12,13,254,0,58
2026-07-29 23:21:00+00:00,72,254,12,18,18,27,12,13,254,0,58
2026-07-30 00:21:00+00:00,72,254,12,18,18,28,12,14,254,0,58
2026-07-30 01:21:00+00:00,73,254,12,18,18,28,13,14,254,0,58
2026-07-30 02:21:00+00:00,72,254,13,18,18,28,13,14,254,0,58
2026-07-30 03:21:00+00:00,72,254,13,18,18,27,13,14,254,0,58
2026-07-30 04:21:00+00:00,72,254,13,18,18,27,13,14,254,0,58
2026-07-30 05:21:00+00:00,71,254,13,18,18,26,13,14,254,0,58
2026-07-30 06:21:00+00:00,71,254,13,18,18,26,13,14,254,0,58
2026-07-30 07:21:00+00:00,70,254,13,17,18,26,13,14,254,0,58
2026-07-30 08:21:00+00:00,70,254,13,17,18,26,13,14,254,0,103
2026-07-30 09:21:00+00:00,69,254,13,17,18,25,13,13,254,0,58
2026-07-30 10:21:00+00:00,69,254,13,17,18,25,13,13,254,0,58
2026-07-30 11:21:00+00:00,69,254,13,17,18,25,13,13,254,0,58
2026-07-30 12:21:00+00:00,68,254,13,17,18,25,13,13,254,0,58
2026-07-30 13:21:00+00:00,68,254,13,17,18,25,14,13,254,0,58
2026-07-30 14:21:00+00:00,67,254,13,17,18,25,13,13,254,0,58
2026-07-30 15:21:00+00:00,67,254,13,17,18,25,13,13,254,0,58
2026-07-30 16:21:00+00:00,68,254,13,17,18,25,14,13,254,0,58
2026-07-30 17:21:00+00:00,68,254,13,17,19,25,14,13,254,0,58
2026-07-30 18:21:00+00:00,69,254,14,17,19,26,14,14,254,0,58
2026-07-30 19:21:00+00:00,69,254,14,18,19,27,14,14,254,0,58
2026-07-30 20:21:00+00:00,71,254,15,18,20,28,15,14,254,0,58
2026-07-30 21:21:00+00:00,72,254,15,19,21,29,17,15,254,0,58
2026-07-30 22:21:00+00:00,74,254,0,19,21,29,16,15,254,11,58
2026-07-30 23:21:00+00:00,76,254,0,12,13,30,1,7,254,32,58
2026-07-31 00:21:00+00:00,76,254,0,4,10,29,7,0,254,0,58
2026-07-31 01:21:00+00:00,75,254,0,1,10,29,0,0,254,0,58
2026-07-31 02:21:00+00:00,75,254,0,4,5,28,10,0,254,0,58
2026-07-31 03:21:00+00:00,74,254,0,0,4,28,10,0,254,0,58
2026-07-31 04:21:00+00:00,74,254,0,0,4,27,8,0,254,0,58
2026-07-31 05:21:00+00:00,73,254,0,0,4,26,9,0,254,0,58
2026-07-31 06:21:00+00:00,73,254,0,0,5,26,8,0,254,0,58
2026-07-31 07:21:00+00:00,72,254,0,0,4,25,10,0,254,0,58
2026-07-31 08:21:00+00:00,71,254,0,0,5,25,0,0,254,0,103
2026-07-31 09:21:00+00:00,71,254,0,0,4,25,0,0,254,0,58
2026-07-31 10:21:00+00:00,70,254,0,0,5,24,9,0,254,0,58
2026-07-31 11:21:00+00:00,70,254,0,0,5,24,8,0,254,0,58
2026-07-31 12:21:00+00:00,69,254,0,0,5,24,0,0,254,0,58
2026-07-31 13:21:00+00:00,69,254,0,0,6,23,1,0,254,0,58
2026-07-31 14:21:00+00:00,68,254,0,0,6,23,8,0,254,0,58
2026-07-31 15:21:00+00:00,68,254,0,1,6,23,5,0,254,0,58
2026-07-31 16:21:00+00:00,68,254,0,1,7,23,5,0,254,0,58
2026-07-31 17:21:00+00:00,69,254,0,3,7,23,11,0,254,0,58
2026-07-31 18:21:00+00:00,69,254,0,11,8,24,0,0,254,0,58
2026-07-31 19:21:00+00:00,70,254,0,7,10,25,0,1,254,0,58
2026-07-31 20:21:00+00:00,71,254,0,10,10,25,0,2,254,0,58
2026-07-31 21:21:00+00:00,72,254,0,12,11,26,1,3,254,0,58
2026-07-31 22:21:00+00:00,73,254,0,13,11,26,5,4,254,0,58
2026-07-31 23:21:00+00:00,74,254,0,14,12,27,3,5,254,0,58
2026-08-01 00:21:00+00:00,74,254,0,14,12,27,5,6,254,0,58
2026-08-01 01:21:00+00:00,75,254,0,15,13,27,2,6,254,0,58
2026-08-01 02:21:00+00:00,75,254,0,15,13,27,1,7,254,0,58
2026-08-01 03:21:00+00:00,75,254,0,15,13,27,4,8,254,0,58
2026-08-01 04:21:00+00:00,74,254,0,15,13,27,2,9,254,0,58
2026-08-01 05:21:00+00:00,74,254,0,15,14,26,2,9,254,0,58
2026-08-01 06:21:00+00:00,73,254,0,15,14,26,2,10,254,0,58
2026-08-01 07:21:00+00:00,73,254,0,15,14,25,3,10,254,0,58
2026-08-01 08:21:00+00:00,72,254,1,15,14,25,8,10,254,0,103
2026-08-01 09:21:00+00:00,72,254,1,15,14,25,4,11,254,0,58
2026-08-01 10:21:00+00:00,71,254,2,14,14,25,4,11,254,0,58
2026-08-01 11:21:00+00:00,70,254,2,15,14,25,4,11,254,0,58
2026-08-01 12:21:00+00:00,70,254,3,15,14,24,5,11,254,0,58
2026-08-01 13:21:00+00:00,69,254,3,14,14,24,6,11,254,0,58
2026-08-01 14:21:00+00:00,68,254,4,14,14,24,6,11,254,0,58
2026-08-01 15:21:00+00:00,68,254,5,14,14,24,6,11,254,0,58
2026-08-01 16:21:00+00:00,68,254,5,14,14,24,7,11,254,0,58
2026-08-01 17:21:00+00:00,69,254,6,15,14,24,10,11,254,0,58
2026-08-01 18:21:00+00:00,69,254,7,15,15,25,8,11,254,0,58
2026-08-01 19:21:00+00:00,70,254,8,15,15,26,9,12,254,0,58
2026-08-01 20:21:00+00:00,71,254,10,16,16,26,12,12,254,0,58
2026-08-01 21:21:00+00:00,72,254,10,17,16,27,13,12,254,0,58
2026-08-01 22:21:00+00:00,73,254,11,17,16,27,12,13,254,0,58
2026-08-01 23:21:00+00:00,74,254,11,17,17,28,11,13,254,0,58
2026-08-02 00:21:00+00:00,74,254,12,17,17,28,12,13,254,0,58
2026-08-02 01:21:00+00:00,74,254,12,17,17,28,12,13,254,0,58
2026-08-02 02:21:00+00:00,74,254,12,17,17,28,12,14,254,0,58
2026-08-02 03:21:00+00:00,74,254,12,17,17,27,12,14,254,0,58
2026-08-02 04:21:00+00:00,73,254,12,17,17,27,12,14,254,0,58
2026-08-02 05:21:00+00:00,73,254,12,17,17,27,12,14,254,0,58
2026-08-02 06:21:00+00:00,72,254,12,17,17,27,12,14,254,0,58
2026-08-02 07:21:00+00:00,72,254,12,17,17,27,12,14,254,0,58
2026-08-02 08:21:00+00:00,71,254,12,16,17,26,12,14,254,0,103
2026-08-02 09:21:00+00:00,71,254,12,16,17,26,13,14,254,0,58
2026-08-02 10:21:00+00:00,70,254,12,16,17,26,19,14,254,0,58
2026-08-02 11:21:00+00:00,70,254,12,16,17,26,13,14,254,0,58
2026-08-02 12:21:00+00:00,69,254,12,16,17,25,12,14,254,0,58
2026-08-02 13:21:00+00:00,69,254,12,16,17,25,12,14,254,0,58
2026-08-02 14:21:00+00:00,68,254,12,16,17,25,13,14,254,0,58
2026-08-02 15:21:00+00:00,68,254,13,16,18,25,13,14,254,0,58
2026-08-02 16:21:00+00:00,68,254,13,16,18,26,13,14,254,0,58
2026-08-02 17:21:00+00:00,68,254,13,16,18,26,13,14,254,0,58
2026-08-02 18:21:00+00:00,68,254,13,16,18,26,13,14,254,0,58
2026-08-02 19:21:00+00:00,69,254,14,17,19,27,14,14,254,0,58
2026-08-02 20:21:00+00:00,69,254,14,17,19,27,14,14,254,0,58
2026-08-02 21:21:00+00:00,70,254,14,18,20,28,15,15,254,0,58
2026-08-02 22:21:00+00:00,71,254,15,18,20,29,15,15,254,0,58
2026-08-02 23:21:00+00:00,71,254,15,18,20,29,15,15,254,0,58
2026-08-03 00:21:00+00:00,71,254,15,18,21,29,15,15,254,0,58
2026-08-03 01:21:00+00:00,71,254,16,18,21,29,16,16,254,0,58
2026-08-03 02:21:00+00:00,71,254,16,18,21,29,16,16,254,0,58
2026-08-03 03:21:00+00:00,71,254,16,18,22,29,16,16,254,0,58
2026-08-03 04:21:00+00:00,70,254,16,18,22,29,17,16,254,0,58
2026-08-03 05:21:00+00:00,69,254,0,14,21,28,16,16,254,32,58
2026-08-03 06:21:00+00:00,68,254,0,10,21,28,0,10,254,1,58
2026-08-03 07:21:00+00:00,68,254,0,2,19,27,0,0,254,0,58
2026-08-03 08:21:00+00:00,67,254,0,0,17,27,0,0,254,0,103
2026-08-03 09:21:00+00:00,67,254,0,0,15,26,0,0,254,0,58
2026-08-03 10:21:00+00:00,66,254,0,4,14,26,0,0,254,0,58
2026-08-03 11:21:00+00:00,66,254,0,0,14,25,4,0,254,0,58
2026-08-03 12:21:00+00:00,65,254,5,0,13,25,0,0,254,0,58
2026-08-03 13:21:00+00:00,65,254,5,0,13,25,0,0,254,0,58
2026-08-03 14:21:00+00:00,65,254,6,0,13,25,0,0,254,0,58
2026-08-03 15:21:00+00:00,64,254,4,0,12,24,1,0,254,0,58
2026-08-03 16:21:00+00:00,64,254,2,0,12,24,0,0,254,0,58
2026-08-03 17:21:00+00:00,64,254,3,0,12,24,13,0,254,0,58
2026-08-03 18:21:00+00:00,65,254,6,0,13,25,0,1,254,0,58
2026-08-03 19:21:00+00:00,65,254,4,0,13,25,1,1,254,0,58
2026-08-03 20:21:00+00:00,66,254,1,0,13,26,0,1,254,0,58
2026-08-03 21:21:00+00:00,67,254,3,3,14,27,14,3,254,0,58
2026-08-03 22:21:00+00:00,68,254,1,6,14,27,15,3,254,0,58
2026-08-03 23:21:00+00:00,68,254,1,10,14,28,15,4,254,0,58
2026-08-04 00:21:00+00:00,68,254,2,11,15,28,6,5,254,0,58
2026-08-04 01:21:00+00:00,69,254,1,12,15,28,13,6,254,0,58
2026-08-04 02:21:00+00:00,69,254,0,12,15,27,1,6,254,0,58
2026-08-04 03:21:00+00:00,68,254,0,12,15,27,1,7,254,0,58
2026-08-04 04:21:00+00:00,68,254,0,13,15,27,13,8,254,0,58
2026-08-04 05:21:00+00:00,67,254,0,13,15,26,15,8,254,0,58
2026-08-04 06:21:00+00:00,66,254,0,12,15,26,13,9,254,0,58
2026-08-04 07:21:00+00:00,66,254,0,12,15,25,1,9,254,0,58
2026-08-04 08:21:00+00:00,65,254,0,13,15,25,1,10,254,0,103
2026-08-04 09:21:00+00:00,65,254,0,13,15,25,13,10,254,0,58
2026-08-04 10:22:00+00:00,64,254,0,13,15,25,2,10,254,0,58
2026-08-04 11:22:00+00:00,63,254,0,13,15,25,2,10,254,0,58
2026-08-04 12:22:00+00:00,63,254,1,13,15,25,2,10,254,0,58
2026-08-04 13:22:00+00:00,62,254,1,12,15,24,3,10,254,0,58
2026-08-04 14:22:00+00:00,62,254,2,13,15,24,3,10,254,0,58
2026-08-04 15:22:00+00:00,62,254,1,13,15,24,14,10,254,0,58
2026-08-04 16:22:00+00:00,62,254,2,13,15,24,4,11,254,0,58
2026-08-04 17:22:00+00:00,62,254,2,13,15,24,4,11,254,0,58
2026-08-04 18:22:00+00:00,63,254,3,13,16,25,5,11,254,0,58
2026-08-04 19:22:00+00:00,64,254,5,14,16,26,6,11,254,0,58
2026-08-04 20:22:00+00:00,65,254,6,14,16,27,7,12,254,0,58
2026-08-04 21:22:00+00:00,66,254,8,15,17,27,8,12,254,0,58
2026-08-04 22:22:00+00:00,67,254,10,15,17,28,16,12,254,0,58
2026-08-04 23:22:00+00:00,68,254,10,16,18,29,18,13,254,0,58
2026-08-05 00:22:00+00:00,68,254,10,16,18,29,17,13,254,0,58
2026-08-05 01:22:00+00:00,69,254,11,16,18,29,16,13,254,0,58
2026-08-05 02:22:00+00:00,69,254,11,16,18,29,11,13,254,0,58
2026-08-05 03:22:00+00:00,69,254,11,16,18,29,17,13,254,0,58
2026-08-05 04:22:00+00:00,68,254,11,16,19,28,11,13,254,0,58
2026-08-05 05:22:00+00:00,68,254,11,16,19,28,12,13,254,0,58
2026-08-05 06:22:00+00:00,67,254,11,15,18,27,11,13,254,0,58
2026-08-05 07:22:00+00:00,66,254,11,15,18,27,14,13,254,0,58
2026-08-05 08:22:00+00:00,66,254,11,15,18,27,15,13,254,0,103
2026-08-05 09:22:00+00:00,65,254,11,15,18,27,12,13,254,0,58
2026-08-05 10:22:00+00:00,64,254,11,15,18,26,12,13,254,0,58
2026-08-05 11:22:00+00:00,64,254,11,15,18,26,12,13,254,0,58
2026-08-05 12:22:00+00:00,63,254,12,15,18,26,14,14,254,0,58
2026-08-05 13:22:00+00:00,62,254,12,14,18,25,12,13,254,0,58
2026-08-05 14:22:00+00:00,62,254,12,14,18,25,12,13,254,0,58
2026-08-05 15:22:00+00:00,62,254,12,14,18,25,12,14,254,0,58
2026-08-05 16:22:00+00:00,62,254,12,14,18,25,12,14,254,0,58
2026-08-05 17:22:00+00:00,62,254,12,15,18,25,12,14,254,0,58
2026-08-05 18:22:00+00:00,63,254,12,15,19,26,12,14,254,0,58
2026-08-05 19:22:00+00:00,64,254,13,15,19,27,13,14,254,0,58
2026-08-05 20:22:00+00:00,65,254,13,16,20,28,13,15,254,0,58
2026-08-05 21:22:00+00:00,67,254,14,16,21,29,15,15,254,0,58
2026-08-05 22:22:00+00:00,68,254,14,17,21,30,14,15,254,0,58
2026-08-05 23:22:00+00:00,69,254,14,17,22,30,14,16,254,0,58
2026-08-06 00:22:00+00:00,69,254,15,17,22,30,14,16,254,0,58
2026-08-06 01:22:00+00:00,70,254,15,17,23,31,15,16,254,0,58
2026-08-06 02:22:00+00:00,70,254,15,17,23,31,15,16,254,0,58
2026-08-06 03:22:00+00:00,70,254,15,17,23,30,15,16,254,0,58
2026-08-06 04:22:00+00:00,70,254,15,17,23,30,15,16,254,0,58
2026-08-06 05:22:00+00:00,69,254,15,17,23,29,15,16,254,0,58
2026-08-06 06:22:00+00:00,68,254,15,16,22,29,15,16,254,0,58
2026-08-06 07:22:00+00:00,68,254,15,16,22,29,15,16,254,0,58
2026-08-06 08:22:00+00:00,67,254,15,16,22,28,15,16,254,0,103
2026-08-06 09:22:00+00:00,67,254,15,16,22,28,15,16,254,0,58
2026-08-06 10:22:00+00:00,66,254,15,16,22,28,15,16,254,0,58
2026-08-06 11:22:00+00:00,65,254,15,16,22,27,15,16,254,0,58
2026-08-06 12:22:00+00:00,64,254,0,11,10,26,2,15,254,32,58
2026-08-06 13:22:00+00:00,63,254,3,5,0,25,2,9,254,0,58
2026-08-06 14:22:00+00:00,63,254,8,0,0,25,1,0,254,0,58
2026-08-06 15:22:00+00:00,63,254,8,0,0,25,1,0,254,0,58
2026-08-06 16:22:00+00:00,63,254,9,0,0,24,1,0,254,0,58
2026-08-06 17:22:00+00:00,63,254,10,0,0,24,1,0,254,0,58
2026-08-06 18:22:00+00:00,64,254,11,0,0,25,1,0,254,0,58
2026-08-06 19:22:00+00:00,65,254,11,0,0,25,2,0,254,0,58
2026-08-06 20:22:00+00:00,66,254,11,0,0,25,2,1,254,0,58
2026-08-06 21:22:00+00:00,67,254,12,0,0,26,1,1,254,0,58
2026-08-06 22:22:00+00:00,68,254,11,0,0,27,2,2,254,0,58
2026-08-06 23:22:00+00:00,69,254,11,0,1,27,1,2,254,0,58
2026-08-07 00:22:00+00:00,70,254,11,0,1,27,1,3,254,0,58
2026-08-07 01:22:00+00:00,70,254,11,0,1,27,16,4,254,0,58
2026-08-07 02:22:00+00:00,70,254,10,0,2,27,1,4,254,0,58
2026-08-07 03:22:00+00:00,70,254,10,1,4,27,1,5,254,0,58
2026-08-07 04:22:00+00:00,70,254,9,3,5,27,1,5,254,0,58
2026-08-07 05:22:00+00:00,69,254,8,4,6,26,16,6,254,0,58
2026-08-07 06:22:00+00:00,69,254,10,6,8,26,12,6,254,0,58
2026-08-07 07:22:00+00:00,68,254,6,7,9,26,1,7,254,0,58
2026-08-07 08:22:00+00:00,68,254,10,9,10,26,1,8,254,0,103
2026-08-07 09:22:00+00:00,67,254,7,10,10,25,1,8,254,0,58
2026-08-07 10:22:00+00:00,67,254,7,10,10,25,4,8,254,0,58
2026-08-07 11:22:00+00:00,66,254,5,10,10,25,1,9,254,0,58
2026-08-07 12:22:00+00:00,65,254,6,10,10,25,1,9,254,0,58
2026-08-07 13:22:00+00:00,65,254,5,10,11,25,1,10,254,0,58
2026-08-07 14:22:00+00:00,65,254,5,11,11,25,1,10,254,0,58
2026-08-07 15:22:00+00:00,64,254,3,11,11,24,1,10,254,0,58
2026-08-07 16:22:00+00:00,64,254,3,11,11,24,1,10,254,0,58
2026-08-07 17:22:00+00:00,65,254,5,11,11,25,2,10,254,0,58
2026-08-07 18:22:00+00:00,65,254,2,11,12,25,2,10,254,0,58
2026-08-07 19:22:00+00:00,66,254,5,12,12,25,2,11,254,0,58
2026-08-07 20:22:00+00:00,67,254,5,13,13,26,2,11,254,0,58
2026-08-07 21:22:00+00:00,69,254,3,13,13,27,2,11,254,0,58
2026-08-07 22:22:00+00:00,70,254,4,14,14,28,3,12,254,0,58
2026-08-07 23:22:00+00:00,71,254,4,14,14,28,4,12,254,0,58
2026-08-08 00:22:00+00:00,71,254,4,15,15,28,6,12,254,0,58
2026-08-08 01:22:00+00:00,71,254,4,15,15,28,7,12,254,0,58
2026-08-08 02:22:00+00:00,72,254,5,15,15,29,8,13,254,0,58
2026-08-08 03:22:00+00:00,71,254,6,15,15,28,9,13,254,0,58
2026-08-08 04:22:00+00:00,71,254,7,14,15,28,10,13,254,0,58
2026-08-08 05:22:00+00:00,71,254,8,14,15,28,10,13,254,0,58
2026-08-08 06:22:00+00:00,70,254,8,14,16,27,10,13,254,0,58
2026-08-08 07:22:00+00:00,69,254,8,14,15,27,10,13,254,0,58
2026-08-08 08:22:00+00:00,69,254,9,14,16,27,11,13,254,0,103
2026-08-08 09:22:00+00:00,68,254,10,14,16,27,11,13,254,0,58
2026-08-08 10:22:00+00:00,68,254,10,14,16,27,11,13,254,0,58
2026-08-08 11:22:00+00:00,67,254,10,14,16,26,11,13,254,0,58
2026-08-08 12:22:00+00:00,67,254,10,14,16,26,11,13,254,0,58
2026-08-08 13:22:00+00:00,66,254,10,13,16,25,11,13,254,0,58
2026-08-08 14:22:00+00:00,66,254,10,13,16,25,11,13,254,0,58
2026-08-08 15:22:00+00:00,66,254,10,13,16,25,11,14,254,0,58
2026-08-08 16:22:00+00:00,66,254,10,13,16,25,11,14,254,0,58
2026-08-08 17:22:00+00:00,66,254,10,13,16,25,11,14,254,0,58
2026-08-08 18:22:00+00:00,67,254,11,14,16,26,11,14,254,0,58
2026-08-08 19:22:00+00:00,68,254,11,15,17,27,12,14,254,0,58
2026-08-08 20:22:00+00:00,69,254,11,15,17,28,12,15,254,0,58
2026-08-08 21:22:00+00:00,70,254,12,15,18,29,13,15,254,0,58
2026-08-08 22:22:00+00:00,70,254,12,16,19,29,13,15,254,0,58
2026-08-08 23:22:00+00:00,71,254,13,16,19,30,13,15,254,0,58
2026-08-09 00:22:00+00:00,71,254,13,16,19,30,13,16,254,0,58
2026-08-09 01:22:00+00:00,72,254,13,16,20,30,14,16,254,0,58
2026-08-09 02:22:00+00:00,72,254,13,16,20,30,14,16,254,0,58
2026-08-09 03:22:00+00:00,72,254,14,16,20,30,14,16,254,0,58
2026-08-09 04:22:00+00:00,71,254,13,16,20,29,14,16,254,0,58
2026-08-09 05:22:00+00:00,71,254,13,16,20,29,14,16,254,0,58
2026-08-09 06:22:00+00:00,70,254,14,15,20,29,14,16,254,0,58
2026-08-09 07:22:00+00:00,69,254,13,15,20,28,14,16,254,0,58
2026-08-09 08:22:00+00:00,69,254,14,15,20,28,14,16,254,0,103
2026-08-09 09:22:00+00:00,68,254,14,15,20,28,15,16,254,0,58
2026-08-09 10:22:00+00:00,68,254,14,15,20,28,15,16,254,0,58
2026-08-09 11:22:00+00:00,67,254,14,15,20,27,14,16,254,0,58
2026-08-09 12:22:00+00:00,66,254,13,14,19,27,14,16,254,0,58
2026-08-09 13:22:00+00:00,66,254,14,14,20,27,14,16,254,0,58
2026-08-09 14:22:00+00:00,66,254,14,14,20,27,15,16,254,0,58
2026-08-09 15:22:00+00:00,65,254,14,14,20,27,15,16,254,0,58
2026-08-09 16:22:00+00:00,65,254,14,14,20,27,15,16,254,0,58
2026-08-09 17:22:00+00:00,66,254,14,14,20,27,15,16,254,0,58
2026-08-09 18:22:00+00:00,67,254,15,15,21,28,15,17,254,0,58
2026-08-09 19:22:00+00:00,69,254,5,11,0,29,3,14,254,49,58
2026-08-09 20:22:00+00:00,69,254,10,4,0,28,1,1,254,0,58
2026-08-09 21:22:00+00:00,70,254,11,0,0,28,2,0,254,0,58
2026-08-09 22:22:00+00:00,71,254,12,0,0,27,1,1,254,0,58
2026-08-09 23:22:00+00:00,71,254,12,0,0,27,2,1,254,0,58
2026-08-10 00:22:00+00:00,72,254,13,0,0,28,2,2,254,0,58
2026-08-10 01:22:00+00:00,72,254,13,0,0,27,1,2,254,0,58
2026-08-10 02:22:00+00:00,72,254,13,0,0,27,1,2,254,0,58
2026-08-10 03:22:00+00:00,72,254,12,0,0,27,1,2,254,0,58
2026-08-10 04:22:00+00:00,71,254,11,0,0,26,1,3,254,0,58
2026-08-10 05:22:00+00:00,70,254,11,0,0,26,1,3,254,0,58
2026-08-10 06:22:00+00:00,70,254,12,0,0,26,3,4,254,0,58
2026-08-10 07:22:00+00:00,69,254,11,0,0,25,1,4,254,0,58
2026-08-10 08:22:00+00:00,69,254,10,0,0,25,1,5,254,0,103
2026-08-10 09:22:00+00:00,68,254,10,0,0,25,1,5,254,0,58
2026-08-10 10:22:00+00:00,67,254,10,0,0,24,1,6,254,0,58
2026-08-10 11:22:00+00:00,67,254,10,0,0,24,1,6,254,0,58
2026-08-10 12:22:00+00:00,66,254,8,1,0,24,1,7,254,0,58
2026-08-10 13:22:00+00:00,66,254,9,2,0,24,1,7,254,0,58
2026-08-10 14:22:00+00:00,65,254,0,3,0,24,1,7,254,0,58
2026-08-10 15:22:00+00:00,65,254,0,4,1,24,1,8,254,0,58
2026-08-10 16:22:00+00:00,65,254,0,5,1,24,1,9,254,0,58
2026-08-10 17:22:00+00:00,66,254,0,7,1,24,1,9,254,0,58
2026-08-10 18:22:00+00:00,66,254,0,9,2,24,1,10,254,0,58
2026-08-10 19:22:00+00:00,67,254,0,10,4,25,1,10,254,0,58
2026-08-10 20:22:00+00:00,68,254,0,11,6,26,2,10,254,0,58
2026-08-10 21:22:00+00:00,69,254,0,12,9,26,2,11,254,0,58
2026-08-10 22:22:00+00:00,70,254,0,13,10,27,15,11,254,0,58
2026-08-10 23:22:00+00:00,71,254,0,13,11,28,2,11,254,0,58
2026-08-11 00:22:00+00:00,71,254,1,14,12,28,11,11,254,0,58
2026-08-11 01:22:00+00:00,71,254,1,14,12,28,12,11,254,0,58
2026-08-11 02:22:00+00:00,72,254,2,14,13,28,16,12,254,0,58
2026-08-11 03:22:00+00:00,71,254,11,14,13,27,16,12,254,0,58
2026-08-11 04:22:00+00:00,71,254,5,13,13,27,16,12,254,0,58
2026-08-11 05:22:00+00:00,70,254,6,13,14,27,17,12,254,0,58
2026-08-11 06:22:00+00:00,70,254,7,13,14,27,13,12,254,0,58
2026-08-11 07:22:00+00:00,69,254,6,13,14,26,15,12,254,0,58
2026-08-11 08:22:00+00:00,68,254,7,13,14,26,11,12,254,0,103
2026-08-11 09:22:00+00:00,68,254,7,13,14,26,17,13,254,0,58
2026-08-11 10:22:00+00:00,67,254,7,13,14,26,16,13,254,0,58
2026-08-11 11:22:00+00:00,66,254,8,12,14,25,16,12,254,0,58
2026-08-11 12:22:00+00:00,66,254,8,12,14,25,16,13,254,0,58
2026-08-11 13:22:00+00:00,65,254,9,12,14,25,15,13,254,0,58
2026-08-11 14:22:00+00:00,65,254,9,12,14,25,15,13,254,0,58
2026-08-11 15:22:00+00:00,65,254,9,12,14,25,16,13,254,0,58
2026-08-11 16:22:00+00:00,65,254,10,12,15,25,14,13,254,0,58
2026-08-11 17:22:00+00:00,65,254,10,13,15,25,10,13,254,0,58
2026-08-11 18:22:00+00:00,66,254,10,13,15,26,11,14,254,0,58
2026-08-11 19:22:00+00:00,67,254,10,13,16,27,11,14,254,0,58
2026-08-11 20:22:00+00:00,68,254,11,14,16,28,12,14,254,0,58
2026-08-11 21:22:00+00:00,69,254,14,14,17,28,12,15,254,0,58
2026-08-11 22:22:00+00:00,70,254,12,15,18,29,12,15,254,0,58
2026-08-11 23:22:00+00:00,70,254,12,15,18,29,13,15,254,0,58
2026-08-12 00:22:00+00:00,71,254,12,15,18,30,13,15,254,0,58
2026-08-12 01:22:00+00:00,71,254,13,15,18,29,13,16,254,0,58
2026-08-12 02:22:00+00:00,71,254,13,15,19,29,13,16,254,0,58
2026-08-12 03:22:00+00:00,71,254,13,14,19,29,13,16,254,0,58
2026-08-12 04:22:00+00:00,71,254,13,14,19,29,14,16,254,0,58
2026-08-12 05:22:00+00:00,70,254,13,14,19,29,14,16,254,0,58
2026-08-12 06:22:00+00:00,70,254,13,14,19,29,14,16,254,0,58
2026-08-12 07:22:00+00:00,69,254,13,14,19,28,14,16,254,0,58
2026-08-12 08:22:00+00:00,69,254,13,14,19,28,14,16,254,0,103
2026-08-12 09:22:00+00:00,68,254,13,14,19,28,14,16,254,0,58
2026-08-12 10:22:00+00:00,68,254,13,14,19,28,14,16,254,0,58
2026-08-12 11:22:00+00:00,67,254,13,13,19,27,14,16,254,0,58
2026-08-12 12:22:00+00:00,67,254,13,13,19,27,14,16,254,0,58
2026-08-12 13:22:00+00:00,67,254,13,13,19,27,14,16,254,0,58
2026-08-12 14:22:00+00:00,66,254,13,13,19,26,14,16,254,0,58
2026-08-12 15:22:00+00:00,66,254,13,13,19,26,14,16,254,0,58
2026-08-12 16:22:00+00:00,66,254,13,13,19,26,14,16,254,0,58
2026-08-12 17:22:00+00:00,66,254,14,13,19,27,14,16,254,0,58
2026-08-12 18:22:00+00:00,67,254,14,14,20,28,15,17,254,0,58
2026-08-12 19:22:00+00:00,68,254,15,14,21,29,16,17,254,0,58
2026-08-12 20:22:00+00:00,69,254,15,14,21,30,16,17,254,0,58
2026-08-12 21:22:00+00:00,70,254,16,15,22,31,17,18,254,0,58
2026-08-12 22:22:00+00:00,71,254,16,15,23,31,17,18,254,0,58
2026-08-12 23:22:00+00:00,71,254,16,15,23,31,17,18,254,0,58
2026-08-13 00:22:00+00:00,72,254,17,15,24,32,18,19,254,0,58
2026-08-13 01:22:00+00:00,72,254,17,15,24,32,19,19,254,0,58
2026-08-13 02:22:00+00:00,72,254,17,15,25,32,19,19,254,0,58
2026-08-13 03:22:00+00:00,72,254,17,15,25,31,19,19,254,0,58
2026-08-13 04:22:00+00:00,71,254,17,14,25,31,19,19,254,0,58
2026-08-13 05:22:00+00:00,71,254,17,14,24,30,19,19,254,0,58
2026-08-13 06:22:00+00:00,70,254,17,14,25,30,19,19,254,0,58
2026-08-13 07:22:00+00:00,70,254,18,14,24,30,19,19,254,0,58
2026-08-13 08:22:00+00:00,67,254,0,13,23,26,2,18,254,40,103
2026-08-13 09:22:00+00:00,67,254,0,4,10,22,2,18,254,1,58
2026-08-13 10:22:00+00:00,67,254,0,0,4,23,2,17,254,0,58
2026-08-13 11:22:00+00:00,67,254,6,0,1,23,2,17,254,0,58
2026-08-13 12:22:00+00:00,67,254,10,0,1,23,2,16,254,0,58
2026-08-13 13:22:00+00:00,66,254,10,0,1,23,2,16,254,0,58
2026-08-13 14:22:00+00:00,66,254,11,0,1,23,2,15,254,0,58
2026-08-13 15:22:00+00:00,66,254,12,0,1,23,2,15,254,0,58
2026-08-13 16:22:00+00:00,66,254,12,0,1,22,2,15,254,0,58
2026-08-13 17:22:00+00:00,66,254,13,0,1,22,2,15,254,0,58
2026-08-13 18:22:00+00:00,66,254,14,0,1,23,2,15,254,0,58
2026-08-13 19:22:00+00:00,67,254,14,0,1,23,2,15,254,0,58
2026-08-13 20:22:00+00:00,67,254,14,0,2,23,2,15,254,0,58
2026-08-13 21:22:00+00:00,67,254,13,0,2,23,2,15,254,0,58
2026-08-13 22:22:00+00:00,68,254,13,0,2,24,2,15,254,0,58
2026-08-13 23:22:00+00:00,68,254,14,0,2,24,2,15,254,0,58
2026-08-14 00:22:00+00:00,68,254,13,0,3,24,2,15,254,0,58
2026-08-14 01:22:00+00:00,68,254,13,0,3,24,2,15,254,0,58
2026-08-14 02:22:00+00:00,69,254,13,2,3,24,2,15,254,0,58
2026-08-14 03:22:00+00:00,69,254,12,4,4,24,2,15,254,0,58
2026-08-14 04:22:00+00:00,68,254,12,5,4,24,2,15,254,0,58
2026-08-14 05:22:00+00:00,68,254,12,6,4,24,2,15,254,0,58
2026-08-14 06:22:00+00:00,68,254,11,7,5,24,2,15,254,0,58
2026-08-14 07:22:00+00:00,68,254,11,7,6,24,2,15,254,0,58
2026-08-14 08:22:00+00:00,68,254,11,8,6,24,2,15,254,0,103
2026-08-14 09:22:00+00:00,67,254,11,8,6,23,2,15,254,0,58
2026-08-14 10:22:00+00:00,67,254,10,8,7,23,2,15,254,0,58
2026-08-14 11:22:00+00:00,67,254,11,9,7,23,2,15,254,0,58
2026-08-14 12:22:00+00:00,67,254,11,10,8,23,2,15,254,0,58
2026-08-14 13:22:00+00:00,67,254,10,10,8,23,2,15,254,0,58
2026-08-14 14:22:00+00:00,67,254,11,10,9,23,2,15,254,0,58
2026-08-14 15:22:00+00:00,67,254,10,10,10,23,2,15,254,0,58
2026-08-14 16:22:00+00:00,67,254,10,10,10,23,2,15,254,0,58
2026-08-14 17:22:00+00:00,67,254,10,10,10,24,2,15,254,0,58
2026-08-14 18:22:00+00:00,68,254,10,10,10,24,3,15,254,0,58
2026-08-14 19:22:00+00:00,68,254,10,11,11,25,3,15,254,0,58
2026-08-14 20:22:00+00:00,69,254,12,11,13,25,3,16,254,0,58
2026-08-14 21:22:00+00:00,70,254,12,11,12,26,3,16,254,0,58
2026-08-14 22:22:00+00:00,71,254,12,12,12,27,4,16,254,0,58
2026-08-14 23:22:00+00:00,71,254,12,12,13,27,5,16,254,0,58
2026-08-15 00:22:00+00:00,72,254,12,12,14,28,6,17,254,0,58
2026-08-15 01:22:00+00:00,72,254,12,12,14,27,8,17,254,0,58
2026-08-15 02:22:00+00:00,72,254,12,12,14,27,9,17,254,0,58
2026-08-15 03:22:00+00:00,72,254,12,12,15,27,10,17,254,0,58
2026-08-15 04:22:00+00:00,72,254,12,12,15,27,10,17,254,0,58
2026-08-15 05:22:00+00:00,71,254,12,11,15,27,11,17,254,0,58
2026-08-15 06:22:00+00:00,71,254,8,11,15,26,11,17,254,0,58
2026-08-15 07:22:00+00:00,70,254,11,11,15,26,11,17,254,0,58
2026-08-15 08:22:00+00:00,70,254,12,11,15,26,11,17,254,0,103
2026-08-15 09:22:00+00:00,69,254,12,11,15,26,11,17,254,0,58
2026-08-15 10:22:00+00:00,69,254,12,11,15,26,11,17,254,0,58
2026-08-15 11:22:00+00:00,68,254,12,11,15,25,11,17,254,0,58
2026-08-15 12:22:00+00:00,67,254,10,11,14,24,3,16,254,14,58
2026-08-15 13:22:00+00:00,67,254,0,11,13,24,2,16,254,0,58
2026-08-15 14:22:00+00:00,67,254,7,11,12,24,3,16,254,0,58
2026-08-15 15:22:00+00:00,67,254,10,11,12,24,3,16,254,0,58
2026-08-15 16:22:00+00:00,67,254,11,11,12,25,3,17,254,0,58
2026-08-15 17:22:00+00:00,67,254,0,11,12,25,2,17,254,0,58
2026-08-15 18:22:00+00:00,68,254,10,11,12,26,3,17,254,0,58
2026-08-15 19:22:00+00:00,69,254,11,11,12,26,3,17,254,0,58
2026-08-15 20:22:00+00:00,69,254,11,11,13,27,3,17,254,0,58
2026-08-15 21:22:00+00:00,70,254,11,12,13,28,3,17,254,0,58
2026-08-15 22:22:00+00:00,71,254,12,12,14,28,3,18,254,1,58
2026-08-15 23:22:00+00:00,71,254,6,12,14,28,3,18,254,0,58
2026-08-16 00:22:00+00:00,71,254,11,12,14,28,3,18,254,0,58
2026-08-16 01:22:00+00:00,71,254,10,11,14,28,3,18,254,0,58
2026-08-16 02:22:00+00:00,71,254,8,11,14,27,3,18,254,0,58
2026-08-16 03:22:00+00:00,71,254,11,11,14,27,3,18,254,0,58
2026-08-16 04:22:00+00:00,71,254,10,11,14,27,3,18,254,0,58
2026-08-16 05:22:00+00:00,70,254,4,11,14,27,3,18,254,0,58
2026-08-16 06:22:00+00:00,70,254,12,11,14,27,3,18,254,0,58
2026-08-16 07:22:00+00:00,69,254,11,11,14,26,3,18,254,0,58
2026-08-16 08:22:00+00:00,69,254,11,11,14,26,3,18,254,0,103
2026-08-16 09:22:00+00:00,68,254,12,11,14,26,4,17,254,0,58
2026-08-16 10:22:00+00:00,68,254,12,11,14,26,4,17,254,0,58
2026-08-16 11:22:00+00:00,67,254,11,11,14,26,4,17,254,0,58
2026-08-16 12:22:00+00:00,67,254,12,11,14,26,15,17,254,0,58
2026-08-16 13:22:00+00:00,67,254,12,11,14,25,5,17,254,0,58
2026-08-16 14:22:00+00:00,66,254,12,10,14,25,5,17,254,0,58
2026-08-16 15:22:00+00:00,66,254,11,7,0,19,3,17,254,31,58
2026-08-16 16:22:00+00:00,66,254,11,0,0,11,3,10,254,0,58
2026-08-16 17:22:00+00:00,66,254,13,0,0,10,3,4,254,0,58
2026-08-16 18:22:00+00:00,67,254,14,0,0,6,3,1,254,0,58
2026-08-16 19:22:00+00:00,67,254,13,0,1,6,3,1,254,0,58
2026-08-16 20:22:00+00:00,69,254,13,0,2,8,3,2,254,0,58
2026-08-16 21:22:00+00:00,70,254,14,0,0,10,3,2,254,0,58
2026-08-16 22:22:00+00:00,71,254,15,0,0,11,3,3,254,0,58
2026-08-16 23:22:00+00:00,71,254,15,0,0,12,3,3,254,0,58
2026-08-17 00:22:00+00:00,72,254,15,0,0,13,3,4,254,0,58
2026-08-17 01:22:00+00:00,72,254,14,0,0,14,3,4,254,0,58
2026-08-17 02:22:00+00:00,72,254,13,10,0,15,3,4,254,0,58
2026-08-17 03:22:00+00:00,72,254,12,0,0,15,3,5,254,0,58
2026-08-17 04:22:00+00:00,72,254,11,0,0,16,3,5,254,0,58
2026-08-17 05:22:00+00:00,71,254,13,0,0,16,3,5,254,0,58
2026-08-17 06:22:00+00:00,71,254,13,0,0,16,3,5,254,0,58
2026-08-17 07:22:00+00:00,70,254,10,0,0,16,3,6,254,0,58
2026-08-17 08:22:00+00:00,70,254,14,0,0,16,3,6,254,0,103
2026-08-17 09:22:00+00:00,69,254,12,0,0,16,3,6,254,0,58
2026-08-17 10:22:00+00:00,68,254,12,0,0,16,3,7,254,0,58
2026-08-17 11:22:00+00:00,68,254,11,0,0,16,3,7,254,0,58
2026-08-17 12:22:00+00:00,68,254,12,0,0,16,3,7,254,0,58
2026-08-17 13:22:00+00:00,67,254,11,0,0,16,3,8,254,0,58
2026-08-17 14:22:00+00:00,67,254,12,0,0,16,3,8,254,0,58
2026-08-17 15:22:00+00:00,67,254,12,0,0,16,3,9,254,0,58
2026-08-17 16:22:00+00:00,67,254,11,0,0,16,3,10,254,0,58
2026-08-17 17:22:00+00:00,67,254,10,0,0,17,3,10,254,0,58
2026-08-17 18:22:00+00:00,68,254,11,0,0,17,12,10,254,0,58
2026-08-17 19:22:00+00:00,68,254,11,0,0,18,9,10,254,0,58
2026-08-17 20:22:00+00:00,69,254,10,1,1,18,3,10,254,0,58
2026-08-17 21:22:00+00:00,69,254,11,3,1,19,3,10,254,0,58
2026-08-17 22:22:00+00:00,70,254,11,6,2,19,3,11,254,0,58
2026-08-17 23:22:00+00:00,71,254,10,8,5,20,4,11,254,0,58
2026-08-18 00:22:00+00:00,71,254,12,9,7,20,4,11,254,0,58
2026-08-18 01:22:00+00:00,72,254,9,10,9,21,5,11,254,0,58
2026-08-18 02:22:00+00:00,72,254,11,10,10,21,6,11,254,0,58
2026-08-18 03:22:00+00:00,72,254,10,10,11,21,6,12,254,0,58
2026-08-18 04:22:00+00:00,71,254,11,10,11,20,7,11,254,0,58
2026-08-18 05:22:00+00:00,71,254,10,10,11,20,7,12,254,0,58
2026-08-18 06:22:00+00:00,70,254,10,10,11,20,8,12,254,0,58
2026-08-18 07:22:00+00:00,70,254,11,10,11,20,8,12,254,0,58
2026-08-18 08:22:00+00:00,69,254,11,10,11,20,9,12,254,0,103
2026-08-18 09:22:00+00:00,69,254,11,10,12,20,9,12,254,0,58
2026-08-18 10:22:00+00:00,68,254,12,10,12,20,10,12,254,0,58
2026-08-18 11:22:00+00:00,68,254,11,10,12,20,10,12,254,0,58
2026-08-18 12:22:00+00:00,67,254,11,10,12,20,10,12,254,0,58
2026-08-18 13:22:00+00:00,67,254,6,10,12,20,10,12,254,0,58
2026-08-18 14:22:00+00:00,67,254,11,10,12,20,10,12,254,0,58
2026-08-18 15:22:00+00:00,67,254,6,10,12,20,10,12,254,0,58
2026-08-18 16:22:00+00:00,67,254,9,10,12,20,12,12,254,0,58
2026-08-18 17:22:00+00:00,67,254,10,10,12,20,10,12,254,0,58
2026-08-18 18:22:00+00:00,68,254,11,10,13,21,11,13,254,0,58
2026-08-18 19:22:00+00:00,69,254,11,11,13,21,11,13,254,0,58
2026-08-18 20:22:00+00:00,70,254,11,11,14,22,11,13,254,0,58
2026-08-18 21:22:00+00:00,71,254,11,11,15,23,12,14,254,0,58
2026-08-18 22:22:00+00:00,72,254,11,12,15,24,12,14,254,0,58
2026-08-18 23:22:00+00:00,72,254,12,12,16,24,13,14,254,0,58
2026-08-19 00:22:00+00:00,72,254,12,12,16,24,13,14,254,0,58
2026-08-19 01:22:00+00:00,73,254,12,12,16,24,13,15,254,0,58
2026-08-19 02:22:00+00:00,73,254,12,12,16,24,13,15,254,0,58
2026-08-19 03:22:00+00:00,73,254,12,12,16,24,14,15,254,0,58
2026-08-19 04:22:00+00:00,72,254,12,12,16,24,14,15,254,0,58
2026-08-19 05:22:00+00:00,71,254,12,11,16,23,14,15,254,0,58
2026-08-19 06:22:00+00:00,71,254,12,11,16,23,14,15,254,0,58
2026-08-19 07:22:00+00:00,70,254,12,11,16,23,14,15,254,0,58
2026-08-19 08:22:00+00:00,70,254,12,11,16,23,14,15,254,0,103
2026-08-19 09:22:00+00:00,69,254,12,11,16,23,14,15,254,0,58
2026-08-19 10:22:00+00:00,69,254,12,11,16,23,14,15,254,0,58
2026-08-19 11:22:00+00:00,68,254,12,11,16,23,14,15,254,0,58
2026-08-19 12:22:00+00:00,67,254,12,11,16,22,14,15,254,0,58
2026-08-19 13:22:00+00:00,67,254,12,11,16,22,14,15,254,0,58
2026-08-19 14:22:00+00:00,66,254,12,11,16,22,14,15,254,0,58
2026-08-19 15:22:00+00:00,66,254,12,11,16,22,14,15,254,0,58
2026-08-19 16:22:00+00:00,66,254,12,11,16,22,14,15,254,0,58
2026-08-19 17:22:00+00:00,66,254,13,11,16,22,14,15,254,0,58
2026-08-19 18:22:00+00:00,67,254,13,11,17,23,14,15,254,0,58
2026-08-19 19:22:00+00:00,68,254,14,12,18,24,15,16,254,0,58
2026-08-19 20:22:00+00:00,69,254,14,12,18,24,15,16,254,0,58
2026-08-19 21:22:00+00:00,71,254,15,12,19,25,16,16,254,0,58
2026-08-19 22:22:00+00:00,73,254,7,11,0,26,3,16,254,43,58
2026-08-19 23:22:00+00:00,73,254,6,1,0,25,3,12,254,0,58
2026-08-20 00:22:00+00:00,74,254,12,0,0,24,2,7,254,0,58
2026-08-20 01:22:00+00:00,74,254,13,0,0,24,2,3,254,0,58
2026-08-20 02:22:00+00:00,74,254,14,0,0,23,2,2,254,0,58
2026-08-20 03:22:00+00:00,73,254,13,0,0,22,2,3,254,0,58
2026-08-20 04:22:00+00:00,73,254,13,0,0,22,2,3,254,0,58
2026-08-20 05:22:00+00:00,72,254,13,0,0,22,2,3,254,0,58
2026-08-20 06:22:00+00:00,71,254,13,0,0,21,2,3,254,0,58
2026-08-20 07:22:00+00:00,71,254,14,0,0,21,2,4,254,0,58
2026-08-20 08:22:00+00:00,70,254,14,0,0,21,2,4,254,0,103
2026-08-20 09:22:00+00:00,70,254,13,0,0,21,2,4,254,0,58
2026-08-20 10:22:00+00:00,69,254,14,0,0,20,2,4,254,0,58
2026-08-20 11:22:00+00:00,68,254,14,0,0,20,2,4,254,0,58
2026-08-20 12:22:00+00:00,68,254,14,0,0,20,2,5,254,0,58
2026-08-20 13:22:00+00:00,67,254,14,0,0,19,2,5,254,0,58
2026-08-20 14:22:00+00:00,67,254,2,0,0,19,2,5,254,0,58
2026-08-20 15:22:00+00:00,66,254,12,0,0,19,2,5,254,0,58
2026-08-20 16:22:00+00:00,67,254,12,0,0,19,2,5,254,0,58
2026-08-20 17:22:00+00:00,67,254,12,0,0,20,2,6,254,0,58
2026-08-20 18:22:00+00:00,67,254,12,0,0,20,3,6,254,0,58
2026-08-20 19:22:00+00:00,68,254,14,0,0,21,3,7,254,0,58
2026-08-20 20:22:00+00:00,70,254,6,0,0,22,3,8,254,0,58
2026-08-20 21:22:00+00:00,71,254,13,0,0,22,3,8,254,0,58
2026-08-20 22:22:00+00:00,72,254,12,2,1,23,3,9,254,0,58
2026-08-20 23:22:00+00:00,72,254,13,5,2,23,3,10,254,0,58
2026-08-21 00:22:00+00:00,73,254,11,8,4,23,3,10,254,0,58
2026-08-21 01:22:00+00:00,73,254,12,9,6,23,4,10,254,0,58
2026-08-21 02:22:00+00:00,73,254,12,10,8,23,4,10,254,0,58
2026-08-21 03:22:00+00:00,73,254,11,10,10,23,4,10,254,0,58
2026-08-21 04:22:00+00:00,72,254,12,10,10,23,5,11,254,0,58
2026-08-21 05:22:00+00:00,72,254,10,10,10,23,5,11,254,0,58
2026-08-21 06:22:00+00:00,71,254,11,10,11,22,5,11,254,0,58
2026-08-21 07:22:00+00:00,70,254,11,10,11,22,6,11,254,0,58
2026-08-21 08:22:00+00:00,70,254,11,10,11,22,6,11,254,0,103
2026-08-21 09:22:00+00:00,69,254,10,10,11,21,6,11,254,0,58
2026-08-21 10:22:00+00:00,69,254,12,10,11,21,7,11,254,0,58
2026-08-21 11:22:00+00:00,68,254,10,10,11,21,7,11,254,0,58
2026-08-21 12:22:00+00:00,68,254,7,10,11,21,8,11,254,0,58
2026-08-21 13:22:00+00:00,67,254,11,10,11,21,8,11,254,0,58
2026-08-21 14:22:00+00:00,67,254,10,10,11,21,8,11,254,0,58
2026-08-21 15:22:00+00:00,66,254,10,9,11,21,9,11,254,0,58
2026-08-21 16:22:00+00:00,66,254,10,10,11,21,9,11,254,0,58
2026-08-21 17:22:00+00:00,67,254,10,10,12,21,10,12,254,0,58
2026-08-21 18:22:00+00:00,67,254,5,10,12,22,10,12,254,0,58
2026-08-21 19:22:00+00:00,68,254,9,10,12,22,10,12,254,0,58
2026-08-21 20:22:00+00:00,69,254,10,11,13,23,11,12,254,0,58
2026-08-21 21:22:00+00:00,70,254,11,11,13,23,11,13,254,0,58
2026-08-21 22:22:00+00:00,71,254,11,11,14,24,11,13,254,0,58
2026-08-21 23:22:00+00:00,72,254,11,12,14,24,12,13,254,0,58
2026-08-22 00:22:00+00:00,72,254,11,12,15,24,12,13,254,0,58
2026-08-22 01:22:00+00:00,73,254,11,12,15,24,12,13,254,0,58
2026-08-22 02:22:00+00:00,73,254,11,12,15,24,12,14,254,0,58
2026-08-22 03:22:00+00:00,72,254,11,12,15,24,13,14,254,0,58
2026-08-22 04:22:00+00:00,72,254,11,12,15,24,13,14,254,0,58
2026-08-22 05:22:00+00:00,72,254,12,11,15,24,13,14,254,0,58
2026-08-22 06:22:00+00:00,72,254,12,11,15,24,13,14,254,0,58
2026-08-22 07:22:00+00:00,71,254,12,11,15,23,13,14,254,0,58
2026-08-22 08:22:00+00:00,71,254,14,11,15,23,13,14,254,0,103
2026-08-22 09:22:00+00:00,71,254,12,11,15,23,13,14,254,0,58
2026-08-22 10:22:00+00:00,71,254,12,11,15,23,13,14,254,0,58
2026-08-22 11:22:00+00:00,70,254,12,11,15,23,13,14,254,0,58
2026-08-22 12:22:00+00:00,70,254,12,11,15,23,13,14,254,0,58
2026-08-22 13:22:00+00:00,69,254,12,11,15,23,13,14,254,0,58
2026-08-22 14:22:00+00:00,69,254,12,11,15,23,13,14,254,0,58
2026-08-22 15:22:00+00:00,69,254,12,11,15,22,13,14,254,0,58
2026-08-22 16:22:00+00:00,69,254,12,11,15,22,13,14,254,0,58
2026-08-22 17:22:00+00:00,69,254,12,11,15,23,13,14,254,0,58
2026-08-22 18:22:00+00:00,69,254,12,11,16,23,13,15,254,0,58
2026-08-22 19:22:00+00:00,70,254,13,11,16,24,14,15,254,0,58
2026-08-22 20:22:00+00:00,71,254,13,12,17,24,14,15,254,0,58
2026-08-22 21:22:00+00:00,72,254,13,12,17,25,15,15,254,0,58
2026-08-22 22:22:00+00:00,72,254,14,12,18,25,15,16,254,0,58
2026-08-22 23:22:00+00:00,72,254,14,12,18,26,15,16,254,0,58
2026-08-23 00:22:00+00:00,73,254,14,12,18,26,16,16,254,0,58
2026-08-23 01:22:00+00:00,73,254,14,12,19,26,16,16,254,0,58
2026-08-23 02:22:00+00:00,73,254,15,12,19,26,16,16,254,0,58
2026-08-23 03:22:00+00:00,73,254,15,12,19,26,16,16,254,0,58
2026-08-23 04:24:00+00:00,72,254,15,12,19,25,16,16,254,0,58
2026-08-23 05:24:00+00:00,71,254,2,7,0,20,10,16,254,40,58
2026-08-23 06:24:00+00:00,71,254,4,0,0,14,2,15,254,0,58
2026-08-23 07:24:00+00:00,71,254,4,0,0,13,2,14,254,0,58
2026-08-23 08:24:00+00:00,70,254,8,0,0,13,2,13,254,0,103
2026-08-23 09:24:00+00:00,70,254,8,0,0,13,2,12,254,0,58
2026-08-23 10:24:00+00:00,70,254,10,0,0,14,2,12,254,2,58
2026-08-23 11:24:00+00:00,70,254,10,0,0,14,2,11,254,0,58
2026-08-23 12:24:00+00:00,69,254,9,0,0,14,2,11,254,0,58
2026-08-23 13:24:00+00:00,69,254,11,0,0,14,2,11,254,0,58
2026-08-23 14:24:00+00:00,69,254,11,0,0,14,2,10,254,0,58
2026-08-23 15:24:00+00:00,68,254,10,0,0,14,3,10,254,0,58
2026-08-23 16:24:00+00:00,68,254,10,0,0,14,2,10,254,0,58
2026-08-23 17:24:00+00:00,69,254,10,0,0,15,2,10,254,0,58
2026-08-23 18:24:00+00:00,69,254,10,0,0,15,2,10,254,0,58
2026-08-23 19:24:00+00:00,70,254,10,0,0,16,3,10,254,0,58
2026-08-23 20:24:00+00:00,71,254,10,0,0,17,3,11,254,0,58
2026-08-23 21:24:00+00:00,72,254,9,0,0,18,3,11,254,0,58
2026-08-23 22:24:00+00:00,73,254,10,0,0,18,3,11,254,0,58
2026-08-23 23:24:00+00:00,73,254,10,0,1,19,3,11,254,0,58
2026-08-24 00:24:00+00:00,73,254,11,0,1,19,3,11,254,0,58
2026-08-24 01:24:00+00:00,73,254,11,0,2,19,3,11,254,0,58
2026-08-24 02:24:00+00:00,73,254,11,1,3,19,3,11,254,0,58
2026-08-24 03:24:00+00:00,72,254,11,3,5,19,4,11,254,0,58
2026-08-24 04:24:00+00:00,72,254,10,4,6,19,4,12,254,0,58
2026-08-24 05:24:00+00:00,71,254,10,4,7,19,4,11,254,0,58
2026-08-24 06:24:00+00:00,70,254,10,5,8,19,4,12,254,0,58
2026-08-24 07:24:00+00:00,70,254,9,5,8,19,4,12,254,0,58
2026-08-24 08:24:00+00:00,69,254,7,5,9,18,5,12,254,0,103
2026-08-24 09:24:00+00:00,69,254,7,6,10,18,11,12,254,0,58
2026-08-24 10:24:00+00:00,68,254,8,6,10,18,14,12,254,0,58
2026-08-24 11:24:00+00:00,68,254,4,6,10,18,5,12,254,0,58
2026-08-24 12:24:00+00:00,67,254,3,6,10,18,5,12,254,0,58
2026-08-24 13:24:00+00:00,67,254,4,7,10,18,6,12,254,0,58
2026-08-24 14:24:00+00:00,67,254,3,7,10,18,6,12,254,0,58
2026-08-24 15:24:00+00:00,66,254,3,7,10,18,7,12,254,0,58
2026-08-24 16:24:00+00:00,66,254,3,7,10,18,7,12,254,0,58
2026-08-24 17:24:00+00:00,67,254,4,8,10,19,7,12,254,0,58
2026-08-24 18:24:00+00:00,67,254,3,10,11,19,8,12,254,0,58
2026-08-24 19:24:00+00:00,68,254,3,10,11,20,9,12,254,0,58
2026-08-24 20:24:00+00:00,69,254,4,11,12,20,10,13,254,0,58
2026-08-24 21:24:00+00:00,70,254,6,11,13,21,10,13,254,0,58
2026-08-24 22:24:00+00:00,71,254,8,11,13,21,11,13,254,0,58
2026-08-24 23:24:00+00:00,72,254,9,12,14,22,11,13,254,0,58
