Timestamp,Soil Temp,Air Temp,SM1,SM2,SM3,SM4,SM5,SM6,Switch,Rain,Batt
2021-01-13 17:42:00+00:00,254,254,254,254,254,254,254,254,254,0,59
2024-07-15 20:01:00+00:00,254,254,0,0,0,0,0,0,254,0,63
2024-07-15 20:24:00+00:00,74,254,0,1,0,0,0,0,254,0,63
2024-07-15 20:28:00+00:00,74,254,0,2,0,2,0,0,254,0,63
2024-07-15 21:31:00+00:00,77,254,11,20,8,12,0,14,254,63,63
2024-07-15 22:31:00+00:00,76,254,0,15,1,18,0,20,254,2,63
2024-07-15 23:31:00+00:00,76,254,0,16,1,21,0,20,254,0,63
2024-07-16 00:31:00+00:00,74,254,0,18,2,21,0,20,254,0,63
2024-07-16 01:31:00+00:00,74,254,0,19,5,21,0,19,254,0,63
2024-07-16 02:31:00+00:00,73,254,0,19,7,20,0,19,254,0,62
2024-07-16 03:32:00+00:00,72,254,0,19,9,20,3,19,254,0,63
2024-07-16 04:32:00+00:00,71,254,1,19,10,20,8,18,254,0,63
2024-07-16 05:32:00+00:00,70,254,2,19,11,20,10,18,254,0,63
2024-07-16 06:32:00+00:00,69,254,4,19,11,19,11,18,254,0,63
2024-07-16 07:32:00+00:00,69,254,6,19,11,20,12,18,254,0,63
2024-07-16 08:32:00+00:00,68,254,7,19,11,20,12,18,254,0,103
2024-07-16 09:32:00+00:00,67,254,8,19,12,19,12,18,254,0,63
2024-07-16 10:32:00+00:00,67,254,10,19,12,19,12,18,254,0,63
2024-07-16 11:32:00+00:00,66,254,10,19,12,19,12,18,254,0,63
2024-07-16 12:32:00+00:00,66,254,10,19,12,19,13,18,254,0,63
2024-07-16 13:32:00+00:00,65,254,10,19,12,19,13,18,254,0,63
2024-07-16 14:32:00+00:00,65,254,10,19,12,19,13,18,254,0,63
2024-07-16 15:32:00+00:00,65,254,10,19,13,19,13,18,254,0,63
2024-07-16 16:32:00+00:00,67,254,11,20,13,20,14,18,254,0,62
2024-07-16 17:32:00+00:00,68,254,11,20,14,20,14,19,254,0,62
2024-07-16 18:32:00+00:00,70,254,12,21,14,21,15,19,254,0,62
2024-07-16 19:32:00+00:00,73,254,13,21,15,21,16,19,254,0,62
2024-07-16 20:32:00+00:00,74,254,13,22,16,22,16,20,254,0,62
2024-07-16 21:32:00+00:00,76,254,14,22,16,22,17,20,254,0,62
2024-07-16 22:32:00+00:00,76,254,14,23,16,22,17,20,254,0,62
2024-07-16 23:32:00+00:00,76,254,15,23,17,22,18,21,254,0,62
2024-07-17 00:32:00+00:00,76,254,15,23,17,22,18,21,254,0,62
2024-07-17 01:32:00+00:00,76,254,15,23,17,22,18,21,254,0,62
2024-07-17 02:32:00+00:00,75,254,15,22,17,22,18,20,254,0,62
2024-07-17 03:32:00+00:00,74,254,15,22,17,22,18,20,254,0,62
2024-07-17 04:32:00+00:00,73,254,15,22,17,22,18,20,254,0,62
2024-07-17 05:32:00+00:00,71,254,14,22,17,21,18,20,254,0,62
2024-07-17 06:32:00+00:00,70,254,14,22,17,21,18,20,254,0,62
2024-07-17 07:32:00+00:00,69,254,14,21,16,21,17,19,254,0,63
2024-07-17 08:32:00+00:00,63,254,1,20,11,20,14,5,254,58,103
2024-07-17 09:32:00+00:00,63,254,0,16,6,20,9,17,254,0,63
2024-07-17 10:32:00+00:00,63,254,0,16,5,19,5,17,254,0,63
2024-07-17 11:32:00+00:00,63,254,0,17,6,18,5,16,254,0,63
2024-07-17 12:32:00+00:00,63,254,0,17,7,18,6,16,254,0,63
2024-07-17 13:32:00+00:00,62,254,0,17,8,18,7,16,254,0,63
2024-07-17 14:32:00+00:00,62,254,0,17,9,18,9,16,254,0,63
2024-07-17 15:32:00+00:00,63,254,0,18,10,18,10,17,254,0,63
2024-07-17 16:32:00+00:00,64,254,0,18,10,18,10,17,254,0,62
2024-07-17 17:32:00+00:00,65,254,0,19,11,19,11,17,254,0,62
2024-07-17 18:32:00+00:00,67,254,1,19,11,19,12,17,254,0,62
2024-07-17 19:32:00+00:00,69,254,3,20,12,19,13,18,254,0,62
2024-07-17 20:32:00+00:00,71,254,5,20,12,20,14,18,254,0,62
2024-07-17 21:32:00+00:00,71,254,7,21,13,20,14,16,254,4,62
2024-07-17 22:32:00+00:00,71,254,6,21,13,20,14,19,254,0,62
2024-07-17 23:32:00+00:00,71,254,6,21,12,20,15,19,254,0,62
2024-07-18 00:32:00+00:00,71,254,7,21,13,20,15,19,254,0,62
2024-07-18 01:32:00+00:00,71,254,7,21,13,20,15,19,254,0,62
2024-07-18 02:32:00+00:00,70,254,8,21,13,21,15,19,254,0,62
2024-07-18 03:32:00+00:00,70,254,8,21,13,21,15,19,254,0,62
2024-07-18 04:32:00+00:00,70,254,9,21,13,20,15,19,254,0,62
2024-07-18 05:32:00+00:00,69,254,9,21,13,20,15,19,254,0,62
2024-07-18 06:32:00+00:00,69,254,9,21,13,20,15,19,254,0,62
2024-07-18 07:32:00+00:00,68,254,10,21,13,20,15,19,254,0,62
2024-07-18 08:32:00+00:00,67,254,10,21,13,20,15,19,254,0,103
2024-07-18 09:32:00+00:00,67,254,10,21,13,20,15,19,254,0,62
2024-07-18 10:32:00+00:00,66,254,10,20,13,20,15,18,254,0,62
2024-07-18 11:32:00+00:00,66,254,10,20,13,20,15,18,254,0,62
2024-07-18 12:32:00+00:00,65,254,10,20,13,20,15,18,254,0,62
2024-07-18 13:32:00+00:00,65,254,10,20,13,20,15,18,254,0,62
2024-07-18 14:32:00+00:00,65,254,10,20,13,20,15,19,254,0,62
2024-07-18 15:33:00+00:00,65,254,10,21,13,20,15,19,254,0,62
2024-07-18 16:33:00+00:00,67,254,10,21,14,20,16,19,254,0,62
2024-07-18 17:33:00+00:00,68,254,11,21,14,21,16,19,254,0,62
2024-07-18 18:33:00+00:00,71,254,11,22,15,21,17,20,254,0,62
2024-07-18 19:33:00+00:00,73,254,12,22,15,22,17,20,254,0,62
2024-07-18 23:35:00+00:00,77,254,14,24,17,23,20,22,254,0,62
2024-07-19 00:35:00+00:00,76,254,14,24,17,23,20,21,254,0,62
2024-07-19 01:35:00+00:00,76,254,14,24,18,23,20,21,254,0,62
2024-07-19 02:35:00+00:00,75,254,14,23,17,22,20,21,254,0,62
2024-07-19 03:35:00+00:00,70,254,11,22,13,21,18,2,254,38,62
2024-07-19 04:35:00+00:00,71,254,0,17,8,21,13,15,254,0,62
2024-07-19 05:36:00+00:00,71,254,0,17,4,20,11,17,254,0,62
2024-07-19 06:36:00+00:00,70,254,0,18,4,20,10,17,254,0,62
2024-07-19 07:36:00+00:00,70,254,0,18,5,19,10,17,254,0,62
2024-07-19 08:36:00+00:00,69,254,0,18,6,19,10,17,254,0,103
2024-07-19 09:36:00+00:00,69,254,0,18,7,19,10,17,254,0,62
2024-07-19 10:36:00+00:00,68,254,0,19,8,19,11,17,254,0,62
2024-07-19 11:36:00+00:00,67,254,0,18,8,18,11,17,254,0,62
2024-07-19 12:36:00+00:00,67,254,0,19,10,18,11,17,254,0,62
2024-07-19 13:36:00+00:00,66,254,0,19,10,18,11,17,254,0,62
2024-07-19 14:36:00+00:00,66,254,0,19,10,18,11,17,254,0,62
2024-07-19 15:36:00+00:00,66,254,0,19,10,18,12,17,254,0,62
2024-07-19 16:36:00+00:00,67,254,1,19,11,19,12,17,254,0,62
2024-07-19 21:36:00+00:00,75,254,11,22,14,21,16,20,254,0,62
2024-07-19 22:36:00+00:00,76,254,12,22,15,21,17,20,254,0,62
2024-07-19 23:36:00+00:00,77,254,13,23,15,22,18,21,254,0,62
2024-07-20 00:36:00+00:00,76,254,14,23,15,22,18,20,254,0,62
2024-07-20 01:36:00+00:00,76,254,15,23,16,22,18,21,254,0,62
2024-07-20 02:36:00+00:00,76,254,15,23,16,22,18,21,254,0,62
2024-07-20 03:37:00+00:00,75,254,15,22,16,21,18,20,254,0,62
2024-07-20 04:37:00+00:00,74,254,14,22,16,21,18,20,254,0,62
2024-07-20 05:37:00+00:00,72,254,15,22,15,21,18,20,254,0,62
2024-07-20 06:37:00+00:00,72,254,16,22,16,21,18,20,254,0,62
2024-07-20 07:37:00+00:00,71,254,13,22,15,21,18,20,254,0,62
2024-07-20 08:37:00+00:00,70,254,13,22,15,21,18,20,254,0,103
2024-07-20 09:37:00+00:00,69,254,14,21,15,20,17,19,254,0,62
2024-07-20 10:37:00+00:00,68,254,14,21,15,20,17,20,254,0,62
2024-07-20 11:37:00+00:00,68,254,14,21,15,20,18,20,254,0,62
2024-07-20 12:37:00+00:00,67,254,14,21,15,20,17,19,254,0,62
2024-07-20 13:37:00+00:00,66,254,15,21,15,20,17,19,254,0,62
2024-07-20 14:37:00+00:00,66,254,15,21,15,20,17,19,254,0,62
2024-07-20 15:37:00+00:00,66,254,15,21,15,20,17,19,254,0,62
2024-07-20 16:37:00+00:00,68,254,14,22,16,21,18,20,254,0,62
2024-07-20 17:37:00+00:00,69,254,14,22,16,21,18,20,254,0,62
2024-07-20 18:37:00+00:00,71,254,15,22,17,21,19,21,254,0,62
2024-07-20 19:37:00+00:00,73,254,17,23,17,22,20,21,254,0,62
2024-07-20 23:37:00+00:00,76,254,18,24,19,23,22,22,254,0,62
2024-07-21 00:37:00+00:00,77,254,18,24,20,23,23,23,254,0,62
2024-07-21 01:37:00+00:00,76,254,18,24,20,23,23,22,254,0,62
2024-07-21 02:37:00+00:00,76,254,19,24,20,23,23,22,254,0,62
2024-07-21 03:37:00+00:00,75,254,18,24,20,22,23,22,254,0,62
2024-07-21 04:37:00+00:00,74,254,17,24,20,22,23,22,254,0,62
2024-07-21 05:37:00+00:00,73,254,18,23,19,22,22,22,254,0,62
2024-07-21 06:37:00+00:00,72,254,17,23,19,22,22,22,254,0,62
2024-07-21 07:37:00+00:00,71,254,17,23,19,22,22,21,254,0,62
2024-07-21 08:37:00+00:00,70,254,18,23,19,22,22,21,254,0,103
2024-07-21 09:37:00+00:00,69,254,18,23,19,21,22,21,254,0,62
2024-07-21 10:37:00+00:00,68,254,16,23,19,21,22,21,254,0,62
2024-07-21 11:37:00+00:00,67,254,16,22,19,21,22,21,254,0,62
2024-07-21 12:37:00+00:00,67,254,16,22,19,21,22,21,254,0,62
2024-07-21 13:37:00+00:00,66,254,16,22,19,21,21,20,254,0,62
2024-07-21 14:37:00+00:00,66,254,16,22,19,21,22,20,254,0,62
2024-07-21 15:37:00+00:00,66,254,16,22,19,21,22,21,254,0,62
2024-07-21 16:37:00+00:00,67,254,16,22,20,21,22,21,254,0,62
2024-07-21 17:37:00+00:00,68,254,17,23,20,22,23,21,254,0,62
2024-07-21 18:37:00+00:00,69,254,17,23,21,22,24,22,254,0,62
2024-07-21 19:37:00+00:00,71,254,18,24,21,22,25,22,254,0,62
2024-07-21 20:37:00+00:00,72,254,19,24,22,23,26,23,254,0,62
2024-07-21 21:37:00+00:00,73,254,19,24,23,23,26,23,254,0,62
2024-07-21 22:37:00+00:00,74,254,20,25,24,23,28,23,254,0,61
2024-07-21 23:37:00+00:00,75,254,20,25,24,24,29,23,254,0,62
2024-07-22 00:37:00+00:00,74,254,20,25,25,24,29,23,254,0,61
2024-07-22 01:37:00+00:00,75,254,21,25,26,24,30,23,254,0,62
2024-07-22 02:37:00+00:00,74,254,21,25,26,24,31,23,254,0,62
2024-07-22 03:37:00+00:00,74,254,21,25,26,24,31,23,254,0,62
2024-07-22 04:37:00+00:00,73,254,21,24,26,23,30,23,254,0,62
2024-07-22 11:37:00+00:00,69,254,6,21,13,22,28,21,254,0,62
2024-07-22 12:37:00+00:00,68,254,4,21,12,22,28,21,254,0,62
2024-07-22 13:37:00+00:00,68,254,10,21,13,22,27,21,254,0,62
2024-07-22 14:37:00+00:00,67,254,7,21,13,21,27,21,254,0,62
2024-07-22 15:37:00+00:00,67,254,2,21,13,21,27,21,254,0,62
2024-07-22 16:37:00+00:00,68,254,4,22,13,22,27,22,254,0,62
2024-07-22 17:37:00+00:00,69,254,2,22,13,22,28,22,254,0,62
2024-07-22 18:37:00+00:00,70,254,4,22,14,22,29,22,254,0,62
2024-07-22 19:37:00+00:00,71,254,6,23,13,22,29,22,254,0,62
2024-07-22 20:37:00+00:00,72,254,10,23,14,23,31,23,254,0,61
2024-07-22 21:37:00+00:00,73,254,11,23,15,23,32,23,254,0,61
2024-07-23 01:37:00+00:00,74,254,12,24,16,24,33,24,254,0,61
2024-07-23 02:37:00+00:00,74,254,13,24,17,24,33,24,254,0,61
2024-07-23 03:37:00+00:00,73,254,13,24,16,23,33,23,254,0,62
2024-07-23 04:37:00+00:00,73,254,13,24,16,23,32,23,254,0,61
2024-07-23 05:37:00+00:00,72,254,13,24,16,23,32,23,254,0,62
2024-07-23 06:37:00+00:00,71,254,13,23,16,23,31,23,254,0,62
2024-07-23 10:37:00+00:00,68,254,13,23,16,22,30,23,254,0,62
2024-07-23 11:37:00+00:00,68,254,13,23,16,22,30,23,254,0,62
2024-07-23 12:37:00+00:00,67,254,13,23,16,22,29,22,254,0,62
2024-07-23 13:37:00+00:00,66,254,13,22,16,22,29,22,254,0,62
2024-07-23 14:37:00+00:00,66,254,13,23,16,22,29,22,254,0,62
2024-07-23 15:37:00+00:00,66,254,13,23,16,22,29,22,254,0,62
2024-07-23 16:37:00+00:00,68,254,14,24,17,23,30,23,254,0,61
2024-07-23 17:37:00+00:00,69,254,14,24,17,23,31,23,254,0,61
2024-07-23 18:37:00+00:00,71,254,14,24,18,23,32,24,254,0,61
2024-07-23 19:37:00+00:00,72,254,15,25,19,24,34,24,254,0,61
2024-07-23 20:37:00+00:00,74,254,16,25,19,24,36,25,254,0,61
2024-07-23 23:37:00+00:00,76,254,17,26,21,25,39,26,254,0,61
2024-07-24 00:37:00+00:00,76,254,18,26,22,25,40,26,254,0,61
2024-07-24 01:37:00+00:00,76,254,18,26,22,25,40,26,254,0,61
2024-07-24 02:37:00+00:00,76,254,18,26,22,25,41,26,254,0,61
2024-07-24 03:37:00+00:00,75,254,18,26,22,25,40,25,254,0,61
2024-07-24 04:37:00+00:00,74,254,18,26,22,25,40,25,254,0,61
2024-07-24 05:37:00+00:00,73,254,17,25,21,24,39,25,254,0,62
2024-07-24 06:37:00+00:00,72,254,17,25,21,24,38,25,254,0,61
2024-07-24 07:37:00+00:00,71,254,17,25,21,24,37,24,254,0,62
2024-07-24 08:37:00+00:00,70,254,13,25,17,24,37,5,254,16,103
2024-07-24 09:38:00+00:00,69,254,0,15,14,23,36,20,254,0,62
2024-07-24 10:38:00+00:00,68,254,0,16,13,23,36,23,254,0,62
2024-07-24 11:38:00+00:00,67,254,0,17,12,22,34,22,254,0,62
2024-07-24 12:38:00+00:00,67,254,0,18,10,22,33,22,254,0,62
2024-07-24 13:38:00+00:00,66,254,0,18,12,21,31,22,254,0,62
2024-07-24 14:38:00+00:00,66,254,0,19,12,21,30,22,254,0,62
2024-07-24 15:38:00+00:00,67,254,0,19,12,22,30,22,254,0,62
2024-07-24 16:38:00+00:00,68,254,0,20,13,22,29,23,254,0,61
2024-07-24 17:38:00+00:00,69,254,0,21,13,22,28,23,254,0,61
2024-07-24 18:38:00+00:00,71,254,0,21,13,23,28,23,254,0,61
2024-07-24 19:38:00+00:00,72,254,2,22,14,23,29,24,254,0,61
2024-07-24 23:38:00+00:00,74,254,11,23,15,24,30,24,254,0,61
2024-07-25 00:38:00+00:00,73,254,11,23,15,23,29,24,254,0,61
2024-07-25 01:38:00+00:00,73,254,11,23,15,23,29,24,254,0,61
2024-07-25 02:38:00+00:00,73,254,11,23,15,24,29,24,254,0,61
2024-07-25 03:38:00+00:00,72,254,12,24,15,24,29,24,254,0,61
2024-07-25 04:38:00+00:00,72,254,12,24,15,24,29,24,254,0,61
2024-07-25 05:39:00+00:00,71,254,12,23,15,23,28,24,254,0,61
2024-07-25 06:39:00+00:00,70,254,12,23,15,23,28,24,254,2,61
2024-07-25 07:39:00+00:00,70,254,11,23,15,23,28,24,254,0,61
2024-07-25 08:39:00+00:00,69,254,10,23,14,23,27,23,254,0,103
2024-07-25 09:39:00+00:00,69,254,10,23,14,23,27,23,254,0,61
2024-07-25 10:39:00+00:00,69,254,10,23,14,23,26,23,254,0,61
2024-07-25 11:39:00+00:00,68,254,10,23,14,23,26,24,254,0,61
2024-07-25 12:39:00+00:00,68,254,10,23,14,23,25,24,254,0,61
2024-07-25 13:39:00+00:00,68,254,10,23,14,23,25,24,254,0,61
2024-07-25 14:39:00+00:00,68,254,10,23,14,23,25,24,254,0,61
2024-07-25 15:40:00+00:00,68,254,10,23,14,23,24,24,254,0,61
2024-07-25 16:40:00+00:00,69,254,11,23,15,23,24,24,254,0,61
2024-07-25 17:40:00+00:00,70,254,11,24,15,24,25,24,254,0,61
2024-07-25 18:40:00+00:00,71,254,12,24,16,24,25,24,254,0,61
2024-07-25 19:40:00+00:00,73,254,12,25,16,24,26,25,254,0,61
2024-07-25 23:40:00+00:00,73,254,14,25,16,24,27,15,254,16,61
2024-07-26 00:40:00+00:00,73,254,0,17,11,23,25,16,254,0,61
2024-07-26 01:40:00+00:00,73,254,0,16,11,22,21,22,254,0,61
2024-07-26 02:40:00+00:00,73,254,0,17,11,21,18,21,254,0,61
2024-07-26 03:40:00+00:00,72,254,0,18,8,20,16,21,254,0,61
2024-07-26 04:40:00+00:00,72,254,4,18,11,20,15,21,254,0,61
2024-07-26 05:40:00+00:00,71,254,0,19,11,20,15,21,254,0,61
2024-07-26 06:40:00+00:00,71,254,0,19,11,20,15,21,254,0,61
2024-07-26 07:40:00+00:00,70,254,0,20,10,20,15,21,254,0,61
2024-07-26 08:40:00+00:00,69,254,0,20,10,20,15,21,254,0,103
2024-07-26 09:40:00+00:00,68,254,0,20,10,20,15,21,254,0,61
2024-07-26 10:40:00+00:00,68,254,0,20,10,20,15,21,254,0,61
2024-07-26 11:40:00+00:00,67,254,0,20,11,20,15,21,254,0,61
2024-07-26 12:40:00+00:00,66,254,0,20,11,20,15,20,254,0,61
2024-07-26 13:40:00+00:00,65,254,1,20,11,20,15,20,254,0,61
2024-07-26 14:40:00+00:00,64,254,2,20,11,20,15,20,254,0,61
2024-07-26 15:40:00+00:00,64,254,3,20,11,20,15,20,254,0,61
2024-07-26 16:40:00+00:00,65,254,5,21,12,20,16,21,254,0,61
2024-07-26 17:40:00+00:00,66,254,7,21,12,21,16,21,254,0,61
2024-07-26 18:40:00+00:00,66,254,9,21,13,21,17,21,254,0,61
2024-07-26 19:40:00+00:00,67,254,10,22,13,21,18,22,254,0,61
2024-07-26 20:40:00+00:00,68,254,11,22,14,22,18,22,254,0,61
2024-07-26 21:40:00+00:00,69,254,11,23,14,22,19,22,254,0,61
2024-07-26 22:40:00+00:00,70,254,12,23,15,22,20,23,254,0,61
2024-07-26 23:40:00+00:00,70,254,12,23,15,23,20,23,254,0,61
2024-07-27 00:40:00+00:00,70,254,13,23,16,23,20,23,254,0,61
2024-07-27 01:40:00+00:00,70,254,13,23,16,23,20,23,254,0,61
2024-07-27 02:40:00+00:00,70,254,13,23,16,23,21,23,254,0,61
2024-07-27 03:42:00+00:00,69,254,13,23,16,22,20,23,254,0,61
2024-07-27 04:42:00+00:00,68,254,13,23,16,22,21,23,254,0,61
2024-07-27 05:42:00+00:00,67,254,13,23,16,22,20,23,254,0,61
2024-07-27 06:42:00+00:00,66,254,13,23,15,22,20,22,254,0,61
2024-07-27 07:42:00+00:00,65,254,13,23,15,22,20,22,254,0,61
2024-07-27 08:42:00+00:00,64,254,13,22,15,22,20,22,254,0,103
2024-07-27 09:42:00+00:00,64,254,13,22,15,22,20,22,254,0,61
2024-07-27 10:42:00+00:00,63,254,13,22,15,22,20,22,254,0,61
2024-07-27 11:42:00+00:00,63,254,13,22,16,22,20,22,254,0,61
2024-07-27 12:42:00+00:00,62,254,13,22,15,21,20,22,254,0,61
2024-07-27 13:42:00+00:00,62,254,13,22,16,22,20,22,254,0,61
2024-07-27 14:42:00+00:00,62,254,13,22,16,22,20,22,254,0,61
2024-07-27 15:42:00+00:00,62,254,0,16,10,19,1,10,254,16,61
2024-07-27 16:42:00+00:00,63,254,0,14,5,16,2,16,254,0,61
2024-07-27 17:42:00+00:00,64,254,0,15,5,16,2,16,254,0,61
2024-07-27 18:42:00+00:00,65,254,0,16,5,16,3,17,254,0,61
2024-07-27 19:42:00+00:00,66,254,0,17,7,17,3,18,254,0,61
2024-07-27 20:42:00+00:00,67,254,0,19,8,18,5,19,254,0,61
2024-07-27 21:42:00+00:00,68,254,0,20,10,18,10,19,254,0,61
2024-07-27 22:42:00+00:00,68,254,1,20,10,19,11,20,254,0,61
2024-07-27 23:42:00+00:00,69,254,2,21,11,19,12,20,254,0,61
2024-07-28 00:42:00+00:00,69,254,4,21,11,20,14,21,254,0,61
2024-07-28 01:42:00+00:00,69,254,5,22,11,20,15,21,254,0,61
2024-07-28 02:42:00+00:00,68,254,6,22,12,20,15,21,254,0,61
2024-07-28 03:42:00+00:00,68,254,8,22,12,21,16,21,254,0,61
2024-07-28 04:42:00+00:00,67,254,8,22,12,20,16,21,254,0,61
2024-07-28 05:42:00+00:00,67,254,10,22,12,21,16,21,254,0,61
2024-07-28 06:42:00+00:00,66,254,10,22,12,20,16,21,254,0,61
2024-07-28 07:42:00+00:00,65,254,10,22,12,21,16,21,254,0,61
2024-07-28 08:42:00+00:00,65,254,10,22,13,21,16,21,254,0,103
2024-07-28 09:42:00+00:00,64,254,10,22,12,20,16,21,254,0,61
2024-07-28 10:42:00+00:00,63,254,10,22,13,20,16,21,254,0,61
2024-07-28 11:42:00+00:00,62,254,10,21,13,20,16,21,254,0,61
2024-07-28 12:42:00+00:00,62,254,10,21,13,20,17,21,254,0,61
2024-07-28 13:42:00+00:00,61,254,10,22,13,20,17,21,254,0,61
2024-07-28 14:42:00+00:00,61,254,11,22,13,21,17,21,254,0,61
2024-07-28 15:42:00+00:00,61,254,11,22,13,21,17,21,254,0,61
2024-07-28 16:42:00+00:00,62,254,11,22,14,21,17,21,254,0,61
2024-07-28 17:42:00+00:00,63,254,12,22,14,21,18,22,254,0,61
2024-07-28 18:42:00+00:00,65,254,12,23,15,22,19,22,254,0,61
2024-07-28 19:42:00+00:00,66,254,13,23,15,22,19,22,254,0,61
2024-07-28 20:42:00+00:00,67,254,14,24,16,22,20,23,254,0,61
2024-07-28 21:42:00+00:00,69,254,15,24,17,23,21,23,254,0,61
2024-07-28 22:42:00+00:00,69,254,15,24,17,23,21,24,254,0,61
2024-07-28 23:42:00+00:00,69,254,16,25,18,23,22,24,254,0,61
2024-07-29 00:42:00+00:00,70,254,16,25,18,24,22,24,254,0,61
2024-07-29 01:42:00+00:00,70,254,16,25,18,24,23,24,254,0,61
2024-07-29 02:42:00+00:00,69,254,16,25,18,23,22,24,254,0,61
2024-07-29 03:42:00+00:00,69,254,16,25,18,23,22,24,254,0,61
2024-07-29 04:42:00+00:00,68,254,16,25,18,23,23,24,254,0,61
2024-07-29 05:42:00+00:00,67,254,16,24,18,23,22,23,254,0,61
2024-07-29 06:42:00+00:00,66,254,0,21,13,23,21,6,254,14,61
2024-07-29 07:43:00+00:00,65,254,0,15,10,21,14,17,254,0,61
2024-07-29 08:43:00+00:00,64,254,0,15,8,20,12,18,254,0,103
2024-07-29 09:43:00+00:00,63,254,0,16,7,19,11,18,254,0,61
2024-07-29 10:43:00+00:00,63,254,0,17,7,19,11,18,254,0,61
2024-07-29 11:44:00+00:00,62,254,0,18,8,18,11,18,254,0,61
2024-07-29 12:44:00+00:00,62,254,0,18,9,18,11,18,254,0,61
2024-07-29 13:45:00+00:00,61,254,0,19,9,19,11,18,254,0,61
2024-07-29 14:45:00+00:00,61,254,0,19,10,19,12,19,254,0,61
2024-07-29 15:45:00+00:00,61,254,1,19,10,19,12,19,254,0,61
2024-07-29 16:45:00+00:00,62,254,1,20,10,19,13,19,254,0,61
2024-07-29 17:45:00+00:00,64,254,2,21,11,20,14,20,254,0,61
2024-07-29 18:45:00+00:00,65,254,3,21,11,21,15,21,254,0,61
2024-07-29 19:45:00+00:00,66,254,5,22,12,21,15,21,254,0,61
2024-07-29 20:45:00+00:00,68,254,9,23,13,22,17,22,254,0,61
2024-07-29 21:45:00+00:00,69,254,11,23,13,22,18,22,254,0,61
2024-07-29 22:45:00+00:00,69,254,11,23,14,22,18,23,254,0,61
2024-07-29 23:45:00+00:00,70,254,12,24,15,23,19,23,254,0,61
2024-07-30 00:45:00+00:00,70,254,13,24,15,23,20,23,254,0,61
2024-07-30 01:45:00+00:00,70,254,13,24,16,23,20,23,254,0,61
2024-07-30 02:45:00+00:00,69,254,13,24,16,23,20,23,254,0,61
2024-07-30 03:46:00+00:00,69,254,13,24,16,23,20,23,254,0,61
2024-07-30 04:46:00+00:00,68,254,13,24,16,23,20,23,254,0,61
2024-07-30 05:47:00+00:00,67,254,13,24,15,23,20,23,254,0,61
2024-07-30 06:47:00+00:00,66,254,13,23,15,22,20,22,254,0,61
2024-07-30 07:47:00+00:00,65,254,13,23,15,22,20,23,254,0,61
2024-07-30 08:47:00+00:00,64,254,13,23,15,22,19,22,254,0,103
2024-07-30 09:47:00+00:00,64,254,13,23,15,22,20,22,254,0,61
2024-07-30 10:47:00+00:00,64,254,13,23,15,22,20,22,254,0,61
2024-07-30 11:47:00+00:00,63,254,13,23,16,22,20,22,254,0,61
2024-07-30 12:47:00+00:00,63,254,13,23,16,22,20,22,254,0,61
2024-07-30 13:48:00+00:00,63,254,13,23,16,22,20,22,254,0,61
2024-07-30 14:48:00+00:00,63,254,14,23,16,22,20,23,254,0,61
2024-07-30 15:48:00+00:00,63,254,14,23,16,23,20,23,254,0,61
2024-07-30 16:48:00+00:00,63,254,14,23,16,23,20,23,254,0,61
2024-07-30 17:48:00+00:00,63,254,14,24,16,23,20,23,254,0,61
2024-07-30 18:48:00+00:00,64,254,14,24,17,23,21,23,254,0,61
2024-07-30 19:48:00+00:00,65,254,15,24,17,23,21,23,254,0,61
2024-07-30 20:48:00+00:00,66,254,16,24,18,23,22,23,254,0,61
2024-07-30 21:48:00+00:00,68,254,16,25,17,24,23,3,254,19,61
2024-07-30 22:48:00+00:00,69,254,0,15,11,23,20,16,254,0,61
2024-07-30 23:48:00+00:00,69,254,0,15,10,21,16,21,254,0,61
2024-07-31 00:48:00+00:00,69,254,0,17,8,21,14,21,254,0,61
2024-07-31 01:48:00+00:00,69,254,0,18,9,20,13,20,254,0,61
2024-07-31 02:48:00+00:00,69,254,0,19,9,21,13,20,254,0,61
2024-07-31 03:48:00+00:00,68,254,0,20,10,21,13,21,254,0,61
2024-07-31 04:48:00+00:00,67,254,0,20,10,20,13,20,254,0,61
2024-07-31 05:49:00+00:00,67,254,0,20,10,21,14,20,254,0,61
2024-07-31 06:49:00+00:00,66,254,1,20,10,20,14,20,254,0,61
2024-07-31 07:49:00+00:00,65,254,1,20,10,21,14,20,254,0,61
2024-07-31 08:49:00+00:00,64,254,1,20,10,20,14,20,254,0,103
2024-07-31 09:49:00+00:00,64,254,1,21,10,21,14,20,254,0,61
2024-07-31 10:49:00+00:00,63,254,2,21,11,21,14,21,254,0,61
2024-07-31 11:49:00+00:00,62,254,2,21,11,20,14,20,254,0,61
2024-07-31 12:49:00+00:00,62,254,2,21,11,21,15,20,254,0,61
2024-07-31 13:49:00+00:00,61,254,3,21,11,21,15,21,254,0,61
2024-07-31 14:49:00+00:00,61,254,4,21,11,21,15,21,254,0,61
2024-07-31 15:49:00+00:00,62,254,5,21,11,21,15,21,254,0,61
2024-07-31 16:49:00+00:00,63,254,6,22,12,21,16,21,254,0,61
2024-07-31 17:49:00+00:00,64,254,8,22,12,22,17,22,254,0,61
2024-07-31 18:49:00+00:00,65,254,10,23,13,22,17,22,254,0,61
2024-07-31 19:49:00+00:00,67,254,11,24,14,23,18,23,254,0,61
2024-07-31 20:49:00+00:00,68,254,12,24,15,23,19,23,254,0,61
2024-07-31 21:49:00+00:00,69,254,13,24,15,23,20,24,254,0,61
2024-07-31 22:49:00+00:00,70,254,14,25,16,24,21,24,254,0,61
2024-07-31 23:49:00+00:00,70,254,14,25,17,24,22,24,254,0,61
2024-08-01 00:49:00+00:00,70,254,15,25,17,24,22,24,254,0,61
2024-08-01 01:49:00+00:00,70,254,15,25,17,24,23,24,254,0,61
2024-08-01 02:49:00+00:00,70,254,15,25,17,24,23,25,254,0,61
2024-08-01 03:49:00+00:00,69,254,15,25,17,24,22,24,254,0,61
2024-08-01 04:49:00+00:00,68,254,15,25,17,24,23,24,254,0,61
2024-08-01 05:49:00+00:00,68,254,15,25,17,24,23,24,254,0,61
2024-08-01 06:49:00+00:00,67,254,15,24,17,24,22,24,254,0,61
2024-08-01 07:49:00+00:00,66,254,15,24,17,23,22,23,254,0,61
2024-08-01 08:49:00+00:00,65,254,15,24,17,23,22,23,254,0,103
2024-08-01 09:49:00+00:00,65,254,15,24,17,23,22,23,254,0,61
2024-08-01 10:49:00+00:00,64,254,15,24,17,23,22,23,254,0,61
2024-08-01 11:49:00+00:00,63,254,15,24,17,23,22,23,254,0,61
2024-08-01 12:49:00+00:00,63,254,15,24,17,23,22,23,254,0,61
2024-08-01 13:49:00+00:00,62,254,1,18,10,22,20,12,254,15,61
2024-08-01 14:49:00+00:00,62,254,1,15,7,20,16,19,254,0,61
2024-08-01 15:49:00+00:00,62,254,1,17,6,19,13,19,254,0,61
2024-08-01 16:49:00+00:00,63,254,1,18,6,19,12,20,254,0,61
2024-08-01 17:49:00+00:00,65,254,1,19,7,19,12,20,254,0,61
2024-08-01 18:49:00+00:00,66,254,1,20,8,19,13,20,254,0,61
2024-08-01 19:49:00+00:00,67,254,1,21,10,20,14,21,254,0,61
2024-08-01 20:49:00+00:00,68,254,2,22,10,21,15,22,254,0,61
2024-08-01 23:49:00+00:00,71,254,9,24,12,22,18,23,254,0,61
2024-08-02 00:49:00+00:00,72,254,11,24,13,23,19,24,254,0,61
2024-08-02 01:49:00+00:00,72,254,11,25,13,23,20,24,254,0,61
2024-08-02 02:49:00+00:00,71,254,11,24,13,23,20,23,254,0,61
2024-08-02 03:49:00+00:00,71,254,12,24,14,23,20,24,254,0,61
2024-08-02 04:49:00+00:00,70,254,12,24,14,23,20,24,254,0,61
2024-08-02 05:50:00+00:00,69,254,12,24,14,23,20,23,254,0,61
2024-08-02 06:50:00+00:00,68,254,12,24,14,23,20,23,254,0,61
2024-08-02 07:50:00+00:00,68,254,12,24,14,23,20,23,254,0,61
2024-08-02 08:50:00+00:00,67,254,12,24,14,23,19,23,254,0,103
2024-08-02 09:50:00+00:00,66,254,12,23,14,23,19,23,254,0,61
2024-08-02 10:50:00+00:00,65,254,12,23,14,23,19,23,254,0,61
2024-08-02 11:50:00+00:00,65,254,12,23,14,23,19,23,254,0,61
2024-08-02 12:50:00+00:00,64,254,12,23,14,22,19,22,254,0,61
2024-08-02 13:50:00+00:00,63,254,12,23,14,22,19,22,254,0,61
2024-08-02 14:50:00+00:00,63,254,12,23,14,22,19,23,254,0,61
2024-08-02 15:50:00+00:00,64,254,12,23,14,23,19,23,254,0,61
2024-08-02 16:50:00+00:00,64,254,13,24,15,23,20,23,254,0,61
2024-08-02 21:50:00+00:00,71,254,18,26,19,25,24,25,254,0,61
2024-08-02 22:50:00+00:00,72,254,19,27,20,26,26,26,254,0,60
2024-08-02 23:50:00+00:00,73,254,19,27,20,26,26,26,254,0,61
2024-08-03 00:50:00+00:00,73,254,19,27,20,26,27,26,254,0,60
2024-08-03 01:50:00+00:00,73,254,20,27,21,26,27,26,254,0,61
2024-08-03 02:50:00+00:00,73,254,19,27,21,26,28,26,254,0,61
2024-08-03 03:50:00+00:00,72,254,19,27,21,26,28,26,254,0,61
2024-08-03 04:50:00+00:00,71,254,19,26,20,25,27,26,254,0,61
2024-08-03 05:50:00+00:00,70,254,19,26,20,25,27,26,254,0,61
2024-08-03 06:50:00+00:00,70,254,19,26,20,25,27,25,254,0,61
2024-08-03 09:50:00+00:00,67,254,19,25,20,25,26,25,254,0,61
2024-08-03 10:50:00+00:00,67,254,19,25,20,25,26,25,254,0,61
2024-08-03 11:50:00+00:00,66,254,19,25,20,24,26,24,254,0,61
2024-08-03 12:50:00+00:00,65,254,19,25,20,24,26,24,254,0,61
2024-08-03 13:50:00+00:00,65,254,19,25,20,24,26,24,254,0,61
2024-08-03 14:50:00+00:00,65,254,19,25,20,24,26,24,254,0,61
2024-08-03 15:50:00+00:00,65,254,19,25,20,24,26,24,254,0,61
2024-08-03 16:50:00+00:00,66,254,20,25,20,24,27,25,254,0,61
2024-08-03 17:50:00+00:00,67,254,20,26,21,25,28,25,254,0,61
2024-08-03 18:50:00+00:00,68,254,21,26,22,26,29,26,254,0,61
2024-08-03 19:50:00+00:00,70,254,22,27,23,26,30,26,254,0,61
2024-08-03 20:50:00+00:00,71,254,23,27,23,26,31,26,254,0,61
2024-08-03 21:50:00+00:00,72,254,24,28,24,27,33,27,254,0,61
2024-08-03 22:50:00+00:00,73,254,24,28,25,27,34,27,254,0,60
2024-08-03 23:50:00+00:00,73,254,25,28,25,27,35,27,254,0,61
2024-08-04 00:50:00+00:00,73,254,25,28,25,27,36,27,254,0,60
2024-08-04 01:50:00+00:00,73,254,25,28,25,27,36,27,254,0,61
2024-08-04 05:50:00+00:00,71,254,25,27,25,26,35,27,254,0,61
2024-08-04 06:50:00+00:00,71,254,25,27,25,26,35,27,254,0,61
2024-08-04 07:50:00+00:00,70,254,25,27,25,26,35,27,254,0,61
2024-08-04 08:50:00+00:00,70,254,25,27,25,27,35,27,254,0,103
2024-08-04 09:50:00+00:00,70,254,25,27,25,26,35,26,254,0,61
2024-08-04 10:50:00+00:00,69,254,25,26,25,26,34,26,254,0,61
2024-08-04 11:51:00+00:00,69,254,25,26,25,26,34,26,254,0,61
2024-08-04 12:51:00+00:00,69,254,25,26,25,26,34,26,254,0,61
2024-08-04 13:51:00+00:00,68,254,21,25,20,26,33,8,254,20,61
2024-08-04 14:51:00+00:00,68,254,10,19,14,25,32,20,254,0,61
2024-08-04 15:51:00+00:00,68,254,4,20,12,25,29,24,254,0,61
2024-08-04 16:51:00+00:00,69,254,3,21,11,25,26,23,254,0,61
2024-08-04 17:51:00+00:00,69,254,4,22,11,24,24,23,254,0,61
2024-08-04 18:51:00+00:00,70,254,5,23,12,25,23,24,254,0,61
2024-08-04 19:51:00+00:00,71,254,6,23,12,25,23,24,254,0,61
2024-08-04 20:51:00+00:00,72,254,7,24,13,26,23,25,254,0,60
2024-08-04 23:51:00+00:00,74,254,11,26,14,26,24,26,254,0,61
2024-08-05 00:51:00+00:00,74,254,12,26,15,27,25,26,254,0,60
2024-08-05 01:51:00+00:00,74,254,12,26,15,26,25,26,254,0,61
2024-08-05 02:51:00+00:00,73,254,12,26,15,26,24,25,254,0,60
2024-08-05 03:51:00+00:00,72,254,13,26,15,26,24,26,254,0,61
2024-08-05 04:51:00+00:00,71,254,13,25,15,26,24,25,254,0,61
2024-08-05 05:51:00+00:00,70,254,13,25,15,26,24,25,254,0,61
2024-08-05 06:51:00+00:00,69,254,13,25,15,25,23,25,254,0,61
2024-08-05 07:51:00+00:00,69,254,13,25,15,25,23,25,254,0,61
2024-08-05 08:51:00+00:00,68,254,13,25,15,25,23,25,254,0,103
2024-08-05 09:51:00+00:00,67,254,13,25,15,25,23,24,254,0,61
2024-08-05 10:51:00+00:00,66,254,13,24,15,25,23,24,254,0,61
2024-08-05 11:51:00+00:00,66,254,13,24,15,25,23,24,254,0,61
2024-08-05 12:51:00+00:00,65,254,13,24,15,25,23,24,254,0,61
2024-08-05 13:51:00+00:00,65,254,13,24,15,25,23,24,254,0,61
2024-08-05 14:51:00+00:00,65,254,13,24,15,25,23,24,254,0,61
2024-08-05 15:51:00+00:00,65,254,14,24,16,25,23,24,254,0,61
2024-08-05 16:51:00+00:00,66,254,14,25,16,25,23,24,254,0,61
2024-08-05 17:51:00+00:00,67,254,15,25,16,25,24,25,254,0,61
2024-08-05 18:51:00+00:00,68,254,16,26,17,26,25,25,254,0,60
2024-08-05 19:51:00+00:00,70,254,17,26,18,26,26,26,254,0,61
2024-08-05 20:51:00+00:00,70,254,18,26,19,27,27,26,254,0,60
2024-08-05 21:51:00+00:00,71,254,18,26,19,27,27,26,254,0,61
2024-08-05 22:51:00+00:00,71,254,18,27,19,27,28,26,254,0,60
2024-08-05 23:51:00+00:00,71,254,18,27,20,27,28,27,254,0,61
2024-08-06 00:51:00+00:00,71,254,19,27,20,27,29,27,254,0,60
2024-08-06 01:51:00+00:00,71,254,19,27,20,27,29,27,254,0,61
2024-08-06 02:51:00+00:00,71,254,19,26,20,27,29,27,254,0,60
2024-08-06 03:51:00+00:00,71,254,19,26,20,27,29,27,254,0,61
2024-08-06 04:51:00+00:00,70,254,19,26,20,27,29,13,254,20,60
2024-08-06 05:51:00+00:00,69,254,6,20,13,26,25,20,254,0,61
2024-08-06 06:51:00+00:00,68,254,5,19,11,26,22,24,254,0,60
2024-08-06 07:51:00+00:00,68,254,1,19,10,25,21,23,254,0,61
2024-08-06 08:51:00+00:00,67,254,1,20,10,24,19,23,254,0,103
2024-08-06 09:51:00+00:00,67,254,1,20,10,24,18,22,254,1,61
2024-08-06 10:51:00+00:00,66,254,1,20,10,23,17,22,254,0,61
2024-08-06 11:51:00+00:00,66,254,1,21,10,23,16,22,254,0,61
2024-08-06 12:51:00+00:00,65,254,1,21,10,23,16,22,254,0,61
2024-08-06 13:51:00+00:00,65,254,1,21,10,23,16,22,254,0,61
2024-08-06 14:51:00+00:00,65,254,1,21,10,23,16,22,254,0,61
2024-08-06 15:51:00+00:00,65,254,2,22,11,23,16,22,254,0,61
2024-08-06 16:51:00+00:00,66,254,3,22,11,24,17,23,254,0,60
2024-08-06 17:51:00+00:00,68,254,4,23,12,25,18,23,254,0,61
2024-08-06 18:51:00+00:00,69,254,6,23,12,25,19,24,254,0,60
2024-08-06 19:51:00+00:00,69,254,8,24,13,25,19,24,254,0,60
2024-08-06 20:51:00+00:00,70,254,10,24,13,25,20,24,254,0,60
2024-08-06 21:51:00+00:00,71,254,11,25,14,26,21,25,254,0,60
2024-08-06 22:51:00+00:00,72,254,13,25,15,26,22,25,254,0,60
2024-08-06 23:51:00+00:00,72,254,13,25,16,26,23,26,254,0,60
2024-08-07 00:51:00+00:00,73,254,14,25,16,26,23,26,254,0,60
2024-08-07 01:51:00+00:00,72,254,14,25,17,26,24,26,254,0,60
2024-08-07 02:51:00+00:00,72,254,15,25,17,26,24,26,254,0,60
2024-08-07 03:51:00+00:00,71,254,14,24,17,26,24,25,254,0,60
2024-08-07 04:51:00+00:00,70,254,15,24,17,26,24,25,254,0,60
2024-08-07 05:51:00+00:00,68,254,14,24,17,26,23,25,254,0,61
2024-08-07 06:51:00+00:00,67,254,14,24,16,25,23,24,254,0,61
2024-08-07 07:52:00+00:00,66,254,14,23,16,25,23,24,254,0,61
2024-08-07 08:52:00+00:00,66,254,14,23,16,25,23,24,254,0,103
2024-08-07 09:52:00+00:00,65,254,14,23,16,25,23,24,254,0,61
2024-08-07 10:52:00+00:00,65,254,15,23,16,25,23,24,254,0,61
2024-08-07 11:52:00+00:00,64,254,14,23,16,24,22,24,254,0,61
2024-08-07 12:52:00+00:00,64,254,15,23,16,25,23,24,254,0,61
2024-08-07 13:52:00+00:00,63,254,15,23,17,25,23,24,254,0,61
2024-08-07 14:52:00+00:00,63,254,15,23,17,25,23,24,254,0,60
2024-08-07 15:52:00+00:00,63,254,15,23,17,25,23,24,254,0,61
2024-08-07 16:52:00+00:00,64,254,15,23,17,25,23,24,254,0,60
2024-08-07 17:52:00+00:00,65,254,16,24,18,25,24,25,254,0,60
2024-08-07 18:52:00+00:00,66,254,17,24,18,25,25,25,254,0,60
2024-08-07 19:52:00+00:00,67,254,18,25,19,26,26,25,254,0,60
2024-08-07 20:52:00+00:00,70,254,12,21,15,27,27,12,254,26,60
2024-08-07 21:52:00+00:00,70,254,2,16,12,26,26,22,254,0,60
2024-08-07 22:52:00+00:00,70,254,1,18,11,26,25,25,254,0,60
2024-08-07 23:52:00+00:00,70,254,1,19,10,25,25,25,254,0,60
2024-08-08 00:52:00+00:00,70,254,2,20,11,25,25,25,254,0,60
2024-08-08 01:52:00+00:00,69,254,2,21,10,24,24,24,254,0,60
2024-08-08 02:52:00+00:00,69,254,2,21,11,24,24,24,254,0,60
2024-08-08 03:52:00+00:00,68,254,2,21,11,24,23,24,254,0,60
2024-08-08 04:52:00+00:00,67,254,2,21,11,24,22,23,254,0,60
2024-08-08 05:52:00+00:00,67,254,2,21,11,24,22,23,254,0,60
2024-08-08 06:52:00+00:00,66,254,2,21,11,24,22,23,254,0,60
2024-08-08 07:52:00+00:00,65,254,3,21,11,24,21,23,254,0,61
2024-08-08 08:52:00+00:00,65,254,3,22,11,24,21,23,254,0,103
2024-08-08 09:52:00+00:00,64,254,4,21,11,23,21,23,254,0,60
2024-08-08 10:52:00+00:00,63,254,5,22,11,23,21,23,254,0,60
2024-08-08 11:53:00+00:00,63,254,5,22,12,23,21,23,254,0,61
2024-08-08 12:53:00+00:00,63,254,6,22,12,24,21,23,254,0,60
2024-08-08 13:53:00+00:00,62,254,7,22,12,23,20,23,254,0,61
2024-08-08 14:53:00+00:00,62,254,8,22,12,23,20,23,254,0,60
2024-08-08 15:53:00+00:00,62,254,9,22,12,23,21,23,254,0,60
2024-08-08 16:53:00+00:00,63,254,10,22,13,24,21,23,254,0,60
2024-08-08 17:53:00+00:00,64,254,10,23,13,24,21,23,254,0,60
2024-08-08 18:53:00+00:00,65,254,12,23,14,25,22,24,254,0,60
2024-08-08 19:53:00+00:00,66,254,11,24,14,25,23,24,254,0,60
2024-08-08 20:53:00+00:00,67,254,12,24,15,25,24,25,254,0,60
2024-08-08 21:53:00+00:00,68,254,13,25,16,26,25,25,254,0,60
2024-08-08 22:53:00+00:00,69,254,14,25,16,26,25,25,254,0,60
2024-08-08 23:53:00+00:00,69,254,14,25,17,26,26,25,254,0,60
2024-08-09 00:53:00+00:00,69,254,15,25,17,26,26,26,254,0,60
2024-08-09 01:53:00+00:00,70,254,15,25,18,26,26,26,254,0,60
2024-08-09 02:53:00+00:00,69,254,15,25,17,26,26,26,254,0,60
2024-08-09 03:53:00+00:00,68,254,15,25,18,26,26,26,254,0,60
2024-08-09 04:53:00+00:00,67,254,15,25,17,25,25,25,254,0,60
2024-08-09 05:54:00+00:00,67,254,15,25,17,25,25,25,254,0,60
2024-08-09 06:54:00+00:00,66,254,15,24,17,25,25,25,254,0,60
2024-08-09 07:56:00+00:00,65,254,15,24,17,25,25,25,254,0,60
2024-08-09 08:56:00+00:00,64,254,15,24,17,25,24,24,254,0,103
2024-08-09 09:56:00+00:00,64,254,15,24,17,25,24,24,254,0,60
2024-08-09 10:56:00+00:00,63,254,15,24,17,25,24,24,254,0,60
2024-08-09 13:56:00+00:00,62,254,15,24,17,24,24,24,254,0,60
2024-08-09 14:56:00+00:00,62,254,15,24,17,24,24,24,254,0,60
2024-08-09 17:58:00+00:00,64,254,17,25,18,25,26,25,254,0,60
2024-08-09 18:58:00+00:00,65,254,17,25,19,26,27,25,254,0,60
2024-08-09 19:58:00+00:00,66,254,18,25,20,26,27,25,254,0,60
2024-08-09 20:58:00+00:00,68,254,19,26,21,27,29,26,254,0,60
2024-08-09 21:58:00+00:00,69,254,20,27,21,27,30,27,254,0,60
2024-08-09 22:58:00+00:00,70,254,21,27,22,27,31,27,254,0,60
2024-08-09 23:59:00+00:00,70,254,21,27,23,28,32,27,254,0,60
2024-08-10 00:59:00+00:00,70,254,22,27,23,28,33,27,254,0,60
2024-08-10 01:59:00+00:00,70,254,22,27,23,28,34,27,254,0,60
2024-08-10 02:59:00+00:00,70,254,22,27,24,28,34,27,254,0,60
2024-08-10 03:59:00+00:00,69,254,22,27,23,27,34,27,254,0,60
2024-08-10 04:59:00+00:00,68,254,22,27,23,27,33,27,254,0,60
2024-08-10 05:59:00+00:00,67,254,21,26,23,27,33,26,254,0,60
2024-08-10 06:59:00+00:00,67,254,21,26,23,27,32,26,254,0,60
2024-08-10 07:59:00+00:00,66,254,21,26,22,26,32,26,254,0,60
2024-08-10 08:59:00+00:00,66,254,21,26,22,26,32,26,254,0,103
2024-08-10 09:59:00+00:00,65,254,21,26,22,26,32,26,254,0,60
2024-08-10 10:59:00+00:00,64,254,21,25,22,26,31,25,254,0,60
2024-08-10 11:59:00+00:00,63,254,21,25,22,26,31,26,254,0,60
2024-08-10 12:59:00+00:00,63,254,21,25,22,26,31,26,254,0,60
2024-08-10 13:59:00+00:00,62,254,21,25,22,25,30,25,254,0,60
2024-08-10 14:59:00+00:00,62,254,21,25,22,25,30,25,254,0,60
2024-08-10 15:59:00+00:00,62,254,21,25,22,25,31,25,254,0,60
2024-08-10 16:59:00+00:00,63,254,22,26,23,26,32,26,254,0,60
2024-08-10 17:59:00+00:00,64,254,23,26,23,26,33,26,254,0,60
2024-08-10 18:59:00+00:00,66,254,24,26,25,27,34,26,254,0,60
2024-08-10 19:59:00+00:00,67,254,25,27,26,27,36,27,254,0,60
2024-08-10 20:59:00+00:00,68,254,26,28,27,28,38,28,254,0,60
2024-08-10 21:59:00+00:00,69,254,27,28,28,28,40,28,254,0,60
2024-08-10 22:59:00+00:00,69,254,27,28,29,28,41,28,254,0,60
2024-08-10 23:59:00+00:00,70,254,28,28,30,29,43,28,254,0,60
2024-08-11 00:59:00+00:00,70,254,29,28,31,28,44,29,254,0,60
2024-08-11 01:59:00+00:00,69,254,29,28,31,28,44,28,254,0,60
2024-08-11 02:59:00+00:00,69,254,29,28,31,28,44,28,254,0,60
2024-08-11 03:59:00+00:00,68,254,29,28,31,28,44,28,254,0,60
2024-08-11 04:59:00+00:00,67,254,28,27,30,27,43,27,254,0,60
2024-08-11 05:59:00+00:00,66,254,28,27,30,27,42,27,254,0,60
2024-08-11 06:59:00+00:00,66,254,28,27,30,27,42,27,254,0,60
2024-08-11 07:59:00+00:00,65,254,28,27,30,27,42,27,254,0,60
2024-08-11 08:59:00+00:00,64,254,28,26,29,26,41,26,254,0,103
2024-08-12 08:59:00+00:00,66,254,39,28,37,28,48,28,254,0,103
2024-08-12 09:59:00+00:00,65,254,39,28,37,28,48,28,254,0,60
2024-08-12 10:59:00+00:00,65,254,39,28,37,27,48,28,254,0,60
2024-08-12 11:59:00+00:00,65,254,39,28,37,27,47,28,254,0,60
2024-08-12 12:59:00+00:00,65,254,39,28,37,27,47,28,254,5,60
2024-08-12 13:59:00+00:00,65,254,16,25,12,27,46,14,254,18,60
2024-08-12 14:59:00+00:00,65,254,11,22,10,26,43,23,254,0,60
2024-08-12 15:59:00+00:00,65,254,10,22,10,26,39,25,254,0,60
2024-08-12 16:59:00+00:00,66,254,8,22,10,25,35,25,254,0,60
2024-08-12 17:59:00+00:00,66,254,8,23,10,25,32,25,254,1,60
2024-08-12 18:59:00+00:00,67,254,9,24,11,26,31,26,254,0,60
2024-08-12 19:59:00+00:00,68,254,10,25,11,27,30,26,254,0,60
2024-08-12 20:59:00+00:00,69,254,10,26,11,27,29,26,254,0,60
2024-08-12 21:59:00+00:00,70,254,11,27,12,27,29,27,254,0,60
2024-08-12 22:59:00+00:00,70,254,11,27,13,27,29,27,254,0,60
2024-08-12 23:59:00+00:00,71,254,12,27,13,27,29,27,254,0,60
2024-08-13 00:59:00+00:00,71,254,12,28,14,27,29,27,254,0,60
2024-08-13 01:59:00+00:00,71,254,12,28,14,27,29,27,254,0,60
2024-08-13 02:59:00+00:00,70,254,13,28,14,28,29,27,254,0,60
2024-08-13 03:59:00+00:00,69,254,13,27,14,27,29,27,254,0,60
2024-08-13 04:59:00+00:00,68,254,13,27,15,27,29,27,254,0,60
2024-08-13 05:59:00+00:00,68,254,13,27,15,27,29,27,254,0,60
2024-08-13 06:59:00+00:00,68,254,13,27,15,27,28,27,254,0,60
2024-08-13 07:59:00+00:00,67,254,13,27,15,27,28,26,254,0,60
2024-08-13 08:59:00+00:00,67,254,13,27,15,27,28,26,254,0,103
2024-08-13 09:59:00+00:00,67,254,13,27,15,27,28,26,254,0,60
2024-08-13 10:59:00+00:00,66,254,13,26,15,27,27,26,254,0,60
2024-08-13 11:59:00+00:00,66,254,14,26,15,27,27,26,254,0,60
2024-08-13 12:59:00+00:00,65,254,14,26,15,27,27,26,254,0,60
2024-08-13 13:59:00+00:00,65,254,14,26,15,26,27,26,254,0,60
2024-08-13 14:59:00+00:00,65,254,14,27,15,26,27,26,254,0,60
2024-08-13 15:52:00+00:00,65,254,14,27,16,27,28,26,254,0,60
2024-08-13 16:56:00+00:00,66,254,15,27,16,27,28,26,254,0,60
2024-08-13 17:56:00+00:00,67,254,15,28,17,27,28,27,254,0,60
2024-08-13 18:56:00+00:00,68,254,16,28,18,28,29,28,254,0,60
2024-08-13 19:56:00+00:00,70,254,17,29,19,28,30,28,254,0,60
2024-08-13 20:56:00+00:00,72,254,18,30,20,29,32,29,254,0,60
2024-08-13 21:56:00+00:00,73,254,19,30,21,29,32,29,254,0,60
2024-08-13 22:56:00+00:00,73,254,20,30,21,29,33,29,254,0,60
2024-08-13 23:56:00+00:00,72,254,20,30,22,29,34,29,254,0,60
2024-08-14 00:56:00+00:00,72,254,21,30,22,29,34,29,254,0,60
2024-08-14 01:56:00+00:00,71,254,21,29,22,29,34,29,254,0,60
2024-08-14 02:56:00+00:00,71,254,21,29,22,29,35,29,254,0,60
2024-08-14 03:56:00+00:00,70,254,21,29,22,29,35,29,254,0,60
2024-08-14 04:56:00+00:00,69,254,21,29,22,28,34,28,254,0,60
2024-08-14 05:56:00+00:00,68,254,21,28,22,28,34,28,254,15,60
2024-08-14 06:56:00+00:00,67,254,1,14,5,23,34,15,254,1,60
2024-08-14 07:56:00+00:00,66,254,1,14,3,19,32,23,254,0,60
2024-08-14 08:57:00+00:00,65,254,1,16,3,19,29,24,254,0,103
2024-08-14 09:57:00+00:00,64,254,1,18,4,19,26,23,254,0,60
2024-08-14 10:57:00+00:00,64,254,2,19,5,19,23,23,254,0,60
2024-08-14 11:57:00+00:00,63,254,2,20,6,20,21,23,254,0,60
2024-08-14 12:57:00+00:00,62,254,2,21,6,20,19,22,254,0,60
2024-08-14 13:57:00+00:00,62,254,2,21,7,20,19,22,254,0,60
2024-08-14 14:57:00+00:00,62,254,2,21,8,21,18,23,254,0,60
2024-08-14 15:57:00+00:00,62,254,2,22,9,21,18,23,254,0,60
2024-08-14 16:57:00+00:00,63,254,3,23,10,22,18,23,254,0,60
2024-08-14 17:57:00+00:00,64,254,3,23,10,22,19,23,254,0,60
2024-08-14 18:57:00+00:00,66,254,5,24,10,23,19,24,254,0,60
2024-08-14 19:57:00+00:00,68,254,7,25,11,24,21,25,254,0,60
2024-08-14 20:57:00+00:00,70,254,9,26,12,25,21,26,254,0,60
2024-08-14 21:57:00+00:00,71,254,10,26,13,25,22,26,254,0,60
2024-08-14 22:57:00+00:00,71,254,11,27,13,25,22,26,254,0,60
2024-08-14 23:57:00+00:00,71,254,12,27,14,26,23,27,254,0,60
2024-08-15 00:57:00+00:00,71,254,13,27,15,26,23,27,254,0,60
2024-08-15 01:57:00+00:00,71,254,13,27,15,26,23,27,254,0,60
2024-08-15 02:57:00+00:00,70,254,13,27,15,26,23,27,254,0,60
2024-08-15 03:57:00+00:00,69,254,13,26,15,26,23,26,254,0,60
2024-08-15 04:57:00+00:00,67,254,13,26,15,25,23,26,254,0,60
2024-08-15 05:57:00+00:00,66,254,13,26,15,25,23,25,254,0,60
2024-08-15 06:57:00+00:00,65,254,13,26,15,25,23,25,254,0,60
2024-08-15 07:57:00+00:00,64,254,13,25,15,25,22,25,254,0,60
2024-08-15 08:57:00+00:00,64,254,13,25,15,25,22,25,254,0,103
2024-08-15 09:57:00+00:00,63,254,14,25,15,25,23,25,254,0,60
2024-08-15 10:57:00+00:00,62,254,13,25,15,24,22,25,254,0,60
2024-08-15 11:57:00+00:00,62,254,14,25,15,24,22,25,254,0,60
2024-08-15 12:57:00+00:00,61,254,14,25,15,24,22,25,254,0,60
2024-08-15 13:57:00+00:00,61,254,14,25,15,24,23,25,254,0,60
2024-08-15 14:57:00+00:00,61,254,14,25,15,25,23,25,254,0,60
2024-08-15 15:57:00+00:00,61,254,14,25,16,25,23,25,254,0,60
2024-08-15 16:57:00+00:00,62,254,15,25,16,25,23,25,254,0,60
2024-08-15 17:57:00+00:00,63,254,15,26,16,25,24,26,254,0,60
2024-08-15 18:57:00+00:00,65,254,16,27,17,26,24,26,254,0,60
2024-08-15 19:57:00+00:00,67,254,17,27,18,26,25,27,254,0,60
2024-08-15 20:57:00+00:00,69,254,18,28,19,27,26,28,254,0,60
2024-08-15 21:57:00+00:00,70,254,19,29,20,27,27,28,254,0,60
2024-08-15 22:57:00+00:00,70,254,19,29,15,27,27,20,254,19,60
2024-08-15 23:57:00+00:00,71,254,2,19,1,22,24,14,254,0,60
2024-08-16 00:57:00+00:00,70,254,2,17,1,18,19,20,254,0,60
2024-08-16 01:57:00+00:00,70,254,2,18,1,18,16,20,254,0,60
2024-08-16 02:57:00+00:00,69,254,2,19,2,18,15,20,254,0,60
2024-08-16 03:57:00+00:00,68,254,2,20,1,19,15,21,254,0,60
2024-08-16 04:57:00+00:00,67,254,2,20,2,19,14,21,254,0,60
2024-08-16 05:57:00+00:00,66,254,2,20,2,19,14,21,254,0,60
2024-08-16 06:57:00+00:00,66,254,2,21,2,20,14,21,254,0,60
2024-08-16 07:57:00+00:00,65,254,2,21,3,20,15,21,254,0,60
2024-08-16 08:57:00+00:00,64,254,2,21,4,20,15,21,254,0,103
2024-08-16 09:57:00+00:00,63,254,2,21,5,20,15,21,254,0,60
2024-08-16 10:57:00+00:00,62,254,3,21,6,20,15,21,254,0,60
2024-08-16 11:57:00+00:00,62,254,3,22,8,21,15,22,254,0,60
2024-08-16 12:57:00+00:00,61,254,4,22,9,21,15,22,254,0,60
2024-08-16 13:57:00+00:00,60,254,4,22,9,21,15,22,254,0,60
2024-08-16 14:57:00+00:00,60,254,5,22,10,21,16,22,254,0,60
2024-08-16 15:57:00+00:00,61,254,6,23,10,22,16,22,254,0,60
2024-08-16 16:57:00+00:00,61,254,7,23,11,22,16,22,254,0,60
2024-08-16 17:57:00+00:00,63,254,9,24,11,22,17,23,254,0,60
2024-08-16 18:57:00+00:00,65,254,10,24,12,23,18,24,254,0,60
2024-08-16 19:57:00+00:00,67,254,11,25,13,24,19,24,254,0,60
2024-08-16 20:57:00+00:00,68,254,12,26,14,24,20,25,254,0,60
2024-08-16 21:57:00+00:00,69,254,12,26,15,25,20,25,254,0,60
2024-08-16 22:57:00+00:00,70,254,13,27,15,25,21,26,254,0,60
2024-08-16 23:57:00+00:00,70,254,14,27,16,25,21,26,254,0,60
2024-08-17 00:57:00+00:00,70,254,14,27,16,25,22,26,254,0,60
2024-08-17 01:57:00+00:00,70,254,15,27,17,25,22,26,254,0,60
2024-08-17 02:57:00+00:00,69,254,15,26,17,25,22,26,254,0,60
2024-08-17 03:57:00+00:00,68,254,15,26,17,25,22,26,254,0,60
2024-08-17 04:58:00+00:00,67,254,15,26,17,25,22,25,254,0,60
2024-08-17 05:58:00+00:00,66,254,14,25,16,24,22,25,254,0,60
2024-08-17 06:58:00+00:00,65,254,15,25,16,24,22,25,254,0,60
2024-08-17 07:58:00+00:00,64,254,14,25,16,24,21,25,254,0,60
2024-08-17 08:59:00+00:00,63,254,15,25,16,24,21,25,254,0,103
2024-08-17 09:59:00+00:00,62,254,14,25,16,24,21,24,254,0,60
2024-08-17 10:59:00+00:00,62,254,15,25,16,24,21,24,254,0,60
2024-08-17 11:59:00+00:00,61,254,15,25,16,24,21,24,254,0,60
2024-08-17 12:59:00+00:00,60,254,15,24,16,24,21,24,254,0,60
2024-08-17 13:59:00+00:00,60,254,15,24,16,24,21,24,254,0,60
2024-08-17 14:59:00+00:00,60,254,15,24,16,24,21,24,254,0,60
2024-08-17 15:59:00+00:00,60,254,15,24,12,24,13,11,254,17,60
2024-08-17 16:59:00+00:00,61,254,2,13,2,20,3,10,254,0,60
2024-08-17 17:59:00+00:00,63,254,2,14,2,17,2,14,254,0,60
2024-08-17 18:59:00+00:00,65,254,2,16,2,17,3,16,254,0,60
2024-08-17 19:59:00+00:00,67,254,3,18,2,18,7,18,254,0,60
2024-08-17 20:59:00+00:00,68,254,3,20,3,19,5,20,254,0,60
2024-08-17 21:59:00+00:00,69,254,3,21,3,20,8,21,254,0,60
2024-08-17 22:59:00+00:00,70,254,3,22,5,21,11,22,254,0,60
2024-08-17 23:59:00+00:00,70,254,4,23,7,22,12,22,254,0,60
2024-08-18 00:59:00+00:00,69,254,5,23,8,22,14,22,254,0,60
2024-08-18 01:59:00+00:00,69,254,6,23,10,22,15,23,254,0,60
2024-08-18 02:59:00+00:00,69,254,7,23,10,22,15,23,254,0,60
2024-08-18 03:59:00+00:00,68,254,7,24,11,23,16,23,254,0,60
2024-08-18 04:59:00+00:00,68,254,8,24,11,23,17,23,254,0,60
2024-08-18 05:59:00+00:00,67,254,10,23,11,23,17,23,254,0,60
2024-08-18 06:59:00+00:00,67,254,10,24,12,23,17,23,254,0,60
2024-08-18 07:59:00+00:00,67,254,10,24,12,23,17,23,254,0,60
2024-08-18 08:59:00+00:00,66,254,10,23,12,23,17,23,254,0,103
2024-08-18 09:59:00+00:00,66,254,10,23,12,23,17,23,254,0,60
2024-08-18 10:59:00+00:00,65,254,10,23,12,23,17,23,254,0,60
2024-08-18 11:59:00+00:00,64,254,10,23,12,23,17,23,254,0,60
2024-08-18 12:59:00+00:00,64,254,11,23,13,23,17,23,254,0,60
2024-08-18 13:59:00+00:00,63,254,11,23,13,23,18,23,254,0,60
2024-08-18 14:59:00+00:00,63,254,11,23,13,23,18,23,254,0,60
2024-08-18 15:59:00+00:00,63,254,11,24,13,23,18,23,254,0,60
2024-08-18 16:59:00+00:00,64,254,12,24,14,23,18,24,254,0,60
2024-08-18 17:59:00+00:00,65,254,12,24,14,24,19,24,254,0,60
2024-08-18 18:59:00+00:00,67,254,13,25,15,24,20,25,254,0,60
2024-08-18 19:59:00+00:00,69,254,14,26,16,25,21,25,254,0,60
2024-08-18 20:59:00+00:00,70,254,15,26,17,25,22,26,254,0,60
2024-08-19 00:59:00+00:00,72,254,18,27,20,26,24,27,254,0,60
2024-08-19 01:59:00+00:00,71,254,18,27,20,26,24,26,254,0,60
2024-08-19 02:59:00+00:00,71,254,18,27,20,26,24,26,254,0,60
2024-08-19 03:59:00+00:00,70,254,18,27,20,26,25,26,254,0,60
2024-08-19 04:59:00+00:00,70,254,18,27,20,26,25,26,254,0,60
2024-08-19 05:59:00+00:00,69,254,18,26,19,26,24,26,254,0,60
2024-08-19 08:59:00+00:00,67,254,18,25,19,25,24,26,254,0,103
2024-08-19 09:59:00+00:00,66,254,18,25,19,25,24,25,254,0,60
2024-08-19 10:59:00+00:00,66,254,18,25,19,25,24,25,254,0,60
2024-08-19 11:59:00+00:00,65,254,18,25,19,25,24,25,254,0,60
2024-08-19 12:59:00+00:00,65,254,18,25,19,25,24,25,254,0,60
2024-08-19 13:59:00+00:00,64,254,18,25,19,24,24,25,254,0,60
2024-08-19 14:59:00+00:00,64,254,18,25,19,24,24,25,254,0,60
2024-08-19 15:59:00+00:00,64,254,18,25,19,25,24,25,254,0,60
2024-08-19 16:59:00+00:00,65,254,19,25,20,25,24,25,254,0,60
2024-08-19 17:59:00+00:00,66,254,19,26,20,25,25,26,254,0,60
2024-08-19 18:59:00+00:00,68,254,20,27,21,26,26,27,254,0,60
2024-08-19 19:59:00+00:00,70,254,21,27,22,27,27,27,254,0,60
2024-08-19 20:59:00+00:00,71,254,22,28,23,27,28,27,254,0,60
2024-08-19 21:59:00+00:00,72,254,23,28,24,27,29,28,254,0,60
2024-08-19 22:59:00+00:00,73,254,24,28,25,27,30,28,254,0,60
2024-08-19 23:59:00+00:00,73,254,25,28,25,28,31,28,254,0,60
2024-08-20 00:59:00+00:00,73,254,25,28,26,28,32,28,254,0,60
2024-08-20 01:59:00+00:00,72,254,25,28,26,28,33,28,254,0,60
2024-08-20 02:59:00+00:00,71,254,25,28,26,27,33,28,254,0,60
2024-08-20 03:59:00+00:00,70,254,25,27,26,27,33,28,254,0,60
2024-08-20 04:59:00+00:00,69,254,25,27,25,27,33,27,254,0,60
2024-08-20 05:59:00+00:00,68,254,25,27,25,26,33,27,254,0,60
2024-08-20 06:59:00+00:00,67,254,24,26,25,26,32,27,254,0,60
2024-08-20 07:59:00+00:00,66,254,24,26,24,26,32,26,254,0,60
2024-08-20 08:59:00+00:00,65,254,24,26,24,26,32,26,254,0,103
2024-08-20 09:59:00+00:00,64,254,24,25,24,25,31,26,254,0,60
2024-08-20 10:59:00+00:00,63,254,24,26,24,25,31,26,254,0,60
2024-08-20 11:59:00+00:00,62,254,24,25,24,25,31,25,254,0,60
2024-08-20 12:59:00+00:00,62,254,24,25,24,25,31,25,254,0,60
2024-08-20 13:59:00+00:00,61,254,24,25,24,25,31,25,254,0,60
2024-08-20 14:59:00+00:00,61,254,25,25,24,25,31,26,254,0,60
2024-08-20 15:59:00+00:00,61,254,25,25,25,25,31,26,254,0,60
2024-08-20 16:59:00+00:00,62,254,13,23,13,25,32,19,254,11,60
2024-08-20 17:59:00+00:00,63,254,10,21,11,24,32,24,254,0,60
2024-08-20 18:59:00+00:00,66,254,6,21,11,24,33,26,254,0,60
2024-08-20 19:59:00+00:00,67,254,6,23,11,24,34,27,254,0,60
2024-08-20 21:00:00+00:00,69,254,7,24,11,24,35,28,254,0,60
2024-08-20 22:00:00+00:00,70,254,8,25,12,25,36,28,254,0,59
2024-08-20 23:00:00+00:00,70,254,10,25,12,25,37,28,254,0,60
2024-08-21 00:00:00+00:00,70,254,10,25,12,26,38,28,254,0,59
2024-08-21 01:01:00+00:00,70,254,10,26,13,26,38,28,254,0,60
2024-08-21 02:01:00+00:00,70,254,11,26,13,26,38,28,254,0,59
2024-08-21 03:01:00+00:00,69,254,10,25,13,25,37,28,254,0,60
2024-08-21 04:01:00+00:00,68,254,11,25,13,25,36,28,254,0,60
2024-08-21 05:01:00+00:00,67,254,11,25,13,25,35,27,254,0,60
2024-08-21 06:01:00+00:00,65,254,11,24,13,25,35,27,254,0,60
2024-08-21 07:01:00+00:00,65,254,11,24,13,25,34,27,254,0,60
2024-08-21 08:01:00+00:00,64,254,11,24,13,24,33,26,254,0,103
2024-08-21 09:02:00+00:00,63,254,11,24,13,24,33,26,254,0,60
2024-08-21 10:02:00+00:00,62,254,11,24,13,24,33,26,254,0,60
2024-08-22 13:02:00+00:00,58,254,18,24,19,24,37,26,254,0,60
2024-08-22 14:02:00+00:00,57,254,17,24,19,24,36,25,254,0,60
2024-08-22 15:02:00+00:00,57,254,18,24,19,24,36,25,254,0,60
2024-08-22 16:02:00+00:00,58,254,18,25,19,25,37,26,254,0,60
2024-08-22 17:02:00+00:00,59,254,19,25,20,25,38,26,254,0,60
2024-08-22 18:02:00+00:00,60,254,19,25,20,25,38,26,254,0,59
2024-08-22 19:02:00+00:00,62,254,20,26,21,26,40,27,254,0,59
2024-08-22 20:02:00+00:00,64,254,21,27,22,26,42,28,254,0,59
2024-08-22 21:02:00+00:00,66,254,22,27,23,27,44,28,254,0,59
2024-08-22 22:02:00+00:00,67,254,23,28,24,27,45,29,254,0,59
2024-08-22 23:02:00+00:00,68,254,25,29,26,28,47,30,254,0,59
2024-08-23 00:02:00+00:00,68,254,25,29,27,28,48,30,254,0,59
2024-08-23 01:02:00+00:00,68,254,26,29,27,28,49,30,254,0,59
2024-08-23 02:02:00+00:00,68,254,26,28,27,28,50,30,254,0,59
2024-08-23 03:02:00+00:00,67,254,26,28,27,28,50,29,254,0,59
2024-08-23 04:02:00+00:00,66,254,25,27,26,27,49,28,254,0,59
2024-08-23 05:02:00+00:00,65,254,26,27,26,27,49,28,254,0,60
2024-08-23 06:02:00+00:00,64,254,25,27,26,27,48,28,254,0,60
2024-08-23 07:02:00+00:00,63,254,25,27,26,27,48,28,254,0,60
2024-08-23 08:02:00+00:00,62,254,25,26,25,26,47,27,254,0,103
2024-08-23 09:02:00+00:00,61,254,25,26,26,26,47,27,254,0,60
2024-08-23 10:02:00+00:00,60,254,25,26,25,26,46,27,254,0,60
2024-08-23 11:02:00+00:00,59,254,25,26,25,26,46,27,254,0,60
2024-08-23 12:02:00+00:00,59,254,25,26,25,26,46,27,254,0,60
2024-08-23 13:02:00+00:00,58,254,25,25,25,25,45,27,254,0,60
2024-08-23 14:02:00+00:00,58,254,25,25,25,25,45,27,254,0,60
2024-08-23 15:02:00+00:00,58,254,26,26,25,25,45,27,254,0,60
2024-08-23 16:02:00+00:00,58,254,26,26,26,25,45,27,254,0,60
2024-08-23 17:02:00+00:00,59,254,27,26,27,26,46,27,254,0,60
2024-08-23 18:02:00+00:00,61,254,28,27,28,26,48,28,254,0,59
2024-08-23 19:02:00+00:00,63,254,29,28,29,27,50,28,254,0,59
2024-08-23 20:02:00+00:00,65,254,31,28,30,28,52,29,254,0,59
2024-08-23 21:02:00+00:00,66,254,32,29,31,28,52,29,254,0,59
2024-08-23 22:02:00+00:00,66,254,33,29,32,28,53,29,254,0,59
2024-08-23 23:02:00+00:00,66,254,34,29,33,28,54,30,254,0,59
2024-08-24 00:02:00+00:00,66,254,34,28,34,28,54,30,254,0,59
2024-08-24 01:02:00+00:00,65,254,35,28,34,28,55,30,254,0,59
2024-08-24 02:02:00+00:00,65,254,35,28,34,28,55,29,254,0,59
2024-08-24 03:02:00+00:00,64,254,35,28,34,27,54,29,254,0,59
2024-08-24 04:02:00+00:00,64,254,35,28,34,27,54,29,254,0,59
2024-08-24 05:02:00+00:00,63,254,35,28,34,27,54,29,254,0,60
2024-08-24 06:02:00+00:00,62,254,35,27,33,27,53,28,254,0,59
2024-08-24 07:02:00+00:00,62,254,35,27,33,27,53,28,254,0,60
2024-08-24 08:02:00+00:00,61,254,35,27,33,27,53,28,254,0,103
2024-08-24 09:02:00+00:00,61,254,14,27,20,27,52,18,254,11,60
2024-08-24 10:02:00+00:00,60,254,11,25,14,24,50,24,254,0,59
2024-08-24 11:02:00+00:00,59,254,10,24,12,23,49,26,254,0,60
2024-08-24 12:02:00+00:00,59,254,9,24,11,22,48,27,254,0,59
2024-08-24 13:03:00+00:00,58,254,8,23,11,22,46,27,254,0,60
2024-08-24 14:03:00+00:00,58,254,8,23,11,22,45,27,254,0,59
2024-08-24 15:03:00+00:00,58,254,9,23,11,22,44,27,254,0,60
2024-08-24 16:03:00+00:00,58,254,9,24,11,22,44,27,254,0,59
2024-08-24 17:03:00+00:00,58,254,9,24,11,23,43,27,254,0,59
2024-08-24 18:03:00+00:00,58,254,9,24,11,23,42,27,254,0,59
2024-08-24 19:03:00+00:00,59,254,10,24,12,24,42,27,254,0,59
2024-08-24 20:03:00+00:00,60,254,10,25,12,24,41,27,254,0,59
2024-08-24 21:03:00+00:00,61,254,10,25,12,25,42,28,254,0,59
2024-08-24 22:03:00+00:00,61,254,10,26,13,25,41,28,254,0,59
2024-08-24 23:03:00+00:00,62,254,10,26,13,25,40,28,254,0,59
2024-08-25 00:03:00+00:00,62,254,11,26,13,25,40,28,254,0,59
2024-08-25 01:03:00+00:00,62,254,11,26,13,25,40,28,254,0,59
2024-08-25 02:03:00+00:00,61,254,11,26,13,25,39,28,254,0,59
2024-08-25 03:03:00+00:00,61,254,11,26,14,26,39,28,254,0,59
2024-08-25 04:03:00+00:00,60,254,11,25,13,25,38,28,254,0,59
2024-08-25 05:03:00+00:00,59,254,11,25,14,25,38,27,254,0,59
2024-08-25 06:03:00+00:00,58,254,11,25,13,25,37,27,254,0,59
2024-08-25 07:03:00+00:00,57,254,11,25,13,25,36,27,254,0,59
2024-08-25 08:03:00+00:00,57,254,11,25,13,25,36,27,254,0,103
2024-08-25 09:03:00+00:00,57,254,11,25,14,25,36,27,254,0,59
2024-08-25 10:03:00+00:00,56,254,12,25,14,25,36,27,254,0,59
2024-08-25 11:03:00+00:00,56,254,12,25,14,25,36,27,254,0,59
2024-08-25 12:03:00+00:00,55,254,12,24,14,24,35,26,254,0,59
2024-08-25 13:03:00+00:00,55,254,12,24,14,24,35,26,254,0,59
2024-08-25 14:03:00+00:00,54,254,12,25,14,24,35,26,254,0,59
2024-08-25 15:03:00+00:00,54,254,12,25,14,25,34,26,254,0,59
2024-08-25 16:03:00+00:00,54,254,12,25,14,25,34,26,254,0,59
2024-08-25 17:03:00+00:00,55,254,12,25,14,25,34,27,254,0,59
2024-08-25 18:03:00+00:00,56,254,13,25,15,25,35,27,254,0,59
2024-08-25 19:03:00+00:00,58,254,13,26,15,26,35,28,254,0,59
2024-08-25 20:03:00+00:00,59,254,14,26,16,26,36,28,254,0,59
2024-08-25 21:03:00+00:00,61,254,15,27,17,27,37,29,254,0,59
2024-08-25 22:03:00+00:00,62,254,15,27,17,27,37,29,254,0,59
2024-08-25 23:03:00+00:00,62,254,16,27,18,27,37,29,254,0,59
2024-08-26 00:03:00+00:00,62,254,16,27,18,27,37,29,254,0,59
2024-08-26 01:03:00+00:00,62,254,16,27,18,27,37,29,254,0,59
2024-08-26 02:03:00+00:00,62,254,16,27,18,27,38,29,254,0,59
2024-08-26 03:03:00+00:00,61,254,17,27,19,27,38,29,254,0,59
2024-08-26 04:03:00+00:00,61,254,17,27,19,27,38,29,254,0,59
2024-08-26 05:03:00+00:00,60,254,16,27,18,27,37,28,254,0,59
2024-08-26 06:03:00+00:00,59,254,17,27,19,27,37,28,254,0,59
2024-08-26 07:03:00+00:00,58,254,16,26,18,26,36,28,254,0,59
2024-08-26 08:03:00+00:00,58,254,16,26,18,26,36,28,254,0,103
2024-08-26 09:03:00+00:00,57,254,16,26,18,26,36,28,254,0,59
2024-08-26 10:03:00+00:00,57,254,16,26,18,26,36,28,254,0,59
2024-08-26 11:05:00+00:00,56,254,17,26,18,26,36,28,254,0,59
2024-08-26 12:05:00+00:00,56,254,17,26,18,26,36,28,254,0,59
2024-08-26 13:05:00+00:00,55,254,16,25,18,26,35,27,254,0,59
2024-08-26 14:05:00+00:00,55,254,17,25,18,26,35,27,254,0,59
2024-08-26 15:05:00+00:00,55,254,17,26,19,26,35,27,254,0,59
2024-08-26 16:05:00+00:00,55,254,17,26,19,26,35,27,254,0,59
2024-08-26 17:05:00+00:00,56,254,18,26,19,26,36,28,254,0,59
2024-08-26 18:05:00+00:00,58,254,18,27,20,27,37,28,254,0,59
2024-08-26 19:05:00+00:00,60,254,19,28,21,27,38,29,254,0,59
2024-08-26 20:05:00+00:00,62,254,20,28,21,28,39,30,254,0,59
2024-08-26 21:05:00+00:00,63,254,21,29,22,28,40,30,254,0,59
2024-08-26 22:05:00+00:00,64,254,21,29,23,28,41,30,254,0,59
2024-08-26 23:05:00+00:00,64,254,22,29,23,29,42,30,254,0,59
2024-08-27 00:05:00+00:00,65,254,22,29,24,29,43,31,254,0,59
2024-08-27 01:05:00+00:00,64,254,22,29,24,29,43,30,254,0,59
2024-08-27 02:05:00+00:00,64,254,22,28,24,29,44,30,254,0,59
2024-08-27 03:05:00+00:00,63,254,22,28,24,28,44,30,254,0,59
2024-08-27 04:05:00+00:00,62,254,22,28,24,28,44,30,254,0,59
2024-08-27 05:05:00+00:00,61,254,22,28,24,28,44,30,254,0,59
2024-08-27 06:05:00+00:00,60,254,22,27,23,27,43,29,254,0,59
2024-08-27 07:05:00+00:00,59,254,22,27,24,27,43,29,254,0,59
2024-08-27 08:05:00+00:00,58,254,22,27,23,27,42,29,254,0,103
2024-08-27 09:05:00+00:00,58,254,22,27,23,27,42,29,254,0,59
2024-08-27 10:05:00+00:00,57,254,22,26,23,27,42,28,254,0,59
2024-08-27 11:05:00+00:00,56,254,22,26,23,27,42,28,254,0,59
2024-08-27 12:05:00+00:00,56,254,22,26,23,27,41,28,254,0,59
2024-08-27 13:05:00+00:00,55,254,22,26,23,26,41,28,254,0,59
2024-08-27 14:05:00+00:00,54,254,22,26,23,26,41,28,254,0,59
2024-08-27 15:05:00+00:00,54,254,22,26,23,26,41,28,254,0,59
2024-08-27 16:05:00+00:00,55,254,22,26,23,26,41,28,254,0,59
2024-08-27 17:05:00+00:00,56,254,23,27,24,27,42,28,254,0,59
2024-08-27 18:05:00+00:00,57,254,23,27,24,27,42,28,254,0,59
2024-08-27 19:05:00+00:00,60,254,25,28,26,28,44,30,254,0,59
2024-08-27 20:05:00+00:00,62,254,26,29,27,29,45,30,254,0,59
2024-08-27 21:05:00+00:00,63,254,27,29,28,29,47,31,254,0,59
2024-08-27 22:05:00+00:00,65,254,28,30,29,30,49,31,254,0,59
2024-08-27 23:05:00+00:00,65,254,29,30,30,30,50,32,254,0,59
2024-08-28 00:05:00+00:00,66,254,30,30,30,30,51,32,254,0,59
2024-08-28 01:05:00+00:00,66,254,30,30,31,30,52,32,254,0,59
2024-08-28 02:05:00+00:00,65,254,30,30,31,30,53,32,254,0,59
2024-08-28 03:05:00+00:00,65,254,30,30,31,30,54,32,254,0,59
2024-08-28 04:05:00+00:00,64,254,30,29,31,29,53,31,254,0,59
2024-08-28 05:05:00+00:00,63,254,30,29,31,29,53,31,254,0,59
2024-08-28 06:05:00+00:00,62,254,30,28,30,29,52,30,254,0,59
2024-08-28 07:07:00+00:00,61,254,30,28,30,29,52,30,254,0,59
2024-08-28 08:07:00+00:00,61,254,30,28,30,28,52,30,254,16,103
2024-08-28 09:08:00+00:00,60,254,18,28,4,27,51,20,254,1,59
2024-08-28 10:08:00+00:00,59,254,12,26,3,25,50,26,254,0,59
2024-08-28 11:08:00+00:00,58,254,10,25,3,23,48,28,254,0,59
2024-08-28 12:08:00+00:00,57,254,9,24,3,22,47,28,254,0,59
2024-08-28 13:08:00+00:00,56,254,9,24,3,22,46,28,254,0,59
2024-08-28 14:08:00+00:00,56,254,9,23,3,22,45,28,254,0,59
2024-08-28 15:08:00+00:00,55,254,9,23,4,22,44,27,254,0,59
2024-08-28 16:08:00+00:00,55,254,9,23,4,22,43,27,254,0,59
2024-08-28 17:08:00+00:00,55,254,9,24,5,23,43,27,254,0,59
2024-08-28 18:08:00+00:00,56,254,9,24,7,24,43,28,254,0,59
2024-08-28 19:08:00+00:00,58,254,10,25,9,24,43,28,254,0,59
2024-08-28 20:08:00+00:00,59,254,10,26,10,25,43,29,254,0,59
2024-08-28 21:08:00+00:00,60,254,10,26,10,26,43,29,254,0,59
2024-08-28 22:08:00+00:00,61,254,11,27,11,26,43,30,254,0,59
2024-08-28 23:08:00+00:00,61,254,11,27,11,26,43,30,254,0,59
2024-08-29 00:08:00+00:00,61,254,11,27,12,27,43,30,254,0,59
2024-08-29 01:08:00+00:00,61,254,12,27,12,27,42,30,254,0,59
2024-08-29 02:08:00+00:00,60,254,12,27,13,26,41,29,254,0,59
2024-08-29 03:08:00+00:00,60,254,12,27,13,27,41,29,254,0,59
2024-08-29 04:08:00+00:00,59,254,12,27,13,27,41,29,254,0,59
2024-08-29 05:08:00+00:00,58,254,12,26,14,26,40,29,254,0,59
2024-08-29 06:08:00+00:00,57,254,12,26,14,26,39,28,254,0,59
2024-08-29 07:08:00+00:00,56,254,12,26,14,26,39,28,254,0,59
2024-08-29 08:08:00+00:00,55,254,12,25,14,26,38,28,254,0,103
2024-08-29 09:08:00+00:00,54,254,12,25,14,26,38,28,254,0,59
2024-08-29 10:08:00+00:00,54,254,12,25,14,26,38,28,254,0,59
2024-08-29 11:08:00+00:00,53,254,12,25,14,25,37,27,254,0,59
2024-08-29 12:08:00+00:00,52,254,13,25,14,26,37,27,254,0,59
2024-08-29 13:08:00+00:00,52,254,13,25,14,26,37,27,254,0,59
2024-08-29 14:08:00+00:00,51,254,13,25,14,25,36,27,254,0,59
2024-08-29 15:08:00+00:00,51,254,13,25,15,25,36,27,254,0,59
2024-08-29 16:08:00+00:00,51,254,13,25,15,25,36,27,254,0,59
2024-08-29 17:08:00+00:00,52,254,13,25,15,26,36,27,254,0,59
2024-08-29 18:08:00+00:00,53,254,14,26,16,26,36,28,254,0,59
2024-08-29 19:08:00+00:00,55,254,14,26,16,27,36,28,254,0,59
2024-08-29 20:08:00+00:00,56,254,15,27,17,27,37,29,254,0,59
2024-08-29 21:08:00+00:00,58,254,16,27,17,28,37,29,254,0,59
2024-08-29 22:08:00+00:00,59,254,16,28,18,28,38,30,254,0,59
2024-08-29 23:08:00+00:00,60,254,17,28,18,28,38,30,254,0,59
2024-08-30 00:08:00+00:00,60,254,17,28,19,28,38,30,254,0,59
2024-08-30 01:08:00+00:00,60,254,17,28,19,28,38,30,254,0,59
2024-08-30 02:08:00+00:00,60,254,17,28,19,28,38,30,254,0,59
2024-08-30 03:08:00+00:00,59,254,17,28,19,28,38,30,254,0,59
2024-08-30 04:08:00+00:00,58,254,17,27,19,28,37,29,254,0,59
2024-08-30 05:08:00+00:00,57,254,17,27,18,28,36,29,254,0,59
2024-08-30 06:08:00+00:00,56,254,17,27,19,28,36,29,254,0,59
2024-08-30 07:08:00+00:00,55,254,17,26,18,27,36,28,254,0,59
2024-08-30 08:08:00+00:00,54,254,17,26,18,27,36,28,254,0,103
2024-08-30 09:08:00+00:00,53,254,17,26,18,27,35,28,254,0,59
2024-08-30 10:08:00+00:00,52,254,17,26,18,27,35,28,254,0,59
2024-08-30 11:08:00+00:00,51,254,17,26,18,26,35,28,254,0,59
2024-08-30 12:08:00+00:00,50,254,17,26,18,26,35,28,254,0,59
2024-08-30 13:08:00+00:00,50,254,17,26,18,26,35,28,254,0,59
2024-08-30 14:08:00+00:00,49,254,17,25,18,26,34,27,254,0,59
2024-08-30 15:08:00+00:00,49,254,17,25,18,26,35,27,254,0,59
2024-08-30 16:08:00+00:00,50,254,17,26,19,27,35,28,254,0,59
2024-08-30 17:08:00+00:00,51,254,18,26,19,27,35,28,254,0,59
2024-08-30 18:08:00+00:00,53,254,18,27,20,27,36,28,254,0,59
2024-08-30 19:08:00+00:00,55,254,19,27,20,28,37,29,254,0,59
2024-08-30 20:08:00+00:00,57,254,20,28,21,29,38,30,254,0,59
2024-08-30 21:08:00+00:00,59,254,21,29,22,30,39,31,254,0,59
2024-08-30 22:08:00+00:00,60,254,21,29,23,30,40,31,254,0,59
2024-08-30 23:08:00+00:00,61,254,22,30,24,30,41,32,254,0,59
2024-08-31 00:08:00+00:00,62,254,23,30,24,30,41,32,254,0,59
2024-08-31 01:08:00+00:00,62,254,23,30,24,30,41,32,254,0,59
2024-08-31 02:08:00+00:00,62,254,23,29,24,30,42,32,254,0,59
2024-08-31 03:08:00+00:00,61,254,23,29,24,30,42,31,254,0,59
2024-08-31 04:08:00+00:00,60,254,22,29,24,30,41,31,254,0,59
2024-08-31 05:08:00+00:00,59,254,22,29,24,30,41,31,254,0,59
2024-08-31 06:08:00+00:00,58,254,22,28,23,29,41,30,254,0,59
2024-08-31 07:09:00+00:00,57,254,22,28,23,29,40,30,254,0,59
2024-08-31 08:09:00+00:00,56,254,22,28,23,29,40,30,254,0,103
2024-08-31 09:09:00+00:00,55,254,22,27,23,28,39,29,254,0,59
2024-08-31 10:09:00+00:00,54,254,22,27,23,28,39,29,254,0,59
2024-08-31 11:09:00+00:00,54,254,22,27,23,28,39,29,254,0,59
2024-08-31 12:09:00+00:00,53,254,22,27,23,28,39,29,254,0,59
2024-08-31 13:09:00+00:00,52,254,22,27,23,28,39,29,254,0,59
2024-08-31 14:09:00+00:00,52,254,22,27,23,28,39,29,254,0,59
2024-08-31 15:09:00+00:00,52,254,22,27,23,28,39,29,254,0,59
2024-08-31 16:09:00+00:00,52,254,23,27,23,28,39,29,254,0,59
2024-08-31 17:09:00+00:00,53,254,23,27,23,28,39,29,254,0,59
2024-08-31 18:09:00+00:00,55,254,24,28,24,29,40,30,254,0,59
2024-08-31 19:09:00+00:00,57,254,25,29,25,29,41,30,254,0,59
2024-08-31 20:09:00+00:00,59,254,26,30,26,30,43,31,254,0,59
2024-08-31 21:09:00+00:00,61,254,27,30,28,31,44,32,254,0,59
2024-08-31 22:09:00+00:00,63,254,15,31,17,9,45,19,254,23,59
2024-08-31 23:09:00+00:00,64,254,10,30,13,8,46,26,254,0,59
2024-09-01 00:09:00+00:00,64,254,8,30,11,10,46,30,254,0,59
2024-09-01 01:09:00+00:00,64,254,7,29,12,8,46,31,254,0,59
2024-09-01 02:09:00+00:00,64,254,7,29,9,8,46,32,254,0,59
2024-09-01 03:09:00+00:00,63,254,7,28,9,9,45,32,254,0,59
2024-09-01 04:09:00+00:00,62,254,7,27,10,9,44,31,254,0,59
2024-09-01 05:09:00+00:00,61,254,7,27,12,9,44,31,254,0,59
2024-09-01 06:09:00+00:00,60,254,8,27,12,14,43,30,254,0,59
2024-09-01 07:09:00+00:00,59,254,8,27,11,18,42,30,254,0,59
2024-09-01 08:09:00+00:00,58,254,8,26,11,21,41,30,254,0,103
2024-09-01 09:09:00+00:00,58,254,9,26,11,24,41,30,254,0,59
2024-09-01 10:09:00+00:00,57,254,9,26,11,26,40,29,254,0,59
2024-09-01 11:09:00+00:00,56,254,9,26,11,27,39,29,254,0,59
2024-09-01 12:09:00+00:00,55,254,9,25,10,27,39,28,254,0,59
2024-09-01 13:09:00+00:00,55,254,9,25,10,28,38,29,254,0,59
2024-09-01 14:09:00+00:00,54,254,9,25,11,28,38,28,254,0,59
2024-09-01 17:09:00+00:00,56,254,10,26,11,30,38,29,254,0,59
2024-09-01 18:09:00+00:00,57,254,10,26,12,30,38,29,254,0,59
2024-09-01 19:09:00+00:00,59,254,11,28,12,32,39,30,254,0,59
2024-09-01 20:09:00+00:00,61,254,11,28,13,32,40,31,254,0,59
2024-09-01 21:09:00+00:00,63,254,12,29,14,33,41,31,254,0,59
2024-09-01 22:09:00+00:00,64,254,13,29,15,33,41,32,254,0,59
2024-09-01 23:09:00+00:00,65,254,14,30,15,34,42,32,254,0,59
2024-09-02 00:09:00+00:00,66,254,14,30,16,34,42,32,254,0,59
2024-09-02 01:09:00+00:00,66,254,15,30,16,35,42,32,254,0,59
2024-09-02 02:09:00+00:00,66,254,15,29,16,34,42,32,254,0,59
2024-09-02 03:09:00+00:00,65,254,15,29,17,35,42,32,254,0,59
2024-09-02 04:09:00+00:00,65,254,15,29,17,35,42,32,254,0,59
2024-09-02 05:09:00+00:00,64,254,15,29,17,34,41,31,254,0,59
2024-09-02 06:09:00+00:00,64,254,15,29,17,34,41,31,254,0,59
2024-09-02 07:09:00+00:00,63,254,16,29,17,34,40,31,254,0,59
2024-09-02 08:09:00+00:00,63,254,16,29,17,34,40,31,254,0,103
2024-09-02 09:09:00+00:00,62,254,16,28,17,33,39,30,254,0,59
2024-09-02 10:09:00+00:00,61,254,16,28,17,33,39,30,254,0,59
2024-09-02 11:09:00+00:00,61,254,16,28,17,33,39,30,254,0,59
2024-09-02 12:09:00+00:00,60,254,16,28,17,33,38,30,254,0,59
2024-09-02 13:09:00+00:00,59,254,16,28,17,33,38,30,254,0,59
2024-09-02 14:09:00+00:00,59,254,16,28,17,33,38,30,254,0,59
2024-09-02 15:09:00+00:00,59,254,16,28,17,33,38,30,254,0,59
2024-09-02 16:09:00+00:00,59,254,16,28,17,33,38,30,254,0,59
2024-09-02 17:09:00+00:00,60,254,16,28,17,33,38,30,254,0,59
2024-09-02 18:09:00+00:00,61,254,17,29,18,34,38,30,254,0,59
2024-09-02 19:09:00+00:00,62,254,18,29,18,34,39,31,254,0,59
2024-09-02 20:09:00+00:00,64,254,18,29,19,34,40,31,254,0,59
2024-09-02 21:09:00+00:00,65,254,19,30,20,35,41,32,254,0,59
2024-09-02 22:09:00+00:00,66,254,20,30,20,35,41,32,254,0,59
2024-09-02 23:09:00+00:00,66,254,20,30,21,35,42,32,254,0,59
2024-09-03 00:09:00+00:00,67,254,21,30,21,35,43,32,254,0,59
2024-09-03 01:09:00+00:00,67,254,21,30,22,36,43,32,254,0,59
2024-09-03 02:09:00+00:00,66,254,21,30,22,35,43,32,254,0,59
2024-09-03 03:09:00+00:00,66,254,21,30,22,35,43,32,254,0,59
2024-09-03 04:09:00+00:00,65,254,21,30,22,35,43,32,254,0,59
2024-09-03 05:09:00+00:00,65,254,21,30,22,35,43,32,254,0,59
2024-09-03 06:09:00+00:00,64,254,21,29,21,34,42,31,254,0,59
2024-09-03 07:09:00+00:00,64,254,21,29,21,34,42,31,254,0,59
2024-09-03 08:09:00+00:00,63,254,21,29,21,34,42,31,254,0,103
2024-09-03 11:09:00+00:00,62,254,21,28,21,34,41,30,254,0,59
2024-09-03 12:09:00+00:00,61,254,21,28,21,34,40,30,254,0,59
2024-09-03 13:09:00+00:00,61,254,21,28,21,34,40,30,254,0,59
2024-09-03 14:09:00+00:00,60,254,21,28,21,33,40,30,254,0,59
2024-09-03 15:09:00+00:00,60,254,21,28,21,33,40,30,254,0,59
2024-09-03 16:09:00+00:00,60,254,21,28,21,33,40,30,254,0,59
2024-09-03 17:10:00+00:00,60,254,22,28,22,33,40,30,254,0,59
2024-09-03 18:10:00+00:00,61,254,23,29,23,34,41,31,254,0,59
2024-09-03 19:11:00+00:00,63,254,24,30,24,35,42,31,254,0,59
2024-09-03 20:11:00+00:00,64,254,24,30,24,35,43,31,254,0,59
2024-09-03 21:11:00+00:00,66,254,25,30,26,35,44,32,254,0,59
2024-09-03 22:11:00+00:00,66,254,26,30,26,35,45,32,254,0,59
2024-09-03 23:11:00+00:00,66,254,27,30,27,35,46,32,254,0,59
2024-09-04 00:11:00+00:00,66,254,27,30,28,36,47,32,254,0,59
2024-09-04 01:11:00+00:00,65,254,28,30,28,35,48,32,254,0,59
2024-09-04 02:11:00+00:00,65,254,28,30,28,35,48,32,254,0,59
2024-09-04 03:11:00+00:00,64,254,27,29,28,35,48,31,254,0,59
2024-09-04 04:11:00+00:00,63,254,28,29,28,35,48,31,254,0,59
2024-09-04 05:11:00+00:00,62,254,27,29,18,34,47,22,254,14,59
2024-09-04 06:11:00+00:00,61,254,16,27,4,34,47,24,254,0,59
2024-09-04 07:11:00+00:00,60,254,12,25,3,32,46,28,254,0,59
2024-09-04 08:11:00+00:00,60,254,10,24,8,31,46,29,254,0,103
2024-09-04 09:11:00+00:00,59,254,10,24,6,31,45,29,254,0,59
2024-09-04 10:11:00+00:00,59,254,9,24,3,30,44,29,254,0,59
2024-09-04 11:13:00+00:00,58,254,9,24,4,30,43,29,254,0,59
2024-09-04 12:13:00+00:00,58,254,9,24,4,30,43,29,254,0,59
2024-09-04 13:13:00+00:00,57,254,9,24,4,29,42,29,254,0,59
2024-09-04 14:13:00+00:00,57,254,9,24,5,29,41,28,254,0,59
2024-09-04 15:13:00+00:00,57,254,9,24,10,29,41,29,254,0,59
2024-09-04 16:13:00+00:00,57,254,9,24,7,29,41,28,254,0,59
2024-09-04 17:13:00+00:00,58,254,9,25,9,29,41,29,254,0,59
2024-09-04 18:13:00+00:00,59,254,10,26,9,30,41,29,254,0,59
2024-09-04 19:13:00+00:00,61,254,10,26,10,31,42,30,254,0,59
2024-09-04 20:13:00+00:00,62,254,10,27,10,31,41,30,254,0,59
2024-09-04 21:13:00+00:00,64,254,11,27,12,32,42,31,254,0,59
2024-09-04 22:13:00+00:00,65,254,11,28,12,33,42,31,254,0,59
2024-09-04 23:13:00+00:00,65,254,12,28,12,33,42,31,254,0,59
2024-09-05 00:13:00+00:00,65,254,12,28,13,33,42,31,254,0,59
2024-09-05 01:13:00+00:00,65,254,12,28,13,33,42,31,254,0,59
2024-09-05 02:13:00+00:00,65,254,12,28,13,33,42,31,254,0,59
2024-09-05 03:13:00+00:00,64,254,12,28,13,33,41,31,254,0,59
2024-09-05 04:13:00+00:00,63,254,12,28,13,33,41,30,254,0,59
2024-09-05 05:13:00+00:00,62,254,12,27,13,32,40,30,254,0,59
2024-09-05 06:13:00+00:00,61,254,12,27,14,32,39,30,254,0,59
2024-09-05 07:13:00+00:00,60,254,12,27,14,32,38,29,254,0,59
2024-09-05 08:13:00+00:00,59,254,12,27,14,32,38,29,254,0,103
2024-09-05 09:13:00+00:00,59,254,13,27,14,32,38,29,254,0,59
2024-09-05 10:13:00+00:00,58,254,12,26,14,32,38,29,254,0,59
2024-09-05 11:13:00+00:00,57,254,12,26,14,29,37,28,254,4,59
2024-09-05 12:13:00+00:00,57,254,3,12,2,9,2,19,254,7,59
2024-09-05 13:13:00+00:00,56,254,3,9,2,10,3,24,254,0,59
2024-09-05 14:13:00+00:00,55,254,3,11,2,9,3,25,254,0,59
2024-09-05 15:13:00+00:00,55,254,3,14,2,11,4,25,254,0,59
2024-09-05 16:13:00+00:00,56,254,3,17,3,14,5,26,254,0,59
2024-09-05 17:13:00+00:00,57,254,3,18,3,15,7,25,254,0,59
2024-09-05 21:13:00+00:00,63,254,4,23,6,22,13,28,254,0,59
2024-09-05 22:13:00+00:00,64,254,5,24,8,24,14,28,254,0,59
2024-09-05 23:15:00+00:00,65,254,6,25,10,25,16,28,254,0,59
2024-09-06 00:15:00+00:00,65,254,7,25,10,26,17,28,254,0,59
2024-09-06 01:15:00+00:00,65,254,8,25,11,27,18,28,254,0,59
2024-09-06 02:15:00+00:00,65,254,9,25,11,28,19,28,254,0,59
2024-09-06 03:15:00+00:00,64,254,9,25,11,28,19,28,254,0,59
2024-09-06 04:15:00+00:00,63,254,10,25,12,28,19,28,254,0,59
2024-09-06 05:15:00+00:00,62,254,10,25,12,28,19,27,254,0,59
2024-09-06 06:15:00+00:00,62,254,10,25,12,29,19,27,254,0,59
2024-09-06 07:15:00+00:00,61,254,10,25,12,29,19,27,254,0,59
2024-09-06 08:15:00+00:00,60,254,10,25,12,29,19,27,254,0,103
2024-09-06 09:15:00+00:00,59,254,10,25,12,29,19,27,254,0,59
2024-09-06 10:15:00+00:00,59,254,10,25,12,29,20,27,254,0,59
2024-09-06 11:15:00+00:00,58,254,10,24,12,28,19,26,254,0,59
2024-09-06 12:15:00+00:00,57,254,10,24,12,28,19,26,254,0,59
2024-09-06 13:15:00+00:00,57,254,11,24,13,29,19,26,254,0,59
2024-09-06 14:15:00+00:00,56,254,11,24,13,28,20,26,254,0,59
2024-09-06 15:15:00+00:00,56,254,11,24,13,28,20,26,254,0,59
2024-09-06 16:15:00+00:00,56,254,11,24,13,28,20,26,254,0,59
2024-09-06 17:15:00+00:00,57,254,11,24,13,28,20,26,254,0,59
2024-09-06 18:15:00+00:00,59,254,12,26,14,29,21,27,254,0,59
2024-09-06 19:15:00+00:00,61,254,13,26,15,30,22,28,254,0,59
2024-09-06 20:15:00+00:00,62,254,14,27,16,30,22,28,254,0,59
2024-09-06 21:15:00+00:00,64,254,15,27,17,30,23,29,254,0,59
2024-09-06 22:15:00+00:00,65,254,16,28,18,31,24,30,254,0,59
2024-09-06 23:15:00+00:00,66,254,16,28,18,31,25,30,254,0,59
2024-09-07 00:15:00+00:00,66,254,17,28,19,31,25,30,254,0,59
2024-09-07 01:15:00+00:00,66,254,17,28,19,31,25,30,254,0,59
2024-09-07 02:15:00+00:00,66,254,17,28,19,31,25,30,254,0,59
2024-09-07 03:15:00+00:00,65,254,17,28,19,32,25,30,254,0,59
2024-09-07 04:15:00+00:00,64,254,17,27,19,32,25,29,254,0,59
2024-09-07 05:15:00+00:00,63,254,17,27,19,31,25,29,254,0,59
2024-09-07 06:15:00+00:00,62,254,17,27,19,31,25,29,254,0,59
2024-09-07 07:15:00+00:00,61,254,17,27,19,31,25,28,254,0,59
2024-09-07 08:15:00+00:00,60,254,17,26,18,30,24,28,254,0,103
2024-09-07 09:15:00+00:00,60,254,17,26,18,31,24,28,254,0,59
2024-09-07 10:15:00+00:00,59,254,17,26,18,31,25,28,254,0,59
2024-09-07 11:15:00+00:00,58,254,17,26,18,30,24,28,254,0,59
2024-09-07 12:15:00+00:00,57,254,17,26,18,24,24,27,254,0,59
2024-09-07 14:15:00+00:00,56,254,17,26,18,25,24,27,254,0,59
2024-09-07 15:15:00+00:00,56,254,17,26,18,26,25,27,254,0,59
2024-09-07 16:15:00+00:00,56,254,17,26,18,26,25,27,254,0,59
2024-09-07 17:15:00+00:00,57,254,17,26,19,27,25,27,254,0,59
2024-09-07 18:15:00+00:00,59,254,18,27,20,28,26,28,254,0,59
2024-09-07 19:15:00+00:00,61,254,19,28,20,29,27,29,254,0,59
2024-09-07 20:15:00+00:00,63,254,20,28,21,29,28,30,254,0,59
2024-09-07 21:15:00+00:00,64,254,21,29,22,30,28,30,254,0,59
2024-09-07 22:15:00+00:00,65,254,22,29,23,31,29,30,254,0,59
2024-09-07 23:15:00+00:00,66,254,22,29,24,32,30,31,254,0,59
2024-09-08 00:15:00+00:00,67,254,23,30,24,33,31,31,254,0,59
2024-09-08 01:15:00+00:00,67,254,23,30,24,33,31,31,254,0,59
2024-09-08 02:15:00+00:00,66,254,23,29,24,32,31,30,254,0,59
2024-09-08 03:15:00+00:00,65,254,23,29,24,33,31,30,254,0,59
2024-09-08 04:15:00+00:00,65,254,23,29,24,33,31,30,254,0,59
2024-09-08 05:15:00+00:00,64,254,22,28,23,32,30,30,254,0,59
2024-09-08 06:15:00+00:00,63,254,22,28,23,32,30,30,254,0,59
2024-09-08 07:15:00+00:00,62,254,22,28,23,31,30,29,254,0,59
2024-09-08 08:15:00+00:00,61,254,22,28,23,31,30,29,254,0,103
2024-09-08 09:15:00+00:00,60,254,22,27,23,31,30,29,254,0,59
2024-09-08 10:15:00+00:00,60,254,22,27,23,31,30,29,254,0,59
2024-09-08 11:15:00+00:00,60,254,22,27,23,31,30,29,254,0,59
2024-09-08 12:15:00+00:00,59,254,22,27,23,32,30,29,254,0,59
2024-09-08 13:15:00+00:00,59,254,23,27,23,32,30,29,254,0,59
2024-09-08 14:15:00+00:00,59,254,23,27,23,32,30,29,254,0,59
2024-09-08 16:15:00+00:00,59,254,23,27,23,32,30,29,254,0,59
2024-09-08 17:15:00+00:00,59,254,23,27,23,32,30,29,254,0,59
2024-09-08 18:15:00+00:00,60,254,23,28,24,31,31,29,254,0,59
2024-09-08 19:15:00+00:00,61,254,24,28,24,32,31,30,254,0,59
2024-09-08 20:15:00+00:00,63,254,25,29,25,32,32,30,254,0,59
2024-09-08 21:15:00+00:00,64,254,26,29,26,32,33,30,254,0,59
2024-09-08 22:15:00+00:00,65,254,27,30,27,33,34,31,254,0,59
2024-09-08 23:15:00+00:00,66,254,28,30,28,33,35,31,254,0,59
2024-09-09 00:15:00+00:00,66,254,29,30,29,34,36,31,254,0,59
2024-09-09 01:15:00+00:00,66,254,29,30,29,34,36,31,254,0,59
2024-09-09 02:15:00+00:00,65,254,29,30,29,34,37,31,254,0,59
2024-09-09 03:15:00+00:00,65,254,29,30,29,34,37,31,254,0,59
2024-09-09 04:15:00+00:00,64,254,29,29,28,34,37,30,254,0,59
2024-09-09 05:15:00+00:00,64,254,29,29,28,34,37,30,254,0,59
2024-09-09 06:15:00+00:00,63,254,29,29,28,34,37,30,254,0,59
2024-09-09 07:15:00+00:00,63,254,29,29,28,34,37,30,254,0,59
2024-09-09 08:15:00+00:00,62,254,29,28,28,33,36,30,254,0,103
2024-09-09 09:15:00+00:00,61,254,29,28,28,33,36,30,254,0,59
2024-09-09 10:15:00+00:00,60,254,28,28,27,33,36,29,254,0,59
2024-09-09 15:15:00+00:00,57,254,28,27,27,31,35,28,254,0,59
2024-09-09 16:15:00+00:00,57,254,28,27,27,31,35,28,254,0,59
2024-09-09 17:15:00+00:00,59,254,30,28,28,32,36,29,254,0,59
2024-09-09 18:15:00+00:00,60,254,30,29,29,33,37,30,254,0,59
2024-09-09 19:15:00+00:00,62,254,7,29,3,33,37,18,254,14,59
2024-11-11 20:25:00+00:00,254,254,244,244,244,244,244,244,254,0,63
2024-11-11 20:31:00+00:00,254,254,244,244,244,244,244,244,254,0,63
2025-04-28 17:39:00+00:00,254,254,254,254,254,254,254,254,254,0,59
2025-04-28 18:49:00+00:00,254,254,254,254,254,254,254,254,254,4,60
2025-04-28 19:49:00+00:00,254,254,254,254,254,254,254,254,254,0,60
2025-05-19 14:19:00+00:00,254,254,254,254,254,254,254,254,254,0,60
2025-05-19 15:19:00+00:00,254,254,254,254,254,254,254,254,254,0,60
2025-05-19 16:19:00+00:00,254,254,254,254,254,254,254,254,254,0,60
2025-05-19 17:19:00+00:00,57,254,254,254,254,254,254,254,254,1,60
2025-05-19 17:26:00+00:00,51,254,1,0,10,1,0,2,254,0,59
2025-05-19 17:51:00+00:00,48,254,2,1,5,2,1,5,254,0,65
2025-05-19 18:52:00+00:00,49,254,9,10,10,11,7,12,254,9,65
2025-05-19 19:52:00+00:00,49,254,11,13,12,14,11,14,254,0,65
2025-05-19 20:52:00+00:00,50,254,12,14,12,16,12,16,254,0,65
2025-05-19 21:52:00+00:00,51,254,12,15,13,17,12,16,254,0,65
2025-05-19 22:52:00+00:00,52,254,12,15,13,18,12,17,254,0,65
2025-05-19 23:52:00+00:00,53,254,13,16,13,18,12,17,254,0,65
2025-05-20 00:52:00+00:00,54,254,13,16,13,19,12,18,254,0,65
2025-05-20 01:52:00+00:00,54,254,13,16,13,19,12,18,254,0,65
2025-05-20 02:52:00+00:00,55,254,13,16,13,19,12,18,254,0,65
2025-05-20 03:52:00+00:00,55,254,13,16,13,19,13,18,254,0,65
2025-05-20 04:52:00+00:00,55,254,13,16,13,19,13,18,254,0,65
2025-05-20 05:52:00+00:00,54,254,14,16,13,19,13,18,254,0,65
2025-05-20 06:52:00+00:00,54,254,14,16,14,19,13,18,254,0,65
2025-05-20 07:52:00+00:00,54,254,14,16,14,19,13,18,254,0,65
2025-05-20 08:52:00+00:00,54,254,14,16,14,19,13,18,254,0,103
2025-05-20 09:52:00+00:00,53,254,14,16,14,19,13,18,254,0,65
2025-05-20 10:52:00+00:00,53,254,14,16,14,19,13,18,254,0,65
2025-05-20 11:52:00+00:00,53,254,14,16,14,19,14,18,254,0,65
2025-05-20 12:52:00+00:00,52,254,15,16,14,19,14,18,254,0,65
2025-05-20 13:52:00+00:00,52,254,15,16,14,19,14,18,254,0,65
2025-05-20 14:52:00+00:00,52,254,15,16,14,19,14,18,254,0,64
2025-05-20 15:52:00+00:00,52,254,15,16,14,19,14,18,254,0,64
2025-05-20 16:52:00+00:00,53,254,15,17,14,19,14,18,254,0,64
2025-05-20 17:52:00+00:00,53,254,15,17,14,19,14,18,254,0,64
2025-05-20 18:52:00+00:00,54,254,15,17,14,19,14,19,254,0,64
2025-05-20 19:52:00+00:00,55,254,14,17,14,20,14,19,254,0,64
2025-05-20 20:52:00+00:00,55,254,14,17,14,20,14,19,254,0,64
2025-05-20 21:52:00+00:00,56,254,14,17,14,20,14,19,254,0,64
2025-05-20 22:52:00+00:00,57,254,14,17,14,20,14,19,254,0,64
2025-05-20 23:52:00+00:00,58,254,14,18,14,20,14,19,254,0,64
2025-05-21 00:52:00+00:00,58,254,14,18,14,20,14,19,254,0,64
2025-05-21 01:52:00+00:00,59,254,15,18,14,20,14,19,254,0,64
2025-05-21 02:52:00+00:00,59,254,15,18,15,20,14,19,254,0,64
2025-05-21 03:52:00+00:00,58,254,15,17,15,20,14,19,254,0,64
2025-05-21 04:52:00+00:00,58,254,15,17,15,20,14,19,254,0,64
2025-05-21 05:52:00+00:00,58,254,15,17,15,20,14,19,254,0,64
2025-05-21 06:52:00+00:00,57,254,15,17,15,20,14,19,254,0,64
2025-05-21 07:52:00+00:00,56,254,16,17,15,20,15,19,254,0,64
2025-05-21 08:52:00+00:00,56,254,16,17,15,20,15,19,254,0,103
2025-05-21 09:52:00+00:00,55,254,16,17,15,19,15,19,254,0,64
2025-05-21 10:52:00+00:00,54,254,16,17,15,19,15,19,254,0,64
2025-05-21 11:52:00+00:00,54,254,16,17,16,19,15,19,254,0,64
2025-05-21 12:52:00+00:00,53,254,16,17,16,19,15,18,254,0,64
2025-05-21 13:52:00+00:00,53,254,17,17,16,19,15,19,254,0,64
2025-05-21 14:52:00+00:00,52,254,17,17,16,19,16,19,254,0,64
2025-05-21 15:52:00+00:00,52,254,17,17,16,19,16,19,254,0,64
2025-05-21 16:52:00+00:00,53,254,16,17,16,19,16,19,254,0,64
2025-05-21 17:52:00+00:00,53,254,16,17,16,20,15,19,254,0,64
2025-05-21 18:52:00+00:00,54,254,16,17,16,20,15,19,254,0,64
2025-05-21 19:52:00+00:00,55,254,16,18,15,20,15,19,254,0,64
2025-05-21 20:52:00+00:00,57,254,16,18,15,20,15,20,254,0,64
2025-05-21 21:52:00+00:00,58,254,15,18,15,21,15,20,254,0,64
2025-05-21 22:52:00+00:00,59,254,15,18,15,21,15,20,254,0,64
2025-05-21 23:52:00+00:00,60,254,15,18,15,21,15,20,254,0,64
2025-05-22 00:52:00+00:00,61,254,16,19,16,21,15,20,254,0,64
2025-05-22 01:52:00+00:00,61,254,16,19,16,21,15,20,254,0,64
2025-05-22 02:52:00+00:00,62,254,16,19,16,21,15,20,254,0,64
2025-05-22 03:52:00+00:00,61,254,16,18,16,21,15,20,254,0,64
2025-05-22 04:52:00+00:00,61,254,16,18,16,21,15,20,254,0,64
2025-05-22 05:52:00+00:00,61,254,16,18,16,21,16,20,254,0,64
2025-05-22 06:52:00+00:00,60,254,16,18,16,20,16,20,254,0,64
2025-05-22 07:52:00+00:00,60,254,17,18,16,20,16,20,254,0,64
2025-05-22 08:52:00+00:00,59,254,17,18,16,20,16,20,254,0,103
2025-05-22 09:52:00+00:00,59,254,17,18,17,20,16,20,254,0,64
2025-05-22 10:52:00+00:00,58,254,17,18,17,20,16,19,254,0,64
2025-05-22 11:52:00+00:00,58,254,17,18,17,20,16,19,254,0,64
2025-05-22 12:52:00+00:00,57,254,17,18,17,20,16,19,254,0,64
2025-05-22 13:52:00+00:00,57,254,17,18,17,20,16,19,254,0,64
2025-05-22 14:52:00+00:00,56,254,18,18,17,20,17,19,254,0,64
2025-05-22 15:52:00+00:00,56,254,18,18,17,20,17,19,254,0,64
2025-05-22 16:52:00+00:00,56,254,18,18,17,20,17,19,254,0,64
2025-05-22 17:52:00+00:00,56,254,17,18,17,20,17,19,254,0,64
2025-05-22 18:52:00+00:00,56,254,17,18,17,20,16,19,254,0,64
2025-05-22 19:52:00+00:00,57,254,17,18,17,20,16,19,254,0,64
2025-05-22 20:52:00+00:00,58,254,17,18,17,20,17,20,254,0,64
2025-05-22 21:52:00+00:00,59,254,17,18,17,21,17,20,254,0,64
2025-05-22 22:52:00+00:00,60,254,17,19,17,21,17,20,254,0,64
2025-05-22 23:52:00+00:00,60,254,17,18,17,21,16,20,254,0,64
2025-05-23 00:52:00+00:00,61,254,17,19,17,21,17,20,254,0,64
2025-05-23 01:52:00+00:00,61,254,17,19,17,21,17,20,254,0,64
2025-05-23 02:52:00+00:00,61,254,17,19,17,21,17,20,254,0,64
2025-05-23 03:52:00+00:00,61,254,17,19,17,21,17,20,254,0,64
2025-05-23 04:52:00+00:00,61,254,18,19,18,21,17,20,254,0,64
2025-05-23 05:52:00+00:00,61,254,18,19,18,21,17,20,254,0,64
2025-05-23 06:52:00+00:00,60,254,18,18,18,20,17,20,254,0,64
2025-05-23 07:52:00+00:00,59,254,18,18,18,20,18,20,254,0,64
2025-05-23 08:52:00+00:00,59,254,19,18,18,20,18,20,254,0,103
2025-05-23 09:52:00+00:00,58,254,19,18,18,20,18,19,254,0,64
2025-05-23 10:52:00+00:00,58,254,19,18,19,20,18,19,254,0,64
2025-05-23 11:52:00+00:00,57,254,19,18,18,20,18,19,254,0,64
2025-05-23 12:52:00+00:00,56,254,19,18,19,20,18,19,254,0,64
2025-05-23 13:52:00+00:00,56,254,19,18,19,20,18,19,254,4,64
2025-05-23 14:52:00+00:00,56,254,19,18,19,20,18,19,254,13,64
2025-05-23 15:52:00+00:00,56,254,19,18,19,20,18,19,254,19,64
2025-05-23 16:52:00+00:00,56,254,19,18,19,20,18,19,254,12,64
2025-05-23 17:52:00+00:00,57,254,19,18,18,20,18,20,254,14,64
2025-05-23 18:52:00+00:00,58,254,18,18,17,20,17,20,254,18,64
2025-05-23 19:52:00+00:00,60,254,17,19,14,21,15,20,254,15,64
2025-05-23 20:52:00+00:00,61,254,15,19,9,21,11,20,254,16,64
2025-05-23 21:52:00+00:00,62,254,12,19,2,21,8,20,254,3,64
2025-05-23 22:52:00+00:00,63,254,11,19,2,21,7,21,254,0,64
2025-05-23 23:52:00+00:00,63,254,11,19,3,21,8,21,254,0,64
2025-05-24 00:52:00+00:00,64,254,11,19,4,21,9,20,254,0,64
2025-05-24 01:52:00+00:00,64,254,12,19,5,21,10,20,254,0,64
2025-05-24 02:52:00+00:00,63,254,12,19,6,21,10,20,254,0,64
2025-05-24 03:52:00+00:00,63,254,13,19,8,21,10,20,254,0,64
2025-05-24 04:52:00+00:00,62,254,13,18,9,20,10,20,254,0,64
2025-05-24 05:52:00+00:00,61,254,13,18,10,20,10,20,254,0,64
2025-05-24 06:52:00+00:00,61,254,13,18,10,20,10,20,254,0,64
2025-05-24 07:52:00+00:00,60,254,13,18,10,20,10,19,254,0,64
2025-05-24 08:52:00+00:00,59,254,14,18,10,20,10,19,254,0,103
2025-05-24 09:52:00+00:00,58,254,14,18,10,19,10,19,254,0,64
2025-05-24 10:52:00+00:00,58,254,14,18,11,19,11,19,254,0,64
2025-05-24 11:52:00+00:00,57,254,14,18,11,19,11,19,254,0,64
2025-05-24 12:52:00+00:00,57,254,14,18,11,19,11,19,254,0,64
2025-05-24 13:52:00+00:00,56,254,14,18,11,19,11,19,254,0,64
2025-05-24 14:52:00+00:00,56,254,14,18,11,19,11,19,254,0,64
2025-05-24 15:52:00+00:00,56,254,14,18,11,19,11,19,254,0,64
2025-05-24 16:52:00+00:00,57,254,14,18,11,19,11,19,254,0,64
2025-05-24 17:52:00+00:00,57,254,14,18,11,20,11,19,254,0,64
2025-05-24 18:52:00+00:00,58,254,14,18,11,20,11,19,254,0,64
2025-05-24 19:52:00+00:00,60,254,14,19,12,20,12,19,254,0,64
2025-05-24 20:52:00+00:00,61,254,14,19,12,21,12,20,254,0,64
2025-05-24 21:52:00+00:00,62,254,14,19,12,21,12,20,254,0,64
2025-05-24 22:52:00+00:00,63,254,14,19,12,21,12,20,254,0,64
2025-05-24 23:52:00+00:00,63,254,14,19,12,21,12,20,254,0,64
2025-05-25 00:52:00+00:00,64,254,14,19,12,21,12,20,254,0,64
2025-05-25 01:52:00+00:00,64,254,14,19,13,21,12,20,254,0,64
2025-05-25 02:52:00+00:00,64,254,14,19,13,21,12,20,254,0,64
2025-05-25 03:52:00+00:00,64,254,15,19,13,21,12,19,254,0,64
2025-05-25 04:52:00+00:00,63,254,15,19,13,20,13,19,254,0,64
2025-05-25 05:52:00+00:00,63,254,15,19,13,20,13,19,254,0,64
2025-05-25 06:52:00+00:00,62,254,15,18,13,20,13,19,254,0,64
2025-05-25 07:52:00+00:00,61,254,16,18,14,20,13,19,254,0,64
2025-05-25 08:52:00+00:00,60,254,16,18,14,20,13,19,254,3,103
2025-05-25 09:52:00+00:00,60,254,16,18,14,20,13,19,254,0,64
2025-05-25 10:52:00+00:00,59,254,16,18,14,20,13,19,254,0,64
2025-05-25 11:52:00+00:00,58,254,16,18,14,19,13,18,254,0,64
2025-05-25 12:52:00+00:00,57,254,16,17,14,19,13,18,254,0,64
2025-05-25 13:52:00+00:00,57,254,17,17,14,19,13,18,254,0,64
2025-05-25 14:52:00+00:00,56,254,17,18,14,19,13,18,254,0,64
2025-05-25 15:52:00+00:00,56,254,17,18,14,19,13,18,254,0,64
2025-05-25 16:52:00+00:00,57,254,16,18,14,19,13,18,254,0,64
2025-05-25 17:52:00+00:00,58,254,16,18,14,20,13,19,254,0,64
2025-05-25 18:52:00+00:00,59,254,16,18,14,20,13,19,254,0,64
2025-05-25 19:52:00+00:00,60,254,16,18,13,20,13,19,254,0,64
2025-05-25 20:52:00+00:00,61,254,16,19,14,21,13,19,254,0,64
2025-05-25 21:52:00+00:00,63,254,16,19,14,21,13,19,254,0,64
2025-05-25 22:52:00+00:00,64,254,16,19,14,21,13,19,254,0,64
2025-05-25 23:52:00+00:00,65,254,16,19,14,21,13,20,254,0,64
2025-05-26 00:52:00+00:00,65,254,16,19,14,21,13,20,254,0,64
2025-05-26 01:52:00+00:00,65,254,16,19,14,21,13,20,254,0,64
2025-05-26 02:52:00+00:00,66,254,16,19,14,21,13,19,254,0,64
2025-05-26 03:52:00+00:00,65,254,16,19,14,21,13,19,254,0,64
2025-05-26 04:52:00+00:00,65,254,16,19,14,21,13,19,254,0,64
2025-05-26 05:52:00+00:00,64,254,17,18,14,20,13,19,254,0,64
2025-05-26 06:52:00+00:00,64,254,17,18,15,20,14,19,254,0,64
2025-05-26 07:52:00+00:00,63,254,17,18,15,20,14,19,254,0,64
2025-05-26 08:52:00+00:00,62,254,17,18,15,20,14,18,254,0,103
2025-05-26 09:52:00+00:00,61,254,18,18,15,20,14,18,254,0,64
2025-05-26 10:52:00+00:00,61,254,18,18,15,20,14,18,254,0,64
2025-05-26 11:52:00+00:00,60,254,18,18,15,20,14,18,254,0,64
2025-05-26 12:52:00+00:00,59,254,18,18,15,20,14,18,254,0,64
2025-05-26 13:52:00+00:00,59,254,18,18,15,20,15,18,254,0,64
2025-05-26 14:52:00+00:00,58,254,18,17,15,20,15,18,254,0,64
2025-05-26 15:52:00+00:00,58,254,18,17,15,20,15,18,254,0,64
2025-05-26 16:52:00+00:00,59,254,18,18,15,20,15,18,254,0,64
2025-05-26 17:52:00+00:00,60,254,18,18,15,20,15,18,254,0,64
2025-05-26 18:52:00+00:00,61,254,18,18,15,20,15,19,254,0,64
2025-05-26 19:52:00+00:00,62,254,18,18,15,20,15,19,254,0,64
2025-05-26 20:52:00+00:00,63,254,18,18,15,21,15,19,254,0,64
2025-05-26 21:52:00+00:00,64,254,18,18,15,21,15,19,254,0,64
2025-05-26 22:52:00+00:00,65,254,18,19,16,21,16,19,254,0,64
2025-05-26 23:52:00+00:00,66,254,18,19,16,21,16,19,254,0,64
2025-05-27 00:52:00+00:00,66,254,18,19,16,21,15,19,254,0,64
2025-05-27 01:52:00+00:00,66,254,18,18,16,21,16,19,254,0,64
2025-05-27 02:52:00+00:00,66,254,18,19,16,21,16,19,254,0,64
2025-05-27 03:52:00+00:00,66,254,19,18,16,21,16,19,254,0,64
2025-05-27 04:52:00+00:00,65,254,19,18,16,21,16,19,254,0,64
2025-05-27 05:52:00+00:00,65,254,19,18,17,21,16,19,254,0,64
2025-05-27 06:52:00+00:00,64,254,19,18,17,20,16,18,254,0,64
2025-05-27 07:52:00+00:00,63,254,19,18,17,20,16,18,254,0,64
2025-05-27 08:52:00+00:00,63,254,20,18,17,20,16,18,254,0,103
2025-05-27 09:52:00+00:00,62,254,20,18,17,20,16,18,254,0,64
2025-05-27 10:52:00+00:00,62,254,20,18,17,20,16,18,254,0,64
2025-05-27 11:52:00+00:00,61,254,20,18,17,20,16,18,254,0,64
2025-05-27 12:52:00+00:00,61,254,20,18,17,20,17,18,254,0,64
2025-05-27 13:52:00+00:00,60,254,20,17,17,20,16,18,254,7,64
2025-05-27 14:52:00+00:00,60,254,20,17,17,20,16,18,254,17,64
2025-05-27 15:52:00+00:00,60,254,20,17,17,20,16,18,254,17,64
2025-05-27 16:52:00+00:00,60,254,20,17,17,20,16,18,254,17,64
2025-05-27 17:52:00+00:00,60,254,19,17,14,20,12,18,254,17,64
2025-05-27 18:52:00+00:00,61,254,17,18,9,20,8,18,254,15,64
2025-05-27 19:52:00+00:00,62,254,12,18,0,20,2,18,254,18,64
2025-05-27 20:52:00+00:00,63,254,4,18,0,20,2,18,254,17,64
2025-05-27 21:52:00+00:00,64,254,3,18,0,20,1,18,254,19,64
2025-05-27 22:52:00+00:00,65,254,2,18,0,20,1,18,254,19,64
2025-05-27 23:52:00+00:00,66,254,2,18,0,19,1,18,254,14,64
2025-05-28 00:52:00+00:00,67,254,2,18,0,18,1,17,254,0,64
2025-05-28 01:52:00+00:00,67,254,3,18,0,17,1,17,254,0,64
2025-05-28 02:52:00+00:00,67,254,3,18,0,17,1,16,254,0,64
2025-05-28 03:52:00+00:00,67,254,4,18,1,16,2,16,254,0,64
2025-05-28 04:52:00+00:00,66,254,5,17,2,16,3,15,254,0,64
2025-05-28 05:52:00+00:00,65,254,7,17,3,16,5,15,254,0,64
2025-05-28 06:52:00+00:00,65,254,10,17,6,16,7,15,254,0,64
2025-05-28 07:52:00+00:00,64,254,10,17,8,16,9,15,254,0,64
2025-05-28 08:52:00+00:00,63,254,10,17,10,16,10,15,254,0,103
2025-05-28 09:52:00+00:00,63,254,11,17,10,16,10,15,254,0,64
2025-05-28 10:52:00+00:00,62,254,11,16,10,16,10,15,254,0,64
2025-05-28 11:52:00+00:00,61,254,12,16,10,16,11,15,254,0,64
2025-05-28 12:52:00+00:00,61,254,12,16,11,16,11,15,254,0,64
2025-05-28 13:52:00+00:00,60,254,12,16,11,16,10,15,254,0,64
2025-05-28 14:52:00+00:00,60,254,12,16,11,16,9,15,254,0,64
2025-05-28 15:52:00+00:00,60,254,12,16,11,16,9,15,254,0,63
2025-05-28 16:52:00+00:00,60,254,12,16,11,17,10,15,254,0,63
2025-05-28 17:52:00+00:00,61,254,13,17,11,17,10,15,254,0,63
2025-05-28 18:52:00+00:00,63,254,13,17,11,17,11,16,254,0,63
2025-05-28 19:52:00+00:00,64,254,13,17,11,17,11,16,254,0,63
2025-05-28 20:52:00+00:00,65,254,13,17,12,18,11,16,254,0,63
2025-05-28 21:52:00+00:00,66,254,13,17,12,18,11,16,254,0,63
2025-05-28 22:52:00+00:00,67,254,13,18,12,18,12,16,254,0,63
2025-05-28 23:52:00+00:00,68,254,14,18,12,19,12,16,254,0,63
2025-05-29 00:52:00+00:00,68,254,14,18,12,19,12,16,254,0,63
2025-05-29 01:52:00+00:00,68,254,14,18,12,19,12,16,254,0,63
2025-05-29 02:52:00+00:00,68,254,14,18,13,19,12,16,254,0,63
2025-05-29 03:52:00+00:00,68,254,14,18,13,19,12,16,254,0,64
2025-05-29 04:52:00+00:00,68,254,14,17,13,19,12,16,254,0,64
2025-05-29 05:52:00+00:00,67,254,14,17,13,18,12,16,254,0,64
2025-05-29 06:52:00+00:00,66,254,14,17,13,18,12,16,254,0,64
2025-05-29 07:52:00+00:00,66,254,15,17,13,18,13,16,254,0,64
2025-05-29 08:52:00+00:00,65,254,15,17,13,18,13,16,254,0,103
2025-05-29 09:52:00+00:00,64,254,15,16,13,18,13,16,254,0,64
2025-05-29 10:52:00+00:00,64,254,15,17,13,18,13,16,254,0,64
2025-05-29 11:52:00+00:00,63,254,15,16,13,18,13,16,254,0,64
2025-05-29 12:52:00+00:00,62,254,15,16,13,18,13,15,254,0,64
2025-05-29 13:52:00+00:00,62,254,15,16,13,18,13,16,254,0,64
2025-05-29 14:52:00+00:00,61,254,15,16,13,18,13,16,254,0,63
2025-05-29 15:52:00+00:00,62,254,16,16,14,18,13,16,254,0,63
2025-05-29 16:52:00+00:00,62,254,15,16,13,18,13,16,254,8,63
2025-05-29 17:52:00+00:00,63,254,16,17,13,18,13,16,254,7,63
2025-05-29 18:52:00+00:00,64,254,15,17,13,18,12,16,254,0,63
2025-05-29 19:52:00+00:00,66,254,15,17,13,19,12,16,254,0,63
2025-05-29 20:52:00+00:00,67,254,16,17,13,19,12,17,254,0,63
2025-05-29 21:52:00+00:00,68,254,16,18,13,19,12,17,254,0,63
2025-05-29 22:52:00+00:00,69,254,16,18,13,19,12,17,254,0,63
2025-05-29 23:52:00+00:00,70,254,16,18,13,19,13,17,254,0,63
2025-05-30 00:52:00+00:00,70,254,16,18,13,19,13,17,254,0,63
2025-05-30 01:52:00+00:00,70,254,16,18,14,19,13,17,254,0,63
2025-05-30 02:52:00+00:00,70,254,16,18,14,19,13,17,254,0,63
2025-05-30 03:52:00+00:00,69,254,16,17,14,19,13,16,254,0,63
2025-05-30 04:52:00+00:00,69,254,17,17,14,19,13,16,254,0,63
2025-05-30 05:52:00+00:00,68,254,17,17,14,19,13,16,254,0,63
2025-05-30 06:52:00+00:00,67,254,17,17,14,18,13,16,254,0,63
2025-05-30 07:52:00+00:00,66,254,17,17,14,18,13,16,254,0,63
2025-05-30 08:52:00+00:00,66,254,17,17,14,18,13,16,254,0,103
2025-05-30 09:52:00+00:00,65,254,17,17,14,18,14,16,254,0,63
2025-05-30 10:52:00+00:00,64,254,17,16,14,18,14,15,254,0,63
2025-05-30 11:52:00+00:00,64,254,17,16,14,18,14,16,254,0,63
2025-05-30 12:52:00+00:00,63,254,17,16,14,18,14,16,254,0,63
2025-05-30 13:52:00+00:00,62,254,17,16,14,18,14,15,254,16,63
2025-05-30 14:52:00+00:00,62,254,17,16,14,18,14,15,254,15,63
2025-05-30 15:52:00+00:00,62,254,17,16,13,18,13,15,254,15,63
2025-05-30 16:52:00+00:00,62,254,17,16,9,18,10,15,254,18,63
2025-05-30 17:52:00+00:00,62,254,15,16,0,18,2,15,254,18,63
2025-05-30 18:52:00+00:00,63,254,11,16,0,18,2,16,254,18,63
2025-05-30 19:52:00+00:00,63,254,4,17,0,17,2,15,254,14,63
2025-05-30 20:52:00+00:00,64,254,3,16,0,17,2,15,254,15,63
2025-05-30 21:52:00+00:00,65,254,3,17,0,16,2,15,254,16,63
2025-05-30 22:52:00+00:00,66,254,3,17,0,15,2,14,254,15,63
2025-05-30 23:52:00+00:00,66,254,3,17,0,14,2,14,254,12,63
2025-05-31 00:52:00+00:00,67,254,3,17,0,13,1,13,254,0,63
2025-05-31 01:52:00+00:00,67,254,3,16,0,13,2,13,254,0,63
2025-05-31 02:52:00+00:00,67,254,3,16,0,13,2,13,254,0,63
2025-05-31 03:52:00+00:00,67,254,4,16,0,13,2,13,254,0,63
2025-05-31 04:52:00+00:00,67,254,5,16,1,14,3,13,254,0,63
2025-05-31 05:52:00+00:00,67,254,7,16,2,14,5,13,254,0,63
2025-05-31 06:52:00+00:00,66,254,9,15,4,14,7,13,254,0,63
2025-05-31 07:52:00+00:00,65,254,10,15,6,14,10,13,254,0,63
2025-05-31 08:52:00+00:00,65,254,10,15,8,14,10,13,254,0,103
2025-05-31 09:52:00+00:00,64,254,11,15,10,14,10,13,254,0,63
2025-05-31 10:52:00+00:00,63,254,11,15,10,15,11,13,254,0,63
2025-05-31 11:52:00+00:00,63,254,12,15,10,15,11,13,254,0,63
2025-05-31 12:52:00+00:00,62,254,12,15,10,15,11,13,254,0,63
2025-05-31 13:52:00+00:00,61,254,12,15,11,15,11,13,254,0,63
2025-05-31 14:52:00+00:00,61,254,12,15,11,15,11,14,254,0,63
2025-05-31 15:52:00+00:00,61,254,12,15,11,15,12,14,254,0,63
2025-05-31 16:52:00+00:00,61,254,12,15,11,15,12,14,254,0,63
2025-05-31 17:52:00+00:00,62,254,13,15,11,15,12,14,254,0,63
2025-05-31 18:52:00+00:00,63,254,13,16,12,16,12,14,254,0,63
2025-05-31 19:52:00+00:00,64,254,13,16,12,16,12,14,254,0,63
2025-05-31 20:52:00+00:00,65,254,13,16,12,16,13,15,254,0,63
2025-05-31 21:52:00+00:00,66,254,13,16,12,16,13,15,254,0,63
2025-05-31 22:52:00+00:00,67,254,14,16,13,17,13,15,254,0,63
2025-05-31 23:52:00+00:00,68,254,14,16,13,17,13,15,254,0,63
2025-06-01 00:52:00+00:00,68,254,14,16,13,17,13,15,254,0,63
2025-06-01 01:52:00+00:00,69,254,14,16,13,17,13,15,254,0,63
2025-06-01 02:52:00+00:00,69,254,14,16,13,17,13,15,254,0,63
2025-06-01 03:52:00+00:00,69,254,14,16,13,17,13,15,254,0,63
2025-06-01 04:52:00+00:00,68,254,15,16,13,17,13,15,254,0,63
2025-06-01 05:52:00+00:00,68,254,15,16,14,17,14,15,254,0,63
2025-06-01 06:52:00+00:00,67,254,15,16,14,17,13,15,254,0,63
2025-06-01 07:52:00+00:00,66,254,15,16,14,16,13,15,254,0,63
2025-06-01 08:52:00+00:00,66,254,15,16,14,16,14,15,254,0,103
2025-06-01 09:52:00+00:00,65,254,15,16,14,17,14,15,254,0,63
2025-06-01 10:52:00+00:00,65,254,15,16,14,17,14,15,254,0,63
2025-06-01 11:52:00+00:00,64,254,15,15,14,16,14,14,254,0,63
2025-06-01 12:52:00+00:00,63,254,16,15,14,16,14,14,254,0,63
2025-06-01 13:52:00+00:00,63,254,16,16,14,16,14,15,254,0,63
2025-06-01 14:52:00+00:00,62,254,16,15,14,16,14,14,254,0,63
2025-06-01 15:52:00+00:00,62,254,16,15,14,16,14,14,254,0,63
2025-06-01 16:52:00+00:00,63,254,16,16,15,17,15,15,254,0,63
2025-06-01 17:52:00+00:00,63,254,16,16,15,17,15,15,254,0,63
2025-06-01 18:52:00+00:00,63,254,16,16,15,17,15,15,254,0,63
2025-06-01 19:52:00+00:00,64,254,17,16,15,17,15,15,254,0,63
2025-06-01 20:52:00+00:00,64,254,17,16,16,17,15,15,254,0,63
2025-06-01 21:52:00+00:00,65,254,17,16,16,17,16,15,254,0,63
2025-06-01 22:52:00+00:00,66,254,17,16,16,17,16,15,254,0,63
2025-06-01 23:52:00+00:00,66,254,17,16,16,17,16,15,254,0,63
2025-06-02 00:52:00+00:00,67,254,18,16,17,17,16,15,254,0,63
2025-06-02 01:52:00+00:00,67,254,18,16,17,17,16,15,254,0,63
2025-06-02 02:52:00+00:00,66,254,18,16,17,17,16,15,254,0,63
2025-06-02 03:52:00+00:00,66,254,18,16,17,17,16,15,254,0,63
2025-06-02 04:52:00+00:00,66,254,18,16,17,17,16,15,254,0,63
2025-06-02 05:52:00+00:00,65,254,18,16,17,17,16,15,254,0,63
2025-06-02 06:52:00+00:00,64,254,18,16,17,17,16,15,254,0,63
2025-06-02 07:52:00+00:00,64,254,18,16,17,17,16,15,254,0,63
2025-06-02 08:52:00+00:00,63,254,18,16,17,17,17,15,254,0,103
2025-06-02 09:52:00+00:00,62,254,18,15,17,17,16,15,254,0,63
2025-06-02 10:52:00+00:00,62,254,18,16,17,17,17,14,254,0,63
2025-06-02 11:52:00+00:00,61,254,19,16,18,17,17,15,254,0,63
2025-06-02 12:52:00+00:00,61,254,19,16,18,17,17,15,254,0,63
2025-06-02 13:52:00+00:00,60,254,19,15,18,16,17,14,254,0,63
2025-06-02 14:52:00+00:00,59,254,19,15,18,16,17,14,254,0,63
2025-06-02 15:52:00+00:00,59,254,19,15,18,17,17,14,254,0,63
2025-06-02 16:52:00+00:00,60,254,19,15,18,17,17,15,254,0,63
2025-06-02 17:52:00+00:00,60,254,19,16,18,17,18,15,254,0,63
2025-06-02 18:52:00+00:00,61,254,20,16,19,17,18,15,254,0,63
2025-06-02 19:52:00+00:00,61,254,20,16,19,17,18,15,254,0,63
2025-06-02 20:52:00+00:00,62,254,20,16,19,17,18,15,254,0,63
2025-06-02 21:52:00+00:00,63,254,20,16,20,17,19,15,254,0,63
2025-06-02 22:52:00+00:00,64,254,20,16,20,17,19,15,254,0,63
2025-06-02 23:52:00+00:00,65,254,21,16,21,18,19,15,254,0,63
2025-06-03 00:52:00+00:00,65,254,21,16,21,18,19,15,254,0,63
2025-06-03 01:52:00+00:00,65,254,21,16,21,18,19,15,254,0,63
2025-06-03 02:52:00+00:00,66,254,21,16,22,18,20,15,254,0,63
2025-06-03 03:52:00+00:00,65,254,21,16,22,18,20,15,254,0,63
2025-06-03 04:52:00+00:00,65,254,22,16,22,18,20,15,254,0,63
2025-06-03 05:52:00+00:00,64,254,22,16,22,17,20,15,254,0,63
2025-06-03 06:52:00+00:00,64,254,22,16,23,17,20,15,254,0,63
2025-06-03 07:52:00+00:00,63,254,22,16,23,17,20,15,254,0,63
2025-06-03 08:52:00+00:00,62,254,22,16,23,17,20,15,254,0,103
2025-06-03 09:52:00+00:00,62,254,22,16,23,17,20,15,254,0,63
2025-06-03 10:52:00+00:00,61,254,23,16,23,17,20,15,254,0,63
2025-06-03 11:52:00+00:00,61,254,23,16,23,17,21,15,254,0,63
2025-06-03 12:52:00+00:00,60,254,23,15,23,17,21,15,254,0,63
2025-06-03 13:52:00+00:00,59,254,23,15,23,17,21,15,254,7,63
2025-06-03 14:52:00+00:00,59,254,23,15,23,17,21,15,254,18,63
2025-06-03 15:52:00+00:00,59,254,23,15,23,17,21,15,254,22,63
2025-06-03 16:52:00+00:00,59,254,23,16,23,17,20,15,254,16,63
2025-06-03 17:52:00+00:00,60,254,23,16,23,17,19,15,254,16,63
2025-06-03 18:52:00+00:00,60,254,21,16,21,17,13,15,254,13,63
2025-06-03 19:52:00+00:00,61,254,13,16,14,17,8,15,254,17,63
2025-06-03 20:52:00+00:00,61,254,7,16,9,17,3,15,254,17,63
2025-06-03 21:52:00+00:00,62,254,5,16,2,17,3,15,254,11,63
2025-06-03 22:52:00+00:00,62,254,5,16,2,17,3,15,254,13,63
2025-06-03 23:52:00+00:00,62,254,4,16,2,17,3,15,254,14,63
2025-06-04 00:52:00+00:00,62,254,5,16,2,17,3,15,254,0,63
2025-06-04 01:52:00+00:00,62,254,5,16,2,16,3,15,254,0,63
2025-06-04 02:52:00+00:00,62,254,5,15,2,16,3,14,254,0,63
2025-06-04 03:52:00+00:00,62,254,5,15,2,15,4,14,254,0,63
2025-06-04 04:52:00+00:00,61,254,6,15,4,15,4,14,254,0,63
2025-06-04 05:52:00+00:00,61,254,7,15,4,15,6,14,254,0,63
2025-06-04 06:52:00+00:00,60,254,9,15,4,15,7,14,254,0,63
2025-06-04 07:52:00+00:00,59,254,9,15,6,15,9,14,254,0,63
2025-06-04 08:52:00+00:00,59,254,10,15,8,15,10,14,254,0,103
2025-06-04 09:52:00+00:00,58,254,10,15,9,15,10,14,254,0,63
2025-06-04 10:52:00+00:00,58,254,11,15,10,15,10,14,254,0,63
2025-06-04 11:52:00+00:00,57,254,11,14,10,15,10,14,254,0,63
2025-06-04 12:52:00+00:00,56,254,11,14,10,15,11,14,254,0,63
2025-06-04 13:52:00+00:00,56,254,12,15,11,15,11,14,254,0,63
2025-06-04 14:52:00+00:00,56,254,12,15,11,15,11,14,254,0,63
2025-06-04 15:52:00+00:00,56,254,12,15,11,15,11,14,254,0,63
2025-06-04 16:52:00+00:00,57,254,12,15,11,16,12,14,254,0,63
2025-06-04 17:52:00+00:00,58,254,13,15,12,16,12,14,254,0,63
2025-06-04 18:52:00+00:00,59,254,13,15,12,16,12,14,254,0,63
2025-06-04 19:52:00+00:00,59,254,13,15,12,16,12,14,254,0,63
2025-06-04 20:52:00+00:00,60,254,13,15,12,16,12,15,254,0,63
2025-06-04 21:52:00+00:00,61,254,14,16,13,17,13,15,254,0,63
2025-06-04 22:52:00+00:00,62,254,14,16,13,17,13,15,254,0,63
2025-06-04 23:52:00+00:00,63,254,14,16,13,17,13,15,254,0,63
2025-06-05 00:52:00+00:00,64,254,14,16,13,17,13,15,254,0,63
2025-06-05 01:52:00+00:00,64,254,14,16,13,17,13,15,254,0,63
2025-06-05 02:52:00+00:00,64,254,14,16,14,17,13,15,254,0,63
2025-06-05 03:52:00+00:00,64,254,14,16,14,17,13,15,254,0,63
2025-06-05 04:52:00+00:00,63,254,15,16,14,17,13,15,254,0,63
2025-06-05 05:52:00+00:00,63,254,15,16,14,17,14,15,254,0,63
2025-06-05 06:52:00+00:00,62,254,15,16,14,17,13,15,254,0,63
2025-06-05 07:52:00+00:00,61,254,15,15,14,17,14,15,254,0,63
2025-06-05 08:52:00+00:00,61,254,15,15,14,17,14,15,254,0,103
2025-06-05 09:52:00+00:00,60,254,15,15,14,16,14,14,254,0,63
2025-06-05 10:52:00+00:00,59,254,15,15,14,16,14,14,254,0,63
2025-06-05 11:52:00+00:00,59,254,16,15,15,16,14,14,254,0,63
2025-06-05 12:52:00+00:00,58,254,16,15,14,16,14,14,254,0,63
2025-06-05 13:52:00+00:00,58,254,16,15,15,16,14,14,254,0,63
2025-06-05 14:52:00+00:00,57,254,16,15,15,16,14,14,254,0,63
2025-06-05 15:52:00+00:00,57,254,16,15,15,16,14,14,254,0,63
2025-06-05 16:52:00+00:00,58,254,16,15,15,16,14,14,254,0,63
2025-06-05 17:52:00+00:00,58,254,16,15,15,16,14,15,254,0,63
2025-06-05 18:52:00+00:00,59,254,16,16,15,17,15,15,254,0,63
2025-06-05 19:52:00+00:00,60,254,16,16,16,17,15,15,254,0,63
2025-06-05 20:52:00+00:00,61,254,17,16,16,17,15,15,254,0,63
2025-06-05 21:52:00+00:00,62,254,17,16,16,17,15,15,254,0,63
2025-06-05 22:52:00+00:00,63,254,17,16,16,17,15,15,254,0,63
2025-06-05 23:52:00+00:00,64,254,17,16,16,17,15,15,254,0,63
2025-06-06 00:52:00+00:00,65,254,17,16,17,18,15,15,254,0,63
2025-06-06 01:52:00+00:00,65,254,17,16,17,18,15,15,254,0,63
2025-06-06 02:52:00+00:00,65,254,17,16,17,18,15,15,254,0,63
2025-06-06 03:52:00+00:00,65,254,17,16,17,18,15,15,254,0,63
2025-06-06 04:52:00+00:00,65,254,18,16,17,18,15,15,254,0,63
2025-06-06 05:52:00+00:00,64,254,17,16,17,17,15,15,254,0,63
2025-06-06 06:52:00+00:00,64,254,18,16,17,17,15,15,254,0,63
2025-06-06 07:52:00+00:00,63,254,18,16,17,17,16,15,254,0,63
2025-06-06 08:52:00+00:00,62,254,18,16,17,17,16,15,254,0,103
2025-06-06 09:52:00+00:00,62,254,18,16,17,17,15,15,254,0,63
2025-06-06 10:52:00+00:00,61,254,18,16,17,17,15,15,254,0,63
2025-06-06 11:52:00+00:00,60,254,18,15,17,17,15,15,254,0,63
2025-06-06 12:52:00+00:00,60,254,18,15,17,17,15,15,254,0,63
2025-06-06 13:52:00+00:00,59,254,19,15,17,17,15,15,254,0,63
2025-06-06 14:52:00+00:00,59,254,18,15,17,17,15,15,254,21,63
2025-06-06 15:52:00+00:00,59,254,18,15,17,17,12,15,254,20,63
2025-06-06 16:52:00+00:00,60,254,18,16,16,17,11,15,254,21,63
2025-06-06 17:52:00+00:00,61,254,15,16,12,17,4,15,254,21,63
2025-06-06 18:52:00+00:00,62,254,11,16,5,17,4,15,254,19,63
2025-06-06 19:52:00+00:00,63,254,7,16,2,17,4,15,254,21,63
2025-06-06 20:52:00+00:00,64,254,5,16,8,17,6,15,254,22,63
2025-06-06 21:52:00+00:00,65,254,4,16,3,17,5,14,254,20,63
2025-06-06 22:52:00+00:00,66,254,4,16,1,15,2,13,254,15,63
2025-06-06 23:52:00+00:00,67,254,4,17,2,14,3,12,254,10,63
2025-06-07 00:52:00+00:00,67,254,4,16,10,13,3,12,254,0,63
2025-06-07 01:52:00+00:00,67,254,4,16,10,13,3,11,254,0,63
2025-06-07 02:52:00+00:00,67,254,4,16,2,13,3,11,254,0,63
2025-06-07 03:52:00+00:00,67,254,5,16,2,13,3,12,254,0,63
2025-06-07 04:52:00+00:00,67,254,5,16,5,14,4,12,254,0,63
2025-06-07 05:52:00+00:00,66,254,6,15,8,14,5,12,254,0,63
2025-06-07 06:52:00+00:00,65,254,8,15,6,14,7,12,254,0,63
2025-06-07 07:52:00+00:00,65,254,9,15,6,14,10,12,254,0,63
2025-06-07 08:52:00+00:00,64,254,10,15,8,14,10,12,254,0,103
2025-06-07 09:52:00+00:00,64,254,10,15,9,14,10,12,254,0,63
2025-06-07 10:52:00+00:00,63,254,11,15,10,14,10,13,254,0,63
2025-06-07 11:52:00+00:00,63,254,11,15,10,15,11,13,254,0,63
2025-06-07 12:52:00+00:00,62,254,11,15,10,15,11,13,254,0,63
2025-06-07 13:52:00+00:00,62,254,11,15,11,15,11,13,254,0,63
2025-06-07 14:52:00+00:00,61,254,12,15,11,15,11,13,254,0,63
2025-06-07 15:52:00+00:00,61,254,12,15,11,15,12,13,254,0,63
2025-06-07 16:52:00+00:00,62,254,12,15,12,15,12,13,254,0,63
2025-06-07 17:52:00+00:00,63,254,13,15,12,15,12,14,254,0,63
2025-06-07 18:52:00+00:00,63,254,13,15,12,16,12,14,254,0,63
2025-06-07 19:52:00+00:00,64,254,13,15,13,16,13,14,254,0,63
2025-06-07 20:52:00+00:00,65,254,14,16,13,16,13,14,254,0,63
2025-06-07 21:52:00+00:00,65,254,14,16,13,16,13,14,254,0,63
2025-06-07 22:52:00+00:00,66,254,14,16,14,16,13,14,254,0,63
2025-06-07 23:52:00+00:00,67,254,15,16,14,16,13,14,254,0,63
2025-06-08 00:52:00+00:00,67,254,15,16,14,17,14,14,254,0,63
2025-06-08 01:52:00+00:00,68,254,15,16,15,17,14,15,254,0,63
2025-06-08 02:52:00+00:00,68,254,15,16,15,17,14,15,254,0,63
2025-06-08 03:52:00+00:00,67,254,15,16,14,17,14,14,254,0,63
2025-06-08 04:52:00+00:00,67,254,15,16,15,17,14,14,254,0,63
2025-06-08 05:52:00+00:00,66,254,15,16,14,16,14,14,254,0,63
2025-06-08 06:52:00+00:00,66,254,16,16,15,16,14,14,254,0,63
2025-06-08 07:52:00+00:00,65,254,16,16,15,16,14,14,254,0,63
2025-06-08 08:52:00+00:00,65,254,16,16,15,16,14,14,254,0,103
2025-06-08 09:52:00+00:00,64,254,16,15,15,16,14,14,254,0,63
2025-06-08 10:52:00+00:00,63,254,16,16,15,16,14,14,254,0,63
2025-06-08 11:52:00+00:00,63,254,16,15,15,16,15,14,254,0,63
2025-06-08 12:52:00+00:00,63,254,16,16,15,16,15,14,254,0,63
2025-06-08 13:52:00+00:00,62,254,16,15,15,16,15,14,254,0,63
2025-06-08 14:52:00+00:00,62,254,16,15,15,16,15,14,254,0,63
2025-06-08 15:52:00+00:00,62,254,16,15,15,16,15,14,254,0,63
2025-06-08 16:52:00+00:00,63,254,17,16,16,16,15,14,254,0,63
2025-06-08 17:52:00+00:00,64,254,17,16,16,17,15,15,254,0,63
2025-06-08 18:52:00+00:00,65,254,17,16,16,17,16,15,254,0,63
2025-06-08 19:52:00+00:00,65,254,17,16,16,17,16,15,254,0,63
2025-06-08 20:52:00+00:00,66,254,17,16,17,17,16,15,254,0,63
2025-06-08 21:52:00+00:00,67,254,18,16,17,17,16,15,254,0,63
2025-06-08 22:52:00+00:00,68,254,18,17,18,18,17,15,254,0,63
2025-06-08 23:52:00+00:00,69,254,19,17,18,18,17,15,254,0,63
2025-06-09 00:52:00+00:00,70,254,19,17,18,18,17,16,254,0,63
2025-06-09 01:52:00+00:00,71,254,19,17,18,18,17,16,254,0,63
2025-06-09 02:52:00+00:00,71,254,19,17,18,18,17,15,254,0,63
2025-06-09 03:52:00+00:00,71,254,19,17,18,18,17,15,254,0,63
2025-06-09 04:52:00+00:00,70,254,19,17,18,18,17,15,254,0,63
2025-06-09 05:52:00+00:00,69,254,19,16,18,17,17,15,254,0,63
2025-06-09 06:54:00+00:00,69,254,19,16,19,17,17,15,254,0,63
2025-06-09 07:54:00+00:00,68,254,19,16,19,17,17,15,254,0,63
2025-06-09 08:54:00+00:00,67,254,19,16,19,17,17,15,254,0,103
2025-06-09 09:54:00+00:00,67,254,19,16,19,17,17,15,254,0,63
2025-06-09 10:54:00+00:00,66,254,19,16,19,17,17,15,254,0,63
2025-06-09 11:54:00+00:00,65,254,19,16,19,17,17,15,254,0,63
2025-06-09 12:54:00+00:00,65,254,20,16,19,17,17,15,254,0,63
2025-06-09 13:54:00+00:00,64,254,20,16,19,17,17,15,254,0,63
2025-06-09 14:54:00+00:00,64,254,20,16,19,17,17,15,254,0,63
2025-06-09 15:54:00+00:00,64,254,20,16,19,17,17,15,254,0,63
2025-06-09 16:54:00+00:00,65,254,20,16,19,17,18,15,254,0,63
2025-06-09 17:54:00+00:00,66,254,20,16,20,17,18,15,254,0,63
2025-06-09 18:54:00+00:00,66,254,21,16,20,17,18,15,254,0,63
2025-06-09 19:54:00+00:00,67,254,21,16,21,17,19,15,254,0,63
2025-06-09 20:54:00+00:00,68,254,22,17,21,18,19,16,254,0,63
2025-06-09 21:54:00+00:00,69,254,22,17,22,18,19,16,254,0,63
2025-06-09 22:54:00+00:00,70,254,23,17,23,18,20,16,254,0,63
2025-06-09 23:54:00+00:00,71,254,24,17,24,18,20,16,254,0,63
2025-06-10 00:54:00+00:00,72,254,24,17,25,18,21,16,254,0,63
2025-06-10 01:54:00+00:00,73,254,25,17,25,18,21,16,254,0,63
2025-06-10 02:54:00+00:00,73,254,25,17,25,18,21,16,254,0,63
2025-06-10 03:54:00+00:00,73,254,25,17,25,18,21,16,254,0,63
2025-06-10 04:54:00+00:00,72,254,25,17,26,18,21,16,254,0,63
2025-06-10 05:54:00+00:00,71,254,25,17,26,18,21,16,254,0,63
2025-06-10 06:54:00+00:00,70,254,25,17,26,18,21,16,254,0,63
2025-06-10 07:54:00+00:00,70,254,25,17,26,18,21,16,254,0,63
2025-06-10 08:54:00+00:00,69,254,25,16,26,18,21,15,254,0,103
2025-06-10 09:54:00+00:00,68,254,26,16,26,18,20,15,254,0,63
2025-06-10 10:54:00+00:00,67,254,25,16,26,17,20,15,254,0,63
2025-06-10 11:54:00+00:00,67,254,26,16,26,17,20,15,254,0,63
2025-06-10 12:54:00+00:00,66,254,26,16,26,17,20,15,254,0,63
2025-06-10 13:54:00+00:00,65,254,26,16,26,17,20,15,254,0,63
2025-06-10 14:54:00+00:00,65,254,26,16,26,17,20,15,254,1,63
2025-06-10 15:54:00+00:00,65,254,26,16,27,17,20,15,254,0,63
2025-06-10 16:54:00+00:00,65,254,26,16,27,17,20,15,254,0,63
2025-06-10 17:54:00+00:00,66,254,26,16,27,17,20,15,254,0,63
2025-06-10 18:54:00+00:00,66,254,27,16,27,17,20,15,254,0,63
2025-06-10 19:54:00+00:00,67,254,27,16,28,18,21,16,254,0,63
2025-06-10 20:54:00+00:00,67,254,28,16,29,18,21,16,254,0,63
2025-06-10 21:54:00+00:00,68,254,29,17,30,18,22,16,254,0,63
2025-06-10 22:54:00+00:00,69,254,30,17,30,18,22,16,254,0,63
2025-06-10 23:54:00+00:00,70,254,31,17,31,18,22,16,254,0,63
2025-06-11 00:54:00+00:00,71,254,31,17,32,18,22,16,254,0,63
2025-06-11 01:54:00+00:00,71,254,32,17,32,18,22,16,254,0,63
2025-06-11 02:54:00+00:00,71,254,32,17,33,18,22,16,254,0,63
2025-06-11 03:54:00+00:00,71,254,32,17,33,18,22,16,254,0,63
2025-06-11 04:54:00+00:00,71,254,32,17,34,18,22,16,254,0,63
2025-06-11 05:54:00+00:00,70,254,33,17,34,18,22,16,254,0,63
2025-06-11 06:54:00+00:00,70,254,33,17,35,18,22,16,254,0,63
2025-06-11 07:54:00+00:00,69,254,33,17,35,18,22,16,254,0,63
2025-06-11 08:54:00+00:00,68,254,33,17,35,18,22,16,254,0,103
2025-06-11 09:54:00+00:00,68,254,34,17,35,18,22,16,254,0,63
2025-06-11 10:54:00+00:00,67,254,33,16,35,18,22,16,254,0,63
2025-06-11 11:54:00+00:00,67,254,34,16,35,18,22,16,254,0,63
2025-06-11 12:54:00+00:00,66,254,34,16,35,17,22,15,254,0,63
2025-06-11 13:54:00+00:00,66,254,34,16,35,17,22,15,254,0,63
2025-06-11 14:54:00+00:00,65,254,34,16,36,18,22,15,254,0,63
2025-06-11 15:54:00+00:00,65,254,34,16,36,18,23,16,254,0,63
2025-06-11 16:54:00+00:00,66,254,35,16,36,18,23,16,254,1,63
2025-06-11 17:54:00+00:00,66,254,35,16,36,18,23,16,254,0,63
2025-06-11 18:54:00+00:00,67,254,36,17,37,18,23,16,254,0,63
2025-06-11 19:54:00+00:00,67,254,36,17,38,18,24,16,254,0,63
2025-06-11 20:54:00+00:00,67,254,37,17,38,18,24,16,254,0,63
2025-06-11 21:54:00+00:00,68,254,38,17,39,18,25,16,254,0,63
2025-06-11 22:54:00+00:00,69,254,39,17,40,18,25,16,254,0,62
2025-06-11 23:54:00+00:00,71,254,40,17,41,19,26,17,254,2,63
2025-06-12 00:54:00+00:00,71,254,41,17,41,19,26,16,254,28,63
2025-06-12 01:54:00+00:00,72,254,42,17,42,19,25,17,254,21,63
2025-06-12 02:54:00+00:00,72,254,42,17,43,19,21,17,254,28,63
2025-06-12 03:54:00+00:00,71,254,41,17,42,19,14,16,254,30,63
2025-06-12 04:54:00+00:00,70,254,33,17,40,19,12,16,254,17,63
2025-06-12 05:54:00+00:00,69,254,20,17,28,18,6,16,254,17,63
2025-06-12 06:54:00+00:00,69,254,12,17,14,18,2,16,254,18,63
2025-06-12 07:54:00+00:00,68,254,9,17,6,18,2,16,254,15,63
2025-06-12 08:54:00+00:00,67,254,5,16,2,17,4,16,254,15,103
2025-06-12 09:54:00+00:00,66,254,5,16,2,16,5,15,254,16,63
2025-06-12 10:54:00+00:00,65,254,5,16,2,15,9,15,254,15,63
2025-06-12 11:54:00+00:00,65,254,5,16,2,14,3,14,254,18,63
2025-06-12 12:54:00+00:00,64,254,5,16,2,12,7,13,254,13,63
2025-06-12 13:54:00+00:00,63,254,5,16,3,12,3,13,254,0,63
2025-06-12 14:54:00+00:00,63,254,5,16,3,12,5,12,254,0,63
2025-06-12 15:54:00+00:00,63,254,5,16,3,12,4,12,254,0,63
2025-06-12 16:54:00+00:00,63,254,6,16,3,12,4,12,254,0,62
2025-06-12 17:54:00+00:00,64,254,6,16,3,13,4,12,254,0,62
2025-06-12 18:54:00+00:00,65,254,6,16,5,13,5,13,254,0,62
2025-06-12 19:54:00+00:00,65,254,9,16,5,14,7,13,254,0,62
2025-06-12 20:54:00+00:00,66,254,10,16,8,14,10,13,254,0,62
2025-06-12 21:54:00+00:00,67,254,11,16,10,15,10,14,254,0,63
2025-06-12 22:54:00+00:00,68,254,12,17,11,15,11,14,254,0,63
2025-06-12 23:54:00+00:00,69,254,12,17,11,15,11,14,254,0,63
2025-06-13 00:54:00+00:00,69,254,12,17,12,16,12,14,254,0,63
2025-06-13 01:54:00+00:00,69,254,13,17,12,16,11,14,254,0,63
2025-06-13 02:54:00+00:00,69,254,13,16,12,16,11,14,254,0,63
2025-06-13 03:54:00+00:00,69,254,13,16,12,16,11,15,254,0,63
2025-06-13 04:54:00+00:00,69,254,13,16,12,16,11,14,254,0,63
2025-06-13 05:54:00+00:00,68,254,13,16,13,16,11,15,254,0,63
2025-06-13 06:54:00+00:00,68,254,14,16,13,16,12,15,254,0,63
2025-06-13 07:54:00+00:00,67,254,14,16,13,16,12,14,254,0,63
2025-06-13 08:54:00+00:00,67,254,14,16,13,16,12,14,254,0,103
2025-06-13 09:54:00+00:00,66,254,14,16,13,16,12,14,254,0,63
2025-06-13 10:54:00+00:00,66,254,14,16,13,16,12,14,254,0,63
2025-06-13 11:54:00+00:00,65,254,14,16,13,16,12,14,254,0,63
2025-06-13 12:54:00+00:00,65,254,14,16,13,16,12,14,254,0,63
2025-06-13 13:54:00+00:00,64,254,14,16,13,16,12,14,254,0,63
2025-06-13 14:54:00+00:00,64,254,14,16,14,16,13,14,254,0,62
2025-06-13 15:54:00+00:00,64,254,15,16,14,16,13,14,254,0,62
2025-06-13 16:54:00+00:00,65,254,15,16,14,16,13,15,254,0,62
2025-06-13 17:54:00+00:00,65,254,15,16,14,17,13,15,254,0,62
2025-06-13 18:54:00+00:00,66,254,16,16,15,16,13,15,254,0,62
2025-06-13 19:54:00+00:00,66,254,16,16,15,17,14,15,254,0,62
2025-06-13 20:54:00+00:00,67,254,16,17,15,17,14,15,254,0,62
2025-06-13 21:54:00+00:00,68,254,17,17,16,17,14,15,254,0,62
2025-06-13 22:54:00+00:00,69,254,17,17,16,17,14,15,254,0,62
2025-06-13 23:54:00+00:00,70,254,17,17,16,18,15,16,254,0,62
2025-06-14 00:54:00+00:00,71,254,17,17,16,18,15,16,254,0,62
2025-06-14 01:54:00+00:00,71,254,17,17,16,18,15,16,254,0,62
2025-06-14 02:54:00+00:00,71,254,17,17,16,18,15,16,254,0,63
2025-06-14 03:54:00+00:00,71,254,17,17,16,18,15,16,254,0,63
2025-06-14 04:54:00+00:00,71,254,17,17,16,18,14,16,254,0,63
2025-06-14 05:54:00+00:00,70,254,17,17,16,18,14,16,254,0,63
2025-06-14 06:54:00+00:00,70,254,17,17,16,18,14,16,254,0,63
2025-06-14 07:54:00+00:00,69,254,17,17,16,17,14,15,254,0,63
2025-06-14 08:54:00+00:00,68,254,17,17,16,17,14,15,254,0,103
2025-06-14 09:54:00+00:00,68,254,17,17,16,17,14,15,254,0,63
2025-06-14 10:54:00+00:00,67,254,17,16,16,17,14,15,254,0,63
2025-06-14 11:54:00+00:00,66,254,17,16,16,17,14,15,254,0,63
2025-06-14 12:54:00+00:00,66,254,17,16,16,17,14,15,254,0,63
2025-06-14 13:54:00+00:00,65,254,18,16,16,17,14,15,254,0,63
2025-06-14 14:54:00+00:00,64,254,18,16,16,17,14,15,254,0,63
2025-06-14 15:54:00+00:00,64,254,18,16,16,17,14,15,254,0,62
2025-06-14 16:54:00+00:00,64,254,18,16,16,17,14,15,254,0,62
2025-06-14 17:54:00+00:00,65,254,18,16,17,17,15,15,254,0,62
2025-06-14 18:54:00+00:00,65,254,19,16,17,17,15,15,254,0,62
2025-06-14 19:54:00+00:00,66,254,19,16,17,17,15,15,254,0,62
2025-06-14 20:54:00+00:00,67,254,19,17,17,18,15,16,254,0,62
2025-06-14 21:54:00+00:00,67,254,19,17,18,18,15,16,254,0,62
2025-06-14 22:54:00+00:00,67,254,19,17,18,18,15,16,254,0,62
2025-06-14 23:54:00+00:00,68,254,20,17,18,18,16,16,254,0,62
2025-06-15 00:54:00+00:00,68,254,20,17,18,18,16,16,254,0,62
2025-06-15 01:54:00+00:00,69,254,20,17,18,18,16,16,254,0,62
2025-06-15 02:54:00+00:00,69,254,20,17,18,18,16,16,254,0,62
2025-06-15 03:54:00+00:00,69,254,20,17,18,18,16,16,254,0,63
2025-06-15 04:54:00+00:00,69,254,20,17,18,18,16,16,254,0,63
2025-06-15 05:54:00+00:00,68,254,20,17,18,18,16,16,254,0,63
2025-06-15 06:54:00+00:00,68,254,20,17,18,18,16,16,254,0,63
2025-06-15 07:54:00+00:00,67,254,20,17,18,18,16,16,254,0,63
2025-06-15 08:54:00+00:00,66,254,20,16,18,17,15,15,254,1,103
2025-06-15 09:54:00+00:00,66,254,20,16,18,17,12,15,254,2,63
2025-06-15 10:54:00+00:00,65,254,20,16,18,17,13,15,254,0,63
2025-06-15 11:54:00+00:00,65,254,20,16,18,17,12,15,254,0,63
2025-06-15 12:54:00+00:00,64,254,20,16,18,17,12,15,254,0,63
2025-06-15 13:54:00+00:00,63,254,20,16,18,17,13,15,254,0,62
2025-06-15 14:54:00+00:00,63,254,20,16,18,17,13,15,254,0,62
2025-06-15 15:54:00+00:00,63,254,21,16,18,17,13,15,254,0,62
2025-06-15 16:54:00+00:00,64,254,21,16,18,17,13,16,254,0,62
2025-06-15 17:54:00+00:00,65,254,21,17,19,18,14,16,254,0,62
2025-06-15 18:54:00+00:00,65,254,21,17,19,18,14,16,254,0,62
2025-06-15 19:54:00+00:00,66,254,22,17,19,18,14,16,254,0,62
2025-06-15 20:54:00+00:00,67,254,22,17,19,18,14,16,254,0,62
2025-06-15 21:54:00+00:00,67,254,22,17,20,18,15,16,254,0,62
2025-06-15 22:54:00+00:00,68,254,23,17,20,18,15,16,254,0,62
2025-06-15 23:54:00+00:00,69,254,23,17,20,18,15,16,254,0,62
2025-06-16 00:54:00+00:00,69,254,23,17,20,18,15,16,254,0,62
2025-06-16 01:54:00+00:00,70,254,24,18,21,19,15,17,254,0,62
2025-06-16 02:54:00+00:00,70,254,24,18,21,19,15,17,254,0,62
2025-06-16 03:54:00+00:00,70,254,24,18,21,19,15,17,254,0,62
2025-06-16 04:54:00+00:00,70,254,24,18,21,19,15,17,254,0,63
2025-06-16 05:54:00+00:00,69,254,24,17,20,18,15,16,254,0,63
2025-06-16 06:54:00+00:00,68,254,24,17,21,18,15,16,254,0,63
2025-06-16 07:54:00+00:00,68,254,24,17,21,18,16,16,254,0,63
2025-06-16 08:55:00+00:00,67,254,24,17,21,18,16,16,254,0,103
2025-06-16 09:55:00+00:00,66,254,24,17,20,18,16,16,254,0,62
2025-06-16 10:55:00+00:00,66,254,24,17,21,18,16,16,254,0,63
2025-06-16 11:55:00+00:00,65,254,24,17,21,18,16,16,254,0,63
2025-06-16 12:55:00+00:00,65,254,24,17,21,18,16,16,254,0,63
2025-06-16 13:55:00+00:00,64,254,24,16,21,18,16,16,254,0,62
2025-06-16 14:55:00+00:00,64,254,24,16,21,18,16,16,254,0,62
2025-06-16 15:55:00+00:00,64,254,24,17,21,18,16,16,254,0,62
2025-06-16 16:55:00+00:00,65,254,25,17,21,18,17,16,254,0,62
2025-06-16 17:55:00+00:00,65,254,25,17,22,18,17,16,254,0,62
2025-06-16 18:55:00+00:00,66,254,26,17,22,18,17,16,254,0,62
2025-06-16 19:55:00+00:00,66,254,26,17,22,18,17,16,254,0,62
2025-06-16 20:55:00+00:00,67,254,27,17,23,18,17,16,254,0,62
2025-06-16 21:55:00+00:00,68,254,28,18,24,19,18,17,254,0,62
2025-06-16 22:55:00+00:00,69,254,29,18,24,19,18,17,254,0,62
2025-06-16 23:55:00+00:00,70,254,31,18,25,19,19,17,254,0,62
2025-06-17 00:56:00+00:00,71,254,32,18,26,19,19,17,254,0,62
2025-06-17 01:56:00+00:00,71,254,33,18,27,19,19,17,254,0,62
2025-06-17 02:56:00+00:00,71,254,33,18,27,19,19,17,254,0,62
2025-06-17 03:56:00+00:00,71,254,34,18,27,19,19,17,254,0,62
2025-06-17 04:56:00+00:00,70,254,34,18,28,19,19,17,254,0,62
2025-06-17 05:56:00+00:00,70,254,34,18,28,19,19,17,254,0,62
2025-06-17 06:56:00+00:00,69,254,34,17,28,19,19,17,254,0,62
2025-06-17 07:56:00+00:00,68,254,34,17,28,19,19,17,254,0,62
2025-06-17 08:56:00+00:00,68,254,35,17,28,19,19,17,254,0,103
2025-06-17 09:56:00+00:00,67,254,35,17,28,18,19,16,254,0,62
2025-06-17 10:56:00+00:00,66,254,34,17,28,18,19,16,254,0,62
2025-06-17 11:56:00+00:00,66,254,34,17,28,18,19,16,254,0,62
2025-06-17 12:56:00+00:00,65,254,35,17,28,18,19,16,254,0,62
2025-06-17 13:56:00+00:00,65,254,35,17,28,18,20,16,254,0,62
2025-06-17 14:56:00+00:00,64,254,35,17,28,18,19,16,254,0,62
2025-06-17 15:56:00+00:00,64,254,35,17,28,18,20,16,254,0,62
2025-06-17 16:56:00+00:00,65,254,36,17,29,18,20,16,254,0,62
2025-06-17 17:56:00+00:00,66,254,37,17,29,18,20,16,254,0,62
2025-06-17 18:56:00+00:00,66,254,38,17,30,18,21,16,254,0,62
2025-06-17 19:56:00+00:00,67,254,40,18,31,19,22,17,254,0,62
2025-06-17 20:56:00+00:00,67,254,41,18,32,19,22,17,254,0,62
2025-06-17 21:56:00+00:00,68,254,44,18,34,19,23,17,254,0,62
2025-06-17 22:56:00+00:00,69,254,45,18,35,19,24,17,254,0,62
2025-06-17 23:56:00+00:00,70,254,47,18,37,19,25,17,254,0,62
2025-06-18 00:56:00+00:00,71,254,49,18,39,20,25,17,254,0,62
2025-06-18 01:56:00+00:00,72,254,51,19,41,20,26,18,254,0,62
2025-06-18 02:56:00+00:00,72,254,52,18,42,20,26,18,254,0,62
2025-06-18 03:56:00+00:00,71,254,52,18,42,19,25,17,254,0,62
2025-06-18 04:56:00+00:00,71,254,53,18,43,19,25,17,254,0,62
2025-06-18 05:56:00+00:00,70,254,54,18,44,19,26,17,254,0,62
2025-06-18 06:56:00+00:00,70,254,55,18,45,19,26,17,254,0,62
2025-06-18 07:56:00+00:00,69,254,55,18,45,19,25,17,254,0,62
2025-06-18 08:56:00+00:00,68,254,56,18,45,19,26,17,254,0,103
2025-06-18 09:56:00+00:00,68,254,56,18,46,19,26,17,254,0,62
2025-06-18 10:56:00+00:00,67,254,55,17,45,19,26,17,254,3,62
2025-06-18 11:56:00+00:00,67,254,56,17,46,19,24,17,254,3,62
2025-06-18 12:56:00+00:00,66,254,56,17,45,18,23,16,254,0,62
2025-06-18 13:56:00+00:00,65,254,56,17,45,18,22,16,254,4,62
2025-06-18 14:56:00+00:00,65,254,57,17,45,18,20,17,254,23,62
2025-06-18 15:56:00+00:00,65,254,57,17,45,18,15,17,254,21,62
2025-06-18 16:56:00+00:00,66,254,56,17,44,19,11,17,254,18,62
2025-06-18 17:56:00+00:00,66,254,56,17,41,19,10,17,254,22,62
2025-06-18 18:56:00+00:00,67,254,55,18,31,19,4,17,254,23,62
2025-06-18 19:56:00+00:00,68,254,49,18,16,19,3,17,254,22,62
2025-06-18 20:56:00+00:00,68,254,31,18,10,19,7,17,254,21,62
2025-06-18 21:56:00+00:00,69,254,13,18,1,19,4,17,254,24,62
2025-06-18 22:56:00+00:00,70,254,7,18,1,19,7,17,254,22,62
2025-06-18 23:56:00+00:00,71,254,4,18,2,19,5,16,254,13,62
2025-06-19 00:56:00+00:00,72,254,5,18,2,19,4,15,254,0,62
2025-06-19 01:56:00+00:00,73,254,5,18,2,18,6,15,254,0,62
2025-06-19 02:56:00+00:00,73,254,5,18,1,18,5,14,254,0,62
2025-06-19 03:56:00+00:00,73,254,6,18,2,18,4,14,254,0,62
2025-06-19 04:56:00+00:00,73,254,8,18,2,18,3,15,254,0,62
2025-06-19 05:56:00+00:00,72,254,9,18,3,18,4,15,254,0,62
2025-06-19 06:56:00+00:00,72,254,10,18,4,18,6,15,254,0,62
2025-06-19 07:56:00+00:00,71,254,11,18,5,17,8,15,254,0,62
2025-06-19 08:56:00+00:00,70,254,11,18,7,18,10,15,254,0,103
2025-06-19 09:56:00+00:00,70,254,12,18,9,18,10,15,254,0,62
2025-06-19 10:57:00+00:00,69,254,12,17,10,17,11,15,254,0,62
2025-06-19 11:57:00+00:00,68,254,12,17,11,17,11,15,254,0,62
2025-06-19 12:57:00+00:00,68,254,12,17,11,18,11,15,254,0,62
2025-06-19 13:57:00+00:00,67,254,12,17,11,17,11,15,254,0,62
2025-06-19 14:57:00+00:00,67,254,13,17,11,17,13,15,254,0,62
2025-06-19 15:57:00+00:00,67,254,13,17,12,18,11,15,254,0,62
2025-06-19 16:57:00+00:00,67,254,13,17,12,18,11,15,254,0,62
2025-06-19 17:57:00+00:00,67,254,14,17,13,18,12,15,254,0,62
2025-06-19 18:57:00+00:00,68,254,14,18,13,18,12,16,254,0,62
2025-06-19 19:57:00+00:00,68,254,15,18,14,18,12,16,254,0,62
2025-06-19 20:57:00+00:00,69,254,15,18,14,18,13,16,254,0,62
2025-06-19 21:57:00+00:00,69,254,15,18,14,18,13,16,254,0,62
2025-06-19 22:57:00+00:00,70,254,16,18,14,19,13,16,254,0,62
2025-06-19 23:57:00+00:00,71,254,16,18,15,19,13,16,254,0,62
2025-06-20 00:57:00+00:00,72,254,16,18,15,19,14,16,254,0,62
2025-06-20 01:57:00+00:00,72,254,16,18,15,19,14,16,254,0,62
2025-06-20 02:57:00+00:00,72,254,16,18,15,19,14,16,254,0,62
2025-06-20 03:57:00+00:00,72,254,16,18,15,19,14,16,254,0,62
2025-06-20 04:57:00+00:00,72,254,16,18,15,19,14,16,254,0,62
2025-06-20 05:57:00+00:00,71,254,16,18,15,19,14,16,254,0,62
2025-06-20 06:57:00+00:00,71,254,16,18,15,19,14,16,254,0,62
2025-06-20 07:57:00+00:00,70,254,16,18,15,19,14,16,254,0,62
2025-06-20 08:58:00+00:00,70,254,16,18,15,19,14,16,254,0,103
2025-06-20 09:58:00+00:00,69,254,16,17,15,18,14,16,254,0,62
2025-06-20 10:58:00+00:00,68,254,16,18,15,18,14,16,254,0,62
2025-06-20 11:58:00+00:00,68,254,17,18,16,18,15,16,254,0,62
2025-06-20 12:58:00+00:00,67,254,16,17,15,18,14,16,254,0,62
2025-06-20 13:58:00+00:00,67,254,17,17,16,18,15,16,254,0,62
2025-06-20 14:58:00+00:00,66,254,17,17,16,18,15,16,254,0,62
2025-06-20 15:58:00+00:00,66,254,17,17,16,18,15,16,254,0,62
2025-06-20 16:58:00+00:00,66,254,17,17,16,18,15,16,254,0,62
2025-06-20 17:58:00+00:00,66,254,18,17,16,18,15,16,254,0,62
2025-06-20 18:58:00+00:00,67,254,18,17,17,18,16,16,254,0,62
2025-06-20 19:58:00+00:00,67,254,19,18,17,18,16,16,254,0,62
2025-06-20 20:58:00+00:00,67,254,19,18,18,18,16,16,254,0,62
2025-06-20 21:58:00+00:00,68,254,20,18,18,19,17,17,254,0,62
2025-06-20 22:58:00+00:00,68,254,20,18,18,19,17,17,254,0,62
2025-06-20 23:58:00+00:00,68,254,20,18,19,19,17,17,254,0,62
2025-06-21 00:58:00+00:00,68,254,20,18,19,19,17,17,254,0,62
2025-06-21 01:58:00+00:00,68,254,21,18,19,19,18,17,254,0,62
2025-06-21 02:58:00+00:00,67,254,21,18,19,19,17,16,254,0,62
2025-06-21 03:58:00+00:00,66,254,20,17,19,18,17,16,254,0,62
2025-06-21 04:58:00+00:00,66,254,21,17,19,18,17,16,254,0,62
2025-06-21 05:58:00+00:00,65,254,21,17,19,18,18,16,254,0,62
2025-06-21 06:58:00+00:00,64,254,21,17,19,18,17,16,254,0,62
2025-06-21 07:58:00+00:00,64,254,21,17,19,18,18,16,254,0,62
2025-06-21 08:58:00+00:00,63,254,21,17,19,18,18,16,254,0,103
2025-06-21 09:58:00+00:00,63,254,21,17,19,18,18,16,254,0,62
2025-06-21 10:58:00+00:00,62,254,21,17,19,18,18,16,254,0,62
2025-06-21 11:58:00+00:00,61,254,21,17,19,18,18,16,254,0,62
2025-06-21 12:58:00+00:00,61,254,21,17,19,18,18,16,254,0,62
2025-06-21 13:58:00+00:00,60,254,21,17,19,18,18,16,254,0,62
2025-06-21 14:58:00+00:00,60,254,21,17,19,18,18,16,254,0,62
2025-06-21 15:58:00+00:00,60,254,21,17,20,18,18,16,254,0,62
2025-06-21 16:58:00+00:00,60,254,21,17,20,18,19,16,254,0,62
2025-06-21 17:58:00+00:00,60,254,22,17,20,18,19,16,254,0,62
2025-06-21 18:58:00+00:00,61,254,22,17,20,18,19,16,254,0,62
2025-06-21 19:58:00+00:00,61,254,22,17,21,19,19,17,254,0,62
2025-06-21 20:58:00+00:00,62,254,23,17,21,19,19,17,254,0,62
2025-06-21 21:58:00+00:00,63,254,23,18,21,19,20,17,254,0,62
2025-06-21 22:58:00+00:00,63,254,23,18,22,19,20,17,254,0,62
2025-06-21 23:58:00+00:00,64,254,24,18,22,19,20,17,254,0,62
2025-06-22 00:58:00+00:00,64,254,24,18,22,19,20,17,254,0,62
2025-06-22 01:58:00+00:00,64,254,24,18,22,19,20,17,254,0,62
2025-06-22 02:58:00+00:00,63,254,24,18,23,19,20,17,254,0,62
2025-06-22 03:58:00+00:00,63,254,24,18,23,19,20,17,254,0,62
2025-06-22 04:58:00+00:00,63,254,24,18,23,19,21,17,254,0,62
2025-06-22 05:58:00+00:00,62,254,24,17,22,19,20,17,254,0,62
2025-06-22 06:58:00+00:00,62,254,24,18,23,19,21,17,254,0,62
2025-06-22 07:58:00+00:00,61,254,24,18,23,19,21,17,254,0,62
2025-06-22 08:58:00+00:00,61,254,24,18,23,19,21,17,254,0,103
2025-06-22 09:58:00+00:00,60,254,24,17,23,18,21,17,254,0,62
2025-06-22 10:58:00+00:00,60,254,24,17,23,19,21,17,254,0,62
2025-06-22 11:58:00+00:00,59,254,24,17,23,19,21,17,254,0,62
2025-06-22 12:58:00+00:00,59,254,25,17,23,19,21,17,254,0,62
2025-06-22 13:58:00+00:00,58,254,24,17,23,18,21,17,254,0,62
2025-06-22 14:58:00+00:00,58,254,25,17,23,18,21,16,254,0,62
2025-06-22 15:58:00+00:00,58,254,25,17,23,18,21,17,254,0,62
2025-06-22 16:58:00+00:00,58,254,25,17,23,19,21,17,254,0,62
2025-06-22 17:58:00+00:00,59,254,26,18,24,19,22,17,254,0,62
2025-06-22 18:58:00+00:00,59,254,26,18,24,19,22,17,254,0,62
2025-06-22 19:58:00+00:00,60,254,26,18,25,19,22,17,254,0,62
2025-06-22 20:58:00+00:00,60,254,26,18,25,19,23,17,254,0,62
2025-06-22 21:58:00+00:00,61,254,27,18,26,19,23,17,254,0,62
2025-06-22 22:58:00+00:00,62,254,28,18,26,19,24,17,254,0,62
2025-06-22 23:58:00+00:00,63,254,29,18,27,20,24,18,254,0,62
2025-06-23 00:58:00+00:00,64,254,29,18,27,20,24,18,254,0,62
2025-06-23 01:58:00+00:00,64,254,29,18,28,20,24,18,254,0,62
2025-06-23 02:58:00+00:00,64,254,29,18,28,20,24,18,254,0,62
2025-06-23 03:58:00+00:00,64,254,30,18,28,20,24,18,254,0,62
2025-06-23 04:58:00+00:00,63,254,30,18,28,20,24,17,254,0,62
2025-06-23 05:58:00+00:00,63,254,30,18,29,20,24,17,254,0,62
2025-06-23 06:58:00+00:00,62,254,30,18,28,19,23,17,254,0,62
2025-06-23 07:58:00+00:00,61,254,30,18,29,19,23,17,254,0,62
2025-06-23 08:58:00+00:00,61,254,30,18,29,19,23,17,254,0,103
2025-06-23 09:58:00+00:00,60,254,30,18,29,19,23,17,254,0,62
2025-06-23 10:58:00+00:00,60,254,30,18,29,19,23,17,254,0,62
2025-06-23 11:58:00+00:00,59,254,30,18,29,19,23,17,254,0,62
2025-06-23 12:58:00+00:00,58,254,30,17,29,19,23,17,254,0,62
2025-06-23 13:58:00+00:00,58,254,30,17,29,19,23,17,254,0,62
2025-06-23 14:58:00+00:00,58,254,30,18,29,19,24,17,254,0,62
2025-06-23 15:58:00+00:00,58,254,31,18,29,19,24,17,254,0,62
2025-06-23 16:58:00+00:00,58,254,31,18,29,19,24,17,254,0,62
2025-06-23 17:58:00+00:00,59,254,31,18,30,19,24,17,254,0,62
2025-06-23 18:58:00+00:00,59,254,32,18,30,19,25,17,254,0,62
2025-06-23 19:58:00+00:00,60,254,32,18,31,19,25,17,254,0,62
2025-06-23 20:58:00+00:00,60,254,33,18,31,19,25,17,254,0,62
2025-06-23 21:58:00+00:00,61,254,34,18,32,20,25,18,254,0,62
2025-06-23 22:58:00+00:00,63,254,35,19,34,20,26,18,254,0,62
2025-06-23 23:58:00+00:00,64,254,36,19,34,20,26,18,254,0,62
2025-06-24 00:58:00+00:00,65,254,38,19,36,20,27,18,254,0,62
2025-06-24 01:58:00+00:00,65,254,39,19,37,20,27,18,254,0,62
2025-06-24 02:58:00+00:00,65,254,39,19,38,20,27,18,254,0,62
2025-06-24 03:58:00+00:00,65,254,40,19,38,20,27,18,254,0,62
2025-06-24 04:58:00+00:00,65,254,41,19,39,20,27,18,254,0,62
2025-06-24 05:58:00+00:00,64,254,40,18,39,20,27,18,254,0,62
2025-06-24 06:58:00+00:00,64,254,41,18,39,20,27,18,254,0,62
2025-06-24 07:58:00+00:00,63,254,41,18,40,20,27,18,254,0,62
2025-06-24 08:58:00+00:00,63,254,41,18,40,20,20,18,254,2,103
2025-06-24 09:58:00+00:00,62,254,41,18,40,19,16,17,254,0,62
2025-06-24 10:58:00+00:00,62,254,41,18,40,19,16,17,254,2,62
2025-06-24 11:58:00+00:00,61,254,42,18,41,19,17,17,254,0,62
2025-06-24 12:58:00+00:00,60,254,41,18,40,19,17,17,254,1,62
2025-06-24 13:58:00+00:00,60,254,42,18,41,19,13,17,254,14,62
2025-06-24 14:58:00+00:00,60,254,42,18,41,19,11,17,254,10,62
2025-06-24 15:58:00+00:00,59,254,42,18,41,19,9,17,254,8,62
2025-06-24 16:58:00+00:00,60,254,41,18,39,19,5,17,254,9,62
2025-06-24 17:58:00+00:00,60,254,40,18,32,19,5,17,254,11,62
2025-06-24 18:58:00+00:00,60,254,32,18,20,19,10,17,254,13,62
2025-06-24 19:58:00+00:00,61,254,19,18,13,20,7,18,254,17,62
2025-06-24 20:58:00+00:00,61,254,12,18,9,20,4,18,254,18,62
2025-06-24 21:58:00+00:00,62,254,10,18,3,19,3,17,254,20,62
2025-06-24 22:58:00+00:00,64,254,6,19,3,19,3,17,254,21,62
2025-06-24 23:58:00+00:00,65,254,6,19,3,19,3,17,254,3,62
2025-06-25 00:58:00+00:00,66,254,6,19,3,19,3,16,254,0,62
2025-06-25 01:58:00+00:00,67,254,6,19,3,19,7,16,254,0,62
2025-06-25 02:58:00+00:00,67,254,6,19,3,18,7,16,254,0,62
2025-06-25 03:58:00+00:00,67,254,6,19,3,18,3,16,254,0,62
2025-06-25 04:58:00+00:00,67,254,7,19,3,19,5,16,254,0,62
2025-06-25 05:58:00+00:00,66,254,8,18,4,18,5,16,254,0,62
2025-06-25 06:58:00+00:00,65,254,9,18,5,18,7,16,254,0,62
2025-06-25 07:58:00+00:00,65,254,10,18,7,18,9,16,254,0,62
2025-06-25 08:58:00+00:00,64,254,10,18,9,18,10,16,254,0,103
2025-06-25 09:58:00+00:00,64,254,11,18,10,18,10,16,254,0,62
2025-06-25 10:58:00+00:00,63,254,11,18,10,18,11,16,254,0,62
2025-06-25 11:58:00+00:00,63,254,11,18,11,18,11,16,254,0,62
2025-06-25 12:58:00+00:00,62,254,11,18,11,18,11,16,254,0,62
2025-06-25 13:58:00+00:00,62,254,12,18,11,18,11,16,254,0,62
2025-06-25 14:58:00+00:00,61,254,12,18,11,18,12,16,254,0,62
2025-06-25 15:58:00+00:00,61,254,12,18,12,18,12,16,254,0,62
2025-06-25 16:58:00+00:00,61,254,13,18,12,18,12,16,254,0,62
2025-06-25 17:58:00+00:00,62,254,13,18,13,18,12,16,254,0,62
2025-06-25 18:58:00+00:00,62,254,14,18,13,19,13,16,254,0,62
2025-06-25 19:58:00+00:00,63,254,14,18,14,19,13,17,254,0,62
2025-06-25 20:58:00+00:00,63,254,14,18,14,19,13,17,254,0,62
2025-06-25 21:58:00+00:00,64,254,15,18,14,19,13,17,254,0,62
2025-06-25 22:58:00+00:00,65,254,15,18,15,19,14,17,254,0,62
2025-06-25 23:58:00+00:00,66,254,15,18,15,19,14,17,254,0,62
2025-06-26 00:58:00+00:00,67,254,16,19,15,20,14,17,254,0,62
2025-06-26 01:58:00+00:00,68,254,16,19,15,20,14,18,254,0,62
2025-06-26 02:58:00+00:00,68,254,16,19,15,20,14,18,254,0,62
2025-06-26 03:58:00+00:00,67,254,16,19,15,20,14,17,254,0,62
2025-06-26 04:58:00+00:00,67,254,16,19,15,20,14,17,254,0,62
2025-06-26 05:58:00+00:00,67,254,16,18,15,20,14,17,254,0,62
2025-06-26 06:58:00+00:00,66,254,16,18,15,19,14,17,254,0,62
2025-06-26 07:58:00+00:00,66,254,16,18,15,19,14,17,254,0,62
2025-06-26 08:58:00+00:00,65,254,16,18,15,19,14,17,254,0,103
2025-06-26 09:58:00+00:00,65,254,16,18,16,19,15,17,254,0,62
2025-06-26 10:58:00+00:00,64,254,16,18,15,19,14,17,254,0,62
2025-06-26 11:58:00+00:00,64,254,16,18,16,19,15,17,254,0,62
2025-06-26 12:58:00+00:00,63,254,16,18,16,19,15,17,254,0,62
2025-06-26 13:58:00+00:00,63,254,16,18,16,19,15,17,254,0,62
2025-06-26 14:58:00+00:00,62,254,16,18,16,19,15,17,254,0,62
2025-06-26 15:58:00+00:00,62,254,16,18,16,19,15,17,254,0,62
2025-06-26 16:58:00+00:00,62,254,17,18,16,19,15,17,254,0,62
2025-06-26 17:58:00+00:00,63,254,17,18,17,19,16,17,254,0,62
2025-06-26 18:58:00+00:00,63,254,18,18,17,19,16,17,254,0,62
2025-06-26 19:58:00+00:00,63,254,18,18,17,19,16,17,254,0,62
2025-06-26 20:58:00+00:00,64,254,18,18,17,19,16,17,254,0,62
2025-06-26 21:58:00+00:00,65,254,19,19,18,20,17,18,254,0,62
2025-06-26 22:58:00+00:00,66,254,19,18,18,20,17,18,254,0,62
2025-06-26 23:58:00+00:00,67,254,19,19,18,20,17,18,254,0,62
2025-06-27 00:58:00+00:00,68,254,20,19,18,20,18,18,254,0,62
2025-06-27 01:58:00+00:00,68,254,20,19,18,20,18,18,254,0,62
2025-06-27 02:58:00+00:00,69,254,20,19,18,20,18,18,254,0,62
2025-06-27 03:58:00+00:00,68,254,20,19,18,20,18,18,254,0,62
2025-06-27 04:58:00+00:00,68,254,20,19,18,20,18,18,254,0,62
2025-06-27 05:58:00+00:00,67,254,20,19,18,20,16,18,254,0,62
2025-06-27 06:58:00+00:00,67,254,20,19,18,20,16,18,254,0,62
2025-06-27 07:58:00+00:00,66,254,19,18,18,19,16,17,254,0,62
2025-06-27 08:58:00+00:00,66,254,20,18,18,19,16,17,254,0,103
2025-06-27 09:58:00+00:00,65,254,20,18,18,19,16,17,254,0,62
2025-06-27 10:58:00+00:00,65,254,20,18,19,19,16,17,254,0,62
2025-06-27 11:58:00+00:00,64,254,20,18,18,19,16,17,254,0,62
2025-06-27 12:58:00+00:00,64,254,20,18,18,19,16,17,254,0,62
2025-06-27 13:58:00+00:00,63,254,20,18,19,19,17,17,254,0,62
2025-06-27 14:58:00+00:00,63,254,20,18,19,19,17,17,254,0,62
2025-06-27 15:58:00+00:00,63,254,21,18,19,19,17,17,254,0,62
2025-06-27 16:58:00+00:00,63,254,21,18,19,19,17,17,254,0,62
2025-06-27 17:58:00+00:00,64,254,21,18,19,19,17,17,254,0,62
2025-06-27 18:58:00+00:00,64,254,21,18,19,19,17,17,254,0,62
2025-06-27 19:58:00+00:00,65,254,22,19,20,20,18,18,254,0,62
2025-06-27 20:58:00+00:00,65,254,23,19,20,20,18,18,254,0,62
2025-06-27 21:58:00+00:00,66,254,23,19,21,20,19,18,254,0,62
2025-06-27 22:58:00+00:00,67,254,24,19,21,20,19,18,254,0,62
2025-06-27 23:58:00+00:00,68,254,25,19,22,21,20,18,254,0,62
2025-06-28 00:59:00+00:00,69,254,25,19,22,20,20,18,254,0,62
2025-06-28 01:59:00+00:00,69,254,26,19,23,20,20,18,254,0,62
2025-06-28 02:59:00+00:00,69,254,26,19,23,20,20,18,254,0,62
2025-06-28 03:59:00+00:00,68,254,26,19,23,20,20,18,254,0,62
2025-06-28 04:59:00+00:00,68,254,26,19,23,20,20,18,254,0,62
2025-06-28 05:59:00+00:00,67,254,26,19,23,20,20,18,254,0,62
2025-06-28 06:59:00+00:00,67,254,26,19,23,20,20,18,254,0,62
2025-06-28 07:59:00+00:00,67,254,26,19,23,20,20,18,254,0,62
2025-06-28 08:59:00+00:00,66,254,26,18,23,20,20,18,254,2,103
2025-06-28 09:59:00+00:00,66,254,26,18,23,20,19,18,254,0,62
2025-06-28 10:59:00+00:00,65,254,26,18,23,20,19,18,254,0,62
2025-06-28 11:59:00+00:00,65,254,26,18,23,20,19,18,254,0,62
2025-06-28 12:59:00+00:00,64,254,26,18,23,19,18,17,254,0,62
2025-06-28 13:59:00+00:00,64,254,26,18,23,19,19,18,254,0,62
2025-06-28 14:59:00+00:00,63,254,26,18,23,19,19,18,254,0,62
2025-06-28 15:59:00+00:00,63,254,27,18,23,19,19,18,254,0,62
2025-06-28 16:59:00+00:00,64,254,27,18,24,20,19,18,254,0,62
2025-06-28 17:59:00+00:00,64,254,28,18,24,20,20,18,254,0,62
2025-06-28 18:59:00+00:00,64,254,28,18,24,20,20,18,254,0,62
2025-06-28 19:59:00+00:00,65,254,29,19,25,20,21,18,254,0,62
2025-06-28 20:59:00+00:00,65,254,30,19,25,20,21,18,254,0,62
2025-06-28 21:59:00+00:00,66,254,31,19,26,20,21,18,254,0,62
2025-06-28 22:59:00+00:00,67,254,33,19,27,20,22,18,254,0,62
2025-06-28 23:59:00+00:00,68,254,35,19,28,21,23,19,254,0,62
2025-06-29 00:59:00+00:00,68,254,36,19,29,21,23,19,254,0,62
2025-06-29 01:59:00+00:00,68,254,37,19,30,21,23,19,254,0,62
2025-06-29 02:59:00+00:00,68,254,38,19,31,21,24,19,254,0,62
2025-06-29 03:59:00+00:00,68,254,39,19,31,21,24,19,254,0,62
2025-06-29 04:59:00+00:00,68,254,40,19,32,21,24,19,254,0,62
2025-06-29 05:59:00+00:00,67,254,39,19,31,20,23,18,254,0,62
2025-06-29 06:59:00+00:00,67,254,40,19,32,20,23,18,254,0,62
2025-06-29 07:59:00+00:00,66,254,39,19,32,20,23,18,254,0,62
2025-06-29 08:59:00+00:00,66,254,40,19,32,20,23,18,254,0,103
2025-06-29 09:59:00+00:00,65,254,40,19,32,20,23,18,254,0,62
2025-06-29 10:59:00+00:00,65,254,40,19,32,20,24,18,254,0,62
2025-06-29 11:59:00+00:00,64,254,40,18,32,20,23,18,254,0,62
2025-06-29 12:59:00+00:00,64,254,40,18,32,20,23,18,254,0,62
2025-06-29 13:59:00+00:00,63,254,40,18,32,20,24,18,254,0,62
2025-06-29 14:59:00+00:00,63,254,40,18,32,20,24,18,254,0,62
2025-06-29 15:59:00+00:00,63,254,41,18,33,20,24,18,254,0,62
2025-06-29 16:59:00+00:00,63,254,41,19,33,20,24,18,254,0,62
2025-06-29 17:59:00+00:00,64,254,42,19,33,20,25,18,254,0,62
2025-06-29 18:59:00+00:00,64,254,43,19,34,20,25,18,254,0,62
2025-06-29 19:59:00+00:00,65,254,45,19,35,20,26,18,254,0,62
2025-06-29 20:59:00+00:00,65,254,46,19,36,20,27,18,254,0,62
2025-06-29 21:59:00+00:00,66,254,47,19,37,20,28,18,254,0,62
2025-06-29 22:59:00+00:00,67,254,49,19,39,21,29,19,254,0,62
2025-06-29 23:59:00+00:00,68,254,52,20,42,21,30,19,254,0,62
2025-06-30 00:59:00+00:00,69,254,53,20,43,21,31,19,254,0,62
2025-06-30 01:59:00+00:00,69,254,55,20,44,21,31,19,254,0,62
2025-06-30 02:59:00+00:00,69,254,56,20,46,21,32,19,254,0,62
2025-06-30 03:59:00+00:00,69,254,57,20,47,21,32,19,254,0,62
2025-06-30 04:59:00+00:00,68,254,59,20,48,21,32,19,254,0,62
2025-06-30 05:59:00+00:00,68,254,60,20,49,21,32,19,254,0,62
2025-06-30 06:59:00+00:00,67,254,60,19,48,21,32,18,254,0,62
2025-06-30 07:59:00+00:00,67,254,61,19,49,20,32,18,254,0,62
2025-06-30 08:59:00+00:00,66,254,60,19,49,20,32,18,254,0,103
2025-06-30 09:59:00+00:00,66,254,61,19,50,20,32,18,254,0,62
2025-06-30 10:59:00+00:00,65,254,62,19,50,20,32,18,254,0,62
2025-06-30 11:59:00+00:00,65,254,63,19,51,20,33,18,254,0,62
2025-06-30 12:59:00+00:00,64,254,62,19,50,20,32,18,254,0,62
2025-06-30 13:59:00+00:00,64,254,63,19,51,20,33,18,254,0,62
2025-06-30 14:59:00+00:00,63,254,63,19,51,20,33,18,254,0,62
2025-06-30 15:59:00+00:00,63,254,64,19,52,20,33,18,254,0,62
2025-06-30 16:59:00+00:00,63,254,64,19,52,20,34,18,254,0,62
2025-06-30 17:59:00+00:00,64,254,63,19,52,20,34,18,254,0,62
2025-06-30 18:59:00+00:00,64,254,63,19,52,20,35,18,254,0,62
2025-06-30 19:59:00+00:00,65,254,64,19,53,21,36,19,254,0,62
2025-06-30 20:59:00+00:00,66,254,64,19,54,21,36,19,254,0,62
2025-06-30 21:59:00+00:00,66,254,64,19,54,21,37,19,254,0,62
2025-06-30 22:59:00+00:00,68,254,66,20,57,21,39,19,254,0,62
2025-06-30 23:59:00+00:00,69,254,66,20,57,21,40,19,254,0,62
2025-07-01 00:59:00+00:00,69,254,66,20,58,21,41,19,254,0,62
2025-07-01 01:59:00+00:00,70,254,68,20,60,22,42,19,254,0,62
2025-07-01 02:59:00+00:00,70,254,68,20,61,22,43,19,254,0,62
2025-07-01 03:59:00+00:00,70,254,69,20,62,22,43,19,254,0,62
2025-07-01 04:59:00+00:00,70,254,70,20,63,22,44,19,254,0,62
2025-07-01 05:59:00+00:00,69,254,69,20,62,21,44,19,254,0,62
2025-07-01 06:59:00+00:00,69,254,69,20,63,21,44,19,254,0,62
2025-07-01 07:59:00+00:00,69,254,70,20,64,21,45,19,254,0,62
2025-07-01 08:59:00+00:00,68,254,71,20,65,21,45,19,254,0,103
2025-07-01 09:59:00+00:00,68,254,72,20,66,21,46,19,254,0,62
2025-07-01 10:59:00+00:00,67,254,71,19,65,21,45,19,254,0,62
2025-07-01 11:59:00+00:00,67,254,72,19,66,21,44,18,254,0,62
2025-07-01 12:59:00+00:00,66,254,72,19,66,20,44,18,254,0,62
2025-07-01 13:59:00+00:00,66,254,72,19,66,20,43,18,254,17,62
2025-07-01 15:00:00+00:00,65,254,72,19,66,20,43,18,254,21,62
2025-07-01 16:00:00+00:00,65,254,73,19,66,20,40,18,254,22,62
2025-07-01 17:00:00+00:00,65,254,72,19,65,20,28,18,254,19,62
2025-07-01 18:00:00+00:00,66,254,71,19,56,20,17,18,254,17,62
2025-07-01 19:00:00+00:00,66,254,71,19,32,20,12,18,254,15,62
2025-07-01 20:00:00+00:00,67,254,71,19,13,21,11,19,254,19,62
2025-07-01 21:00:00+00:00,68,254,71,20,6,21,11,19,254,14,62
2025-07-01 22:00:00+00:00,69,254,70,20,11,21,10,19,254,0,62
2025-07-01 23:00:00+00:00,70,254,71,20,7,22,13,19,254,0,62
2025-07-02 00:00:00+00:00,70,254,71,20,8,21,11,19,254,0,62
2025-07-02 01:00:00+00:00,71,254,70,20,5,21,11,19,254,0,62
2025-07-02 02:00:00+00:00,71,254,69,20,9,21,12,19,254,0,62
2025-07-02 03:00:00+00:00,71,254,68,20,11,21,12,19,254,0,62
2025-07-02 04:00:00+00:00,71,254,67,20,11,21,13,19,254,0,62
2025-07-02 05:02:00+00:00,70,254,66,20,12,21,12,19,254,0,62
2025-07-02 06:02:00+00:00,70,254,65,20,12,21,12,19,254,0,62
2025-07-02 07:02:00+00:00,70,254,63,20,13,21,13,19,254,0,62
2025-07-02 08:02:00+00:00,69,254,61,20,12,21,12,19,254,0,103
2025-07-02 09:02:00+00:00,69,254,60,20,13,21,13,19,254,0,62
2025-07-02 10:02:00+00:00,68,254,58,20,13,21,14,19,254,0,62
2025-07-02 11:02:00+00:00,68,254,57,20,13,21,12,19,254,1,62
2025-07-02 12:02:00+00:00,68,254,56,20,13,21,11,19,254,0,62
2025-07-02 13:02:00+00:00,67,254,53,19,12,20,12,18,254,0,62
2025-07-02 14:02:00+00:00,67,254,52,19,12,20,12,18,254,0,62
2025-07-02 15:02:00+00:00,66,254,50,19,12,20,12,18,254,0,62
2025-07-02 16:02:00+00:00,66,254,48,19,12,20,12,18,254,0,62
2025-07-02 17:02:00+00:00,66,254,47,19,13,20,12,18,254,0,62
2025-07-02 18:02:00+00:00,66,254,46,19,13,20,12,18,254,0,62
2025-07-02 19:02:00+00:00,66,254,44,19,13,20,12,18,254,0,62
2025-07-02 20:02:00+00:00,66,254,43,19,14,20,12,18,254,0,62
2025-07-02 21:02:00+00:00,67,254,43,20,15,21,13,19,254,0,62
2025-07-02 22:02:00+00:00,67,254,43,20,15,21,13,19,254,0,62
2025-07-02 23:02:00+00:00,68,254,44,20,16,21,14,19,254,0,62
2025-07-03 00:02:00+00:00,68,254,45,20,16,21,14,19,254,0,62
2025-07-03 01:02:00+00:00,69,254,45,20,16,21,14,19,254,0,62
2025-07-03 02:02:00+00:00,69,254,45,20,16,21,14,19,254,0,62
2025-07-03 03:02:00+00:00,69,254,46,20,17,21,14,19,254,0,62
2025-07-03 04:02:00+00:00,69,254,46,20,17,21,14,19,254,0,62
2025-07-03 05:02:00+00:00,69,254,46,20,17,21,14,19,254,0,62
2025-07-03 06:02:00+00:00,69,254,47,20,17,21,15,19,254,0,62
2025-07-03 07:03:00+00:00,69,254,47,20,17,21,15,19,254,0,62
2025-07-03 08:03:00+00:00,68,254,47,20,17,21,15,19,254,0,103
2025-07-03 09:03:00+00:00,68,254,47,20,17,21,15,19,254,0,62
2025-07-03 10:03:00+00:00,68,254,47,20,17,21,15,19,254,0,62
2025-07-03 11:03:00+00:00,67,254,46,19,17,20,15,18,254,0,62
2025-07-03 12:03:00+00:00,67,254,46,19,17,20,15,18,254,0,62
2025-07-03 13:03:00+00:00,67,254,46,19,17,21,15,18,254,0,62
2025-07-03 14:03:00+00:00,67,254,46,19,17,21,15,18,254,0,62
2025-07-03 15:03:00+00:00,67,254,46,19,17,21,15,18,254,0,62
2025-07-03 16:03:00+00:00,66,254,45,19,17,20,16,18,254,0,62
2025-07-03 17:03:00+00:00,66,254,45,19,18,20,16,18,254,0,62
2025-07-03 18:03:00+00:00,66,254,45,19,18,20,16,18,254,0,61
2025-07-03 19:03:00+00:00,67,254,46,20,18,21,17,19,254,0,61
2025-07-03 20:03:00+00:00,67,254,47,20,19,21,17,19,254,0,61
2025-07-03 21:03:00+00:00,68,254,48,20,19,21,18,19,254,0,61
2025-07-03 22:03:00+00:00,68,254,49,20,19,21,18,19,254,0,61
2025-07-03 23:03:00+00:00,69,254,49,20,20,21,18,19,254,0,62
2025-07-04 00:03:00+00:00,69,254,50,20,20,21,18,19,254,0,62
2025-07-04 01:03:00+00:00,70,254,52,20,20,21,19,19,254,0,62
2025-07-04 02:03:00+00:00,70,254,53,20,20,21,19,19,254,0,62
2025-07-04 03:03:00+00:00,70,254,54,20,21,21,19,19,254,0,62
2025-07-04 04:03:00+00:00,70,254,55,20,21,21,19,19,254,0,62
2025-07-04 05:04:00+00:00,69,254,54,20,20,21,18,19,254,0,62
2025-07-04 06:04:00+00:00,69,254,55,20,20,21,19,19,254,0,62
2025-07-04 07:05:00+00:00,69,254,55,20,21,21,19,19,254,4,62
2025-07-04 08:05:00+00:00,68,254,56,20,21,21,19,19,254,5,103
2025-07-04 09:05:00+00:00,68,254,56,20,21,21,19,19,254,0,62
2025-07-04 10:05:00+00:00,68,254,56,20,21,21,19,19,254,1,62
2025-07-04 11:05:00+00:00,67,254,55,19,21,20,19,18,254,0,62
2025-07-04 12:05:00+00:00,67,254,56,19,21,20,19,18,254,2,62
2025-07-04 13:05:00+00:00,67,254,56,19,21,20,19,18,254,3,62
2025-07-04 14:05:00+00:00,66,254,55,19,21,20,19,18,254,0,62
2025-07-04 15:06:00+00:00,66,254,55,19,21,20,19,18,254,0,62
2025-07-04 16:06:00+00:00,66,254,55,19,21,20,19,18,254,0,62
2025-07-04 17:06:00+00:00,66,254,55,19,21,20,19,18,254,0,61
2025-07-04 18:06:00+00:00,66,254,55,19,21,20,19,18,254,0,61
2025-07-04 19:06:00+00:00,66,254,56,19,21,20,19,18,254,0,61
2025-07-04 20:06:00+00:00,67,254,57,20,22,21,20,19,254,0,61
2025-07-04 21:06:00+00:00,67,254,57,20,22,21,20,19,254,0,61
2025-07-04 22:06:00+00:00,68,254,58,20,23,21,21,19,254,0,61
2025-07-04 23:06:00+00:00,68,254,59,20,24,21,21,19,254,0,62
2025-07-05 00:06:00+00:00,69,254,60,20,24,21,21,19,254,0,62
2025-07-05 01:06:00+00:00,69,254,61,20,24,21,22,19,254,0,62
2025-07-05 02:06:00+00:00,69,254,62,20,25,21,22,19,254,0,62
2025-07-05 03:06:00+00:00,68,254,63,20,25,21,22,19,254,0,62
2025-07-05 04:06:00+00:00,68,254,64,20,26,21,22,19,254,0,62
2025-07-05 05:06:00+00:00,68,254,65,20,26,21,23,19,254,0,62
2025-07-05 06:06:00+00:00,67,254,65,20,26,21,22,19,254,0,62
2025-07-05 07:06:00+00:00,67,254,66,20,26,21,22,19,254,0,62
2025-07-05 08:06:00+00:00,66,254,65,19,26,20,22,18,254,0,103
2025-07-05 09:06:00+00:00,66,254,66,19,26,20,22,18,254,0,62
2025-07-05 10:06:00+00:00,65,254,66,19,26,20,22,18,254,0,62
2025-07-05 11:06:00+00:00,65,254,67,19,26,20,22,18,254,0,62
2025-07-05 12:06:00+00:00,65,254,68,19,26,20,22,18,254,0,62
2025-07-05 13:06:00+00:00,64,254,67,19,26,20,22,18,254,0,62
2025-07-05 14:06:00+00:00,64,254,68,19,26,20,22,18,254,0,62
2025-07-05 15:06:00+00:00,63,254,68,19,26,20,22,18,254,0,62
2025-07-05 16:06:00+00:00,63,254,68,19,26,20,22,18,254,0,61
2025-07-05 17:06:00+00:00,63,254,68,19,27,20,22,18,254,0,61
2025-07-05 18:06:00+00:00,63,254,68,19,27,20,23,18,254,0,61
2025-07-05 19:06:00+00:00,64,254,68,19,27,20,23,18,254,0,61
2025-07-05 20:06:00+00:00,64,254,68,19,27,20,23,18,254,0,61
2025-07-05 21:06:00+00:00,65,254,69,20,28,21,24,19,254,0,61
2025-07-05 22:06:00+00:00,66,254,69,20,29,21,25,19,254,0,61
2025-07-05 23:06:00+00:00,66,254,70,20,29,21,25,19,254,0,61
2025-07-06 00:06:00+00:00,67,254,72,20,30,21,26,19,254,0,61
2025-07-06 01:06:00+00:00,67,254,72,20,31,21,26,19,254,0,61
2025-07-06 02:06:00+00:00,67,254,73,20,32,21,27,19,254,0,61
2025-07-06 03:06:00+00:00,67,254,73,20,32,21,27,19,254,0,62
2025-07-06 04:06:00+00:00,67,254,74,20,33,21,27,19,254,0,62
2025-07-06 05:06:00+00:00,66,254,73,20,33,21,27,19,254,0,62
2025-07-06 06:06:00+00:00,66,254,74,20,34,21,27,19,254,0,62
2025-07-06 07:06:00+00:00,66,254,75,20,34,21,27,19,254,0,62
2025-07-06 08:06:00+00:00,65,254,75,20,34,21,27,19,254,0,103
2025-07-06 09:06:00+00:00,64,254,75,19,34,20,27,18,254,0,62
2025-07-06 10:06:00+00:00,64,254,75,19,34,20,27,18,254,0,62
2025-07-06 11:06:00+00:00,64,254,76,19,35,20,27,18,254,0,62
2025-07-06 12:06:00+00:00,63,254,76,19,35,20,25,18,254,0,62
2025-07-06 13:06:00+00:00,63,254,77,19,35,20,23,19,254,0,62
2025-07-06 14:06:00+00:00,62,254,76,19,35,20,22,18,254,0,62
2025-07-06 15:06:00+00:00,62,254,77,19,35,20,22,18,254,0,61
2025-07-06 16:06:00+00:00,62,254,77,19,35,20,21,18,254,0,61
2025-07-06 17:06:00+00:00,62,254,77,19,35,20,22,18,254,0,61
2025-07-06 18:06:00+00:00,63,254,77,20,36,21,22,19,254,0,61
2025-07-06 19:06:00+00:00,63,254,77,20,36,21,23,19,254,0,61
2025-07-06 20:06:00+00:00,64,254,76,20,36,21,24,19,254,0,61
2025-07-06 21:06:00+00:00,64,254,75,20,37,21,24,19,254,0,61
2025-07-06 22:06:00+00:00,65,254,76,20,38,21,25,19,254,0,61
2025-07-06 23:06:00+00:00,66,254,75,20,39,21,26,19,254,0,61
2025-07-07 00:06:00+00:00,67,254,76,21,40,22,27,19,254,0,61
2025-07-07 01:06:00+00:00,67,254,76,21,41,22,27,20,254,0,61
2025-07-07 02:06:00+00:00,67,254,76,21,42,22,28,20,254,0,61
2025-07-07 03:06:00+00:00,67,254,76,21,43,22,28,19,254,0,62
2025-07-07 04:06:00+00:00,67,254,76,21,44,22,28,19,254,0,62
2025-07-07 05:06:00+00:00,67,254,77,20,45,21,28,19,254,0,62
2025-07-07 06:06:00+00:00,66,254,76,20,45,21,28,19,254,0,62
2025-07-07 07:06:00+00:00,66,254,77,20,46,21,28,19,254,0,62
2025-07-07 08:06:00+00:00,66,254,78,20,46,21,28,19,254,0,103
2025-07-07 09:06:00+00:00,65,254,79,20,47,21,29,19,254,0,62
2025-07-07 10:06:00+00:00,65,254,79,20,47,21,29,19,254,0,62
2025-07-07 11:06:00+00:00,64,254,79,20,47,21,28,19,254,0,62
2025-07-07 12:06:00+00:00,64,254,79,20,48,21,29,19,254,0,62
2025-07-07 13:06:00+00:00,63,254,80,20,48,21,29,19,254,0,62
2025-07-07 14:06:00+00:00,63,254,81,20,49,21,29,19,254,0,62
2025-07-07 15:06:00+00:00,63,254,81,20,49,21,24,19,254,8,61
2025-07-07 16:06:00+00:00,63,254,81,20,49,21,17,19,254,0,61
2025-07-07 17:07:00+00:00,63,254,81,20,49,21,17,19,254,0,61
2025-07-07 18:07:00+00:00,63,254,80,20,48,21,17,19,254,0,61
2025-07-07 19:07:00+00:00,64,254,79,20,49,21,18,19,254,0,61
2025-07-07 20:07:00+00:00,64,254,79,20,49,21,19,19,254,0,61
2025-07-07 21:07:00+00:00,65,254,79,20,50,21,20,19,254,0,61
2025-07-07 22:07:00+00:00,66,254,78,21,50,21,20,19,254,0,61
2025-07-07 23:09:00+00:00,67,254,79,21,52,22,21,20,254,0,61
2025-07-08 00:09:00+00:00,68,254,80,21,53,22,22,20,254,0,61
2025-07-08 01:09:00+00:00,68,254,80,21,54,22,23,20,254,0,61
2025-07-08 02:09:00+00:00,68,254,80,21,55,22,24,20,254,0,61
2025-07-08 03:09:00+00:00,68,254,80,21,56,22,24,20,254,0,61
2025-07-08 04:09:00+00:00,68,254,80,21,56,22,25,20,254,0,62
2025-07-08 05:09:00+00:00,68,254,81,21,57,22,25,20,254,0,62
2025-07-08 06:09:00+00:00,68,254,82,21,58,22,25,20,254,0,62
2025-07-08 07:09:00+00:00,67,254,81,21,58,22,25,19,254,0,62
2025-07-08 08:09:00+00:00,67,254,82,21,58,22,25,19,254,0,103
2025-07-08 09:09:00+00:00,66,254,81,20,58,21,25,19,254,0,62
2025-07-08 10:09:00+00:00,66,254,82,20,59,21,25,19,254,0,62
2025-07-08 11:09:00+00:00,65,254,83,20,60,21,26,19,254,0,62
2025-07-08 12:09:00+00:00,65,254,84,20,60,21,26,19,254,0,62
2025-07-08 13:09:00+00:00,64,254,83,20,60,21,26,19,254,7,62
2025-07-08 14:09:00+00:00,64,254,83,20,60,21,26,19,254,16,62
2025-07-08 15:09:00+00:00,64,254,84,20,60,21,26,19,254,18,61
2025-07-08 16:09:00+00:00,63,254,84,20,60,21,23,19,254,13,61
2025-07-08 17:10:00+00:00,63,254,84,20,60,21,18,19,254,17,61
2025-07-08 18:10:00+00:00,64,254,83,20,59,21,12,19,254,27,61
2025-07-08 19:10:00+00:00,65,254,84,20,59,21,10,19,254,22,61
2025-07-08 20:10:00+00:00,66,254,82,20,56,21,4,19,254,20,61
2025-07-08 21:10:00+00:00,67,254,82,21,38,21,3,19,254,21,61
2025-07-08 22:10:00+00:00,68,254,82,21,14,22,2,19,254,19,61
2025-07-08 23:10:00+00:00,69,254,75,21,6,22,2,19,254,12,61
2025-07-09 00:10:00+00:00,70,254,26,21,2,22,6,18,254,11,61
2025-07-09 01:10:00+00:00,71,254,12,21,2,21,3,18,254,0,61
2025-07-09 02:10:00+00:00,71,254,11,21,3,21,6,17,254,0,61
2025-07-09 03:10:00+00:00,71,254,10,21,10,20,9,17,254,0,61
2025-07-09 04:10:00+00:00,71,254,11,21,7,20,4,17,254,0,61
2025-07-09 05:10:00+00:00,71,254,11,21,7,20,6,17,254,0,61
2025-07-09 06:10:00+00:00,70,254,11,21,8,20,7,17,254,0,61
2025-07-09 07:10:00+00:00,70,254,11,21,4,20,8,17,254,0,62
2025-07-09 08:10:00+00:00,69,254,11,20,6,19,9,17,254,0,103
2025-07-09 09:10:00+00:00,69,254,12,20,10,19,10,17,254,0,61
2025-07-09 10:10:00+00:00,68,254,12,20,10,19,10,17,254,0,61
2025-07-09 11:10:00+00:00,68,254,12,20,12,20,14,17,254,0,62
2025-07-09 12:10:00+00:00,67,254,12,20,10,19,11,17,254,0,62
2025-07-09 13:10:00+00:00,67,254,12,20,11,19,13,17,254,0,61
2025-07-09 14:10:00+00:00,66,254,12,20,11,19,11,17,254,0,61
2025-07-09 15:10:00+00:00,66,254,12,20,11,19,12,17,254,0,61
2025-07-09 16:10:00+00:00,66,254,13,20,12,19,12,17,254,0,61
2025-07-09 17:10:00+00:00,66,254,13,20,12,19,12,17,254,0,61
2025-07-09 18:10:00+00:00,66,254,14,20,12,19,13,17,254,0,61
2025-07-09 19:10:00+00:00,66,254,14,20,13,19,13,17,254,0,61
2025-07-09 20:10:00+00:00,67,254,15,20,14,20,14,18,254,0,61
2025-07-09 21:10:00+00:00,67,254,15,20,14,20,14,18,254,0,61
2025-07-09 22:10:00+00:00,68,254,16,20,14,20,15,18,254,0,61
2025-07-09 23:10:00+00:00,68,254,16,20,14,20,15,18,254,0,61
2025-07-10 00:10:00+00:00,69,254,16,20,15,20,15,18,254,0,61
2025-07-10 01:11:00+00:00,69,254,16,20,15,21,15,18,254,0,61
2025-07-10 02:11:00+00:00,69,254,16,20,15,20,15,18,254,0,61
2025-07-10 03:11:00+00:00,69,254,16,20,15,20,15,18,254,0,61
2025-07-10 04:11:00+00:00,68,254,17,20,15,21,15,18,254,0,61
2025-07-10 05:11:00+00:00,68,254,17,20,15,20,16,18,254,0,61
2025-07-10 06:11:00+00:00,67,254,16,20,15,20,15,18,254,0,61
2025-07-10 07:11:00+00:00,67,254,17,20,15,20,16,18,254,0,61
2025-07-10 08:11:00+00:00,67,254,17,20,15,20,16,18,254,0,103
2025-07-10 09:11:00+00:00,66,254,17,19,15,20,16,18,254,0,61
2025-07-10 10:11:00+00:00,66,254,17,19,15,20,16,18,254,0,61
2025-07-10 11:11:00+00:00,65,254,17,19,15,20,16,18,254,0,61
2025-07-10 12:11:00+00:00,65,254,17,19,16,20,16,18,254,0,61
2025-07-10 13:11:00+00:00,65,254,17,19,16,20,16,18,254,0,61
2025-07-10 14:11:00+00:00,64,254,17,19,16,20,16,18,254,0,61
2025-07-10 15:11:00+00:00,64,254,17,19,16,20,16,18,254,0,61
2025-07-10 16:11:00+00:00,64,254,17,19,16,20,16,18,254,0,61
2025-07-10 17:11:00+00:00,64,254,18,19,16,20,17,18,254,0,61
2025-07-10 18:11:00+00:00,64,254,18,19,17,20,17,18,254,0,61
2025-07-10 19:11:00+00:00,64,254,19,19,17,20,18,18,254,0,61
2025-07-10 20:11:00+00:00,64,254,19,19,17,20,18,18,254,0,61
2025-07-10 21:12:00+00:00,65,254,20,20,18,20,19,18,254,0,61
2025-07-10 22:12:00+00:00,65,254,20,20,18,20,19,18,254,0,61
2025-07-10 23:12:00+00:00,65,254,20,20,18,20,19,18,254,0,61
2025-07-11 00:12:00+00:00,66,254,20,20,18,20,19,18,254,0,61
2025-07-11 01:12:00+00:00,66,254,21,20,19,20,20,18,254,0,61
2025-07-11 02:12:00+00:00,66,254,21,20,19,20,20,18,254,0,61
2025-07-11 03:12:00+00:00,66,254,21,20,19,20,20,18,254,0,61
2025-07-11 04:12:00+00:00,66,254,21,20,19,20,20,18,254,0,61
2025-07-11 05:13:00+00:00,66,254,21,20,19,20,20,18,254,0,61
2025-07-11 06:13:00+00:00,65,254,21,20,19,20,20,18,254,0,61
2025-07-11 07:13:00+00:00,65,254,21,20,19,20,20,18,254,0,61
2025-07-11 08:13:00+00:00,65,254,21,20,19,20,20,18,254,0,103
2025-07-11 09:13:00+00:00,65,254,21,20,19,20,20,18,254,0,61
2025-07-11 10:13:00+00:00,65,254,21,20,19,20,20,18,254,0,61
2025-07-11 11:13:00+00:00,64,254,21,19,19,20,20,18,254,0,61
2025-07-11 12:13:00+00:00,64,254,21,19,19,20,20,18,254,0,61
2025-07-11 13:13:00+00:00,64,254,21,19,19,20,20,18,254,0,61
2025-07-11 14:13:00+00:00,64,254,21,19,19,20,21,18,254,0,61
2025-07-11 15:13:00+00:00,63,254,22,19,19,20,21,18,254,0,61
2025-07-11 16:13:00+00:00,63,254,22,19,20,20,21,18,254,0,61
2025-07-11 17:13:00+00:00,63,254,22,20,20,20,21,18,254,0,61
2025-07-11 18:13:00+00:00,64,254,22,20,20,20,22,18,254,0,61
2025-07-11 19:13:00+00:00,64,254,23,20,20,20,22,18,254,0,61
2025-07-11 20:13:00+00:00,65,254,23,20,21,21,23,19,254,0,61
2025-07-11 21:13:00+00:00,65,254,23,20,21,21,23,19,254,0,61
2025-07-11 22:13:00+00:00,66,254,24,20,21,21,23,19,254,0,61
2025-07-11 23:13:00+00:00,67,254,25,20,21,21,24,19,254,0,61
2025-07-12 00:13:00+00:00,67,254,25,20,22,21,24,19,254,0,61
2025-07-12 01:13:00+00:00,67,254,25,20,22,21,25,19,254,0,61
2025-07-12 02:13:00+00:00,67,254,26,20,22,21,25,19,254,0,61
2025-07-12 03:13:00+00:00,68,254,27,21,22,21,26,19,254,0,61
2025-07-12 04:13:00+00:00,67,254,26,20,22,21,25,19,254,0,61
2025-07-12 05:13:00+00:00,67,254,27,20,22,21,26,19,254,0,61
2025-07-12 06:13:00+00:00,67,254,27,20,23,21,26,19,254,0,61
2025-07-12 07:13:00+00:00,67,254,27,20,23,21,26,19,254,0,61
2025-07-12 08:13:00+00:00,66,254,27,20,22,21,26,18,254,0,103
2025-07-12 09:13:00+00:00,66,254,27,20,23,21,26,18,254,0,61
2025-07-12 10:13:00+00:00,65,254,27,20,23,21,26,18,254,0,61
2025-07-12 11:14:00+00:00,65,254,27,20,23,21,26,18,254,0,61
2025-07-12 12:14:00+00:00,65,254,27,20,23,21,27,18,254,0,61
2025-07-12 13:14:00+00:00,64,254,27,19,23,20,27,18,254,0,61
2025-07-12 14:14:00+00:00,64,254,27,19,23,20,27,18,254,0,61
2025-07-12 15:14:00+00:00,64,254,28,19,23,20,27,18,254,0,61
2025-07-12 16:14:00+00:00,63,254,28,19,23,20,27,18,254,0,61
2025-07-12 17:14:00+00:00,64,254,28,20,23,20,28,18,254,0,61
2025-07-12 18:14:00+00:00,64,254,28,20,23,21,28,18,254,0,61
2025-07-12 19:14:00+00:00,64,254,29,20,24,21,29,18,254,0,61
2025-07-12 20:14:00+00:00,65,254,30,20,24,21,30,19,254,0,61
2025-07-12 21:14:00+00:00,66,254,30,20,25,21,31,19,254,0,61
2025-07-12 22:14:00+00:00,66,254,31,20,25,21,32,19,254,0,61
2025-07-12 23:14:00+00:00,67,254,33,20,26,21,34,19,254,0,61
2025-07-13 00:14:00+00:00,67,254,34,20,27,21,35,19,254,0,61
2025-07-13 01:14:00+00:00,67,254,35,20,27,21,36,19,254,0,61
2025-07-13 02:14:00+00:00,68,254,37,21,28,22,38,19,254,0,61
2025-07-13 03:14:00+00:00,68,254,38,21,29,22,39,19,254,0,61
2025-07-13 04:14:00+00:00,67,254,38,20,29,21,39,19,254,0,61
2025-07-13 05:14:00+00:00,67,254,39,20,29,21,40,19,254,0,61
2025-07-13 06:14:00+00:00,67,254,40,20,30,21,41,19,254,0,61
2025-07-13 07:14:00+00:00,67,254,41,20,30,21,41,19,254,0,61
2025-07-13 08:14:00+00:00,66,254,41,20,30,21,41,19,254,0,103
2025-07-13 09:14:00+00:00,66,254,41,20,30,21,41,19,254,0,61
2025-07-13 10:14:00+00:00,66,254,42,20,30,21,42,19,254,0,61
2025-07-13 11:14:00+00:00,65,254,42,20,31,21,42,19,254,0,61
2025-07-13 12:14:00+00:00,65,254,42,20,31,21,42,19,254,0,61
2025-07-13 13:14:00+00:00,65,254,43,20,31,21,43,19,254,0,61
2025-07-13 14:14:00+00:00,64,254,42,20,31,21,42,18,254,0,61
2025-07-13 15:14:00+00:00,64,254,42,20,31,21,43,19,254,0,61
2025-07-13 16:14:00+00:00,64,254,43,20,31,21,43,19,254,0,61
2025-07-13 17:14:00+00:00,64,254,43,20,31,21,44,19,254,0,61
2025-07-13 18:14:00+00:00,64,254,43,20,32,21,45,19,254,0,61
2025-07-13 19:14:00+00:00,65,254,44,20,32,21,46,19,254,0,61
2025-07-13 20:14:00+00:00,65,254,45,20,33,21,48,19,254,0,61
2025-07-13 21:14:00+00:00,66,254,45,20,34,21,48,19,254,0,61
2025-07-13 22:14:00+00:00,67,254,47,21,35,22,50,20,254,0,61
2025-07-13 23:14:00+00:00,68,254,49,21,36,22,52,20,254,0,61
2025-07-14 00:14:00+00:00,68,254,50,21,37,22,53,20,254,0,61
2025-07-14 01:14:00+00:00,68,254,51,21,39,22,54,20,254,0,61
2025-07-14 02:14:00+00:00,69,254,52,21,40,22,55,20,254,0,61
2025-07-14 03:14:00+00:00,69,254,53,21,41,22,56,20,254,0,61
2025-07-14 04:14:00+00:00,69,254,55,21,42,22,58,20,254,0,61
2025-07-14 05:15:00+00:00,68,254,56,21,43,22,59,20,254,0,61
2025-07-14 06:15:00+00:00,68,254,57,21,44,22,60,20,254,0,61
2025-07-14 07:15:00+00:00,68,254,58,21,45,22,61,20,254,0,61
2025-07-14 08:15:00+00:00,67,254,58,20,45,21,61,19,254,0,103
2025-07-14 09:15:00+00:00,67,254,59,20,46,21,62,19,254,0,61
2025-07-14 10:15:00+00:00,67,254,60,20,47,21,63,19,254,0,61
2025-07-14 11:15:00+00:00,67,254,61,20,47,21,63,19,254,0,61
2025-07-14 12:15:00+00:00,66,254,61,20,47,21,63,19,254,0,61
2025-07-14 13:15:00+00:00,66,254,61,20,47,21,63,19,254,0,61
2025-07-14 14:15:00+00:00,66,254,62,20,48,21,64,19,254,0,61
2025-07-14 15:15:00+00:00,65,254,62,20,48,21,64,19,254,0,61
2025-07-14 16:15:00+00:00,65,254,63,20,48,21,64,19,254,0,61
2025-07-14 17:15:00+00:00,66,254,62,20,49,21,64,19,254,0,61
2025-07-14 18:15:00+00:00,66,254,62,20,49,21,64,19,254,0,61
2025-07-14 19:15:00+00:00,67,254,63,20,50,22,65,20,254,0,61
2025-07-14 20:15:00+00:00,67,254,63,21,51,22,65,20,254,0,61
2025-07-14 21:15:00+00:00,68,254,64,21,53,22,66,20,254,0,61
2025-07-14 22:15:00+00:00,69,254,65,21,54,22,65,20,254,0,61
2025-07-14 23:15:00+00:00,69,254,65,21,55,22,65,20,254,0,61
2025-07-15 00:15:00+00:00,69,254,65,21,55,22,64,20,254,8,61
2025-07-15 01:15:00+00:00,70,254,66,21,58,23,65,20,254,10,61
2025-07-15 02:15:00+00:00,70,254,67,21,59,23,66,20,254,11,61
2025-07-15 03:15:00+00:00,69,254,66,21,58,22,65,20,254,8,61
2025-07-15 04:15:00+00:00,69,254,66,21,59,22,66,20,254,8,61
2025-07-15 05:15:00+00:00,69,254,67,21,60,22,66,20,254,8,61
2025-07-15 06:15:00+00:00,69,254,68,21,61,22,56,20,254,8,61
2025-07-15 07:15:00+00:00,68,254,68,21,61,22,30,20,254,9,61
2025-07-15 08:15:00+00:00,67,254,64,20,57,22,16,19,254,13,103
2025-07-15 09:15:00+00:00,67,254,49,20,37,21,12,19,254,8,61
2025-07-15 10:15:00+00:00,66,254,14,20,13,21,12,19,254,10,61
2025-07-15 11:15:00+00:00,66,254,10,20,5,21,11,19,254,9,61
2025-07-15 12:15:00+00:00,65,254,5,20,11,20,12,19,254,8,61
2025-07-15 13:15:00+00:00,65,254,5,20,11,20,13,19,254,2,61
2025-07-15 14:15:00+00:00,64,254,5,19,10,19,13,18,254,0,61
2025-07-15 15:15:00+00:00,64,254,5,19,12,18,13,18,254,0,61
2025-07-15 16:15:00+00:00,64,254,6,19,11,18,13,18,254,0,61
2025-07-15 17:15:00+00:00,64,254,6,19,11,18,13,18,254,0,61
2025-07-15 18:15:00+00:00,64,254,6,19,10,18,13,18,254,0,61
2025-07-15 19:15:00+00:00,65,254,8,20,11,18,14,18,254,0,61
2025-07-15 20:15:00+00:00,65,254,10,20,10,19,14,18,254,0,61
2025-07-15 21:15:00+00:00,66,254,10,20,10,19,15,18,254,0,61
2025-07-15 22:15:00+00:00,66,254,11,20,11,19,15,18,254,0,61
2025-07-15 23:15:00+00:00,67,254,12,20,12,19,16,19,254,0,61
2025-07-16 00:15:00+00:00,67,254,13,20,12,20,16,19,254,0,61
2025-07-16 01:15:00+00:00,67,254,13,20,12,20,16,19,254,0,61
2025-07-16 02:15:00+00:00,67,254,13,20,12,20,17,19,254,0,61
2025-07-16 03:15:00+00:00,67,254,13,20,13,20,17,19,254,0,61
2025-07-16 04:15:00+00:00,67,254,13,20,13,20,17,19,254,0,61
2025-07-16 05:15:00+00:00,67,254,14,20,13,20,16,19,254,0,61
2025-07-16 06:15:00+00:00,66,254,13,20,13,20,17,19,254,0,61
2025-07-16 07:15:00+00:00,66,254,14,19,13,20,17,19,254,0,61
2025-07-16 08:15:00+00:00,66,254,14,19,13,20,17,19,254,0,103
2025-07-16 09:15:00+00:00,66,254,14,19,13,20,17,19,254,0,61
2025-07-16 10:15:00+00:00,65,254,14,19,13,20,17,19,254,0,61
2025-07-16 11:16:00+00:00,65,254,14,19,14,20,17,19,254,0,61
2025-07-16 12:16:00+00:00,65,254,14,19,14,20,17,19,254,0,61
2025-07-16 13:16:00+00:00,64,254,14,19,14,20,16,18,254,0,61
2025-07-16 14:16:00+00:00,64,254,14,19,14,20,17,18,254,0,61
2025-07-16 15:16:00+00:00,64,254,14,19,14,20,17,18,254,0,61
2025-07-16 16:16:00+00:00,64,254,15,19,14,20,17,18,254,0,61
2025-07-16 17:16:00+00:00,64,254,15,19,14,20,17,19,254,0,61
2025-07-16 18:16:00+00:00,64,254,15,19,14,20,17,18,254,6,61
2025-07-16 19:16:00+00:00,65,254,15,20,14,20,17,19,254,0,61
2025-07-16 20:16:00+00:00,65,254,16,20,14,20,16,19,254,0,61
2025-07-16 21:16:00+00:00,66,254,16,20,14,20,16,19,254,0,61
2025-07-16 22:16:00+00:00,66,254,16,20,14,20,16,19,254,0,61
2025-07-16 23:16:00+00:00,67,254,17,20,14,21,17,19,254,0,61
2025-07-17 00:16:00+00:00,67,254,17,20,14,21,16,19,254,0,61
2025-07-17 01:16:00+00:00,68,254,17,20,14,21,17,20,254,0,61
2025-07-17 02:16:00+00:00,68,254,17,20,14,21,17,19,254,0,61
2025-07-17 03:16:00+00:00,68,254,17,20,14,21,17,19,254,0,61
2025-07-17 04:16:00+00:00,68,254,17,20,14,21,17,19,254,0,61
2025-07-17 05:16:00+00:00,68,254,17,20,14,21,17,19,254,0,61
2025-07-17 06:16:00+00:00,67,254,17,20,14,21,17,19,254,0,61
2025-07-17 07:16:00+00:00,67,254,17,20,14,21,17,19,254,0,61
2025-07-17 08:16:00+00:00,67,254,17,20,14,21,17,19,254,0,103
2025-07-17 09:16:00+00:00,66,254,17,19,14,20,17,19,254,0,61
2025-07-17 10:16:00+00:00,66,254,17,19,14,20,17,19,254,0,61
2025-07-17 11:16:00+00:00,66,254,17,19,14,20,16,19,254,0,61
2025-07-17 12:16:00+00:00,65,254,17,19,15,20,16,19,254,0,61
2025-07-17 13:16:00+00:00,65,254,17,19,15,20,16,19,254,0,61
2025-07-17 14:16:00+00:00,65,254,17,19,15,20,16,19,254,0,61
2025-07-17 15:16:00+00:00,64,254,17,19,15,20,16,18,254,0,61
2025-07-17 16:16:00+00:00,64,254,17,19,15,20,16,19,254,0,61
2025-07-17 17:16:00+00:00,64,254,18,19,15,20,16,19,254,0,61
2025-07-17 18:16:00+00:00,65,254,18,19,15,21,16,19,254,0,61
2025-07-17 19:16:00+00:00,65,254,18,19,16,21,17,19,254,0,61
2025-07-17 20:16:00+00:00,66,254,19,20,16,21,17,19,254,0,61
2025-07-17 21:16:00+00:00,66,254,19,19,16,21,17,19,254,0,61
2025-07-17 22:16:00+00:00,67,254,19,20,16,21,17,19,254,0,61
2025-07-17 23:16:00+00:00,68,254,20,20,16,21,17,20,254,0,61
2025-07-18 00:16:00+00:00,68,254,20,20,16,21,17,20,254,0,61
2025-07-18 01:16:00+00:00,69,254,20,20,16,21,17,20,254,0,61
2025-07-18 02:16:00+00:00,69,254,20,20,16,21,17,19,254,0,61
2025-07-18 03:16:00+00:00,69,254,20,20,16,21,17,20,254,0,61
2025-07-18 04:16:00+00:00,69,254,20,20,16,21,17,19,254,0,61
2025-07-18 05:17:00+00:00,69,254,20,20,16,21,17,19,254,0,61
2025-07-18 06:17:00+00:00,68,254,20,20,17,21,17,19,254,0,61
2025-07-18 07:17:00+00:00,68,254,20,20,17,21,16,19,254,0,61
2025-07-18 08:17:00+00:00,68,254,21,20,17,21,17,19,254,0,103
2025-07-18 09:17:00+00:00,67,254,20,20,17,21,17,19,254,0,61
2025-07-18 10:17:00+00:00,67,254,20,20,17,21,17,19,254,0,61
2025-07-18 11:17:00+00:00,67,254,21,20,17,21,16,19,254,0,61
2025-07-18 12:17:00+00:00,66,254,20,19,17,20,16,19,254,0,61
2025-07-18 13:17:00+00:00,66,254,20,19,17,20,16,19,254,0,61
2025-07-18 14:17:00+00:00,66,254,20,19,17,20,16,19,254,0,61
2025-07-18 15:17:00+00:00,66,254,21,19,17,20,16,19,254,0,61
2025-07-18 16:17:00+00:00,65,254,21,19,17,21,16,19,254,0,61
2025-07-18 17:17:00+00:00,65,254,21,19,17,21,17,19,254,0,61
2025-07-18 18:17:00+00:00,66,254,21,19,17,21,17,19,254,0,61
2025-07-18 19:17:00+00:00,66,254,21,19,17,21,17,19,254,0,61
2025-07-18 20:17:00+00:00,67,254,22,20,18,21,17,19,254,0,61
2025-07-18 21:17:00+00:00,67,254,22,20,18,21,17,19,254,0,61
2025-07-18 22:17:00+00:00,68,254,23,20,18,21,17,20,254,0,61
2025-07-18 23:17:00+00:00,68,254,23,20,18,21,17,20,254,0,61
2025-07-19 00:17:00+00:00,69,254,23,20,18,21,17,20,254,0,61
2025-07-19 01:17:00+00:00,69,254,24,20,18,21,17,20,254,0,61
2025-07-19 02:17:00+00:00,69,254,24,20,19,21,17,20,254,0,61
2025-07-19 03:17:00+00:00,70,254,24,20,19,22,17,20,254,0,61
2025-07-19 04:17:00+00:00,69,254,24,20,19,21,17,19,254,0,61
2025-07-19 05:17:00+00:00,69,254,24,20,19,21,17,19,254,0,61
2025-07-19 06:17:00+00:00,69,254,24,20,19,21,17,19,254,0,61
2025-07-19 07:17:00+00:00,68,254,25,20,19,21,18,19,254,0,61
2025-07-19 08:17:00+00:00,68,254,25,20,19,21,18,19,254,0,103
2025-07-19 09:17:00+00:00,68,254,25,20,19,21,18,19,254,0,61
2025-07-19 10:17:00+00:00,68,254,25,20,19,21,18,19,254,0,61
2025-07-19 11:17:00+00:00,67,254,25,20,19,21,18,19,254,0,61
2025-07-19 12:17:00+00:00,67,254,25,19,19,21,18,19,254,0,61
2025-07-19 13:17:00+00:00,66,254,25,19,19,21,18,19,254,0,61
2025-07-19 14:17:00+00:00,66,254,25,19,19,21,18,19,254,0,61
2025-07-19 15:17:00+00:00,66,254,25,19,19,21,18,19,254,0,61
2025-07-19 16:17:00+00:00,66,254,25,19,19,21,18,19,254,0,61
2025-07-19 17:17:00+00:00,65,254,26,19,20,21,18,19,254,0,61
2025-07-19 18:17:00+00:00,66,254,26,19,20,21,19,19,254,0,61
2025-07-19 19:17:00+00:00,66,254,26,19,20,21,19,19,254,0,61
2025-07-19 20:17:00+00:00,66,254,27,19,20,21,19,19,254,0,61
2025-07-19 21:17:00+00:00,66,254,28,19,20,21,19,19,254,0,61
2025-07-19 22:17:00+00:00,66,254,28,20,21,21,20,19,254,0,61
2025-07-19 23:17:00+00:00,67,254,30,20,21,21,20,19,254,0,61
2025-07-20 00:17:00+00:00,67,254,30,20,21,21,21,19,254,0,61
2025-07-20 01:17:00+00:00,67,254,31,20,22,21,21,19,254,0,61
2025-07-20 02:17:00+00:00,68,254,32,20,22,22,21,20,254,0,61
2025-07-20 03:17:00+00:00,68,254,33,20,22,22,21,20,254,0,61
2025-07-20 04:17:00+00:00,68,254,33,20,22,22,21,20,254,0,61
2025-07-20 05:17:00+00:00,67,254,33,20,22,21,21,19,254,0,61
2025-07-20 06:17:00+00:00,67,254,34,20,22,21,21,19,254,0,61
2025-07-20 07:17:00+00:00,67,254,34,20,22,21,21,19,254,0,61
2025-07-20 08:17:00+00:00,67,254,34,20,22,21,21,19,254,0,103
2025-07-20 09:17:00+00:00,66,254,34,19,22,21,21,19,254,0,61
2025-07-20 10:17:00+00:00,66,254,34,19,22,21,21,19,254,0,61
2025-07-20 11:17:00+00:00,65,254,34,19,22,21,22,19,254,0,61
2025-07-20 12:17:00+00:00,65,254,35,19,22,21,22,19,254,0,61
2025-07-20 13:17:00+00:00,65,254,35,19,22,21,22,19,254,0,61
2025-07-20 14:17:00+00:00,64,254,34,19,22,21,21,19,254,0,61
2025-07-20 15:17:00+00:00,64,254,35,19,22,21,22,19,254,0,61
2025-07-20 16:17:00+00:00,64,254,35,19,22,21,22,19,254,0,61
2025-07-20 17:17:00+00:00,64,254,35,19,23,21,22,19,254,0,61
2025-07-20 18:17:00+00:00,64,254,35,19,23,21,22,19,254,0,61
2025-07-20 19:17:00+00:00,65,254,36,20,23,21,23,19,254,0,61
2025-07-20 20:17:00+00:00,65,254,37,20,23,21,23,19,254,0,61
2025-07-20 21:17:00+00:00,66,254,38,20,24,21,23,19,254,0,61
2025-07-20 22:17:00+00:00,66,254,38,20,24,21,23,19,254,0,61
2025-07-20 23:17:00+00:00,67,254,40,20,24,22,24,20,254,0,61
2025-07-21 00:17:00+00:00,67,254,41,20,25,22,24,20,254,0,61
2025-07-21 01:17:00+00:00,68,254,43,20,25,22,25,20,254,0,61
2025-07-21 02:17:00+00:00,68,254,44,20,26,22,25,20,254,0,61
2025-07-21 03:17:00+00:00,68,254,45,20,26,22,25,20,254,0,61
2025-07-21 04:17:00+00:00,68,254,46,20,26,22,25,20,254,0,61
2025-07-21 05:17:00+00:00,68,254,47,20,26,22,25,20,254,0,61
2025-07-21 06:17:00+00:00,67,254,47,20,26,22,25,19,254,0,61
2025-07-21 07:17:00+00:00,67,254,47,20,26,22,25,19,254,0,61
2025-07-21 08:17:00+00:00,67,254,48,20,26,21,26,19,254,0,103
2025-07-21 09:17:00+00:00,66,254,48,20,26,21,25,19,254,0,61
2025-07-21 10:17:00+00:00,66,254,49,20,26,21,25,19,254,0,61
2025-07-21 11:17:00+00:00,65,254,49,20,26,21,26,19,254,0,61
2025-07-21 12:17:00+00:00,65,254,50,19,26,21,26,19,254,0,61
2025-07-21 13:17:00+00:00,65,254,50,19,27,21,26,19,254,0,61
2025-07-21 14:17:00+00:00,64,254,50,19,26,21,26,19,254,0,61
2025-07-21 15:17:00+00:00,64,254,50,19,26,21,26,19,254,0,61
2025-07-21 16:17:00+00:00,64,254,50,19,27,21,26,19,254,0,61
2025-07-21 17:17:00+00:00,64,254,51,19,27,21,26,19,254,0,61
2025-07-21 18:17:00+00:00,64,254,51,19,27,21,26,19,254,0,61
2025-07-21 19:18:00+00:00,65,254,52,20,27,21,27,19,254,0,61
2025-07-21 20:18:00+00:00,65,254,52,20,28,21,28,19,254,0,61
2025-07-21 21:18:00+00:00,65,254,53,20,28,21,28,19,254,0,61
2025-07-21 22:18:00+00:00,65,254,53,20,28,22,28,19,254,0,61
2025-07-21 23:18:00+00:00,65,254,54,20,29,21,29,19,254,0,61
2025-07-22 00:18:00+00:00,66,254,54,20,29,21,29,19,254,8,61
2025-07-22 01:18:00+00:00,66,254,55,20,29,21,30,19,254,7,61
2025-07-22 02:18:00+00:00,66,254,56,20,30,21,30,19,254,3,61
2025-07-22 03:18:00+00:00,66,254,57,20,30,21,28,19,254,3,61
2025-07-22 04:18:00+00:00,65,254,58,20,30,21,23,19,254,7,61
2025-07-22 05:18:00+00:00,65,254,58,20,24,21,19,19,254,7,61
2025-07-22 06:18:00+00:00,64,254,53,19,12,21,14,19,254,5,61
2025-07-22 07:18:00+00:00,64,254,41,19,10,21,13,19,254,5,61
2025-07-22 08:18:00+00:00,63,254,18,19,12,21,10,19,254,6,103
2025-07-22 09:18:00+00:00,63,254,11,19,11,21,11,19,254,5,61
2025-07-22 10:18:00+00:00,62,254,6,19,10,20,12,19,254,4,61
2025-07-22 11:18:00+00:00,62,254,5,19,12,18,12,19,254,5,61
2025-07-22 12:18:00+00:00,62,254,5,19,10,16,12,18,254,4,61
2025-07-22 13:18:00+00:00,61,254,5,19,10,15,12,18,254,1,61
2025-07-22 14:18:00+00:00,61,254,6,19,10,14,12,17,254,0,61
2025-07-22 15:18:00+00:00,61,254,6,19,11,14,12,17,254,0,61
2025-07-22 16:18:00+00:00,61,254,6,19,10,15,12,17,254,0,61
2025-07-22 17:18:00+00:00,61,254,6,19,10,15,12,17,254,0,61
2025-07-22 18:18:00+00:00,61,254,6,19,11,16,11,17,254,0,61
2025-07-22 19:18:00+00:00,62,254,6,19,11,16,12,17,254,0,61
2025-07-22 20:18:00+00:00,62,254,7,19,10,17,12,17,254,0,61
2025-07-22 21:18:00+00:00,62,254,9,19,10,17,12,17,254,0,61
2025-07-22 22:18:00+00:00,63,254,10,19,11,17,12,18,254,0,61
2025-07-22 23:18:00+00:00,63,254,10,19,11,18,13,18,254,0,61
2025-07-23 00:18:00+00:00,63,254,10,19,11,18,13,18,254,0,61
2025-07-23 01:18:00+00:00,64,254,11,19,11,18,13,18,254,0,61
2025-07-23 02:18:00+00:00,64,254,11,19,11,18,13,18,254,0,61
2025-07-23 03:18:00+00:00,64,254,11,19,11,18,13,18,254,0,61
2025-07-23 04:18:00+00:00,64,254,11,19,11,18,13,18,254,0,61
2025-07-23 05:18:00+00:00,64,254,12,19,11,18,14,18,254,0,61
2025-07-23 06:18:00+00:00,64,254,12,19,12,19,14,18,254,0,61
2025-07-23 07:19:00+00:00,64,254,12,19,12,19,14,18,254,0,61
2025-07-23 08:19:00+00:00,64,254,12,19,12,19,13,18,254,0,103
2025-07-23 09:19:00+00:00,64,254,12,19,12,19,14,18,254,0,61
2025-07-23 10:19:00+00:00,64,254,12,19,12,19,14,18,254,0,61
2025-07-23 11:19:00+00:00,63,254,12,19,12,19,14,18,254,0,61
2025-07-23 12:19:00+00:00,63,254,13,19,12,19,14,18,254,0,61
2025-07-23 13:19:00+00:00,63,254,13,19,12,19,13,18,254,0,61
2025-07-23 14:19:00+00:00,63,254,13,19,12,19,13,18,254,0,61
2025-07-23 15:19:00+00:00,63,254,13,19,12,19,12,18,254,0,61
2025-07-23 16:19:00+00:00,63,254,13,19,12,19,13,18,254,0,61
2025-07-23 17:19:00+00:00,63,254,14,19,13,19,13,18,254,0,61
2025-07-23 18:19:00+00:00,63,254,14,19,13,19,13,18,254,0,61
2025-07-23 19:19:00+00:00,63,254,14,19,13,19,14,18,254,0,61
2025-07-23 20:19:00+00:00,64,254,15,19,13,19,14,18,254,0,61
2025-07-23 21:19:00+00:00,64,254,15,19,14,19,14,18,254,0,61
2025-07-23 22:19:00+00:00,65,254,15,19,14,20,14,19,254,0,61
2025-07-23 23:19:00+00:00,66,254,16,19,14,20,15,19,254,0,61
2025-07-24 00:19:00+00:00,66,254,16,19,14,20,16,19,254,0,61
2025-07-24 01:19:00+00:00,66,254,16,19,14,20,15,19,254,0,61
2025-07-24 02:19:00+00:00,67,254,16,19,15,20,15,19,254,0,61
2025-07-24 03:19:00+00:00,67,254,16,19,15,20,15,19,254,0,61
2025-07-24 04:19:00+00:00,67,254,16,19,15,20,15,19,254,0,61
2025-07-24 05:19:00+00:00,67,254,16,19,15,20,15,19,254,0,61
2025-07-24 06:19:00+00:00,66,254,16,19,14,20,14,18,254,0,61
2025-07-24 07:19:00+00:00,66,254,16,19,15,20,15,18,254,0,61
2025-07-24 08:19:00+00:00,66,254,16,19,15,20,15,18,254,0,103
2025-07-24 09:19:00+00:00,65,254,16,19,15,20,15,18,254,0,61
2025-07-24 10:19:00+00:00,65,254,17,19,15,20,15,18,254,0,61
2025-07-24 11:19:00+00:00,65,254,17,19,15,20,15,18,254,0,61
2025-07-24 12:19:00+00:00,64,254,16,19,15,20,15,18,254,0,61
2025-07-24 13:19:00+00:00,64,254,16,19,15,20,15,18,254,0,61
2025-07-24 14:19:00+00:00,64,254,17,19,15,20,15,18,254,0,61
2025-07-24 15:19:00+00:00,63,254,17,19,15,20,15,18,254,0,61
2025-07-24 16:19:00+00:00,63,254,17,19,15,20,15,18,254,0,61
2025-07-24 17:19:00+00:00,63,254,17,19,15,20,15,18,254,0,61
2025-07-24 18:19:00+00:00,64,254,17,19,16,20,16,18,254,0,61
2025-07-24 19:19:00+00:00,64,254,18,19,16,20,16,18,254,0,61
2025-07-24 20:19:00+00:00,65,254,18,19,16,20,16,19,254,0,61
2025-07-24 21:19:00+00:00,65,254,18,19,16,20,16,19,254,0,61
2025-07-24 22:19:00+00:00,66,254,19,19,17,20,16,19,254,0,61
2025-07-24 23:19:00+00:00,66,254,19,19,17,20,16,19,254,0,61
2025-07-25 00:19:00+00:00,67,254,19,19,17,21,17,19,254,4,61
2025-07-25 01:19:00+00:00,67,254,19,19,17,21,16,19,254,0,61
2025-07-25 02:19:00+00:00,67,254,20,19,17,21,16,19,254,0,61
2025-07-25 03:19:00+00:00,67,254,20,19,17,21,16,19,254,0,61
2025-07-25 04:19:00+00:00,67,254,20,19,17,21,16,19,254,0,61
2025-07-25 05:20:00+00:00,67,254,20,19,17,21,16,19,254,0,61
2025-07-25 06:20:00+00:00,67,254,20,19,17,21,15,19,254,0,61
2025-07-25 07:20:00+00:00,66,254,20,19,16,20,16,18,254,0,61
2025-07-25 08:20:00+00:00,66,254,20,19,17,20,16,18,254,0,103
2025-07-25 09:20:00+00:00,66,254,20,19,17,20,16,18,254,0,61
2025-07-25 10:20:00+00:00,65,254,20,19,17,20,16,19,254,0,61
2025-07-25 11:20:00+00:00,65,254,20,19,17,20,16,18,254,0,61
2025-07-25 12:20:00+00:00,65,254,20,19,17,20,16,19,254,0,61
2025-07-25 13:20:00+00:00,64,254,20,19,16,20,16,18,254,0,61
2025-07-25 14:20:00+00:00,64,254,20,19,17,20,16,18,254,0,61
2025-07-25 15:20:00+00:00,63,254,20,19,17,20,16,18,254,0,61
2025-07-25 16:20:00+00:00,63,254,20,19,17,20,16,18,254,0,61
2025-07-25 17:20:00+00:00,64,254,20,19,17,20,16,18,254,0,61
2025-07-25 18:20:00+00:00,64,254,21,19,17,20,16,18,254,0,61
2025-07-25 19:20:00+00:00,64,254,21,19,17,20,16,18,254,0,61
2025-07-25 20:20:00+00:00,65,254,22,19,18,20,17,19,254,0,61
2025-07-25 21:20:00+00:00,65,254,22,19,18,20,17,19,254,0,61
2025-07-25 22:20:00+00:00,66,254,22,19,18,21,17,19,254,0,61
2025-07-25 23:20:00+00:00,66,254,23,19,18,21,17,19,254,0,61
2025-07-26 00:20:00+00:00,67,254,23,20,18,21,17,19,254,0,61
2025-07-26 01:20:00+00:00,67,254,24,20,18,21,17,19,254,0,61
2025-07-26 02:20:00+00:00,68,254,24,20,18,21,18,19,254,0,61
2025-07-26 03:20:00+00:00,68,254,25,20,18,21,18,19,254,0,61
2025-07-26 04:20:00+00:00,68,254,25,20,18,21,18,19,254,0,61
2025-07-26 05:21:00+00:00,68,254,25,20,18,21,18,19,254,0,61
2025-07-26 06:21:00+00:00,67,254,25,19,18,21,17,19,254,0,61
2025-07-26 07:22:00+00:00,67,254,25,19,18,21,17,19,254,0,61
2025-07-26 08:22:00+00:00,67,254,25,19,18,21,17,19,254,0,103
2025-07-26 09:22:00+00:00,66,254,25,19,18,20,17,19,254,0,61
2025-07-26 10:22:00+00:00,66,254,25,19,18,20,17,19,254,0,61
2025-07-26 11:22:00+00:00,66,254,25,19,18,20,17,19,254,0,61
2025-07-26 12:22:00+00:00,65,254,25,19,18,20,17,19,254,0,61
2025-07-26 13:22:00+00:00,65,254,25,19,19,20,17,19,254,0,61
2025-07-26 14:22:00+00:00,64,254,25,19,18,20,17,18,254,0,61
2025-07-26 15:22:00+00:00,64,254,25,19,18,20,17,18,254,0,61
2025-07-26 16:22:00+00:00,64,254,25,19,19,20,17,18,254,0,61
2025-07-26 17:22:00+00:00,64,254,25,19,19,20,17,18,254,0,61
2025-07-26 18:22:00+00:00,64,254,25,19,19,20,18,18,254,0,61
2025-07-26 19:22:00+00:00,64,254,26,19,19,20,18,18,254,0,61
2025-07-26 20:22:00+00:00,65,254,26,19,19,21,18,19,254,0,61
2025-07-26 21:22:00+00:00,65,254,27,19,19,21,18,19,254,0,61
2025-07-26 22:22:00+00:00,66,254,27,19,20,21,18,19,254,0,61
2025-07-26 23:22:00+00:00,66,254,28,19,20,21,19,19,254,0,61
2025-07-27 00:22:00+00:00,67,254,29,19,20,21,19,19,254,0,61
2025-07-27 01:22:00+00:00,67,254,29,19,20,21,19,19,254,0,61
2025-07-27 02:22:00+00:00,67,254,30,19,20,21,19,19,254,0,61
2025-07-27 03:22:00+00:00,67,254,30,19,20,21,19,19,254,0,61
2025-07-27 04:22:00+00:00,67,254,30,19,20,21,19,19,254,0,61
2025-07-27 05:22:00+00:00,67,254,31,19,20,21,19,19,254,0,61
2025-07-27 06:22:00+00:00,67,254,31,19,20,21,19,19,254,0,61
2025-07-27 07:22:00+00:00,67,254,31,19,20,21,19,19,254,0,61
2025-07-27 08:22:00+00:00,66,254,31,19,20,21,19,19,254,0,103
2025-07-27 09:22:00+00:00,66,254,31,19,20,21,19,19,254,0,61
2025-07-27 10:22:00+00:00,65,254,32,19,20,21,19,19,254,0,61
2025-07-27 11:22:00+00:00,65,254,32,19,21,21,19,19,254,0,61
2025-07-27 12:22:00+00:00,65,254,32,19,21,21,19,19,254,0,61
2025-07-27 13:22:00+00:00,65,254,32,19,21,21,19,19,254,0,61
2025-07-27 14:22:00+00:00,64,254,32,19,21,20,19,19,254,0,61
2025-07-27 15:22:00+00:00,64,254,32,19,21,20,19,19,254,0,61
2025-07-27 16:22:00+00:00,64,254,32,19,21,20,19,19,254,0,61
2025-07-27 17:22:00+00:00,64,254,32,19,21,20,20,19,254,0,61
2025-07-27 18:22:00+00:00,64,254,33,19,21,20,20,19,254,0,61
2025-07-27 19:22:00+00:00,65,254,34,19,21,21,20,19,254,0,61
2025-07-27 20:22:00+00:00,65,254,34,19,22,21,20,19,254,0,61
2025-07-27 21:22:00+00:00,66,254,35,19,22,21,21,19,254,0,61
2025-07-27 22:22:00+00:00,66,254,36,19,22,21,21,19,254,0,61
2025-07-27 23:22:00+00:00,67,254,38,20,22,21,21,19,254,0,61
2025-07-28 00:22:00+00:00,67,254,39,20,23,21,22,19,254,0,61
2025-07-28 01:22:00+00:00,68,254,41,20,23,22,22,20,254,0,61
2025-07-28 02:22:00+00:00,68,254,42,20,23,22,22,20,254,0,61
2025-07-28 03:22:00+00:00,68,254,43,20,24,22,23,20,254,0,61
2025-07-28 04:22:00+00:00,68,254,44,20,24,22,23,20,254,0,61
2025-07-28 05:23:00+00:00,68,254,46,20,24,22,23,19,254,0,61
2025-07-28 06:23:00+00:00,67,254,46,19,23,21,23,19,254,0,61
2025-07-28 07:23:00+00:00,67,254,46,19,24,21,22,19,254,0,61
2025-07-28 08:23:00+00:00,67,254,47,19,24,21,23,19,254,0,103
2025-07-28 09:23:00+00:00,66,254,47,19,23,21,23,19,254,0,61
2025-07-28 10:23:00+00:00,66,254,48,19,24,21,23,19,254,0,61
2025-07-28 11:23:00+00:00,65,254,48,19,24,21,23,19,254,0,61
2025-07-28 12:23:00+00:00,65,254,49,19,24,21,23,19,254,0,61
2025-07-28 13:23:00+00:00,65,254,49,19,24,21,23,19,254,0,61
2025-07-28 14:23:00+00:00,64,254,49,19,24,20,23,19,254,0,61
2025-07-28 15:23:00+00:00,64,254,49,19,24,21,23,19,254,0,61
2025-07-28 16:23:00+00:00,64,254,49,19,24,21,23,19,254,0,61
2025-07-28 17:23:00+00:00,64,254,49,19,24,21,23,19,254,0,61
2025-07-28 18:23:00+00:00,64,254,49,19,24,21,23,19,254,0,61
2025-07-28 19:23:00+00:00,65,254,50,19,24,21,23,19,254,0,61
2025-07-28 20:23:00+00:00,65,254,50,19,25,21,23,19,254,0,61
2025-07-28 21:23:00+00:00,66,254,51,19,25,21,23,19,254,0,61
2025-07-28 22:23:00+00:00,66,254,51,19,25,21,23,19,254,0,61
2025-07-28 23:23:00+00:00,67,254,53,20,26,22,24,20,254,0,61
2025-07-29 00:23:00+00:00,68,254,54,20,27,22,24,20,254,0,61
2025-07-29 01:23:00+00:00,68,254,55,20,27,22,24,20,254,0,61
2025-07-29 02:23:00+00:00,68,254,56,20,27,22,24,20,254,0,61
2025-07-29 03:23:00+00:00,68,254,57,20,27,22,24,20,254,0,61
2025-07-29 04:23:00+00:00,68,254,59,20,28,22,24,20,254,0,61
2025-07-29 05:23:00+00:00,68,254,60,20,28,22,24,20,254,0,61
2025-07-29 06:23:00+00:00,68,254,61,20,28,22,24,20,254,0,61
2025-07-29 07:23:00+00:00,67,254,60,20,28,21,23,19,254,0,61
2025-07-29 08:23:00+00:00,67,254,61,19,28,21,24,19,254,0,103
2025-07-29 09:23:00+00:00,67,254,62,19,28,21,24,19,254,0,61
2025-07-29 10:23:00+00:00,66,254,62,19,28,21,23,19,254,0,61
2025-07-29 15:25:00+00:00,64,254,64,19,28,21,23,19,254,13,61
2025-07-29 16:25:00+00:00,64,254,64,19,28,21,22,19,254,24,61
2025-07-29 17:26:00+00:00,64,254,64,19,28,21,17,19,254,21,61
2025-07-29 18:26:00+00:00,65,254,64,19,28,21,15,19,254,18,61
2025-07-29 19:28:00+00:00,65,254,64,19,25,21,13,19,254,21,61
2025-07-29 20:28:00+00:00,66,254,63,19,16,21,12,19,254,21,61
2025-07-29 21:28:00+00:00,67,254,63,19,8,21,12,19,254,13,61
2025-07-29 22:28:00+00:00,68,254,63,20,6,21,13,19,254,6,61
2025-07-29 23:29:00+00:00,69,254,57,20,4,20,11,18,254,5,61
2025-07-30 00:29:00+00:00,69,254,41,20,3,20,12,17,254,2,61
2025-07-30 01:29:00+00:00,69,254,19,20,2,19,12,17,254,0,61
2025-07-30 02:29:00+00:00,69,254,14,20,2,19,11,17,254,0,61
2025-07-30 03:29:00+00:00,69,254,13,20,3,19,12,17,254,0,61
2025-07-30 04:29:00+00:00,69,254,12,19,2,19,12,17,254,0,61
2025-07-30 05:29:00+00:00,69,254,12,20,2,19,11,17,254,0,61
2025-07-30 06:29:00+00:00,69,254,12,19,3,19,11,17,254,0,61
2025-07-30 07:29:00+00:00,69,254,12,19,3,19,11,17,254,0,61
2025-07-30 08:29:00+00:00,68,254,13,19,4,19,11,17,254,0,103
2025-07-30 09:29:00+00:00,68,254,13,19,5,19,12,17,254,0,61
2025-07-30 10:29:00+00:00,67,254,13,19,7,19,12,17,254,0,61
2025-07-30 11:29:00+00:00,67,254,13,19,9,19,12,17,254,0,61
2025-07-30 12:29:00+00:00,67,254,13,19,10,19,13,17,254,0,61
2025-07-30 13:29:00+00:00,66,254,13,19,10,19,13,17,254,0,61
2025-07-30 14:29:00+00:00,66,254,13,19,10,19,13,17,254,0,61
2025-07-30 15:29:00+00:00,66,254,13,19,11,19,13,17,254,0,60
2025-07-30 16:29:00+00:00,65,254,13,19,11,19,13,17,254,0,60
2025-07-30 17:29:00+00:00,65,254,14,19,12,19,14,17,254,0,60
2025-07-30 18:29:00+00:00,66,254,14,19,12,19,14,17,254,0,60
2025-07-30 19:29:00+00:00,66,254,14,19,12,19,14,17,254,0,60
2025-07-30 20:29:00+00:00,67,254,15,19,13,20,14,18,254,0,60
2025-07-30 21:29:00+00:00,67,254,15,19,13,20,14,18,254,0,60
2025-07-30 22:29:00+00:00,67,254,15,19,13,20,14,18,254,0,60
2025-07-30 23:29:00+00:00,68,254,16,19,14,20,15,18,254,0,60
2025-07-31 00:29:00+00:00,68,254,16,19,14,20,14,18,254,0,60
2025-07-31 01:29:00+00:00,69,254,16,19,14,20,15,18,254,0,61
2025-07-31 02:29:00+00:00,69,254,16,19,14,20,15,18,254,0,61
2025-07-31 03:29:00+00:00,69,254,16,19,14,20,15,18,254,0,61
2025-07-31 04:29:00+00:00,69,254,16,19,14,20,15,18,254,0,61
2025-07-31 05:29:00+00:00,69,254,16,19,14,20,15,18,254,0,61
2025-07-31 06:29:00+00:00,69,254,16,19,14,20,15,18,254,0,61
2025-07-31 07:29:00+00:00,68,254,16,19,14,20,15,18,254,0,61
2025-07-31 08:29:00+00:00,68,254,16,19,14,20,15,18,254,0,103
2025-07-31 09:29:00+00:00,68,254,17,19,14,20,15,18,254,0,61
2025-07-31 10:29:00+00:00,67,254,16,19,14,20,15,18,254,0,61
2025-07-31 11:29:00+00:00,67,254,17,19,14,20,15,18,254,0,61
2025-07-31 12:29:00+00:00,67,254,17,19,14,20,15,18,254,0,61
2025-07-31 13:29:00+00:00,66,254,16,18,14,20,15,18,254,0,61
2025-07-31 14:29:00+00:00,66,254,17,18,14,20,15,18,254,0,61
2025-07-31 15:29:00+00:00,65,254,17,18,15,20,15,18,254,0,60
2025-07-31 16:29:00+00:00,65,254,17,19,15,20,15,18,254,0,60
2025-07-31 17:29:00+00:00,65,254,17,19,15,20,16,18,254,0,60
2025-07-31 18:29:00+00:00,66,254,17,19,15,20,16,18,254,0,60
2025-07-31 19:29:00+00:00,66,254,18,19,15,20,16,18,254,0,60
2025-07-31 20:29:00+00:00,66,254,18,19,15,20,16,18,254,0,60
2025-07-31 21:29:00+00:00,67,254,18,19,16,20,16,18,254,0,60
2025-07-31 22:29:00+00:00,67,254,18,19,16,20,16,18,254,0,61
2025-07-31 23:29:00+00:00,68,254,19,19,16,21,16,19,254,0,61
2025-08-01 00:29:00+00:00,68,254,19,19,16,21,16,19,254,0,61
2025-08-01 01:29:00+00:00,68,254,19,19,16,21,17,19,254,0,61
2025-08-01 02:29:00+00:00,68,254,19,19,16,21,17,19,254,0,61
2025-08-01 03:29:00+00:00,67,254,19,19,16,20,16,18,254,0,61
2025-08-01 04:29:00+00:00,67,254,19,19,16,20,16,18,254,0,61
2025-08-01 05:29:00+00:00,67,254,19,19,16,20,16,18,254,0,61
2025-08-01 06:29:00+00:00,67,254,19,19,16,20,17,18,254,0,61
2025-08-01 07:29:00+00:00,67,254,19,19,16,20,17,18,254,0,61
2025-08-01 08:29:00+00:00,66,254,19,18,16,20,16,18,254,0,103
2025-08-01 09:29:00+00:00,66,254,19,19,16,20,17,18,254,0,61
2025-08-01 10:29:00+00:00,66,254,19,18,16,20,17,18,254,0,61
2025-08-01 11:29:00+00:00,65,254,20,18,16,20,16,18,254,0,61
2025-08-01 12:29:00+00:00,65,254,20,18,16,20,16,18,254,0,61
2025-08-01 13:29:00+00:00,65,254,20,18,17,20,16,18,254,0,61
2025-08-01 14:29:00+00:00,64,254,19,18,16,20,16,18,254,0,61
2025-08-01 15:29:00+00:00,64,254,20,18,16,20,16,18,254,0,60
2025-08-01 16:29:00+00:00,64,254,20,18,16,20,16,18,254,0,60
2025-08-01 17:29:00+00:00,64,254,20,18,17,20,16,18,254,0,60
2025-08-01 18:29:00+00:00,64,254,20,18,17,20,16,18,254,0,60
2025-08-01 19:29:00+00:00,65,254,21,19,17,20,17,18,254,0,60
2025-08-01 20:29:00+00:00,65,254,21,19,17,20,17,18,254,0,60
2025-08-01 21:29:00+00:00,66,254,21,19,17,20,17,18,254,0,60
2025-08-01 22:29:00+00:00,66,254,21,19,17,20,17,18,254,0,60
2025-08-01 23:29:00+00:00,67,254,22,19,18,21,17,19,254,0,60
2025-08-02 00:29:00+00:00,67,254,22,19,18,21,17,19,254,0,60
2025-08-02 01:29:00+00:00,68,254,22,19,18,21,17,19,254,0,61
2025-08-02 02:29:00+00:00,68,254,23,19,18,21,17,19,254,0,61
2025-08-02 03:29:00+00:00,68,254,23,19,18,21,17,19,254,0,61
2025-08-02 04:29:00+00:00,68,254,23,19,18,21,17,19,254,0,61
2025-08-02 05:29:00+00:00,68,254,23,19,18,21,17,19,254,0,61
2025-08-02 06:29:00+00:00,67,254,23,19,18,21,17,19,254,0,61
2025-08-02 07:29:00+00:00,67,254,23,19,18,21,17,19,254,0,61
2025-08-02 08:29:00+00:00,67,254,23,19,18,21,17,19,254,0,103
2025-08-02 09:29:00+00:00,67,254,23,19,18,21,17,19,254,0,61
2025-08-02 10:29:00+00:00,66,254,23,18,18,20,17,18,254,0,61
2025-08-02 11:29:00+00:00,66,254,23,19,18,20,17,18,254,0,61
2025-08-02 12:29:00+00:00,66,254,23,18,18,20,17,18,254,0,61
2025-08-02 13:29:00+00:00,66,254,23,19,18,20,17,18,254,0,61
2025-08-02 14:29:00+00:00,66,254,23,18,18,20,17,18,254,0,61
2025-08-02 15:29:00+00:00,66,254,23,19,18,20,17,18,254,0,60
2025-08-02 16:29:00+00:00,65,254,23,19,18,20,17,18,254,0,60
2025-08-02 17:29:00+00:00,65,254,24,19,18,21,17,18,254,0,60
2025-08-02 18:29:00+00:00,65,254,24,19,19,21,17,18,254,0,60
2025-08-02 19:29:00+00:00,66,254,25,19,19,21,17,18,254,0,60
2025-08-02 20:29:00+00:00,66,254,25,19,19,21,17,18,254,0,60
2025-08-02 21:29:00+00:00,67,254,26,19,19,21,18,19,254,0,60
2025-08-02 22:29:00+00:00,67,254,26,19,20,21,18,19,254,0,60
2025-08-02 23:29:00+00:00,67,254,27,19,20,21,18,19,254,0,60
2025-08-03 00:29:00+00:00,68,254,28,19,20,21,18,19,254,0,60
2025-08-03 01:29:00+00:00,68,254,29,19,20,21,19,19,254,0,60
2025-08-03 02:29:00+00:00,68,254,30,19,21,21,19,19,254,0,60
2025-08-03 03:29:00+00:00,68,254,31,19,21,21,19,19,254,0,61
2025-08-03 04:29:00+00:00,68,254,32,19,21,21,19,19,254,0,61
2025-08-03 05:29:00+00:00,67,254,32,19,20,21,18,19,254,0,61
2025-08-03 06:29:00+00:00,67,254,33,19,21,21,19,19,254,0,61
2025-08-03 07:29:00+00:00,67,254,33,19,21,21,19,19,254,0,61
2025-08-03 08:29:00+00:00,66,254,33,19,20,21,18,18,254,0,103
2025-08-03 09:29:00+00:00,66,254,33,19,21,21,18,18,254,0,61
2025-08-03 10:29:00+00:00,66,254,33,19,21,21,19,19,254,0,61
2025-08-03 11:29:00+00:00,65,254,34,19,21,21,19,18,254,0,61
2025-08-03 12:29:00+00:00,65,254,34,19,21,21,19,18,254,0,61
2025-08-03 13:29:00+00:00,65,254,34,19,21,21,19,18,254,0,61
2025-08-03 14:29:00+00:00,64,254,34,18,21,20,19,18,254,0,60
2025-08-03 15:29:00+00:00,64,254,34,18,21,20,19,18,254,0,60
2025-08-03 16:29:00+00:00,64,254,34,18,21,20,19,18,254,0,60
2025-08-03 17:29:00+00:00,64,254,34,18,21,20,19,18,254,0,60
2025-08-03 18:29:00+00:00,64,254,34,19,21,21,19,18,254,0,60
2025-08-03 19:29:00+00:00,65,254,35,19,22,21,20,19,254,0,60
2025-08-03 20:29:00+00:00,65,254,35,19,22,21,20,19,254,0,60
2025-08-03 21:29:00+00:00,66,254,36,19,22,21,20,19,254,0,60
2025-08-03 22:29:00+00:00,66,254,36,19,22,21,20,19,254,0,60
2025-08-03 23:29:00+00:00,67,254,38,19,22,21,21,19,254,0,60
2025-08-04 00:29:00+00:00,67,254,39,19,23,21,21,19,254,0,60
2025-08-04 01:29:00+00:00,67,254,40,19,23,21,21,19,254,0,60
2025-08-04 02:29:00+00:00,68,254,42,20,23,22,21,19,254,0,60
2025-08-04 03:29:00+00:00,68,254,43,20,23,22,21,19,254,0,60
2025-08-04 04:29:00+00:00,67,254,43,19,23,21,21,19,254,0,61
2025-08-04 05:29:00+00:00,67,254,44,19,23,21,21,19,254,0,61
2025-08-04 06:29:00+00:00,67,254,45,19,23,21,21,19,254,0,61
2025-08-04 07:29:00+00:00,67,254,46,19,24,21,21,19,254,0,61
2025-08-04 08:29:00+00:00,66,254,46,19,23,21,21,19,254,0,103
2025-08-04 09:29:00+00:00,66,254,47,19,23,21,21,19,254,0,61
2025-08-04 10:29:00+00:00,66,254,47,19,24,21,21,19,254,0,61
2025-08-04 11:29:00+00:00,65,254,47,19,24,21,21,19,254,0,61
2025-08-04 12:29:00+00:00,65,254,48,19,24,21,21,19,254,0,61
2025-08-04 13:29:00+00:00,65,254,48,19,24,21,22,19,254,0,61
2025-08-04 14:29:00+00:00,64,254,48,18,24,21,21,18,254,0,60
2025-08-04 15:29:00+00:00,64,254,48,18,24,21,21,18,254,0,60
2025-08-04 16:29:00+00:00,64,254,48,19,24,21,21,18,254,0,60
2025-08-04 17:29:00+00:00,64,254,48,19,24,21,22,19,254,0,60
2025-08-04 18:29:00+00:00,64,254,48,19,24,21,22,19,254,0,60
2025-08-04 19:29:00+00:00,64,254,48,19,24,21,22,19,254,0,60
2025-08-04 20:29:00+00:00,65,254,50,19,25,21,22,19,254,0,60
2025-08-04 21:29:00+00:00,65,254,50,19,25,21,22,19,254,0,60
2025-08-04 22:29:00+00:00,65,254,50,19,25,21,23,19,254,0,60
2025-08-04 23:29:00+00:00,66,254,50,19,25,21,23,19,254,0,60
2025-08-05 00:29:00+00:00,66,254,51,19,25,21,23,19,254,0,60
2025-08-05 01:29:00+00:00,66,254,52,19,26,21,23,19,254,0,60
2025-08-05 02:29:00+00:00,66,254,54,19,26,21,23,19,254,0,60
2025-08-05 03:29:00+00:00,67,254,56,19,27,22,24,19,254,0,60
2025-08-05 04:29:00+00:00,67,254,57,19,27,22,24,19,254,0,60
2025-08-05 05:29:00+00:00,66,254,57,19,27,21,24,19,254,0,60
2025-08-05 06:29:00+00:00,66,254,58,19,27,21,24,19,254,0,60
2025-08-05 07:29:00+00:00,66,254,59,19,27,21,24,19,254,0,60
2025-08-05 08:29:00+00:00,65,254,60,19,27,21,24,19,254,0,103
2025-08-05 09:29:00+00:00,65,254,60,19,27,21,25,19,254,0,60
2025-08-05 10:29:00+00:00,65,254,61,19,28,21,25,19,254,0,61
2025-08-05 11:29:00+00:00,65,254,62,19,28,21,25,19,254,0,61
2025-08-05 12:29:00+00:00,64,254,62,19,27,21,25,19,254,0,61
2025-08-05 13:29:00+00:00,64,254,62,19,27,21,25,19,254,10,60
2025-08-05 14:29:00+00:00,64,254,63,19,28,21,25,19,254,7,60
2025-08-05 15:29:00+00:00,63,254,63,19,28,21,25,19,254,8,60
2025-08-05 16:29:00+00:00,63,254,63,19,28,21,25,19,254,11,60
2025-08-05 17:29:00+00:00,63,254,63,19,28,21,24,19,254,12,60
2025-08-05 18:29:00+00:00,63,254,63,19,27,21,19,19,254,14,60
2025-08-05 19:29:00+00:00,64,254,62,19,25,21,14,19,254,10,60
2025-08-05 20:29:00+00:00,65,254,62,19,13,22,13,19,254,16,60
2025-08-05 21:29:00+00:00,66,254,59,19,9,22,12,19,254,5,60
2025-08-05 22:29:00+00:00,66,254,53,19,10,21,13,19,254,0,60
2025-08-05 23:29:00+00:00,67,254,45,19,3,22,13,19,254,0,60
2025-08-06 00:29:00+00:00,67,254,36,19,3,22,13,18,254,0,60
2025-08-06 01:29:00+00:00,68,254,30,20,3,22,13,19,254,0,60
2025-08-06 02:29:00+00:00,68,254,25,20,5,22,13,19,254,0,60
2025-08-06 03:29:00+00:00,68,254,22,20,3,22,12,19,254,0,60
2025-08-06 04:29:00+00:00,68,254,20,20,3,22,12,18,254,0,60
2025-08-06 05:29:00+00:00,68,254,19,19,3,22,12,18,254,0,60
2025-08-06 06:29:00+00:00,68,254,18,19,6,22,12,18,254,0,60
2025-08-06 07:29:00+00:00,67,254,17,19,6,22,12,18,254,0,60
2025-08-06 08:29:00+00:00,67,254,17,19,7,22,12,18,254,0,103
2025-08-06 09:29:00+00:00,67,254,17,19,8,21,13,18,254,0,60
2025-08-06 10:29:00+00:00,66,254,17,19,10,20,13,18,254,0,60
2025-08-06 11:29:00+00:00,66,254,17,19,10,21,13,18,254,0,60
2025-08-06 12:29:00+00:00,66,254,17,19,10,20,13,18,254,0,61
2025-08-06 13:29:00+00:00,65,254,17,19,11,21,13,18,254,0,60
2025-08-06 14:29:00+00:00,65,254,17,19,11,21,13,18,254,0,60
2025-08-06 15:29:00+00:00,65,254,17,19,11,21,13,18,254,0,60
2025-08-06 16:29:00+00:00,64,254,17,19,11,21,13,18,254,0,60
2025-08-06 17:29:00+00:00,64,254,17,18,12,21,13,18,254,0,60
2025-08-06 18:29:00+00:00,64,254,18,19,12,21,13,18,254,0,60
2025-08-06 19:29:00+00:00,65,254,18,19,12,21,14,18,254,0,60
2025-08-06 20:29:00+00:00,65,254,18,19,13,21,14,18,254,0,60
2025-08-06 21:29:00+00:00,66,254,18,19,13,21,14,18,254,0,60
2025-08-06 22:29:00+00:00,66,254,19,19,13,21,14,18,254,0,60
2025-08-06 23:29:00+00:00,67,254,19,19,13,21,15,19,254,0,60
2025-08-07 00:29:00+00:00,67,254,19,19,13,22,15,19,254,0,60
2025-08-07 01:29:00+00:00,68,254,20,20,14,22,15,19,254,0,60
2025-08-07 02:29:00+00:00,68,254,20,20,14,22,15,19,254,0,60
2025-08-07 03:29:00+00:00,68,254,20,20,14,22,14,19,254,0,60
2025-08-07 04:29:00+00:00,68,254,21,19,14,22,15,19,254,0,60
2025-08-07 05:29:00+00:00,68,254,21,19,14,22,15,19,254,0,60
2025-08-07 06:29:00+00:00,67,254,21,19,14,22,14,19,254,0,60
2025-08-07 07:29:00+00:00,67,254,21,19,14,21,14,19,254,0,60
2025-08-07 08:29:00+00:00,67,254,21,19,14,22,15,19,254,0,103
2025-08-07 09:29:00+00:00,67,254,21,19,14,22,15,19,254,0,60
2025-08-07 10:29:00+00:00,66,254,21,19,14,21,15,18,254,0,60
2025-08-07 11:29:00+00:00,66,254,21,19,14,21,15,18,254,0,60
2025-08-07 12:29:00+00:00,66,254,21,19,14,22,15,18,254,0,60
2025-08-07 13:29:00+00:00,65,254,21,19,15,22,15,18,254,0,60
2025-08-07 14:29:00+00:00,65,254,21,19,15,22,15,18,254,0,60
2025-08-07 15:29:00+00:00,65,254,22,19,15,22,15,18,254,0,60
2025-08-07 16:29:00+00:00,65,254,22,19,15,21,15,18,254,0,60
2025-08-07 17:29:00+00:00,65,254,22,19,15,21,15,18,254,0,60
2025-08-07 18:29:00+00:00,64,254,22,19,15,21,15,18,254,0,60
2025-08-07 19:29:00+00:00,65,254,22,19,16,21,15,19,254,0,60
2025-08-07 20:29:00+00:00,65,254,23,19,16,21,15,19,254,0,60
2025-08-07 21:29:00+00:00,65,254,23,19,16,21,16,19,254,0,60
2025-08-07 22:29:00+00:00,66,254,23,19,16,21,16,19,254,0,60
2025-08-07 23:29:00+00:00,66,254,24,19,16,21,16,19,254,0,60
2025-08-08 00:29:00+00:00,67,254,25,19,16,22,16,19,254,0,60
2025-08-08 01:29:00+00:00,67,254,25,19,16,22,16,19,254,0,60
2025-08-08 02:29:00+00:00,67,254,26,19,16,22,16,19,254,0,60
2025-08-08 03:29:00+00:00,67,254,26,19,17,22,16,19,254,0,60
2025-08-08 04:29:00+00:00,67,254,26,19,17,21,16,19,254,0,60
2025-08-08 05:29:00+00:00,67,254,27,19,17,22,16,19,254,0,60
2025-08-08 06:29:00+00:00,67,254,27,19,17,21,16,19,254,0,60
2025-08-08 07:29:00+00:00,66,254,27,19,17,21,16,19,254,0,60
2025-08-08 08:29:00+00:00,66,254,27,19,17,21,16,19,254,0,103
2025-08-08 09:29:00+00:00,66,254,27,19,17,21,16,19,254,0,60
2025-08-08 10:29:00+00:00,65,254,28,19,17,21,17,19,254,0,60
2025-08-08 11:29:00+00:00,65,254,28,19,17,21,17,19,254,0,60
2025-08-08 12:29:00+00:00,64,254,28,19,17,21,17,18,254,0,60
2025-08-08 13:29:00+00:00,64,254,28,18,17,21,17,18,254,0,60
2025-08-08 14:29:00+00:00,64,254,28,18,17,21,17,18,254,0,60
2025-08-08 15:29:00+00:00,63,254,28,19,17,21,17,18,254,0,60
2025-08-08 16:29:00+00:00,63,254,28,19,17,21,17,18,254,0,60
2025-08-08 17:29:00+00:00,63,254,29,19,18,21,17,19,254,0,60
2025-08-08 18:29:00+00:00,63,254,29,19,18,21,18,19,254,0,60
2025-08-08 19:29:00+00:00,63,254,29,19,18,21,18,19,254,0,60
2025-08-08 20:29:00+00:00,63,254,30,19,18,21,18,19,254,0,60
2025-08-08 21:29:00+00:00,64,254,30,19,18,21,18,19,254,0,60
2025-08-08 22:29:00+00:00,64,254,31,19,18,21,18,19,254,0,60
2025-08-08 23:29:00+00:00,64,254,31,19,19,21,18,19,254,0,60
2025-08-09 00:29:00+00:00,65,254,33,19,19,21,19,19,254,0,60
2025-08-09 01:29:00+00:00,65,254,34,19,19,21,19,19,254,0,60
2025-08-09 02:29:00+00:00,65,254,35,19,19,21,19,19,254,0,60
2025-08-09 03:29:00+00:00,65,254,36,19,19,21,19,19,254,0,60
2025-08-09 04:29:00+00:00,64,254,36,19,19,21,19,19,254,0,60
2025-08-09 05:29:00+00:00,64,254,37,19,19,21,19,19,254,0,60
2025-08-09 06:29:00+00:00,64,254,38,19,19,21,19,19,254,0,60
2025-08-09 07:29:00+00:00,64,254,39,19,19,21,19,19,254,0,60
2025-08-09 08:29:00+00:00,63,254,39,19,20,21,20,19,254,0,103
2025-08-09 09:29:00+00:00,63,254,39,19,20,21,20,19,254,0,60
2025-08-09 10:29:00+00:00,62,254,39,18,19,21,20,18,254,0,60
2025-08-09 11:29:00+00:00,62,254,40,19,20,21,20,18,254,0,60
2025-08-09 12:29:00+00:00,62,254,40,19,20,21,20,18,254,0,60
2025-08-09 13:29:00+00:00,62,254,40,19,20,21,20,19,254,0,60
2025-08-09 14:29:00+00:00,61,254,41,19,20,21,20,18,254,0,60
2025-08-09 15:29:00+00:00,61,254,41,19,20,21,20,19,254,0,60
2025-08-09 16:29:00+00:00,61,254,41,19,20,21,20,19,254,0,60
2025-08-09 17:29:00+00:00,61,254,41,19,20,21,20,19,254,0,60
2025-08-09 18:29:00+00:00,61,254,41,19,20,21,20,19,254,0,60
2025-08-09 19:29:00+00:00,61,254,40,19,20,21,20,19,254,0,60
2025-08-09 20:29:00+00:00,61,254,40,19,20,21,20,19,254,0,60
2025-08-09 21:29:00+00:00,62,254,40,19,20,21,20,19,254,0,60
2025-08-09 22:29:00+00:00,63,254,41,19,21,21,21,19,254,0,60
2025-08-09 23:29:00+00:00,63,254,42,19,21,21,21,19,254,0,60
2025-08-10 00:29:00+00:00,64,254,43,19,21,21,21,19,254,0,60
2025-08-10 01:29:00+00:00,64,254,44,19,21,21,21,19,254,0,60
2025-08-10 02:29:00+00:00,64,254,45,19,21,21,22,19,254,0,60
2025-08-10 03:29:00+00:00,64,254,47,19,21,21,22,19,254,0,60
2025-08-10 04:29:00+00:00,64,254,48,19,21,21,22,19,254,0,60
2025-08-10 05:29:00+00:00,64,254,49,19,21,21,22,19,254,0,60
2025-08-10 06:29:00+00:00,64,254,50,19,22,21,22,19,254,0,60
2025-08-10 07:29:00+00:00,64,254,51,19,22,21,22,19,254,0,60
2025-08-10 08:29:00+00:00,63,254,52,19,22,21,23,19,254,0,103
2025-08-10 09:29:00+00:00,63,254,52,19,22,21,23,19,254,0,60
2025-08-10 10:29:00+00:00,63,254,53,19,22,21,23,19,254,0,60
2025-08-10 11:29:00+00:00,62,254,53,19,22,21,23,19,254,0,60
2025-08-10 12:29:00+00:00,62,254,54,19,22,21,23,19,254,0,60
2025-08-10 13:29:00+00:00,62,254,54,19,22,21,23,19,254,0,60
2025-08-10 14:29:00+00:00,61,254,55,19,22,21,23,19,254,0,60
2025-08-10 15:29:00+00:00,61,254,55,19,22,21,23,19,254,0,60
2025-08-10 16:29:00+00:00,61,254,55,19,22,21,23,19,254,0,60
2025-08-10 17:29:00+00:00,61,254,55,19,22,21,23,19,254,0,60
2025-08-10 18:29:00+00:00,61,254,55,19,22,21,22,19,254,0,60
2025-08-10 19:29:00+00:00,62,254,55,19,22,21,22,19,254,0,60
2025-08-10 20:29:00+00:00,62,254,54,19,22,21,22,19,254,0,60
2025-08-10 21:29:00+00:00,63,254,55,19,23,22,23,19,254,0,60
2025-08-10 22:29:00+00:00,64,254,55,19,23,22,23,19,254,0,60
2025-08-10 23:29:00+00:00,64,254,55,19,23,22,23,19,254,0,60
2025-08-11 00:29:00+00:00,65,254,56,20,23,22,23,20,254,0,60
2025-08-11 01:29:00+00:00,65,254,57,20,24,22,23,20,254,0,60
2025-08-11 02:29:00+00:00,65,254,58,20,24,22,23,20,254,0,60
2025-08-11 03:29:00+00:00,66,254,60,20,24,22,24,20,254,0,60
2025-08-11 04:29:00+00:00,66,254,61,19,24,22,24,20,254,0,60
2025-08-11 05:29:00+00:00,65,254,62,19,24,22,24,19,254,0,60
2025-08-11 06:29:00+00:00,65,254,63,19,24,22,24,19,254,0,60
2025-08-11 07:29:00+00:00,65,254,63,19,24,22,24,19,254,0,60
2025-08-11 08:29:00+00:00,65,254,64,19,24,22,24,19,254,0,103
2025-08-11 09:29:00+00:00,65,254,65,19,25,22,24,19,254,0,60
2025-08-11 10:29:00+00:00,64,254,65,19,24,21,24,19,254,0,60
2025-08-11 11:29:00+00:00,64,254,65,19,24,21,24,19,254,0,60
2025-08-11 12:29:00+00:00,64,254,66,19,25,21,24,19,254,0,60
2025-08-11 13:29:00+00:00,63,254,67,19,25,21,24,19,254,0,60
2025-08-11 14:29:00+00:00,63,254,67,19,25,21,24,19,254,0,60
2025-08-11 15:29:00+00:00,63,254,67,19,25,21,23,19,254,0,60
2025-08-11 16:29:00+00:00,63,254,68,19,25,22,23,19,254,0,60
2025-08-11 17:29:00+00:00,63,254,67,19,25,22,23,19,254,0,60
2025-08-11 18:29:00+00:00,63,254,67,19,25,22,23,19,254,0,60
2025-08-11 19:29:00+00:00,64,254,66,19,25,22,23,19,254,0,60
2025-08-11 20:29:00+00:00,64,254,65,19,25,22,23,19,254,0,60
2025-08-11 21:29:00+00:00,65,254,65,20,23,22,23,20,254,1,60
2025-08-11 22:29:00+00:00,66,254,64,20,24,22,23,20,254,0,60
2025-08-11 23:29:00+00:00,66,254,64,20,25,22,23,20,254,0,60
2025-08-12 00:29:00+00:00,67,254,65,20,26,22,23,20,254,0,60
2025-08-12 01:29:00+00:00,67,254,65,20,26,22,23,20,254,0,60
2025-08-12 02:29:00+00:00,67,254,65,20,27,22,23,20,254,0,60
2025-08-12 03:29:00+00:00,67,254,66,20,27,22,23,20,254,0,60
2025-08-12 04:29:00+00:00,67,254,67,20,27,22,23,20,254,0,60
2025-08-12 05:29:00+00:00,67,254,68,20,28,22,23,20,254,0,60
2025-08-12 06:29:00+00:00,67,254,69,20,28,22,23,20,254,0,60
2025-08-12 07:29:00+00:00,66,254,69,19,28,22,23,19,254,0,60
2025-08-12 08:29:00+00:00,66,254,70,19,28,22,23,19,254,0,103
2025-08-12 09:29:00+00:00,66,254,71,19,29,22,23,19,254,0,60
2025-08-12 10:29:00+00:00,65,254,71,19,29,22,23,19,254,0,60
2025-08-12 11:29:00+00:00,65,254,72,19,29,22,24,19,254,0,60
2025-08-12 12:29:00+00:00,64,254,72,19,29,21,23,19,254,0,60
2025-08-12 13:29:00+00:00,64,254,72,19,29,21,23,19,254,9,60
2025-08-12 14:29:00+00:00,64,254,73,19,29,21,23,19,254,15,60
2025-08-12 15:29:00+00:00,63,254,73,19,29,21,23,19,254,16,60
2025-08-12 16:29:00+00:00,63,254,73,19,29,21,18,19,254,17,60
2025-08-12 17:29:00+00:00,63,254,73,19,29,21,15,19,254,15,60
2025-08-12 18:29:00+00:00,63,254,72,19,29,21,12,19,254,18,60
2025-08-12 19:29:00+00:00,64,254,71,19,25,21,14,19,254,15,60
2025-08-12 20:29:00+00:00,65,254,70,19,19,22,13,19,254,23,60
2025-08-12 21:29:00+00:00,66,254,69,19,12,22,12,19,254,10,60
2025-08-12 22:29:00+00:00,66,254,68,20,8,22,12,19,254,0,60
2025-08-12 23:29:00+00:00,67,254,68,20,6,22,10,19,254,0,60
2025-08-13 00:29:00+00:00,68,254,67,20,6,22,11,20,254,0,60
2025-08-13 01:29:00+00:00,68,254,65,20,10,22,11,20,254,0,60
2025-08-13 02:29:00+00:00,68,254,62,20,7,22,12,19,254,0,60
2025-08-13 03:29:00+00:00,68,254,60,20,8,21,12,19,254,0,60
2025-08-13 04:29:00+00:00,68,254,58,20,8,21,12,19,254,0,60
2025-08-13 05:29:00+00:00,68,254,56,20,10,21,11,19,254,0,60
2025-08-13 06:29:00+00:00,68,254,54,20,10,21,12,19,254,0,60
2025-08-13 07:29:00+00:00,68,254,51,20,10,21,12,19,254,0,60
2025-08-13 08:29:00+00:00,68,254,48,20,10,21,12,19,254,0,103
2025-08-13 09:29:00+00:00,67,254,45,19,10,21,12,19,254,0,60
2025-08-13 10:29:00+00:00,67,254,42,19,10,21,12,19,254,0,60
2025-08-13 11:29:00+00:00,67,254,40,19,11,21,12,19,254,0,60
2025-08-13 12:29:00+00:00,66,254,37,19,11,21,12,19,254,0,60
2025-08-13 13:29:00+00:00,66,254,36,19,11,21,12,19,254,0,60
2025-08-13 14:29:00+00:00,66,254,34,19,11,21,12,19,254,0,60
2025-08-13 15:29:00+00:00,66,254,33,19,11,21,12,19,254,0,60
2025-08-13 16:29:00+00:00,66,254,31,19,11,21,12,19,254,0,60
2025-08-13 17:29:00+00:00,66,254,30,19,12,21,12,19,254,0,60
2025-08-13 18:29:00+00:00,66,254,29,19,12,21,12,19,254,0,60
2025-08-13 19:29:00+00:00,66,254,28,19,12,21,12,19,254,0,60
2025-08-13 20:29:00+00:00,67,254,28,20,13,21,13,19,254,0,60
2025-08-13 21:29:00+00:00,67,254,28,20,13,21,13,19,254,0,60
2025-08-13 22:29:00+00:00,68,254,29,20,14,22,14,20,254,0,60
2025-08-13 23:29:00+00:00,68,254,29,20,14,22,14,19,254,0,60
2025-08-14 00:29:00+00:00,68,254,29,20,14,22,14,20,254,0,60
2025-08-14 01:30:00+00:00,69,254,29,20,15,22,14,19,254,0,60
2025-08-14 02:30:00+00:00,69,254,30,20,15,22,14,19,254,0,60
2025-08-14 03:30:00+00:00,69,254,30,20,15,22,14,19,254,0,60
2025-08-14 04:30:00+00:00,69,254,30,20,15,22,14,19,254,0,60
2025-08-14 05:30:00+00:00,69,254,31,20,15,22,14,19,254,0,60
2025-08-14 06:30:00+00:00,68,254,31,20,15,22,15,19,254,0,60
2025-08-14 07:30:00+00:00,68,254,31,20,15,22,15,19,254,0,60
2025-08-14 08:30:00+00:00,68,254,31,20,15,22,15,19,254,0,103
2025-08-14 09:30:00+00:00,68,254,31,20,15,21,15,19,254,0,60
2025-08-14 10:30:00+00:00,67,254,30,19,15,21,15,19,254,0,60
2025-08-14 11:30:00+00:00,67,254,31,19,15,21,15,19,254,0,60
2025-08-14 12:30:00+00:00,67,254,31,19,15,21,15,19,254,0,60
2025-08-14 13:30:00+00:00,67,254,31,19,15,21,15,19,254,0,60
2025-08-14 14:30:00+00:00,66,254,30,19,15,21,15,19,254,0,60
2025-08-14 15:30:00+00:00,66,254,30,19,15,21,15,19,254,0,60
2025-08-14 16:30:00+00:00,66,254,30,19,15,21,15,19,254,0,60
2025-08-14 17:30:00+00:00,66,254,30,19,16,21,15,19,254,0,60
2025-08-14 18:30:00+00:00,66,254,30,19,16,21,16,19,254,0,60
2025-08-14 19:30:00+00:00,66,254,31,19,16,21,16,19,254,0,60
2025-08-14 20:30:00+00:00,67,254,31,20,16,22,16,19,254,0,60
2025-08-14 21:30:00+00:00,67,254,31,20,17,22,16,19,254,0,60
2025-08-14 22:30:00+00:00,67,254,32,20,17,22,16,19,254,0,60
2025-08-14 23:30:00+00:00,68,254,33,20,17,22,17,20,254,0,60
2025-08-15 00:30:00+00:00,68,254,33,20,17,22,17,20,254,0,60
2025-08-15 01:30:00+00:00,68,254,34,20,17,22,17,19,254,0,60
2025-08-15 02:30:00+00:00,68,254,35,20,17,22,17,19,254,0,60
2025-08-15 03:30:00+00:00,68,254,35,20,17,22,17,19,254,0,60
2025-08-15 04:30:00+00:00,68,254,36,20,18,22,17,19,254,0,60
2025-08-15 05:30:00+00:00,68,254,37,20,18,22,17,19,254,0,60
2025-08-15 06:30:00+00:00,68,254,37,20,18,22,17,19,254,0,60
2025-08-15 07:30:00+00:00,68,254,38,20,18,22,17,19,254,0,60
2025-08-15 08:30:00+00:00,67,254,38,19,18,21,17,19,254,0,103
2025-08-15 09:30:00+00:00,67,254,38,19,18,21,17,19,254,0,60
2025-08-15 10:30:00+00:00,67,254,38,19,18,21,17,19,254,0,60
2025-08-15 11:30:00+00:00,66,254,38,19,18,21,17,19,254,0,60
2025-08-15 12:30:00+00:00,66,254,38,19,18,21,17,19,254,0,60
2025-08-15 13:30:00+00:00,66,254,38,19,18,21,17,19,254,0,60
2025-08-15 14:30:00+00:00,65,254,39,19,18,21,17,19,254,0,60
2025-08-15 15:30:00+00:00,65,254,39,19,18,21,17,19,254,0,60
2025-08-15 16:30:00+00:00,65,254,39,19,18,21,17,19,254,0,60
2025-08-15 17:30:00+00:00,65,254,39,19,18,21,17,19,254,0,60
2025-08-15 18:30:00+00:00,65,254,39,19,19,21,18,19,254,0,60
2025-08-15 19:30:00+00:00,65,254,38,19,19,21,18,19,254,0,60
2025-08-15 20:30:00+00:00,66,254,38,19,19,21,18,19,254,0,60
2025-08-15 21:30:00+00:00,66,254,39,19,19,21,18,19,254,0,60
2025-08-15 22:30:00+00:00,67,254,39,20,19,22,18,19,254,0,60
2025-08-15 23:30:00+00:00,67,254,40,20,19,22,18,19,254,0,60
2025-08-16 00:30:00+00:00,68,254,41,20,20,22,19,20,254,1,60
2025-08-16 01:30:00+00:00,68,254,42,20,20,22,19,20,254,0,60
2025-08-16 02:30:00+00:00,68,254,43,20,20,22,19,20,254,0,60
2025-08-16 03:30:00+00:00,68,254,44,20,20,22,19,20,254,0,60
2025-08-16 04:30:00+00:00,68,254,45,20,20,22,19,20,254,0,60
2025-08-16 05:30:00+00:00,68,254,46,20,20,22,19,20,254,0,60
2025-08-16 06:30:00+00:00,68,254,47,20,20,22,19,20,254,0,60
2025-08-16 07:31:00+00:00,67,254,47,19,20,22,19,19,254,0,60
2025-08-16 08:31:00+00:00,67,254,47,19,20,22,19,19,254,0,103
2025-08-16 09:31:00+00:00,67,254,48,19,20,22,19,19,254,0,60
2025-08-16 10:31:00+00:00,67,254,49,19,21,22,19,19,254,0,60
2025-08-16 11:31:00+00:00,66,254,48,19,20,21,18,19,254,0,60
2025-08-16 12:31:00+00:00,66,254,49,19,20,21,18,19,254,0,60
2025-08-16 13:31:00+00:00,66,254,49,19,21,21,19,19,254,0,60
2025-08-16 14:31:00+00:00,65,254,50,19,21,21,18,19,254,0,60
2025-08-16 15:31:00+00:00,65,254,50,19,21,21,19,19,254,0,60
2025-08-16 16:31:00+00:00,65,254,50,19,21,21,19,19,254,0,60
2025-08-16 17:31:00+00:00,65,254,50,19,21,21,19,19,254,0,60
2025-08-16 18:31:00+00:00,65,254,50,19,21,21,19,19,254,0,60
2025-08-16 19:31:00+00:00,65,254,49,19,21,22,19,19,254,0,60
2025-08-16 20:31:00+00:00,66,254,49,19,21,22,19,19,254,0,60
2025-08-16 21:31:00+00:00,66,254,49,19,21,22,19,19,254,0,60
2025-08-16 22:31:00+00:00,67,254,50,20,22,22,19,20,254,0,60
2025-08-16 23:31:00+00:00,67,254,50,20,22,22,19,20,254,0,60
2025-08-17 00:31:00+00:00,67,254,51,20,22,22,19,20,254,0,60
2025-08-17 01:32:00+00:00,68,254,52,20,22,22,20,20,254,0,60
2025-08-17 02:32:00+00:00,68,254,54,20,23,22,20,20,254,0,60
2025-08-17 03:33:00+00:00,68,254,55,20,23,22,20,20,254,0,60
2025-08-17 04:33:00+00:00,68,254,56,20,23,22,20,20,254,0,60
2025-08-17 05:33:00+00:00,68,254,56,20,23,22,20,20,254,0,60
2025-08-17 06:33:00+00:00,68,254,57,20,24,22,20,20,254,0,60
2025-08-17 07:33:00+00:00,67,254,57,19,23,22,20,19,254,0,60
2025-08-17 08:33:00+00:00,67,254,58,19,24,22,20,19,254,0,103
2025-08-17 09:33:00+00:00,67,254,58,19,24,22,20,19,254,0,60
2025-08-17 10:33:00+00:00,67,254,59,19,24,22,20,19,254,0,60
2025-08-17 11:33:00+00:00,67,254,60,19,24,22,20,19,254,0,60
2025-08-17 12:33:00+00:00,66,254,59,19,24,21,20,19,254,0,60
2025-08-17 13:33:00+00:00,66,254,60,19,24,21,20,19,254,0,60
2025-08-17 14:33:00+00:00,66,254,60,19,24,21,20,19,254,0,60
2025-08-17 15:33:00+00:00,66,254,61,19,24,21,21,19,254,0,60
2025-08-17 16:33:00+00:00,66,254,61,19,25,21,21,19,254,0,60
2025-08-17 17:33:00+00:00,66,254,61,19,25,22,21,19,254,0,60
2025-08-17 18:33:00+00:00,66,254,61,19,25,22,21,19,254,0,60
2025-08-17 19:33:00+00:00,66,254,61,19,25,22,21,19,254,0,60
2025-08-17 20:33:00+00:00,66,254,60,19,25,22,21,19,254,0,60
2025-08-17 21:33:00+00:00,66,254,59,19,25,22,21,19,254,0,60
2025-08-17 22:33:00+00:00,67,254,60,20,25,22,21,20,254,0,60
2025-08-17 23:33:00+00:00,67,254,60,20,25,22,22,20,254,0,60
2025-08-18 00:33:00+00:00,68,254,61,20,26,22,22,20,254,0,60
2025-08-18 01:33:00+00:00,68,254,62,20,26,22,22,20,254,0,60
2025-08-18 02:33:00+00:00,68,254,62,20,26,22,22,20,254,0,60
2025-08-18 03:33:00+00:00,68,254,63,20,26,22,22,20,254,0,60
2025-08-18 04:33:00+00:00,68,254,63,20,26,22,22,20,254,0,60
2025-08-18 05:33:00+00:00,68,254,64,20,27,22,23,20,254,0,60
2025-08-18 06:33:00+00:00,68,254,65,20,27,22,23,20,254,0,60
2025-08-18 07:33:00+00:00,68,254,66,20,27,22,23,20,254,0,60
2025-08-18 08:33:00+00:00,67,254,65,20,27,22,23,20,254,0,103
2025-08-18 09:33:00+00:00,67,254,66,20,27,22,23,20,254,0,60
2025-08-18 10:33:00+00:00,67,254,67,20,27,22,23,20,254,0,60
2025-08-18 11:33:00+00:00,66,254,66,19,27,21,23,19,254,0,60
2025-08-18 12:33:00+00:00,66,254,67,19,27,21,23,19,254,0,60
2025-08-18 13:33:00+00:00,66,254,67,19,27,21,23,19,254,0,60
2025-08-18 14:33:00+00:00,65,254,68,19,27,21,23,19,254,0,60
2025-08-18 15:33:00+00:00,65,254,69,19,28,22,23,19,254,0,60
2025-08-18 16:33:00+00:00,65,254,69,19,28,22,23,19,254,0,60
2025-08-18 17:33:00+00:00,65,254,68,19,28,22,23,19,254,0,60
2025-08-18 18:33:00+00:00,65,254,68,19,28,22,23,19,254,0,60
2025-08-18 19:33:00+00:00,66,254,67,20,28,22,23,19,254,0,60
2025-08-18 20:33:00+00:00,66,254,66,20,28,22,23,19,254,0,60
2025-08-18 21:33:00+00:00,67,254,66,20,28,22,24,20,254,15,60
2025-08-18 22:33:00+00:00,67,254,65,20,28,22,24,20,254,19,60
2025-08-18 23:33:00+00:00,68,254,66,20,29,22,24,20,254,15,60
2025-08-19 00:33:00+00:00,68,254,66,20,29,22,24,20,254,0,60
2025-08-19 01:33:00+00:00,69,254,66,20,29,22,24,20,254,0,60
2025-08-19 02:33:00+00:00,69,254,67,20,30,22,24,20,254,0,60
2025-08-19 03:33:00+00:00,69,254,67,20,30,22,24,20,254,0,60
2025-08-19 04:33:00+00:00,69,254,68,20,30,22,23,20,254,0,60
2025-08-19 05:33:00+00:00,69,254,69,20,30,22,23,20,254,0,60
2025-08-19 06:33:00+00:00,69,254,70,20,30,22,23,20,254,0,60
2025-08-19 07:33:00+00:00,68,254,70,20,31,22,23,20,254,0,60
2025-08-19 08:33:00+00:00,68,254,71,20,31,22,23,20,254,0,103
2025-08-19 09:33:00+00:00,68,254,72,20,31,22,23,20,254,0,60
2025-08-19 10:33:00+00:00,67,254,71,19,31,22,22,20,254,0,60
2025-08-19 11:33:00+00:00,67,254,72,19,31,22,22,20,254,0,60
2025-08-19 12:33:00+00:00,67,254,73,19,31,22,22,19,254,0,60
2025-08-19 13:33:00+00:00,66,254,72,19,30,21,22,19,254,10,60
2025-08-19 14:33:00+00:00,66,254,73,19,31,21,22,19,254,16,60
2025-08-19 15:33:00+00:00,65,254,73,19,31,21,17,19,254,20,60
2025-08-19 16:33:00+00:00,65,254,74,19,31,22,13,19,254,17,60
2025-08-19 17:33:00+00:00,65,254,73,19,30,22,13,19,254,1,60
2025-08-19 18:33:00+00:00,65,254,72,19,27,22,13,19,254,0,60
2025-08-19 19:33:00+00:00,66,254,70,19,25,22,13,19,254,0,60
2025-08-19 20:33:00+00:00,66,254,67,19,22,22,13,19,254,0,60
2025-08-19 21:33:00+00:00,66,254,63,19,20,22,12,20,254,0,60
2025-08-19 22:33:00+00:00,67,254,61,20,19,22,13,20,254,0,60
2025-08-19 23:33:00+00:00,68,254,59,20,18,22,12,20,254,0,60
2025-08-20 00:33:00+00:00,68,254,56,20,17,22,13,20,254,0,60
2025-08-20 01:33:00+00:00,69,254,53,20,17,22,13,20,254,0,60
2025-08-20 02:33:00+00:00,69,254,51,20,16,22,13,20,254,0,60
2025-08-20 03:33:00+00:00,69,254,49,20,16,22,13,20,254,0,60
2025-08-20 04:33:00+00:00,69,254,46,20,16,22,13,20,254,0,60
2025-08-20 05:35:00+00:00,69,254,44,20,16,22,13,20,254,0,60
2025-08-20 06:35:00+00:00,69,254,41,20,16,22,13,20,254,0,60
2025-08-20 07:35:00+00:00,69,254,39,20,16,22,13,20,254,0,60
2025-08-20 08:35:00+00:00,68,254,37,20,16,22,13,20,254,0,103
2025-08-20 09:35:00+00:00,68,254,36,20,16,22,13,20,254,0,60
2025-08-20 10:35:00+00:00,68,254,34,20,16,22,13,20,254,0,60
2025-08-20 11:35:00+00:00,68,254,33,20,16,22,14,20,254,0,60
2025-08-20 12:35:00+00:00,67,254,31,19,16,22,14,19,254,0,60
2025-08-20 13:35:00+00:00,67,254,30,19,16,22,14,19,254,0,60
2025-08-20 14:35:00+00:00,67,254,29,19,16,22,14,19,254,0,60
2025-08-20 15:35:00+00:00,67,254,28,19,16,22,14,19,254,0,60
2025-08-20 16:35:00+00:00,67,254,28,19,16,22,14,20,254,0,60
2025-08-20 17:35:00+00:00,67,254,27,20,17,22,14,20,254,0,60
2025-08-20 18:35:00+00:00,67,254,26,20,17,22,15,20,254,0,60
2025-08-20 19:35:00+00:00,67,254,26,20,17,22,15,20,254,0,60
2025-08-20 20:35:00+00:00,67,254,26,20,17,22,15,20,254,0,60
2025-08-20 21:35:00+00:00,67,254,26,20,17,22,15,20,254,0,60
2025-08-20 22:35:00+00:00,68,254,26,20,18,22,15,20,254,0,60
2025-08-20 23:35:00+00:00,68,254,26,20,18,22,16,20,254,0,60
2025-08-21 00:35:00+00:00,68,254,26,20,18,22,16,20,254,0,60
2025-08-21 01:35:00+00:00,69,254,26,20,18,22,16,20,254,0,60
2025-08-21 02:35:00+00:00,69,254,27,20,18,22,16,20,254,0,60
2025-08-21 03:35:00+00:00,69,254,27,20,18,22,16,20,254,0,60
2025-08-21 04:35:00+00:00,69,254,27,20,19,22,16,20,254,0,60
2025-08-21 05:35:00+00:00,69,254,27,20,19,22,16,20,254,0,60
2025-08-21 06:35:00+00:00,68,254,28,20,19,22,16,20,254,0,60
2025-08-21 07:35:00+00:00,68,254,28,20,19,22,17,20,254,0,60
2025-08-21 08:35:00+00:00,68,254,28,20,19,22,17,20,254,0,103
2025-08-21 09:35:00+00:00,67,254,28,19,19,22,17,19,254,0,60
2025-08-21 10:35:00+00:00,67,254,28,19,19,22,17,19,254,0,60
2025-08-21 11:35:00+00:00,67,254,28,19,19,22,17,19,254,0,60
2025-08-21 12:35:00+00:00,67,254,28,19,19,22,17,20,254,0,60
2025-08-21 13:35:00+00:00,66,254,27,19,19,21,17,19,254,0,60
2025-08-21 14:35:00+00:00,66,254,28,19,19,21,17,19,254,0,60
2025-08-21 15:35:00+00:00,66,254,27,19,19,21,17,19,254,0,60
2025-08-21 16:35:00+00:00,66,254,28,19,19,22,17,19,254,0,60
2025-08-21 17:35:00+00:00,66,254,27,19,19,22,17,19,254,0,60
2025-08-21 18:35:00+00:00,66,254,27,19,20,22,17,19,254,0,60
2025-08-21 19:35:00+00:00,66,254,27,19,20,22,17,19,254,0,60
2025-08-21 20:35:00+00:00,66,254,27,19,20,22,17,19,254,0,60
2025-08-21 21:35:00+00:00,67,254,28,20,20,22,18,20,254,0,60
2025-08-21 22:35:00+00:00,67,254,28,20,20,22,18,20,254,0,60
2025-08-21 23:35:00+00:00,68,254,28,20,21,22,18,20,254,0,60
2025-08-22 00:35:00+00:00,68,254,29,20,21,22,19,20,254,0,60
2025-08-22 01:35:00+00:00,68,254,29,20,21,22,19,20,254,0,60
2025-08-22 02:35:00+00:00,69,254,30,20,21,22,19,20,254,0,60
2025-08-22 03:35:00+00:00,69,254,30,20,22,22,19,20,254,0,60
2025-08-22 04:35:00+00:00,69,254,31,20,22,22,19,20,254,0,60
2025-08-22 05:35:00+00:00,69,254,31,20,22,22,19,20,254,0,60
2025-08-22 06:35:00+00:00,68,254,31,20,22,22,19,20,254,0,60
2025-08-22 07:35:00+00:00,68,254,32,20,22,22,19,20,254,0,60
2025-08-22 08:35:00+00:00,68,254,32,20,22,22,19,20,254,0,103
2025-08-22 09:35:00+00:00,67,254,32,19,22,22,19,19,254,0,60
2025-08-22 10:35:00+00:00,67,254,32,19,22,22,19,20,254,0,60
2025-08-22 11:35:00+00:00,67,254,32,19,22,22,19,20,254,0,60
2025-08-22 12:35:00+00:00,66,254,32,19,22,21,19,19,254,0,60
2025-08-22 13:35:00+00:00,66,254,32,19,22,21,19,19,254,0,60
2025-08-22 14:35:00+00:00,66,254,32,19,22,21,19,19,254,0,60
2025-08-22 15:35:00+00:00,65,254,32,19,22,22,19,19,254,0,60
2025-08-22 16:35:00+00:00,65,254,32,19,23,22,20,19,254,0,60
2025-08-22 17:35:00+00:00,65,254,32,19,23,22,20,19,254,0,60
2025-08-22 18:35:00+00:00,65,254,32,19,23,22,20,19,254,0,60
2025-08-22 19:35:00+00:00,66,254,32,19,23,22,20,20,254,0,60
2025-08-22 20:35:00+00:00,66,254,32,19,23,22,20,20,254,0,60
2025-08-22 21:35:00+00:00,67,254,32,20,24,22,21,20,254,0,60
2025-08-22 22:35:00+00:00,67,254,32,20,24,22,21,20,254,0,60
2025-08-22 23:35:00+00:00,67,254,33,20,24,22,20,20,254,0,60
2025-08-23 00:35:00+00:00,68,254,34,20,25,23,21,20,254,0,60
2025-08-23 01:35:00+00:00,68,254,35,20,25,22,21,20,254,0,60
2025-08-23 02:35:00+00:00,68,254,35,20,25,22,21,20,254,0,60
2025-08-23 03:35:00+00:00,68,254,36,20,25,22,21,20,254,0,60
2025-08-23 04:35:00+00:00,68,254,37,20,26,22,21,20,254,0,60
2025-08-23 05:35:00+00:00,68,254,38,20,26,22,22,20,254,0,60
2025-08-23 06:35:00+00:00,68,254,38,20,26,22,22,20,254,0,60
2025-08-23 07:35:00+00:00,68,254,39,20,26,22,22,20,254,0,60
2025-08-23 08:35:00+00:00,67,254,39,20,26,22,22,20,254,0,103
2025-08-23 09:35:00+00:00,67,254,39,20,26,22,22,20,254,0,60
2025-08-23 10:35:00+00:00,67,254,40,19,26,22,22,20,254,0,60
2025-08-23 11:35:00+00:00,67,254,40,20,26,22,22,20,254,0,60
2025-08-23 12:35:00+00:00,66,254,40,19,26,22,22,19,254,0,60
2025-08-23 13:35:00+00:00,66,254,40,19,26,22,22,19,254,0,60
2025-08-23 14:35:00+00:00,65,254,40,19,26,22,23,19,254,0,60
2025-08-23 15:35:00+00:00,65,254,40,19,27,22,23,19,254,0,60
2025-08-23 16:35:00+00:00,65,254,40,19,27,22,23,19,254,0,60
2025-08-23 17:35:00+00:00,65,254,40,19,27,22,23,20,254,0,60
2025-08-23 18:35:00+00:00,65,254,40,19,27,22,23,19,254,13,60
2025-08-23 19:35:00+00:00,66,254,40,19,27,22,23,20,254,12,60
2025-08-23 20:35:00+00:00,66,254,39,19,27,22,22,20,254,17,60
2025-08-23 21:35:00+00:00,67,254,40,20,27,22,23,20,254,13,60
2025-08-23 22:35:00+00:00,67,254,39,20,27,22,21,20,254,11,60
2025-08-23 23:35:00+00:00,68,254,40,20,27,23,19,20,254,0,60
2025-08-24 00:35:00+00:00,68,254,39,20,26,22,18,20,254,0,60
2025-08-24 01:35:00+00:00,68,254,39,20,26,22,18,20,254,0,60
2025-08-24 02:35:00+00:00,69,254,40,20,25,22,18,20,254,0,60
2025-08-24 03:35:00+00:00,69,254,40,20,24,22,18,20,254,0,60
2025-08-24 04:35:00+00:00,69,254,40,20,23,22,18,20,254,0,60
2025-08-24 05:35:00+00:00,69,254,41,20,22,22,18,20,254,0,60
2025-08-24 06:35:00+00:00,69,254,41,20,21,22,18,20,254,0,60
2025-08-24 07:35:00+00:00,68,254,41,20,21,22,19,20,254,0,60
2025-08-24 08:35:00+00:00,68,254,41,20,20,22,19,20,254,0,103
2025-08-24 09:35:00+00:00,68,254,42,20,19,22,19,20,254,0,60
2025-08-24 10:35:00+00:00,68,254,42,20,19,22,19,20,254,0,60
2025-08-24 11:35:00+00:00,68,254,42,20,19,22,19,20,254,0,60
2025-08-24 12:35:00+00:00,67,254,41,19,18,22,18,20,254,0,60
2025-08-24 13:35:00+00:00,67,254,41,19,18,22,18,20,254,0,60
2025-08-24 14:35:00+00:00,67,254,41,19,18,22,19,20,254,0,60
2025-08-24 15:35:00+00:00,67,254,41,19,17,22,19,20,254,0,60
2025-08-24 16:35:00+00:00,67,254,41,19,17,22,19,20,254,0,60
2025-08-24 17:35:00+00:00,67,254,41,19,17,22,19,20,254,0,60
2025-08-24 18:35:00+00:00,67,254,40,20,17,22,19,20,254,0,60
2025-08-24 19:35:00+00:00,67,254,40,20,17,22,19,20,254,0,60
2025-08-24 20:35:00+00:00,67,254,40,20,17,22,19,20,254,0,60
2025-08-24 21:35:00+00:00,67,254,39,20,17,22,19,20,254,0,60
2025-08-24 22:35:00+00:00,68,254,40,20,17,22,19,20,254,0,60
2025-08-24 23:35:00+00:00,68,254,40,20,17,22,19,20,254,0,60
2025-08-25 00:35:00+00:00,68,254,39,20,17,22,19,20,254,0,60
2025-08-25 01:35:00+00:00,68,254,39,20,17,22,19,20,254,0,60
2025-08-25 02:35:00+00:00,68,254,39,20,17,22,19,20,254,0,60
2025-08-25 03:35:00+00:00,69,254,40,20,17,22,19,20,254,0,60
2025-08-25 04:35:00+00:00,69,254,40,20,17,22,19,20,254,0,60
2025-08-25 05:35:00+00:00,69,254,40,20,17,22,19,20,254,0,60
2025-08-25 06:35:00+00:00,68,254,40,20,17,22,19,20,254,0,60
2025-08-25 07:35:00+00:00,68,254,40,20,17,22,19,20,254,0,60
2025-08-25 08:35:00+00:00,68,254,40,20,17,22,19,20,254,0,103
2025-08-25 09:35:00+00:00,68,254,40,20,17,22,20,20,254,0,60
2025-08-25 10:35:00+00:00,68,254,40,20,17,22,20,20,254,0,60
2025-08-25 11:35:00+00:00,68,254,40,20,17,22,20,20,254,0,60
2025-08-25 12:35:00+00:00,67,254,39,19,17,22,19,20,254,0,60
2025-08-25 13:35:00+00:00,67,254,39,19,17,22,19,20,254,1,60
2025-08-25 14:35:00+00:00,67,254,39,19,17,22,19,20,254,3,60
2025-08-25 15:35:00+00:00,67,254,39,19,17,22,19,20,254,0,60
2025-08-25 16:35:00+00:00,67,254,39,19,17,22,19,20,254,4,60
2025-08-25 17:35:00+00:00,67,254,39,19,17,22,19,20,254,0,60
2025-08-25 18:35:00+00:00,67,254,38,19,17,22,19,20,254,0,60
2025-08-25 19:35:00+00:00,67,254,38,19,17,22,19,20,254,0,60
2025-08-25 20:35:00+00:00,67,254,37,19,17,22,19,20,254,0,60
2025-08-25 21:36:00+00:00,67,254,37,20,17,22,19,20,254,0,60
2025-08-25 22:36:00+00:00,68,254,38,20,18,23,20,20,254,0,60
2025-08-25 23:36:00+00:00,68,254,38,20,18,23,20,20,254,0,60
2025-08-26 00:36:00+00:00,68,254,38,20,18,22,20,20,254,0,60
2025-08-26 01:36:00+00:00,68,254,38,20,18,23,20,20,254,0,60
2025-08-26 02:36:00+00:00,69,254,38,20,18,23,20,20,254,0,60
2025-08-26 03:36:00+00:00,69,254,38,20,18,23,20,20,254,0,60
2025-08-26 04:36:00+00:00,69,254,38,20,18,23,20,20,254,6,60
2025-08-26 05:36:00+00:00,69,254,38,20,17,23,19,20,254,0,60
2025-08-26 06:36:00+00:00,69,254,39,20,17,23,18,20,254,0,60
2025-08-26 07:36:00+00:00,68,254,39,20,17,23,18,20,254,0,60
2025-08-26 08:36:00+00:00,68,254,39,20,17,23,17,20,254,0,103
2025-08-26 09:36:00+00:00,68,254,39,20,17,23,17,20,254,0,60
2025-08-26 10:36:00+00:00,68,254,39,20,17,23,17,20,254,0,60
2025-08-26 11:36:00+00:00,68,254,39,20,17,23,15,20,254,0,60
2025-08-26 12:36:00+00:00,68,254,39,20,17,23,17,20,254,0,60
2025-08-26 13:36:00+00:00,67,254,38,19,16,22,17,20,254,0,60
2025-08-26 14:36:00+00:00,67,254,38,19,16,22,17,20,254,0,60
2025-08-26 15:36:00+00:00,67,254,38,19,16,22,17,20,254,0,60
2025-08-26 16:36:00+00:00,67,254,38,19,16,23,17,20,254,0,60
2025-08-26 17:36:00+00:00,67,254,38,19,16,22,17,20,254,0,60
2025-08-26 18:36:00+00:00,67,254,37,19,16,22,17,20,254,0,60
2025-08-26 19:36:00+00:00,67,254,37,19,16,23,17,20,254,11,60
2025-08-26 20:36:00+00:00,67,254,37,19,16,23,16,20,254,11,60
2025-08-26 21:37:00+00:00,67,254,37,19,16,22,15,20,254,0,60
2025-08-26 22:37:00+00:00,68,254,37,20,15,23,15,20,254,1,60
2025-08-26 23:37:00+00:00,68,254,37,20,15,23,15,20,254,0,60
2025-08-27 00:37:00+00:00,68,254,37,20,14,23,15,20,254,0,60
2025-08-27 01:37:00+00:00,68,254,37,20,14,22,15,20,254,0,60
2025-08-27 02:37:00+00:00,68,254,37,20,13,23,15,20,254,1,60
2025-08-27 03:37:00+00:00,68,254,37,20,13,23,15,20,254,1,60
2025-08-27 04:37:00+00:00,68,254,37,20,13,23,15,20,254,0,60
2025-08-27 05:37:00+00:00,68,254,36,20,13,23,15,20,254,0,60
2025-08-27 06:37:00+00:00,68,254,36,20,13,23,15,20,254,0,60
2025-08-27 07:37:00+00:00,68,254,36,20,13,23,15,20,254,1,60
2025-08-27 08:37:00+00:00,67,254,35,19,12,22,15,20,254,0,103
2025-08-27 09:37:00+00:00,67,254,35,19,12,23,15,20,254,0,60
2025-08-27 10:37:00+00:00,67,254,35,19,12,23,15,20,254,0,60
2025-08-27 11:37:00+00:00,67,254,35,19,12,23,15,20,254,0,60
2025-08-27 12:37:00+00:00,67,254,35,19,12,23,15,20,254,0,60
2025-08-27 13:37:00+00:00,67,254,34,19,12,23,15,20,254,0,60
2025-08-27 14:37:00+00:00,67,254,34,19,12,23,15,20,254,0,60
2025-08-27 15:37:00+00:00,67,254,34,19,13,23,15,20,254,0,60
2025-08-27 16:37:00+00:00,67,254,33,19,13,22,15,20,254,0,60
2025-08-27 17:37:00+00:00,67,254,33,19,13,23,15,20,254,0,60
2025-08-27 18:37:00+00:00,67,254,32,19,13,23,15,20,254,0,60
2025-08-27 19:37:00+00:00,67,254,32,19,13,23,15,20,254,0,60
2025-08-27 20:37:00+00:00,67,254,32,19,13,23,16,20,254,0,60
2025-08-27 21:37:00+00:00,68,254,32,20,14,23,16,20,254,0,60
2025-08-27 22:37:00+00:00,68,254,32,20,14,23,16,20,254,0,60
2025-08-27 23:37:00+00:00,68,254,32,20,14,23,16,20,254,0,60
2025-08-28 00:37:00+00:00,68,254,31,20,14,23,16,20,254,0,60
2025-08-28 01:37:00+00:00,68,254,31,20,14,23,16,20,254,0,60
2025-08-28 02:37:00+00:00,68,254,31,20,14,23,16,20,254,0,60
2025-08-28 03:37:00+00:00,68,254,31,20,14,23,16,20,254,0,60
2025-08-28 04:37:00+00:00,68,254,31,20,14,23,16,20,254,0,60
2025-08-28 05:38:00+00:00,68,254,31,20,14,23,15,20,254,0,60
2025-08-28 06:38:00+00:00,67,254,30,19,14,22,15,20,254,0,60
2025-08-28 07:38:00+00:00,67,254,30,19,14,22,14,20,254,0,60
2025-08-28 08:38:00+00:00,67,254,30,19,14,23,13,20,254,0,103
2025-08-28 09:38:00+00:00,67,254,30,19,14,23,13,20,254,0,60
2025-08-28 10:38:00+00:00,67,254,30,19,14,22,13,20,254,0,60
2025-08-28 11:38:00+00:00,67,254,30,19,14,22,14,20,254,0,60
2025-08-28 12:38:00+00:00,66,254,29,19,14,22,13,19,254,0,60
2025-08-28 13:38:00+00:00,66,254,29,19,14,22,13,19,254,0,60
2025-08-28 14:38:00+00:00,66,254,29,19,14,22,14,20,254,0,60
2025-08-28 15:38:00+00:00,66,254,29,19,14,22,14,19,254,0,60
2025-08-28 16:38:00+00:00,66,254,29,19,15,22,14,19,254,0,60
2025-08-28 17:38:00+00:00,66,254,29,19,15,22,14,20,254,0,60
2025-08-28 18:38:00+00:00,66,254,28,19,15,22,14,20,254,0,60
2025-08-28 19:38:00+00:00,66,254,28,19,15,22,14,20,254,0,60
2025-08-28 20:38:00+00:00,66,254,28,19,15,22,14,20,254,0,60
2025-08-28 21:38:00+00:00,67,254,28,19,16,23,15,20,254,0,60
2025-08-28 22:38:00+00:00,67,254,28,19,16,23,15,20,254,0,60
2025-08-28 23:38:00+00:00,67,254,28,20,16,23,15,20,254,0,60
2025-08-29 00:38:00+00:00,68,254,29,20,17,23,16,20,254,0,60
2025-08-29 01:38:00+00:00,68,254,29,20,17,23,16,20,254,0,60
2025-08-29 02:38:00+00:00,68,254,29,20,17,23,16,20,254,0,60
2025-08-29 03:38:00+00:00,68,254,29,20,17,23,16,20,254,0,60
2025-08-29 04:38:00+00:00,68,254,30,20,17,23,16,20,254,0,60
2025-08-29 05:39:00+00:00,68,254,30,20,17,23,16,20,254,0,60
2025-08-29 06:39:00+00:00,68,254,30,20,17,23,17,20,254,0,60
2025-08-29 07:39:00+00:00,67,254,30,19,17,22,16,20,254,0,60
2025-08-29 08:39:00+00:00,67,254,30,19,17,23,17,20,254,0,103
2025-08-29 09:39:00+00:00,67,254,30,19,17,23,17,20,254,0,60
2025-08-29 10:39:00+00:00,66,254,30,19,17,22,17,19,254,0,60
2025-08-29 11:39:00+00:00,66,254,30,19,17,22,17,19,254,0,60
2025-08-29 12:39:00+00:00,66,254,30,19,17,22,17,19,254,0,60
2025-08-29 13:39:00+00:00,65,254,30,19,17,22,17,19,254,0,60
2025-08-29 14:39:00+00:00,65,254,30,19,17,22,17,20,254,0,60
2025-08-29 15:39:00+00:00,65,254,30,19,17,22,17,20,254,0,60
2025-08-29 16:39:00+00:00,65,254,30,19,17,22,17,20,254,0,60
2025-08-29 17:39:00+00:00,65,254,30,19,17,22,17,20,254,0,60
2025-08-29 18:39:00+00:00,65,254,29,19,18,22,17,20,254,0,60
2025-08-29 19:39:00+00:00,65,254,29,19,18,22,17,20,254,0,60
2025-08-29 20:39:00+00:00,66,254,29,19,18,22,17,20,254,0,60
2025-08-29 21:39:00+00:00,66,254,29,19,18,22,17,20,254,0,60
2025-08-29 22:39:00+00:00,67,254,29,19,19,23,18,20,254,0,60
2025-08-29 23:39:00+00:00,67,254,29,20,19,23,18,20,254,0,60
2025-08-30 00:39:00+00:00,68,254,30,20,19,23,18,20,254,0,60
2025-08-30 01:39:00+00:00,68,254,30,20,19,23,18,20,254,0,60
2025-08-30 02:39:00+00:00,68,254,31,20,19,23,18,20,254,0,60
2025-08-30 03:40:00+00:00,68,254,31,20,19,23,19,20,254,0,60
2025-08-30 04:40:00+00:00,68,254,31,20,19,23,19,20,254,0,60
2025-08-30 05:40:00+00:00,68,254,32,20,19,23,19,20,254,0,60
2025-08-30 06:40:00+00:00,68,254,32,20,19,23,19,20,254,0,60
2025-08-30 07:40:00+00:00,67,254,32,19,19,22,19,20,254,0,60
2025-08-30 08:40:00+00:00,67,254,32,19,19,22,19,20,254,0,103
2025-08-30 09:40:00+00:00,67,254,33,19,19,22,19,20,254,0,60
2025-08-30 10:40:00+00:00,66,254,32,19,19,22,19,20,254,0,60
2025-08-30 11:40:00+00:00,66,254,32,19,19,22,19,20,254,0,60
2025-08-30 12:40:00+00:00,66,254,33,19,19,22,19,19,254,0,60
2025-08-30 13:40:00+00:00,65,254,33,19,19,22,19,20,254,0,60
2025-08-30 14:40:00+00:00,65,254,33,19,19,22,19,20,254,0,60
2025-08-30 15:40:00+00:00,65,254,33,19,20,22,20,20,254,0,60
2025-08-30 16:40:00+00:00,65,254,33,19,20,22,20,20,254,0,60
2025-08-30 17:40:00+00:00,65,254,33,19,20,22,20,20,254,0,60
2025-08-30 18:40:00+00:00,65,254,32,19,20,22,20,20,254,0,60
2025-08-30 19:40:00+00:00,65,254,32,19,20,22,20,20,254,0,60
2025-08-30 20:40:00+00:00,66,254,31,19,20,22,20,20,254,0,60
2025-08-30 21:40:00+00:00,66,254,31,19,21,22,20,20,254,0,60
2025-08-30 22:40:00+00:00,67,254,31,19,21,23,20,20,254,0,60
2025-08-30 23:40:00+00:00,67,254,31,19,21,23,20,20,254,0,60
2025-08-31 00:40:00+00:00,68,254,32,20,22,23,20,21,254,0,60
2025-08-31 01:40:00+00:00,68,254,33,20,22,23,21,20,254,0,60
2025-08-31 02:40:00+00:00,68,254,33,20,22,23,21,20,254,0,60
2025-08-31 03:40:00+00:00,68,254,34,20,22,23,21,20,254,0,60
2025-08-31 04:40:00+00:00,68,254,34,20,22,23,21,20,254,0,60
2025-08-31 05:40:00+00:00,68,254,35,20,22,23,21,20,254,0,60
2025-08-31 06:40:00+00:00,67,254,35,19,22,22,21,20,254,0,60
2025-08-31 07:40:00+00:00,67,254,35,19,22,22,21,20,254,0,60
2025-08-31 08:40:00+00:00,67,254,36,19,22,22,22,20,254,0,103
2025-08-31 09:40:00+00:00,66,254,36,19,22,22,21,20,254,0,60
2025-08-31 10:40:00+00:00,66,254,36,19,22,22,22,20,254,0,60
2025-08-31 11:40:00+00:00,66,254,36,19,22,22,22,20,254,0,60
2025-08-31 12:40:00+00:00,65,254,36,19,22,22,22,20,254,0,60
2025-08-31 13:40:00+00:00,65,254,37,19,22,22,22,20,254,0,60
2025-08-31 14:40:00+00:00,65,254,37,19,22,22,23,20,254,0,60
2025-08-31 15:40:00+00:00,64,254,36,19,22,22,22,19,254,0,60
2025-08-31 16:40:00+00:00,64,254,36,19,22,22,22,20,254,0,60
2025-08-31 17:40:00+00:00,64,254,36,19,22,22,22,20,254,0,60
2025-08-31 18:40:00+00:00,64,254,36,19,23,22,22,20,254,0,60
2025-08-31 19:40:00+00:00,65,254,36,19,23,22,23,20,254,0,60
2025-08-31 20:40:00+00:00,65,254,35,19,23,22,23,20,254,0,60
2025-08-31 21:40:00+00:00,66,254,35,19,23,22,23,20,254,0,60
2025-08-31 22:40:00+00:00,66,254,35,19,24,22,23,20,254,0,60
2025-08-31 23:40:00+00:00,67,254,36,20,24,23,23,20,254,0,60
2025-09-01 00:40:00+00:00,67,254,36,20,24,23,24,20,254,0,60
2025-09-01 01:40:00+00:00,67,254,37,20,24,23,24,20,254,0,60
2025-09-01 02:40:00+00:00,67,254,37,19,25,23,24,20,254,0,60
2025-09-01 03:40:00+00:00,67,254,38,19,25,23,24,20,254,0,60
2025-09-01 04:40:00+00:00,67,254,39,19,25,22,25,20,254,0,60
2025-09-01 05:40:00+00:00,67,254,40,19,25,22,25,20,254,0,60
2025-09-01 06:40:00+00:00,67,254,41,19,25,22,25,20,254,0,60
2025-09-01 07:40:00+00:00,67,254,41,19,25,22,25,20,254,0,60
2025-09-01 08:40:00+00:00,66,254,41,19,25,22,25,20,254,0,103
2025-09-01 09:40:00+00:00,66,254,42,19,25,22,25,20,254,0,60
2025-09-01 10:40:00+00:00,66,254,42,19,25,22,26,20,254,0,60
2025-09-01 11:40:00+00:00,65,254,43,19,25,22,26,20,254,0,60
2025-09-01 12:40:00+00:00,65,254,43,19,25,22,26,20,254,0,60
2025-09-01 13:40:00+00:00,65,254,44,19,25,22,26,20,254,0,60
2025-09-01 14:40:00+00:00,64,254,44,19,25,22,26,20,254,0,60
2025-09-01 15:40:00+00:00,64,254,44,19,25,22,26,20,254,0,60
2025-09-01 16:40:00+00:00,64,254,44,19,26,22,26,20,254,0,60
2025-09-01 17:40:00+00:00,64,254,44,19,26,22,27,20,254,0,60
2025-09-01 18:40:00+00:00,64,254,43,19,26,22,26,20,254,0,60
2025-09-01 19:40:00+00:00,65,254,43,19,27,22,27,20,254,0,60
2025-09-01 20:40:00+00:00,65,254,43,19,27,22,27,20,254,0,60
2025-09-01 21:40:00+00:00,66,254,42,19,27,22,27,20,254,0,60
2025-09-01 22:40:00+00:00,66,254,42,19,27,22,27,20,254,0,60
2025-09-01 23:40:00+00:00,67,254,43,20,28,23,27,20,254,0,60
2025-09-02 00:40:00+00:00,67,254,43,20,28,23,27,20,254,0,60
2025-09-02 01:40:00+00:00,67,254,44,20,28,23,28,20,254,0,60
2025-09-02 02:40:00+00:00,68,254,45,20,28,23,28,21,254,0,60
2025-09-02 03:40:00+00:00,68,254,46,20,29,23,29,21,254,0,60
2025-09-02 04:40:00+00:00,68,254,47,20,29,23,29,21,254,0,60
2025-09-02 05:40:00+00:00,68,254,48,20,29,23,29,21,254,0,60
2025-09-02 06:40:00+00:00,67,254,48,19,28,22,29,20,254,0,60
2025-09-02 07:40:00+00:00,67,254,49,19,29,22,30,20,254,0,60
2025-09-02 08:40:00+00:00,67,254,49,19,29,22,30,20,254,0,103
2025-09-02 09:40:00+00:00,67,254,50,19,29,22,30,20,254,0,60
2025-09-02 10:40:00+00:00,66,254,50,19,28,22,30,20,254,0,60
2025-09-02 11:40:00+00:00,66,254,51,19,28,22,30,20,254,0,60
2025-09-02 12:40:00+00:00,66,254,51,19,29,22,31,20,254,0,60
2025-09-02 13:40:00+00:00,65,254,52,19,29,22,31,20,254,0,60
2025-09-02 14:40:00+00:00,65,254,52,19,29,22,31,20,254,0,60
2025-09-02 15:40:00+00:00,65,254,53,19,29,22,31,20,254,0,60
2025-09-02 16:40:00+00:00,65,254,53,19,29,23,32,20,254,0,60
2025-09-02 17:40:00+00:00,65,254,53,19,30,22,31,20,254,0,60
2025-09-02 18:40:00+00:00,65,254,52,19,30,23,31,20,254,0,60
2025-09-02 19:40:00+00:00,66,254,51,19,30,23,31,20,254,0,60
2025-09-02 20:40:00+00:00,66,254,50,19,30,23,31,20,254,0,60
2025-09-02 21:40:00+00:00,67,254,50,20,31,24,31,21,254,0,60
2025-09-02 22:40:00+00:00,67,254,50,20,31,24,31,20,254,0,59
2025-09-02 23:40:00+00:00,68,254,51,20,32,24,32,21,254,0,59
2025-09-03 00:40:00+00:00,68,254,51,20,32,24,32,21,254,0,60
2025-09-03 01:40:00+00:00,69,254,52,20,32,24,32,21,254,0,60
2025-09-03 02:40:00+00:00,69,254,52,20,32,23,33,21,254,0,60
2025-09-03 03:40:00+00:00,69,254,53,20,33,23,33,21,254,0,60
2025-09-03 04:40:00+00:00,69,254,54,20,33,23,34,20,254,0,60
2025-09-03 05:40:00+00:00,69,254,55,19,33,23,34,20,254,0,60
2025-09-03 06:40:00+00:00,68,254,56,19,33,23,35,20,254,0,60
2025-09-03 07:40:00+00:00,68,254,57,19,33,23,35,20,254,0,60
2025-09-03 08:40:00+00:00,68,254,58,19,33,23,36,20,254,0,103
2025-09-03 09:40:00+00:00,67,254,57,19,33,22,36,20,254,0,60
2025-09-03 10:40:00+00:00,67,254,58,19,33,22,36,20,254,0,60
2025-09-03 11:40:00+00:00,67,254,59,19,33,22,36,20,254,0,60
2025-09-03 12:40:00+00:00,66,254,59,19,33,22,36,20,254,0,60
2025-09-03 13:40:00+00:00,66,254,59,19,33,22,36,20,254,0,60
2025-09-03 14:40:00+00:00,66,254,60,19,33,22,37,20,254,0,60
2025-09-03 15:40:00+00:00,65,254,61,19,33,22,37,20,254,0,60
2025-09-03 16:40:00+00:00,65,254,61,19,33,22,37,20,254,0,60
2025-09-03 17:40:00+00:00,65,254,60,19,34,22,36,20,254,0,60
2025-09-03 18:40:00+00:00,66,254,60,19,34,22,36,20,254,0,60
2025-09-03 19:40:00+00:00,66,254,59,19,34,22,36,20,254,0,60
2025-09-03 20:40:00+00:00,66,254,58,19,34,22,36,20,254,0,60
2025-09-03 21:40:00+00:00,67,254,59,19,35,23,36,20,254,0,60
2025-09-03 22:40:00+00:00,68,254,59,20,36,23,36,21,254,0,60
2025-09-03 23:40:00+00:00,68,254,59,20,36,23,37,21,254,0,60
2025-09-04 00:40:00+00:00,69,254,58,20,36,23,37,21,254,0,60
2025-09-04 01:40:00+00:00,69,254,59,20,36,23,37,21,254,0,60
2025-09-04 02:40:00+00:00,69,254,59,20,37,23,37,21,254,0,60
2025-09-04 03:40:00+00:00,69,254,60,20,37,23,37,21,254,0,60
2025-09-04 04:40:00+00:00,69,254,60,19,37,23,37,21,254,0,60
2025-09-04 05:40:00+00:00,69,254,61,19,37,23,38,20,254,0,60
2025-09-04 06:40:00+00:00,68,254,62,19,37,23,38,20,254,0,60
2025-09-04 07:40:00+00:00,68,254,63,19,37,23,38,20,254,0,60
2025-09-04 08:40:00+00:00,68,254,64,19,37,23,39,20,254,0,103
2025-09-04 09:40:00+00:00,68,254,65,19,37,23,39,21,254,0,60
2025-09-04 10:40:00+00:00,67,254,64,19,37,22,39,20,254,0,60
2025-09-04 11:40:00+00:00,67,254,65,19,37,22,39,20,254,0,60
2025-09-04 12:40:00+00:00,67,254,65,19,37,22,39,20,254,0,60
2025-09-04 13:40:00+00:00,66,254,65,19,37,22,39,20,254,0,60
2025-09-04 14:40:00+00:00,66,254,65,19,37,22,39,20,254,0,60
2025-09-04 15:40:00+00:00,66,254,65,19,37,22,39,20,254,0,60
2025-09-04 16:40:00+00:00,66,254,65,19,38,22,39,20,254,0,60
2025-09-04 17:40:00+00:00,66,254,65,19,38,22,39,20,254,0,60
2025-09-04 18:40:00+00:00,66,254,65,19,38,22,39,20,254,0,60
2025-09-04 19:40:00+00:00,67,254,65,19,39,23,39,20,254,0,60
2025-09-04 20:40:00+00:00,67,254,64,19,40,23,39,21,254,0,60
2025-09-04 21:40:00+00:00,67,254,64,19,40,23,39,21,254,0,60
2025-09-04 22:40:00+00:00,68,254,64,20,41,23,40,21,254,0,60
2025-09-04 23:40:00+00:00,68,254,64,20,41,23,40,21,254,0,60
2025-09-05 00:40:00+00:00,68,254,64,20,41,23,40,21,254,0,60
2025-09-05 01:40:00+00:00,69,254,64,20,41,23,40,21,254,0,60
2025-09-05 02:40:00+00:00,69,254,65,19,41,23,40,21,254,0,60
2025-09-05 03:40:00+00:00,69,254,65,19,41,23,41,21,254,0,60
2025-09-05 04:40:00+00:00,68,254,66,19,41,23,41,21,254,0,60
2025-09-05 05:40:00+00:00,68,254,67,19,42,23,42,21,254,0,60
2025-09-05 06:40:00+00:00,68,254,67,19,42,23,42,21,254,0,60
2025-09-05 07:40:00+00:00,68,254,68,19,42,23,43,21,254,0,60
2025-09-05 08:40:00+00:00,68,254,69,19,42,23,43,21,254,0,103
2025-09-05 09:40:00+00:00,67,254,68,19,41,23,42,20,254,0,60
2025-09-05 10:40:00+00:00,67,254,69,19,41,23,43,20,254,0,60
2025-09-05 11:40:00+00:00,67,254,69,19,41,23,43,20,254,0,60
2025-09-05 12:40:00+00:00,66,254,69,19,41,22,42,20,254,0,60
2025-09-05 13:40:00+00:00,66,254,69,19,41,22,43,20,254,0,60
2025-09-05 14:40:00+00:00,66,254,70,19,41,22,43,20,254,0,60
2025-09-05 15:40:00+00:00,66,254,70,19,41,22,43,20,254,0,60
2025-09-05 16:40:00+00:00,66,254,16,4,6,14,10,20,254,0,60
2025-09-05 17:40:00+00:00,66,254,13,8,7,12,12,20,254,0,60
2025-09-05 18:40:00+00:00,66,254,12,12,14,11,15,20,254,0,60
2025-09-05 19:40:00+00:00,66,254,11,20,18,11,17,20,254,0,60
2025-09-05 20:40:00+00:00,67,254,13,24,21,11,19,21,254,0,60
2025-09-05 21:40:00+00:00,67,254,17,25,23,11,21,21,254,0,59
2025-09-05 22:40:00+00:00,68,254,20,27,26,11,23,21,254,0,59
2025-09-05 23:40:00+00:00,68,254,21,28,27,11,24,21,254,0,60
2025-09-06 00:40:00+00:00,69,254,23,28,29,12,25,21,254,0,60
2025-09-06 01:40:00+00:00,69,254,24,28,30,11,26,21,254,0,60
2025-09-06 02:40:00+00:00,69,254,25,28,32,11,27,21,254,0,60
2025-09-06 03:40:00+00:00,69,254,26,28,33,11,28,21,254,0,60
2025-09-06 04:40:00+00:00,69,254,27,28,34,12,30,21,254,0,60
2025-09-06 05:40:00+00:00,69,254,28,28,35,18,31,21,254,0,60
2025-09-06 06:40:00+00:00,68,254,29,28,37,21,33,21,254,0,60
2025-09-06 07:40:00+00:00,68,254,31,28,38,23,35,21,254,0,60
2025-09-06 08:40:00+00:00,68,254,32,28,39,25,36,21,254,0,103
2025-09-06 09:40:00+00:00,68,254,33,28,40,26,38,21,254,0,60
2025-09-06 10:40:00+00:00,67,254,33,28,40,25,39,20,254,0,60
2025-09-06 11:40:00+00:00,67,254,34,28,41,26,40,20,254,0,60
2025-09-06 12:40:00+00:00,67,254,35,28,41,26,42,20,254,0,60
2025-09-06 13:40:00+00:00,66,254,36,27,41,25,42,20,254,0,60
2025-09-06 14:40:00+00:00,66,254,37,28,42,26,43,20,254,0,60
2025-09-06 15:40:00+00:00,66,254,38,27,42,26,44,20,254,0,60
2025-09-06 16:40:00+00:00,66,254,38,28,43,26,45,20,254,0,60
2025-09-06 17:40:00+00:00,66,254,39,28,44,26,45,20,254,0,60
2025-09-06 18:40:00+00:00,66,254,40,28,44,26,45,20,254,0,60
2025-09-06 19:40:00+00:00,67,254,41,28,46,26,47,21,254,0,60
2025-09-06 20:40:00+00:00,67,254,42,28,46,26,47,21,254,0,60
2025-09-06 21:40:00+00:00,67,254,43,28,47,26,48,21,254,0,60
2025-09-06 22:40:00+00:00,67,254,44,28,48,26,48,21,254,0,60
2025-09-06 23:40:00+00:00,67,254,45,29,48,26,48,21,254,0,60
2025-09-07 00:40:00+00:00,68,254,46,29,50,27,49,21,254,0,60
2025-09-07 01:40:00+00:00,68,254,48,29,50,27,50,21,254,0,60
2025-09-07 02:40:00+00:00,68,254,49,29,50,27,50,21,254,0,60
2025-09-07 03:40:00+00:00,68,254,50,29,50,27,51,21,254,0,60
2025-09-07 04:40:00+00:00,68,254,52,29,51,27,52,21,254,0,60
2025-09-07 05:40:00+00:00,68,254,53,29,51,26,53,21,254,0,60
2025-09-07 06:40:00+00:00,67,254,54,28,50,26,53,20,254,0,60
2025-09-07 07:40:00+00:00,67,254,55,28,51,26,54,20,254,0,60
2025-09-07 08:40:00+00:00,67,254,57,28,51,26,55,20,254,0,103
2025-09-07 09:40:00+00:00,67,254,58,28,51,26,55,20,254,0,60
2025-09-07 10:40:00+00:00,66,254,59,28,50,26,55,20,254,0,60
2025-09-07 11:40:00+00:00,66,254,60,28,50,26,56,20,254,0,60
2025-09-07 12:40:00+00:00,66,254,61,28,51,26,57,20,254,0,60
2025-09-07 13:40:00+00:00,66,254,62,28,51,26,57,20,254,0,60
2025-09-07 14:40:00+00:00,65,254,64,28,51,26,58,20,254,0,60
2025-09-07 15:40:00+00:00,65,254,65,28,51,26,58,20,254,0,60
2025-09-07 16:40:00+00:00,65,254,65,28,52,26,58,20,254,0,60
2025-09-07 17:40:00+00:00,65,254,66,28,52,26,57,20,254,0,60
2025-09-07 18:40:00+00:00,65,254,66,28,53,26,56,20,254,0,59
2025-09-07 19:40:00+00:00,66,254,65,28,53,26,55,20,254,0,59
2025-09-07 20:40:00+00:00,66,254,64,28,53,26,54,20,254,0,59
2025-09-07 21:40:00+00:00,67,254,65,29,54,27,55,21,254,0,59
2025-09-07 22:40:00+00:00,67,254,65,29,55,27,54,21,254,0,60
2025-09-07 23:40:00+00:00,68,254,67,29,56,27,55,21,254,0,60
2025-09-08 00:40:00+00:00,68,254,67,29,56,27,55,21,254,0,60
2025-09-08 01:40:00+00:00,68,254,68,29,56,27,55,21,254,0,60
2025-09-08 02:40:00+00:00,69,254,69,29,56,27,56,21,254,0,60
2025-09-08 03:40:00+00:00,69,254,70,29,56,27,57,21,254,0,60
2025-09-08 04:40:00+00:00,68,254,71,29,57,27,58,21,254,0,60
2025-09-08 05:40:00+00:00,68,254,72,29,57,27,59,21,254,0,60
2025-09-08 06:40:00+00:00,68,254,73,29,57,27,60,21,254,0,60
2025-09-08 07:40:00+00:00,68,254,74,29,57,27,61,21,254,0,60
2025-09-08 08:40:00+00:00,67,254,74,28,57,26,61,20,254,0,103
2025-09-08 09:40:00+00:00,67,254,75,28,57,26,62,20,254,0,60
2025-09-08 10:40:00+00:00,67,254,76,28,57,26,63,20,254,0,60
2025-09-08 11:40:00+00:00,66,254,75,28,56,26,63,20,254,0,60
2025-09-08 12:40:00+00:00,66,254,76,28,57,26,64,20,254,0,60
2025-09-08 13:40:00+00:00,66,254,77,28,57,26,64,20,254,0,60
2025-09-08 14:40:00+00:00,65,254,78,28,57,26,65,20,254,0,60
2025-09-08 15:40:00+00:00,65,254,79,28,57,26,65,20,254,0,60
2025-09-08 16:40:00+00:00,65,254,80,28,57,26,65,20,254,0,60
2025-09-08 17:40:00+00:00,254,254,254,254,254,254,254,254,254,0,59
2026-03-17 14:45:00+00:00,254,254,244,244,244,244,244,244,254,0,60
2026-03-17 14:48:00+00:00,254,254,244,244,244,244,244,244,254,0,60
2026-03-17 15:02:00+00:00,254,254,244,244,244,244,244,244,254,0,60
2026-03-17 15:06:00+00:00,254,254,244,244,244,244,244,244,254,0,64
2026-03-17 15:22:00+00:00,254,254,244,244,244,244,244,244,254,0,64
2026-04-21 16:33:00+00:00,254,254,6,12,5,6,2,12,254,0,64
2026-04-21 23:26:00+00:00,254,254,4,6,3,11,1,2,254,0,64
2026-04-22 00:26:00+00:00,254,254,4,5,4,11,1,3,254,0,64
2026-04-22 01:26:00+00:00,254,254,4,5,4,11,1,3,254,0,64
2026-04-22 02:26:00+00:00,254,254,4,5,4,8,1,3,254,0,64
2026-04-22 03:26:00+00:00,254,254,4,5,4,11,1,3,254,0,64
2026-04-22 04:26:00+00:00,254,254,5,6,5,12,2,4,254,0,64
2026-04-22 05:26:00+00:00,254,254,6,7,6,14,2,5,254,0,64
2026-04-22 06:26:00+00:00,254,254,6,7,6,13,2,5,254,0,64
2026-04-22 07:26:00+00:00,254,254,6,8,6,13,3,5,254,0,64
2026-04-22 08:26:00+00:00,254,254,7,8,7,13,3,5,254,0,103
2026-04-22 09:26:00+00:00,254,254,7,8,7,16,3,6,254,0,64
2026-04-22 10:26:00+00:00,254,254,7,8,7,13,3,6,254,0,64
2026-04-22 11:26:00+00:00,254,254,7,9,7,16,3,6,254,0,64
2026-04-22 12:26:00+00:00,254,254,8,9,8,12,4,6,254,0,64
2026-04-22 13:26:00+00:00,254,254,8,9,7,13,4,6,254,0,64
2026-04-22 14:26:00+00:00,254,254,8,9,8,11,4,6,254,0,64
2026-05-08 18:55:00+00:00,103,254,1,1,0,0,0,0,254,0,64
2026-05-08 19:56:00+00:00,60,254,3,2,0,2,0,9,254,6,64
2026-05-08 20:56:00+00:00,60,254,3,2,0,2,0,1,254,0,64
2026-05-08 21:56:00+00:00,61,254,4,2,0,2,0,2,254,0,64
2026-05-08 22:56:00+00:00,61,254,10,2,0,2,0,4,254,0,64
2026-05-08 23:56:00+00:00,62,254,6,2,0,2,0,5,254,0,64
2026-05-09 00:56:00+00:00,62,254,5,2,0,1,0,12,254,0,64
2026-05-09 01:56:00+00:00,62,254,7,2,0,1,0,10,254,0,64
2026-05-09 02:56:00+00:00,62,254,6,2,1,1,0,7,254,0,64
2026-05-09 03:56:00+00:00,62,254,11,2,1,1,0,8,254,0,64
2026-05-09 04:56:00+00:00,62,254,7,2,1,1,0,9,254,0,64
2026-05-09 05:56:00+00:00,62,254,11,2,1,1,0,10,254,0,64
2026-05-09 06:56:00+00:00,61,254,8,2,1,1,0,10,254,0,64
2026-05-09 07:56:00+00:00,61,254,9,2,2,1,0,10,254,0,64
2026-05-09 08:56:00+00:00,60,254,9,2,2,1,0,10,254,0,103
2026-05-09 09:56:00+00:00,60,254,10,2,2,1,0,10,254,0,64
2026-05-09 10:56:00+00:00,60,254,10,2,2,0,0,11,254,0,64
2026-05-09 11:56:00+00:00,59,254,10,2,2,1,0,11,254,0,64
2026-05-09 12:56:00+00:00,59,254,10,2,3,1,1,11,254,0,64
2026-05-09 13:56:00+00:00,58,254,10,2,3,1,1,11,254,0,64
2026-05-09 14:56:00+00:00,58,254,11,9,4,1,2,11,254,0,64
2026-05-09 15:56:00+00:00,58,254,11,2,4,1,2,11,254,0,64
2026-05-09 16:56:00+00:00,58,254,11,2,4,1,4,12,254,0,64
2026-05-09 17:56:00+00:00,58,254,11,2,5,1,4,12,254,0,64
2026-05-09 18:56:00+00:00,59,254,12,2,5,1,5,12,254,0,64
2026-05-09 19:56:00+00:00,59,254,12,2,5,1,6,12,254,0,64
2026-05-09 20:56:00+00:00,60,254,12,2,5,1,8,13,254,0,64
2026-05-09 21:56:00+00:00,61,254,12,2,6,1,9,13,254,0,64
2026-05-09 22:56:00+00:00,61,254,12,2,6,1,9,13,254,0,64
2026-05-09 23:56:00+00:00,62,254,12,2,6,1,9,13,254,0,64
2026-05-10 00:56:00+00:00,62,254,12,2,6,1,9,14,254,0,64
2026-05-10 01:56:00+00:00,63,254,12,2,6,1,10,14,254,0,64
2026-05-10 02:56:00+00:00,63,254,12,3,6,1,11,14,254,0,64
2026-05-10 03:56:00+00:00,63,254,12,2,6,1,11,14,254,0,64
2026-05-10 04:56:00+00:00,62,254,12,2,6,0,10,14,254,0,64
2026-05-10 05:56:00+00:00,62,254,12,2,6,1,11,14,254,0,64
2026-05-10 06:56:00+00:00,61,254,12,2,6,0,11,14,254,0,64
2026-05-10 07:56:00+00:00,61,254,13,2,6,0,11,14,254,0,64
2026-05-10 08:56:00+00:00,60,254,13,2,7,0,10,14,254,0,103
2026-05-10 09:56:00+00:00,60,254,13,2,7,0,11,14,254,0,64
2026-05-10 10:56:00+00:00,59,254,13,2,7,1,12,14,254,0,64
2026-05-10 11:56:00+00:00,59,254,13,2,7,1,11,15,254,0,64
2026-05-10 12:56:00+00:00,58,254,13,2,7,1,11,15,254,0,64
2026-05-10 13:56:00+00:00,58,254,13,2,7,2,10,15,254,0,64
2026-05-10 14:56:00+00:00,58,254,13,2,8,2,11,15,254,0,64
2026-05-10 15:57:00+00:00,58,254,15,2,8,3,11,15,254,0,64
2026-05-10 16:57:00+00:00,58,254,14,3,9,2,11,15,254,0,64
2026-05-10 17:57:00+00:00,58,254,14,3,9,2,11,15,254,0,64
2026-05-10 18:57:00+00:00,59,254,14,3,9,2,13,16,254,0,64
2026-05-10 19:57:00+00:00,60,254,14,3,9,2,11,16,254,0,64
2026-05-10 20:57:00+00:00,60,254,14,3,9,9,12,16,254,0,64
2026-05-10 21:57:00+00:00,61,254,14,3,8,3,12,16,254,0,64
2026-05-10 22:57:00+00:00,62,254,14,3,8,3,11,16,254,0,64
2026-05-10 23:57:00+00:00,63,254,14,3,8,3,12,17,254,0,64
2026-05-11 00:57:00+00:00,63,254,14,3,8,3,11,17,254,0,64
2026-05-11 01:57:00+00:00,64,254,14,3,8,3,12,17,254,0,64
2026-05-11 02:57:00+00:00,64,254,14,3,8,4,10,17,254,0,64
2026-05-11 03:57:00+00:00,64,254,14,3,8,3,10,17,254,0,64
2026-05-11 04:57:00+00:00,63,254,14,3,8,3,10,17,254,0,64
2026-05-11 05:57:00+00:00,63,254,14,3,8,3,10,17,254,0,64
2026-05-11 06:57:00+00:00,63,254,14,3,8,3,10,17,254,0,64
2026-05-11 07:57:00+00:00,62,254,14,3,8,8,10,17,254,0,64
2026-05-11 08:57:00+00:00,62,254,14,3,8,4,10,17,254,0,103
2026-05-11 09:57:00+00:00,61,254,14,3,8,4,10,17,254,0,64
2026-05-11 10:57:00+00:00,61,254,15,3,9,4,10,17,254,0,64
2026-05-11 11:57:00+00:00,61,254,15,3,8,4,10,17,254,0,64
2026-05-11 12:57:00+00:00,61,254,15,3,9,5,10,17,254,0,64
2026-05-11 13:57:00+00:00,60,254,15,3,9,5,10,17,254,0,64
2026-05-11 14:57:00+00:00,60,254,15,3,9,5,10,17,254,0,64
2026-05-11 15:57:00+00:00,60,254,15,3,9,5,10,17,254,0,64
2026-05-11 16:57:00+00:00,60,254,15,3,9,6,10,17,254,0,64
2026-05-11 17:57:00+00:00,60,254,15,3,9,6,10,17,254,0,64
2026-05-11 18:57:00+00:00,61,254,15,3,9,7,10,17,254,0,64
2026-05-11 19:57:00+00:00,62,254,15,3,9,7,10,17,254,0,64
2026-05-11 20:57:00+00:00,64,254,13,3,0,6,10,11,254,73,64
2026-05-11 21:57:00+00:00,64,254,12,3,0,6,8,11,254,0,64
2026-05-11 22:57:00+00:00,64,254,11,3,0,6,9,10,254,0,64
2026-05-11 23:57:00+00:00,64,254,10,3,0,6,6,10,254,0,64
2026-05-12 00:57:00+00:00,64,254,10,3,0,5,9,9,254,0,64
2026-05-12 01:57:00+00:00,64,254,9,7,0,5,4,8,254,0,64
2026-05-12 02:57:00+00:00,64,254,8,3,0,5,6,8,254,0,64
2026-05-12 03:57:00+00:00,64,254,9,3,0,5,3,7,254,0,64
2026-05-12 04:57:00+00:00,64,254,6,3,0,5,5,7,254,0,64
2026-05-12 05:57:00+00:00,63,254,5,3,0,5,2,14,254,0,64
2026-05-12 06:57:00+00:00,63,254,5,3,0,5,2,6,254,0,64
2026-05-12 07:57:00+00:00,62,254,5,3,0,5,2,5,254,0,64
2026-05-12 08:57:00+00:00,62,254,7,3,0,6,2,5,254,0,103
2026-05-12 09:57:00+00:00,61,254,4,3,0,6,2,5,254,0,64
2026-05-12 10:57:00+00:00,61,254,4,3,0,6,2,5,254,0,64
2026-05-12 11:57:00+00:00,61,254,4,3,0,6,2,5,254,0,64
2026-05-12 12:57:00+00:00,60,254,4,3,0,6,2,4,254,0,64
2026-05-12 13:57:00+00:00,60,254,4,3,0,10,2,4,254,0,64
2026-05-12 14:57:00+00:00,59,254,4,3,0,7,3,4,254,0,64
2026-05-12 15:57:00+00:00,59,254,11,3,0,7,3,4,254,0,64
2026-05-12 16:57:00+00:00,59,254,12,3,0,7,3,4,254,0,64
2026-05-12 17:57:00+00:00,60,254,10,3,0,7,3,4,254,0,64
2026-05-12 18:57:00+00:00,61,254,7,3,0,7,3,4,254,0,64
2026-05-12 19:57:00+00:00,61,254,7,3,0,7,3,4,254,0,63
2026-05-12 20:57:00+00:00,62,254,10,4,0,7,3,4,254,0,63
2026-05-12 21:57:00+00:00,63,254,4,4,0,8,3,4,254,0,63
2026-05-12 22:57:00+00:00,64,254,4,4,0,8,3,4,254,0,63
2026-05-12 23:57:00+00:00,65,254,4,5,0,8,3,4,254,0,63
2026-05-13 00:57:00+00:00,65,254,4,13,0,11,3,10,254,0,63
2026-05-13 01:57:00+00:00,66,254,4,12,0,7,2,4,254,0,64
2026-05-13 02:57:00+00:00,66,254,4,12,0,7,2,12,254,0,64
2026-05-13 03:57:00+00:00,66,254,4,13,0,7,2,4,254,0,64
2026-05-13 04:57:00+00:00,66,254,8,12,0,7,2,4,254,0,64
2026-05-13 05:57:00+00:00,65,254,4,8,0,7,2,6,254,0,64
2026-05-13 06:57:00+00:00,65,254,4,5,0,7,2,4,254,0,64
2026-05-13 07:57:00+00:00,65,254,4,5,0,7,2,14,254,0,64
2026-05-13 08:57:00+00:00,64,254,4,5,0,6,3,3,254,0,103
2026-05-13 09:57:00+00:00,64,254,5,5,0,10,3,4,254,0,64
2026-05-13 10:57:00+00:00,63,254,5,5,0,6,3,10,254,0,64
2026-05-13 11:57:00+00:00,63,254,5,5,0,6,3,5,254,0,64
2026-05-13 12:57:00+00:00,62,254,5,5,0,6,3,12,254,0,64
2026-05-13 13:57:00+00:00,62,254,5,5,0,6,3,3,254,0,64
2026-05-13 14:57:00+00:00,62,254,5,5,0,6,3,3,254,0,64
2026-05-13 15:57:00+00:00,62,254,5,5,0,6,3,3,254,0,64
2026-05-13 16:57:00+00:00,62,254,6,5,0,6,3,3,254,0,64
2026-05-13 17:57:00+00:00,62,254,6,5,0,6,4,3,254,0,63
2026-05-13 18:57:00+00:00,62,254,6,5,0,6,4,8,254,0,63
2026-05-13 19:57:00+00:00,63,254,6,6,0,6,4,3,254,0,63
2026-05-13 20:57:00+00:00,63,254,6,6,0,6,4,3,254,0,63
2026-05-13 21:57:00+00:00,64,254,6,6,0,6,4,9,254,0,63
2026-05-13 22:57:00+00:00,64,254,7,6,0,6,4,3,254,0,63
2026-05-13 23:57:00+00:00,64,254,7,6,0,6,4,3,254,0,63
2026-05-14 00:57:00+00:00,64,254,7,6,0,5,4,11,254,0,64
2026-05-14 01:57:00+00:00,64,254,7,6,0,5,10,11,254,0,64
2026-05-14 02:57:00+00:00,64,254,7,6,0,5,10,6,254,0,64
2026-05-14 03:57:00+00:00,64,254,8,6,0,5,10,11,254,0,64
2026-05-14 04:57:00+00:00,63,254,8,6,0,7,10,12,254,0,64
2026-05-14 05:57:00+00:00,63,254,8,6,0,5,10,6,254,0,64
2026-05-14 06:57:00+00:00,62,254,8,6,0,5,10,3,254,0,64
2026-05-14 07:57:00+00:00,62,254,8,6,0,5,9,3,254,0,64
2026-05-14 08:57:00+00:00,61,254,9,6,0,5,10,3,254,0,103
2026-05-14 09:57:00+00:00,61,254,9,6,0,5,9,3,254,0,64
2026-05-14 10:57:00+00:00,60,254,9,6,0,4,5,4,254,0,64
2026-05-14 11:57:00+00:00,60,254,9,6,0,5,5,12,254,0,64
2026-05-14 12:57:00+00:00,59,254,9,6,0,5,5,4,254,0,64
2026-05-14 13:57:00+00:00,59,254,9,6,0,5,5,4,254,0,64
2026-05-14 14:57:00+00:00,59,254,9,6,0,5,5,13,254,0,63
2026-05-14 15:57:00+00:00,58,254,9,6,1,5,6,15,254,0,63
2026-05-14 16:57:00+00:00,58,254,9,6,0,5,6,14,254,0,63
2026-05-14 17:57:00+00:00,59,254,10,7,0,5,6,12,254,0,63
2026-05-14 18:57:00+00:00,60,254,10,7,0,6,6,5,254,0,63
2026-05-14 19:57:00+00:00,60,254,10,7,0,5,6,6,254,0,63
2026-05-14 20:57:00+00:00,61,254,10,7,0,5,6,6,254,0,63
2026-05-14 21:57:00+00:00,62,254,10,7,0,5,6,6,254,0,63
2026-05-14 22:46:00+00:00,63,254,10,2,0,10,6,1,254,0,63
2026-05-14 23:47:00+00:00,64,254,10,5,0,5,6,2,254,0,63
2026-05-15 00:47:00+00:00,64,254,10,2,0,5,6,1,254,0,63
2026-05-15 01:47:00+00:00,65,254,11,3,0,5,6,1,254,0,63
2026-05-15 02:47:00+00:00,65,254,11,5,0,5,6,2,254,0,63
2026-05-15 03:47:00+00:00,65,254,11,2,0,5,6,2,254,0,63
2026-05-15 04:47:00+00:00,64,254,10,1,0,5,6,3,254,0,63
2026-05-15 05:47:00+00:00,64,254,10,3,0,5,6,3,254,0,63
2026-05-15 06:47:00+00:00,63,254,10,1,0,10,6,3,254,0,63
2026-05-15 07:47:00+00:00,63,254,11,1,0,10,6,4,254,0,63
2026-05-15 08:47:00+00:00,62,254,10,2,0,10,6,4,254,0,103
2026-05-15 09:47:00+00:00,62,254,11,3,0,5,6,4,254,0,63
2026-05-15 10:47:00+00:00,61,254,11,1,0,5,6,4,254,0,63
2026-05-15 11:47:00+00:00,61,254,11,11,0,4,7,4,254,0,63
2026-05-15 12:47:00+00:00,60,254,11,5,0,4,7,4,254,0,63
2026-05-15 13:47:00+00:00,60,254,11,10,0,5,7,4,254,0,63
2026-05-15 14:47:00+00:00,60,254,11,10,0,9,7,4,254,0,63
2026-05-15 15:47:00+00:00,59,254,11,10,0,7,7,4,254,0,63
2026-05-15 16:47:00+00:00,59,254,11,10,0,5,8,5,254,0,63
2026-05-15 17:47:00+00:00,60,254,11,10,0,5,8,5,254,0,63
2026-05-15 18:47:00+00:00,60,254,11,10,0,5,8,5,254,0,63
2026-05-15 19:47:00+00:00,61,254,12,11,0,5,8,5,254,0,63
2026-05-15 20:47:00+00:00,62,254,12,10,0,5,8,7,254,0,63
2026-05-15 21:47:00+00:00,63,254,12,10,0,5,8,5,254,0,63
2026-05-15 22:47:00+00:00,63,254,12,11,0,5,8,5,254,0,63
2026-05-15 23:47:00+00:00,64,254,13,10,0,10,8,5,254,0,63
2026-05-16 00:47:00+00:00,65,254,13,10,2,12,8,5,254,0,63
2026-05-16 01:47:00+00:00,65,254,13,10,2,11,8,5,254,0,63
2026-05-16 02:47:00+00:00,65,254,13,3,2,6,8,5,254,0,63
2026-05-16 03:47:00+00:00,65,254,13,1,4,11,8,5,254,0,63
2026-05-16 04:47:00+00:00,64,254,13,2,5,10,8,5,254,0,63
2026-05-16 05:47:00+00:00,64,254,13,1,5,7,8,4,254,0,63
2026-05-16 06:47:00+00:00,63,254,13,7,5,5,8,4,254,0,63
2026-05-16 07:47:00+00:00,63,254,13,4,5,11,9,5,254,0,63
2026-05-16 08:47:00+00:00,62,254,13,1,3,11,9,4,254,0,103
2026-05-16 09:47:00+00:00,62,254,13,1,7,5,9,5,254,0,63
2026-05-16 10:47:00+00:00,61,254,13,1,7,9,9,5,254,0,63
2026-05-16 11:47:00+00:00,61,254,13,1,9,5,9,5,254,0,63
2026-05-16 12:47:00+00:00,60,254,13,1,9,7,9,4,254,0,63
2026-05-16 13:47:00+00:00,60,254,13,1,8,5,9,5,254,0,63
2026-05-16 14:47:00+00:00,60,254,13,1,6,10,9,5,254,0,63
2026-05-16 15:47:00+00:00,60,254,13,1,10,6,9,5,254,0,63
2026-05-16 16:47:00+00:00,59,254,13,1,10,11,9,5,254,0,63
2026-05-16 17:47:00+00:00,60,254,13,1,10,10,9,5,254,0,63
2026-05-16 18:47:00+00:00,60,254,14,2,10,9,9,5,254,0,63
2026-05-16 19:47:00+00:00,60,254,14,1,10,6,10,5,254,0,63
2026-05-16 20:47:00+00:00,61,254,14,2,10,6,10,5,254,0,63
2026-05-16 21:47:00+00:00,61,254,14,1,10,8,10,5,254,0,63
2026-05-16 22:47:00+00:00,62,254,14,5,11,6,10,6,254,0,63
2026-05-16 23:47:00+00:00,62,254,15,1,11,6,10,6,254,0,63
2026-05-17 00:47:00+00:00,63,254,15,2,11,7,10,6,254,0,63
2026-05-17 01:47:00+00:00,63,254,15,1,11,7,10,6,254,0,63
2026-05-17 02:47:00+00:00,63,254,15,11,7,11,10,7,254,0,63
2026-05-17 03:47:00+00:00,62,254,15,1,6,7,10,7,254,0,63
2026-05-17 04:47:00+00:00,62,254,15,1,9,7,10,9,254,0,63
2026-05-17 05:47:00+00:00,61,254,15,1,11,7,10,7,254,0,63
2026-05-17 06:47:00+00:00,61,254,15,1,9,7,10,7,254,0,63
2026-05-17 07:47:00+00:00,60,254,15,1,11,7,10,7,254,0,63
2026-05-17 08:47:00+00:00,60,254,15,10,11,7,10,7,254,0,103
2026-05-17 09:47:00+00:00,59,254,15,1,12,7,10,8,254,0,63
2026-05-17 10:47:00+00:00,59,254,15,1,12,7,10,8,254,0,63
2026-05-17 11:47:00+00:00,58,254,15,1,11,7,10,8,254,0,63
2026-05-17 12:47:00+00:00,58,254,15,1,4,7,10,9,254,0,63
2026-05-17 13:47:00+00:00,58,254,15,1,4,7,10,9,254,0,63
2026-05-17 14:47:00+00:00,57,254,15,2,4,7,10,9,254,0,63
2026-05-17 15:47:00+00:00,57,254,15,2,5,7,10,9,254,0,63
2026-05-17 16:47:00+00:00,57,254,15,2,5,7,10,9,254,0,63
2026-05-17 17:47:00+00:00,57,254,15,2,7,8,10,9,254,0,63
2026-05-17 18:47:00+00:00,57,254,15,2,8,8,10,9,254,0,63
2026-05-17 19:47:00+00:00,58,254,16,2,10,9,10,9,254,0,63
2026-05-17 20:47:00+00:00,58,254,16,2,10,9,10,9,254,0,63
2026-05-17 21:47:00+00:00,58,254,16,2,11,9,10,9,254,0,63
2026-05-17 22:47:00+00:00,59,254,16,2,11,9,11,10,254,0,63
2026-05-17 23:47:00+00:00,59,254,16,9,11,9,11,10,254,0,63
2026-05-18 00:47:00+00:00,59,254,15,3,10,9,11,10,254,58,63
2026-05-18 01:47:00+00:00,59,254,12,3,11,10,10,9,254,2,63
2026-05-18 02:47:00+00:00,59,254,11,3,11,10,9,9,254,0,63
2026-05-18 03:47:00+00:00,58,254,10,2,10,10,8,9,254,0,63
2026-05-18 04:47:00+00:00,58,254,10,2,11,10,7,9,254,0,63
2026-05-18 05:47:00+00:00,57,254,9,2,9,10,6,9,254,0,63
2026-05-18 06:47:00+00:00,57,254,9,2,11,10,5,9,254,0,63
2026-05-18 07:47:00+00:00,56,254,8,2,11,10,5,9,254,0,63
2026-05-18 08:47:00+00:00,56,254,7,2,10,10,5,9,254,0,103
2026-05-18 09:47:00+00:00,55,254,7,9,10,10,5,9,254,0,63
2026-05-18 10:47:00+00:00,55,254,6,2,10,10,4,9,254,0,63
2026-05-18 11:47:00+00:00,55,254,6,5,10,10,4,9,254,0,63
2026-05-18 12:47:00+00:00,54,254,6,5,9,10,4,9,254,0,63
2026-05-18 13:47:00+00:00,54,254,6,2,9,10,4,9,254,0,63
2026-05-18 14:47:00+00:00,54,254,5,2,9,10,4,9,254,0,63
2026-05-18 15:47:00+00:00,53,254,5,2,7,10,4,9,254,0,63
2026-05-18 16:47:00+00:00,53,254,5,2,7,10,4,9,254,0,63
2026-05-18 17:47:00+00:00,54,254,6,2,8,10,5,9,254,0,63
2026-05-18 18:47:00+00:00,54,254,6,2,6,10,5,9,254,0,63
2026-05-18 19:47:00+00:00,54,254,10,8,6,10,5,9,254,0,63
2026-05-18 20:47:00+00:00,55,254,6,9,6,10,5,9,254,0,63
2026-05-18 21:47:00+00:00,55,254,6,10,7,10,5,9,254,0,63
2026-05-18 22:47:00+00:00,56,254,6,10,9,10,5,9,254,0,63
2026-05-18 23:47:00+00:00,57,254,6,2,9,10,5,9,254,0,63
2026-05-19 00:47:00+00:00,57,254,10,2,9,10,5,9,254,0,63
2026-05-19 01:47:00+00:00,58,254,7,7,9,10,5,9,254,0,63
2026-05-19 02:47:00+00:00,58,254,7,2,9,10,5,9,254,0,63
2026-05-19 03:47:00+00:00,58,254,7,2,9,10,5,9,254,0,63
2026-05-19 04:47:00+00:00,58,254,7,2,9,10,5,9,254,0,63
2026-05-19 05:47:00+00:00,57,254,7,2,9,10,5,9,254,0,63
2026-05-19 06:47:00+00:00,57,254,7,2,9,10,5,9,254,0,63
2026-05-19 07:47:00+00:00,56,254,7,1,10,10,5,9,254,0,63
2026-05-19 08:47:00+00:00,56,254,7,1,9,10,5,9,254,0,103
2026-05-19 09:47:00+00:00,56,254,8,1,10,10,5,9,254,0,63
2026-05-19 10:47:00+00:00,55,254,8,1,9,10,5,9,254,0,63
2026-05-19 11:47:00+00:00,55,254,9,2,10,10,5,11,254,0,63
2026-05-19 12:47:00+00:00,54,254,9,1,10,10,5,10,254,0,63
2026-05-19 13:47:00+00:00,54,254,9,2,10,10,6,9,254,0,63
2026-05-19 14:47:00+00:00,54,254,9,2,10,10,6,9,254,0,63
2026-05-19 15:47:00+00:00,54,254,9,2,10,10,6,9,254,0,63
2026-05-19 16:47:00+00:00,54,254,9,2,10,10,6,9,254,0,63
2026-05-19 17:47:00+00:00,54,254,9,2,10,10,6,10,254,0,63
2026-05-19 18:47:00+00:00,55,254,9,2,10,10,6,9,254,0,63
2026-05-19 19:47:00+00:00,56,254,9,2,11,10,7,9,254,0,63
2026-05-19 20:47:00+00:00,57,254,9,2,11,10,6,9,254,0,63
2026-05-19 21:47:00+00:00,58,254,10,2,11,10,7,9,254,0,63
2026-05-19 22:47:00+00:00,59,254,10,2,11,10,7,9,254,0,63
2026-05-19 23:47:00+00:00,60,254,10,2,11,10,7,9,254,0,63
2026-05-20 00:47:00+00:00,60,254,10,2,11,10,7,9,254,0,63
2026-05-20 01:47:00+00:00,61,254,11,2,11,10,7,9,254,0,63
2026-05-20 02:47:00+00:00,61,254,11,2,12,10,7,9,254,0,63
2026-05-20 03:47:00+00:00,61,254,11,2,12,10,7,9,254,0,63
2026-05-20 04:47:00+00:00,61,254,11,2,12,10,7,9,254,0,63
2026-05-20 05:47:00+00:00,60,254,11,2,12,10,6,9,254,0,63
2026-05-20 06:47:00+00:00,60,254,11,1,12,10,7,9,254,0,63
2026-05-20 07:47:00+00:00,59,254,11,1,12,10,7,9,254,0,63
2026-05-20 08:47:00+00:00,59,254,11,1,12,10,7,9,254,0,103
2026-05-20 09:47:00+00:00,58,254,11,1,12,10,7,9,254,0,63
2026-05-20 10:47:00+00:00,58,254,11,1,12,10,7,9,254,0,63
2026-05-20 11:47:00+00:00,57,254,11,11,12,9,7,9,254,0,63
2026-05-20 12:47:00+00:00,57,254,11,1,11,9,7,9,254,0,63
2026-05-20 13:47:00+00:00,56,254,11,1,12,9,7,9,254,0,63
2026-05-20 14:47:00+00:00,56,254,11,1,10,9,8,9,254,0,63
2026-05-20 15:47:00+00:00,56,254,11,1,11,9,8,9,254,0,63
2026-05-20 16:47:00+00:00,56,254,11,2,11,9,9,9,254,0,63
2026-05-20 17:47:00+00:00,56,254,12,6,11,9,9,9,254,0,63
2026-05-20 18:47:00+00:00,57,254,12,4,11,9,9,9,254,0,63
2026-05-20 19:47:00+00:00,58,254,13,4,11,9,9,9,254,0,63
2026-05-20 20:47:00+00:00,59,254,13,2,11,10,9,9,254,0,63
2026-05-20 21:47:00+00:00,60,254,14,2,11,10,9,9,254,0,63
2026-05-20 22:47:00+00:00,61,254,14,6,11,10,9,9,254,0,63
2026-05-20 23:47:00+00:00,61,254,15,2,11,10,9,9,254,0,63
2026-05-21 00:47:00+00:00,62,254,15,2,11,10,9,9,254,0,63
2026-05-21 01:47:00+00:00,62,254,15,3,11,10,9,9,254,0,63
2026-05-21 02:47:00+00:00,62,254,15,1,11,10,9,9,254,0,63
2026-05-21 03:47:00+00:00,62,254,15,2,11,10,9,9,254,0,63
2026-05-21 04:47:00+00:00,62,254,15,2,4,10,9,9,254,0,63
2026-05-21 05:47:00+00:00,62,254,15,1,7,10,9,9,254,0,63
2026-05-21 06:47:00+00:00,61,254,15,2,11,10,9,9,254,0,63
2026-05-21 07:47:00+00:00,61,254,15,1,10,10,9,9,254,0,63
2026-05-21 08:47:00+00:00,60,254,15,1,9,9,9,9,254,0,103
2026-05-21 09:47:00+00:00,60,254,15,1,6,9,9,9,254,0,63
2026-05-21 10:47:00+00:00,60,254,15,2,3,9,9,9,254,0,63
2026-05-21 11:47:00+00:00,59,254,15,1,3,9,10,9,254,0,63
2026-05-21 12:47:00+00:00,59,254,16,1,4,9,10,9,254,0,63
2026-05-21 13:47:00+00:00,58,254,15,2,4,9,9,9,254,0,63
2026-05-21 14:47:00+00:00,58,254,16,2,4,9,10,9,254,0,63
2026-05-21 15:47:00+00:00,58,254,16,2,4,9,10,9,254,0,63
2026-05-21 16:47:00+00:00,58,254,17,2,4,9,10,9,254,0,63
2026-05-21 17:47:00+00:00,59,254,17,2,4,9,10,10,254,0,63
2026-05-21 18:47:00+00:00,59,254,18,2,4,10,10,10,254,0,63
2026-05-21 19:47:00+00:00,60,254,18,2,4,10,10,10,254,0,63
2026-05-21 20:47:00+00:00,60,254,19,2,4,10,10,10,254,0,63
2026-05-21 21:47:00+00:00,61,254,20,3,4,10,11,10,254,0,63
2026-05-21 22:47:00+00:00,61,254,13,0,1,0,11,10,254,0,63
2026-05-21 23:47:00+00:00,62,254,12,0,1,2,11,10,254,0,63
2026-05-22 00:47:00+00:00,62,254,12,2,1,0,11,10,254,0,63
2026-05-22 01:47:00+00:00,62,254,13,0,2,0,11,10,254,0,63
2026-05-22 02:47:00+00:00,62,254,13,9,4,0,11,10,254,0,63
2026-05-22 03:47:00+00:00,62,254,13,10,3,0,11,10,254,0,63
2026-05-22 04:47:00+00:00,62,254,14,10,3,0,11,10,254,0,63
2026-05-22 05:47:00+00:00,62,254,14,4,4,0,11,10,254,0,63
2026-05-22 06:47:00+00:00,61,254,14,0,4,0,11,10,254,0,63
2026-05-22 07:47:00+00:00,61,254,15,0,4,0,11,10,254,0,63
2026-05-22 08:47:00+00:00,60,254,15,0,4,0,11,10,254,0,103
2026-05-22 09:47:00+00:00,60,254,15,0,5,0,11,10,254,0,63
2026-05-22 10:47:00+00:00,59,254,15,0,5,1,11,10,254,0,63
2026-05-22 11:47:00+00:00,59,254,15,0,5,1,11,10,254,0,63
2026-05-22 12:47:00+00:00,58,254,15,1,6,1,11,10,254,0,63
2026-05-22 13:47:00+00:00,58,254,16,1,6,1,11,10,254,0,63
2026-05-22 14:47:00+00:00,58,254,16,1,7,1,11,10,254,0,63
2026-05-22 15:47:00+00:00,58,254,16,2,8,2,11,10,254,0,63
2026-05-22 16:47:00+00:00,58,254,16,7,9,1,11,10,254,0,63
2026-05-22 17:47:00+00:00,58,254,17,9,9,9,12,10,254,0,63
2026-05-22 18:47:00+00:00,59,254,17,3,10,2,12,10,254,0,63
2026-05-22 19:47:00+00:00,60,254,18,3,10,2,12,10,254,0,63
2026-05-22 20:47:00+00:00,61,254,18,3,10,2,13,11,254,0,63
2026-05-22 21:47:00+00:00,62,254,18,4,11,2,13,11,254,0,63
2026-05-22 22:47:00+00:00,63,254,19,5,11,2,13,11,254,0,63
2026-05-22 23:47:00+00:00,63,254,19,10,12,9,13,11,254,0,63
2026-05-23 00:47:00+00:00,64,254,20,5,12,2,13,11,254,0,63
2026-05-23 01:47:00+00:00,64,254,20,6,13,2,13,11,254,0,63
2026-05-23 02:47:00+00:00,65,254,21,6,13,2,14,11,254,0,63
2026-05-23 03:47:00+00:00,64,254,21,7,13,10,13,11,254,0,63
2026-05-23 04:47:00+00:00,64,254,21,7,14,2,13,11,254,0,63
2026-05-23 05:47:00+00:00,64,254,21,8,14,2,13,11,254,0,63
2026-05-23 06:47:00+00:00,63,254,21,8,14,2,13,11,254,0,63
2026-05-23 07:47:00+00:00,63,254,13,9,15,3,13,12,254,54,63
2026-05-23 08:47:00+00:00,61,254,8,8,14,2,11,11,254,56,103
2026-05-23 09:47:00+00:00,60,254,4,7,13,2,10,11,254,1,63
2026-05-23 10:47:00+00:00,60,254,2,6,12,2,10,10,254,0,63
2026-05-23 11:47:00+00:00,60,254,0,6,12,2,9,10,254,0,63
2026-05-23 12:47:00+00:00,59,254,0,5,11,2,8,10,254,0,63
2026-05-23 13:47:00+00:00,59,254,0,5,11,2,7,9,254,0,63
2026-05-23 14:47:00+00:00,58,254,0,4,11,2,6,9,254,0,63
2026-05-23 15:47:00+00:00,58,254,0,4,11,2,6,9,254,0,63
2026-05-23 16:47:00+00:00,58,254,0,4,10,2,6,9,254,0,63
2026-05-23 17:47:00+00:00,58,254,1,4,10,2,5,8,254,0,63
2026-05-23 18:47:00+00:00,59,254,1,4,10,3,5,8,254,0,63
2026-05-23 19:47:00+00:00,60,254,1,3,10,2,5,7,254,0,63
2026-05-23 20:47:00+00:00,61,254,1,3,10,1,5,7,254,0,63
2026-05-23 21:47:00+00:00,61,254,1,3,10,1,5,7,254,0,63
2026-05-23 22:47:00+00:00,62,254,0,3,10,1,5,6,254,0,63
2026-05-23 23:47:00+00:00,63,254,0,3,10,1,5,6,254,0,63
2026-05-24 00:47:00+00:00,64,254,1,3,10,1,5,6,254,0,63
2026-05-24 01:47:00+00:00,64,254,1,3,10,1,5,5,254,0,63
2026-05-24 02:47:00+00:00,64,254,0,2,10,1,5,5,254,0,63
2026-05-24 03:47:00+00:00,64,254,0,2,10,1,5,5,254,0,63
2026-05-24 04:47:00+00:00,64,254,0,2,10,1,5,5,254,0,63
2026-05-24 05:47:00+00:00,63,254,0,2,10,1,5,4,254,0,63
2026-05-24 06:47:00+00:00,63,254,0,2,9,1,5,4,254,0,63
2026-05-24 07:47:00+00:00,63,254,0,2,9,1,5,4,254,0,63
2026-05-24 08:47:00+00:00,63,254,0,2,9,1,5,4,254,0,103
2026-05-24 09:47:00+00:00,62,254,1,2,9,1,5,4,254,0,63
2026-05-24 10:47:00+00:00,62,254,1,2,9,0,5,3,254,0,63
2026-05-24 11:47:00+00:00,61,254,1,2,9,0,5,3,254,0,63
2026-05-24 12:47:00+00:00,61,254,1,1,9,0,5,3,254,0,63
2026-05-24 13:47:00+00:00,61,254,1,1,9,0,5,3,254,0,63
2026-05-24 14:47:00+00:00,60,254,1,1,9,0,5,3,254,0,63
2026-05-24 15:47:00+00:00,60,254,1,1,9,0,6,3,254,0,63
2026-05-24 16:47:00+00:00,60,254,1,2,9,0,6,3,254,0,63
2026-05-24 17:47:00+00:00,61,254,1,2,9,2,7,3,254,0,63
2026-05-24 18:47:00+00:00,61,254,1,6,9,1,8,3,254,0,63
2026-05-24 19:47:00+00:00,62,254,2,10,9,1,8,3,254,0,63
2026-05-24 20:47:00+00:00,62,254,2,2,9,1,9,3,254,0,63
2026-05-24 21:47:00+00:00,64,254,3,5,10,1,9,4,254,0,63
2026-05-24 22:47:00+00:00,64,254,3,2,10,1,10,4,254,0,63
2026-05-24 23:47:00+00:00,65,254,5,2,10,1,10,4,254,0,63
2026-05-25 00:47:00+00:00,66,254,6,2,10,1,10,4,254,0,63
2026-05-25 01:47:00+00:00,66,254,7,2,10,1,10,4,254,0,63
2026-05-25 02:47:00+00:00,66,254,8,2,10,1,10,4,254,0,63
2026-05-25 03:47:00+00:00,66,254,9,2,10,1,10,4,254,0,63
2026-05-25 04:47:00+00:00,66,254,10,2,10,1,10,4,254,0,63
2026-05-25 05:47:00+00:00,66,254,10,2,10,1,10,4,254,0,63
2026-05-25 06:47:00+00:00,66,254,10,2,10,1,10,4,254,0,63
2026-05-25 07:47:00+00:00,65,254,10,2,10,0,10,4,254,0,63
2026-05-25 08:47:00+00:00,65,254,10,10,10,6,10,4,254,0,103
2026-05-25 09:47:00+00:00,64,254,10,11,10,6,10,4,254,0,63
2026-05-25 10:47:00+00:00,64,254,11,11,10,1,10,4,254,0,63
2026-05-25 11:47:00+00:00,63,254,11,9,10,1,10,9,254,0,63
2026-05-25 12:47:00+00:00,63,254,11,1,11,3,10,4,254,0,63
2026-05-25 13:47:00+00:00,63,254,11,2,11,9,10,4,254,0,63
2026-05-25 14:47:00+00:00,62,254,11,2,10,5,10,6,254,0,63
2026-05-25 15:47:00+00:00,62,254,11,5,11,1,10,4,254,0,63
2026-05-25 16:47:00+00:00,62,254,11,2,11,1,10,4,254,0,63
2026-05-25 17:47:00+00:00,63,254,12,2,11,1,11,4,254,0,63
2026-05-25 18:47:00+00:00,63,254,12,2,11,1,11,5,254,0,63
2026-05-25 19:47:00+00:00,64,254,13,2,11,1,11,5,254,0,63
2026-05-25 20:47:00+00:00,64,254,13,2,11,1,12,5,254,0,63
2026-05-25 21:47:00+00:00,65,254,14,2,12,1,12,5,254,8,63
2026-05-25 22:47:00+00:00,66,254,14,2,12,1,12,6,254,0,63
2026-05-25 23:47:00+00:00,66,254,15,2,12,1,12,6,254,0,63
2026-05-26 00:47:00+00:00,66,254,15,3,13,2,13,6,254,0,63
2026-05-26 01:47:00+00:00,66,254,16,3,13,2,13,6,254,0,63
2026-05-26 02:47:00+00:00,66,254,16,3,13,1,13,6,254,0,63
2026-05-26 03:47:00+00:00,66,254,17,3,13,2,13,6,254,0,63
2026-05-26 04:47:00+00:00,66,254,17,3,14,1,13,7,254,0,63
2026-05-26 05:47:00+00:00,65,254,17,3,14,2,12,7,254,0,63
2026-05-26 06:47:00+00:00,65,254,17,3,14,2,12,7,254,0,63
2026-05-26 07:47:00+00:00,65,254,17,3,14,2,13,7,254,0,63
2026-05-26 08:47:00+00:00,64,254,17,3,14,2,12,7,254,0,103
2026-05-26 09:47:00+00:00,64,254,17,3,14,2,12,7,254,0,63
2026-05-26 10:47:00+00:00,64,254,17,3,14,2,12,7,254,0,63
2026-05-26 11:47:00+00:00,64,254,18,3,14,2,12,7,254,0,63
2026-05-26 12:47:00+00:00,63,254,18,3,14,2,12,7,254,0,63
2026-05-26 13:47:00+00:00,63,254,18,3,15,2,13,8,254,0,63
2026-05-26 14:47:00+00:00,63,254,18,8,15,2,13,8,254,0,63
2026-05-26 15:47:00+00:00,62,254,18,3,15,2,13,8,254,0,63
2026-05-26 16:47:00+00:00,62,254,18,3,15,2,13,8,254,0,63
2026-05-26 17:47:00+00:00,62,254,19,4,15,2,13,8,254,0,63
2026-05-26 18:47:00+00:00,62,254,19,4,15,2,14,8,254,0,63
2026-05-26 19:47:00+00:00,63,254,20,4,16,3,14,9,254,0,63
2026-05-26 20:47:00+00:00,63,254,21,4,16,3,15,9,254,0,63
2026-05-26 21:47:00+00:00,63,254,21,4,17,3,15,9,254,0,63
2026-05-26 22:47:00+00:00,63,254,22,4,17,3,16,10,254,0,63
2026-05-26 23:47:00+00:00,64,254,23,6,17,3,16,10,254,0,63
2026-05-27 00:47:00+00:00,64,254,23,5,18,3,16,10,254,0,63
2026-05-27 01:47:00+00:00,64,254,24,5,18,3,16,10,254,0,63
2026-05-27 02:47:00+00:00,64,254,24,5,18,4,16,10,254,0,63
2026-05-27 03:47:00+00:00,64,254,24,5,19,4,16,10,254,0,63
2026-05-27 04:47:00+00:00,63,254,24,5,19,4,16,10,254,0,63
2026-05-27 05:47:00+00:00,63,254,24,5,19,4,16,10,254,0,63
2026-05-27 06:47:00+00:00,63,254,24,6,19,4,16,10,254,0,63
2026-05-27 07:47:00+00:00,62,254,24,5,19,4,16,10,254,0,63
2026-05-27 08:47:00+00:00,62,254,24,6,19,5,16,10,254,0,103
2026-05-27 09:47:00+00:00,62,254,24,7,19,5,16,10,254,0,63
2026-05-27 10:47:00+00:00,61,254,24,6,19,5,16,10,254,0,63
2026-05-27 11:47:00+00:00,61,254,24,10,19,5,16,10,254,0,63
2026-05-27 12:47:00+00:00,61,254,24,6,19,5,16,10,254,0,63
2026-05-27 13:47:00+00:00,61,254,24,6,19,5,16,10,254,0,63
2026-05-27 14:47:00+00:00,61,254,25,6,19,6,16,10,254,0,63
2026-05-27 15:47:00+00:00,60,254,24,6,19,6,16,10,254,0,63
2026-05-27 16:47:00+00:00,61,254,25,7,20,6,17,10,254,0,62
2026-05-27 17:47:00+00:00,61,254,26,9,20,6,17,11,254,0,62
2026-05-27 18:47:00+00:00,61,254,26,7,20,7,18,11,254,0,62
2026-05-27 19:47:00+00:00,62,254,27,7,21,7,18,11,254,0,62
2026-05-27 20:47:00+00:00,62,254,27,8,21,7,19,11,254,0,62
2026-05-27 21:47:00+00:00,63,254,28,8,22,8,20,11,254,0,62
2026-05-27 22:47:00+00:00,64,254,28,8,23,8,21,11,254,0,62
2026-05-27 23:47:00+00:00,64,254,29,9,23,8,21,12,254,0,62
2026-05-28 00:47:00+00:00,65,254,30,9,24,9,22,12,254,0,62
2026-05-28 01:47:00+00:00,65,254,31,10,24,9,22,12,254,0,62
2026-05-28 02:47:00+00:00,65,254,31,10,24,9,22,12,254,0,62
2026-05-28 03:47:00+00:00,65,254,32,10,25,9,21,12,254,0,62
2026-05-28 04:47:00+00:00,65,254,32,10,25,10,21,12,254,0,63
2026-05-28 05:47:00+00:00,65,254,32,11,25,10,21,12,254,0,63
2026-05-28 06:47:00+00:00,65,254,32,12,25,10,21,12,254,0,63
2026-05-28 07:47:00+00:00,64,254,32,11,25,10,21,12,254,0,63
2026-05-28 08:47:00+00:00,64,254,32,11,25,10,21,12,254,0,103
2026-05-28 09:47:00+00:00,64,254,32,11,25,10,21,12,254,0,63
2026-05-28 10:47:00+00:00,64,254,32,10,25,10,21,12,254,0,63
2026-05-28 11:47:00+00:00,63,254,33,10,25,10,21,12,254,0,63
2026-05-28 12:47:00+00:00,63,254,33,10,25,10,21,12,254,0,63
2026-05-28 13:47:00+00:00,63,254,33,10,25,10,21,12,254,0,63
2026-05-28 14:47:00+00:00,63,254,33,10,25,10,21,13,254,0,62
2026-05-28 15:47:00+00:00,63,254,33,10,26,10,22,13,254,0,62
2026-05-28 16:47:00+00:00,63,254,34,10,26,10,23,13,254,0,62
2026-05-28 17:47:00+00:00,63,254,34,10,27,10,25,13,254,0,62
2026-05-28 18:47:00+00:00,63,254,35,11,27,11,26,13,254,0,62
2026-05-28 19:47:00+00:00,64,254,35,11,28,11,27,14,254,0,62
2026-05-28 20:47:00+00:00,64,254,36,11,29,11,29,14,254,0,62
2026-05-28 21:47:00+00:00,65,254,37,11,30,11,30,14,254,0,62
2026-05-28 22:47:00+00:00,65,254,38,11,30,11,30,15,254,0,62
2026-05-28 23:47:00+00:00,65,254,38,11,31,11,32,15,254,0,62
2026-05-29 00:47:00+00:00,65,254,39,12,31,11,33,15,254,0,62
2026-05-29 01:47:00+00:00,66,254,40,12,32,12,34,16,254,0,62
2026-05-29 02:47:00+00:00,66,254,40,12,32,12,34,16,254,0,62
2026-05-29 03:47:00+00:00,66,254,41,12,33,12,34,16,254,0,62
2026-05-29 04:47:00+00:00,65,254,42,12,33,12,34,16,254,0,62
2026-05-29 05:47:00+00:00,65,254,43,12,33,12,33,16,254,0,62
2026-05-29 06:47:00+00:00,65,254,43,13,33,12,33,16,254,0,62
2026-05-29 07:47:00+00:00,64,254,43,13,33,12,32,16,254,0,62
2026-05-29 08:47:00+00:00,64,254,43,13,33,12,32,16,254,0,103
2026-05-29 09:47:00+00:00,64,254,44,13,33,12,32,16,254,0,63
2026-05-29 10:47:00+00:00,63,254,45,13,34,12,32,16,254,0,63
2026-05-29 11:47:00+00:00,63,254,45,13,34,12,32,16,254,0,63
2026-05-29 12:47:00+00:00,63,254,45,13,34,13,32,16,254,0,63
2026-05-29 13:47:00+00:00,62,254,45,13,34,12,32,15,254,0,62
2026-05-29 14:47:00+00:00,62,254,46,13,34,13,32,15,254,0,62
2026-05-29 15:47:00+00:00,62,254,46,13,34,13,34,16,254,0,62
2026-05-29 16:47:00+00:00,62,254,46,13,35,13,36,16,254,0,62
2026-05-29 17:47:00+00:00,62,254,47,13,35,13,37,16,254,0,62
2026-05-29 18:47:00+00:00,62,254,47,13,36,13,39,17,254,0,62
2026-05-29 19:47:00+00:00,63,254,48,14,37,14,41,18,254,0,62
2026-05-29 20:47:00+00:00,64,254,48,14,38,14,43,18,254,0,62
2026-05-29 21:47:00+00:00,64,254,48,14,39,14,45,19,254,0,62
2026-05-29 22:47:00+00:00,65,254,49,15,40,15,47,19,254,0,62
2026-05-29 23:47:00+00:00,65,254,50,15,41,15,49,20,254,0,62
2026-05-30 00:47:00+00:00,65,254,50,16,41,15,50,20,254,0,62
2026-05-30 01:47:00+00:00,65,254,50,16,42,15,51,20,254,0,62
2026-05-30 02:47:00+00:00,65,254,51,16,43,16,51,20,254,0,62
2026-05-30 03:47:00+00:00,65,254,52,16,43,16,51,20,254,0,62
2026-05-30 04:47:00+00:00,65,254,52,17,43,16,51,20,254,0,62
2026-05-30 05:47:00+00:00,65,254,52,17,44,16,51,20,254,0,62
2026-05-30 06:47:00+00:00,65,254,53,17,44,17,51,20,254,0,62
2026-05-30 07:47:00+00:00,64,254,52,17,44,16,50,19,254,0,62
2026-05-30 08:47:00+00:00,64,254,53,17,44,17,50,19,254,0,103
2026-05-30 09:47:00+00:00,64,254,53,17,44,17,50,19,254,0,62
2026-05-30 10:47:00+00:00,63,254,53,17,44,17,50,19,254,0,62
2026-05-30 11:47:00+00:00,63,254,54,17,45,17,50,19,254,0,62
2026-05-30 12:47:00+00:00,63,254,54,17,45,17,50,19,254,0,62
2026-05-30 13:47:00+00:00,62,254,54,16,45,17,49,19,254,0,62
2026-05-30 14:47:00+00:00,62,254,55,16,45,17,50,19,254,0,62
2026-05-30 15:47:00+00:00,62,254,55,17,46,17,52,20,254,0,62
2026-05-30 16:47:00+00:00,62,254,55,17,46,18,53,20,254,0,62
2026-05-30 17:47:00+00:00,62,254,55,17,47,18,54,21,254,0,62
2026-05-30 18:47:00+00:00,62,254,56,17,48,18,55,22,254,0,62
2026-05-30 19:47:00+00:00,63,254,57,18,49,19,56,23,254,0,62
2026-05-30 20:47:00+00:00,63,254,57,18,50,19,57,23,254,0,62
2026-05-30 21:47:00+00:00,64,254,57,19,51,20,57,24,254,0,62
2026-05-30 22:47:00+00:00,64,254,56,19,52,20,58,25,254,0,62
2026-05-30 23:47:00+00:00,65,254,57,20,3,21,57,26,254,25,62
2026-05-31 00:47:00+00:00,65,254,4,18,2,21,10,25,254,92,62
2026-05-31 01:47:00+00:00,65,254,1,16,2,21,5,25,254,0,62
2026-05-31 02:47:00+00:00,65,254,1,15,2,21,3,25,254,0,62
2026-05-31 03:47:00+00:00,64,254,1,14,2,21,1,24,254,0,62
2026-05-31 04:47:00+00:00,64,254,1,13,2,20,1,23,254,0,62
2026-05-31 05:47:00+00:00,64,254,1,12,2,20,1,23,254,0,62
2026-05-31 06:47:00+00:00,63,254,2,12,2,20,2,23,254,0,62
2026-05-31 07:47:00+00:00,63,254,2,12,3,20,2,22,254,0,62
2026-05-31 08:47:00+00:00,62,254,2,11,3,19,2,22,254,0,103
2026-05-31 09:47:00+00:00,62,254,2,11,2,19,2,21,254,0,62
2026-05-31 10:47:00+00:00,61,254,2,11,3,19,2,21,254,0,62
2026-05-31 11:47:00+00:00,61,254,2,11,3,19,2,21,254,0,62
2026-05-31 12:47:00+00:00,60,254,2,10,3,18,3,21,254,0,62
2026-05-31 13:47:00+00:00,60,254,2,10,3,18,3,21,254,0,62
2026-05-31 14:47:00+00:00,59,254,3,10,3,18,4,21,254,0,62
2026-05-31 15:47:00+00:00,59,254,3,10,4,18,4,21,254,0,62
2026-05-31 16:47:00+00:00,59,254,3,10,4,18,5,21,254,0,62
2026-05-31 17:47:00+00:00,59,254,4,10,5,18,6,21,254,0,62
2026-05-31 18:47:00+00:00,59,254,5,10,6,18,8,22,254,0,62
2026-05-31 19:47:00+00:00,60,254,6,10,6,18,9,22,254,0,62
2026-05-31 20:47:00+00:00,60,254,8,10,6,18,10,22,254,0,62
2026-05-31 21:47:00+00:00,60,254,9,10,7,18,11,23,254,0,62
2026-05-31 22:47:00+00:00,61,254,10,10,7,18,11,23,254,0,62
2026-05-31 23:47:00+00:00,61,254,10,10,7,18,12,23,254,0,62
2026-06-01 00:47:00+00:00,62,254,11,10,7,18,12,24,254,0,62
2026-06-01 01:47:00+00:00,62,254,11,10,8,18,12,24,254,0,62
2026-06-01 02:47:00+00:00,62,254,12,10,8,18,12,24,254,0,62
2026-06-01 03:47:00+00:00,62,254,12,10,9,18,12,23,254,0,62
2026-06-01 04:47:00+00:00,62,254,13,10,9,18,12,23,254,0,62
2026-06-01 05:47:00+00:00,61,254,13,10,10,18,12,23,254,0,62
2026-06-01 06:47:00+00:00,61,254,13,10,10,18,13,22,254,0,62
2026-06-01 07:47:00+00:00,61,254,14,10,10,18,13,22,254,0,62
2026-06-01 08:47:00+00:00,60,254,14,10,10,18,12,22,254,0,103
2026-06-01 09:47:00+00:00,60,254,14,10,10,18,12,22,254,0,62
2026-06-01 10:47:00+00:00,59,254,14,10,11,18,13,21,254,0,62
2026-06-01 11:47:00+00:00,59,254,15,10,11,18,13,21,254,0,62
2026-06-01 12:47:00+00:00,59,254,15,10,11,18,13,21,254,0,62
2026-06-01 13:47:00+00:00,58,254,15,10,11,17,13,21,254,0,62
2026-06-01 14:47:00+00:00,58,254,15,10,12,17,13,21,254,0,62
2026-06-01 15:47:00+00:00,58,254,16,10,12,17,13,22,254,0,62
2026-06-01 16:47:00+00:00,58,254,16,10,12,18,14,22,254,0,62
2026-06-01 17:47:00+00:00,58,254,17,10,12,18,15,23,254,0,62
2026-06-01 18:47:00+00:00,59,254,17,11,13,18,16,24,254,0,62
2026-06-01 19:47:00+00:00,59,254,18,11,13,18,17,25,254,0,62
2026-06-01 20:47:00+00:00,60,254,18,11,14,18,18,25,254,0,62
2026-06-01 21:47:00+00:00,61,254,19,11,14,19,20,26,254,0,62
2026-06-01 22:47:00+00:00,62,254,20,11,15,19,21,27,254,0,62
2026-06-01 23:47:00+00:00,62,254,21,11,15,19,22,27,254,0,62
2026-06-02 00:47:00+00:00,63,254,22,11,16,20,23,28,254,0,62
2026-06-02 01:47:00+00:00,64,254,22,12,16,20,23,28,254,0,62
2026-06-02 02:47:00+00:00,64,254,23,12,17,20,23,28,254,0,62
2026-06-02 03:47:00+00:00,64,254,23,12,17,20,22,28,254,0,62
2026-06-02 04:47:00+00:00,64,254,24,12,18,20,22,28,254,0,62
2026-06-02 05:47:00+00:00,63,254,24,12,18,20,22,27,254,0,62
2026-06-02 06:47:00+00:00,63,254,24,12,18,20,22,27,254,0,62
2026-06-02 07:47:00+00:00,63,254,25,12,19,20,22,26,254,0,62
2026-06-02 08:47:00+00:00,62,254,25,12,19,20,21,26,254,0,103
2026-06-02 09:47:00+00:00,62,254,25,12,19,20,21,25,254,0,62
2026-06-02 10:47:00+00:00,61,254,25,12,19,19,21,25,254,0,62
2026-06-02 11:47:00+00:00,61,254,26,12,20,19,21,25,254,0,62
2026-06-02 12:47:00+00:00,60,254,26,12,20,19,21,24,254,0,62
2026-06-02 13:47:00+00:00,60,254,26,12,20,19,21,24,254,0,62
2026-06-02 14:47:00+00:00,60,254,26,12,20,19,21,24,254,0,62
2026-06-02 15:47:00+00:00,59,254,26,12,21,19,22,25,254,0,62
2026-06-02 16:47:00+00:00,59,254,27,12,21,19,23,26,254,0,62
2026-06-02 17:47:00+00:00,60,254,27,12,21,19,25,27,254,0,62
2026-06-02 18:47:00+00:00,60,254,28,13,22,20,26,28,254,0,62
2026-06-02 19:47:00+00:00,61,254,29,13,22,20,28,29,254,0,62
2026-06-02 20:47:00+00:00,62,254,29,13,23,21,30,30,254,0,62
2026-06-02 21:47:00+00:00,62,254,30,13,23,21,32,31,254,0,62
2026-06-02 22:47:00+00:00,63,254,31,14,24,22,35,33,254,0,62
2026-06-02 23:47:00+00:00,63,254,32,14,25,22,37,34,254,0,62
2026-06-03 00:47:00+00:00,64,254,33,14,26,22,38,34,254,0,62
2026-06-03 01:47:00+00:00,64,254,33,15,26,22,39,34,254,0,62
2026-06-03 02:47:00+00:00,64,254,34,15,27,22,40,34,254,0,62
2026-06-03 03:47:00+00:00,64,254,35,15,28,22,39,34,254,0,62
2026-06-03 04:47:00+00:00,64,254,35,15,28,22,39,33,254,0,62
2026-06-03 05:47:00+00:00,64,254,36,16,28,22,38,32,254,0,62
2026-06-03 06:47:00+00:00,64,254,36,16,29,22,38,32,254,0,62
2026-06-03 07:47:00+00:00,63,254,37,16,29,22,37,31,254,0,62
2026-06-03 08:47:00+00:00,63,254,37,16,30,22,37,31,254,0,103
2026-06-03 09:47:00+00:00,62,254,37,16,29,22,36,30,254,0,62
2026-06-03 10:47:00+00:00,62,254,37,16,30,22,36,30,254,0,62
2026-06-03 11:47:00+00:00,61,254,38,16,30,21,36,30,254,0,62
2026-06-03 12:47:00+00:00,61,254,38,16,30,21,36,29,254,0,62
2026-06-03 13:47:00+00:00,60,254,38,16,30,21,35,29,254,0,62
2026-06-03 14:47:00+00:00,60,254,39,16,31,21,36,29,254,0,62
2026-06-03 15:47:00+00:00,60,254,39,16,31,21,37,30,254,0,62
2026-06-03 16:47:00+00:00,60,254,39,16,32,22,39,32,254,0,62
2026-06-03 17:47:00+00:00,61,254,40,16,33,22,42,34,254,0,62
2026-06-03 18:47:00+00:00,61,254,41,17,34,23,44,35,254,0,62
2026-06-03 19:47:00+00:00,62,254,41,17,34,23,45,36,254,0,62
2026-06-03 20:47:00+00:00,62,254,42,18,35,24,47,38,254,0,62
2026-06-03 21:47:00+00:00,63,254,43,19,37,25,50,40,254,0,62
2026-06-03 22:47:00+00:00,64,254,44,19,38,25,52,42,254,0,62
2026-06-03 23:47:00+00:00,64,254,45,20,39,26,53,44,254,0,62
2026-06-04 00:47:00+00:00,64,254,45,21,40,26,54,46,254,0,62
2026-06-04 01:47:00+00:00,65,254,47,22,42,27,57,48,254,0,62
2026-06-04 02:47:00+00:00,65,254,48,22,43,27,57,49,254,0,62
2026-06-04 03:47:00+00:00,65,254,48,23,44,28,58,50,254,0,62
2026-06-04 04:47:00+00:00,65,254,49,23,45,28,59,49,254,0,62
2026-06-04 05:47:00+00:00,65,254,50,23,46,28,59,49,254,0,62
2026-06-04 06:47:00+00:00,64,254,49,23,46,27,59,47,254,0,62
2026-06-04 07:47:00+00:00,64,254,50,23,47,27,59,46,254,0,62
2026-06-04 08:47:00+00:00,64,254,51,23,47,27,59,46,254,0,103
2026-06-04 09:47:00+00:00,63,254,52,23,48,27,60,45,254,0,62
2026-06-04 10:47:00+00:00,63,254,52,23,49,27,60,44,254,0,62
2026-06-04 11:47:00+00:00,63,254,53,23,49,27,60,44,254,0,62
2026-06-04 12:47:00+00:00,63,254,54,23,50,27,61,44,254,0,62
2026-06-04 13:47:00+00:00,62,254,53,23,49,26,60,43,254,0,62
2026-06-04 14:47:00+00:00,62,254,54,23,50,27,60,44,254,0,62
2026-06-04 15:47:00+00:00,62,254,54,24,51,27,61,46,254,0,62
2026-06-04 16:47:00+00:00,62,254,54,24,51,27,61,48,254,0,62
2026-06-04 17:47:00+00:00,62,254,55,25,52,28,61,50,254,0,62
2026-06-04 18:47:00+00:00,63,254,56,26,54,29,63,52,254,0,62
2026-06-04 19:47:00+00:00,63,254,56,26,55,30,63,54,254,0,62
2026-06-04 20:47:00+00:00,64,254,56,27,56,30,63,56,254,0,62
2026-06-04 21:47:00+00:00,64,254,56,28,57,31,63,57,254,0,62
2026-06-04 22:47:00+00:00,65,254,57,29,58,32,64,59,254,0,62
2026-06-04 23:47:00+00:00,65,254,58,30,59,33,64,60,254,0,62
2026-06-05 00:47:00+00:00,66,254,58,31,60,34,64,61,254,0,62
2026-06-05 01:47:00+00:00,66,254,58,32,60,35,64,61,254,0,62
2026-06-05 02:47:00+00:00,66,254,58,33,61,35,64,61,254,0,62
2026-06-05 03:47:00+00:00,66,254,58,34,61,35,64,62,254,0,62
2026-06-05 04:47:00+00:00,66,254,59,35,62,35,64,62,254,0,62
2026-06-05 05:47:00+00:00,65,254,59,35,63,35,65,63,254,0,62
2026-06-05 06:47:00+00:00,65,254,59,35,63,35,65,63,254,0,62
2026-06-05 07:47:00+00:00,64,254,59,35,63,34,64,62,254,0,62
2026-06-05 08:47:00+00:00,64,254,59,35,64,34,65,62,254,0,103
2026-06-05 09:47:00+00:00,63,254,60,35,64,34,65,62,254,0,62
2026-06-05 10:47:00+00:00,63,254,60,35,6,34,65,61,254,4,62
2026-06-05 11:47:00+00:00,61,254,3,32,4,33,2,52,254,104,62
2026-06-05 12:47:00+00:00,59,254,3,28,4,30,2,13,254,33,62
2026-06-05 13:47:00+00:00,59,254,3,25,4,28,3,12,254,1,62
2026-06-05 14:47:00+00:00,59,254,3,21,4,26,3,12,254,0,62
2026-06-05 15:47:00+00:00,59,254,3,19,4,25,3,12,254,0,62
2026-06-05 16:47:00+00:00,59,254,6,17,4,24,3,12,254,0,62
2026-06-05 17:47:00+00:00,59,254,7,16,4,23,3,12,254,0,62
2026-06-05 18:47:00+00:00,60,254,3,15,5,22,3,12,254,0,62
2026-06-05 19:47:00+00:00,61,254,3,14,5,22,4,12,254,0,62
2026-06-05 20:47:00+00:00,61,254,3,13,5,21,4,13,254,0,62
2026-06-05 21:47:00+00:00,62,254,3,13,5,21,5,13,254,0,62
2026-06-05 22:47:00+00:00,63,254,3,13,6,21,7,14,254,0,62
2026-06-05 23:47:00+00:00,64,254,3,12,7,20,9,14,254,0,62
2026-06-06 00:47:00+00:00,64,254,3,12,7,20,10,14,254,0,62
2026-06-06 01:47:00+00:00,65,254,5,12,8,20,11,15,254,0,62
2026-06-06 02:47:00+00:00,65,254,7,12,8,20,11,15,254,0,62
2026-06-06 03:47:00+00:00,65,254,8,12,8,20,11,15,254,0,62
2026-06-06 04:47:00+00:00,65,254,9,12,9,19,11,15,254,0,62
2026-06-06 05:47:00+00:00,64,254,10,11,9,19,11,15,254,0,62
2026-06-06 06:47:00+00:00,64,254,10,11,9,19,11,15,254,0,62
2026-06-06 07:47:00+00:00,64,254,10,11,10,18,11,15,254,0,62
2026-06-06 08:47:00+00:00,63,254,11,11,10,18,11,15,254,0,103
2026-06-06 09:47:00+00:00,63,254,11,11,10,18,11,15,254,0,62
2026-06-06 10:47:00+00:00,63,254,11,11,10,18,11,15,254,0,62
2026-06-06 11:47:00+00:00,62,254,11,11,10,18,11,15,254,0,62
2026-06-06 12:47:00+00:00,62,254,12,11,11,17,11,15,254,0,62
2026-06-06 13:47:00+00:00,62,254,12,11,11,17,11,15,254,0,62
2026-06-06 14:47:00+00:00,61,254,12,11,11,17,12,15,254,0,62
2026-06-06 15:47:00+00:00,61,254,13,11,11,17,12,15,254,0,62
2026-06-06 16:47:00+00:00,61,254,13,11,12,17,13,15,254,0,62
2026-06-06 17:47:00+00:00,61,254,13,11,12,17,14,16,254,0,62
2026-06-06 18:47:00+00:00,61,254,14,11,12,18,15,17,254,0,62
2026-06-06 19:47:00+00:00,61,254,14,11,13,18,16,17,254,0,62
2026-06-06 20:47:00+00:00,62,254,15,11,13,18,17,18,254,0,62
2026-06-06 21:47:00+00:00,62,254,16,11,14,18,18,19,254,0,62
2026-06-06 22:47:00+00:00,62,254,16,11,14,18,19,20,254,0,62
2026-06-06 23:47:00+00:00,62,254,17,11,15,18,20,21,254,0,62
2026-06-07 00:47:00+00:00,63,254,18,12,16,19,22,22,254,0,62
2026-06-07 01:47:00+00:00,63,254,19,12,16,19,22,23,254,0,62
2026-06-07 02:47:00+00:00,63,254,20,12,17,19,22,23,254,0,62
2026-06-07 03:47:00+00:00,63,254,20,12,17,19,22,23,254,0,62
2026-06-07 04:47:00+00:00,63,254,21,12,18,19,22,23,254,0,62
2026-06-07 05:47:00+00:00,63,254,21,12,19,19,22,23,254,0,62
2026-06-07 06:47:00+00:00,63,254,21,12,19,19,21,22,254,0,62
2026-06-07 07:47:00+00:00,62,254,22,12,19,19,21,22,254,0,62
2026-06-07 08:47:00+00:00,62,254,22,12,20,19,21,22,254,0,103
2026-06-07 09:47:00+00:00,61,254,22,12,20,19,21,21,254,0,62
2026-06-07 10:47:00+00:00,61,254,23,12,20,19,21,21,254,0,62
2026-06-07 11:47:00+00:00,61,254,23,12,21,19,21,21,254,0,62
2026-06-07 12:47:00+00:00,60,254,23,12,21,18,21,21,254,0,62
2026-06-07 13:47:00+00:00,60,254,23,12,21,18,21,21,254,0,62
2026-06-07 14:47:00+00:00,60,254,23,12,22,18,21,21,254,0,62
2026-06-07 15:47:00+00:00,59,254,24,13,22,19,22,22,254,0,62
2026-06-07 16:47:00+00:00,59,254,24,13,22,19,23,23,254,0,62
2026-06-07 17:47:00+00:00,60,254,24,13,23,19,25,23,254,0,62
2026-06-07 18:47:00+00:00,60,254,25,13,23,19,26,24,254,0,62
2026-06-07 19:47:00+00:00,60,254,25,13,24,20,27,25,254,0,62
2026-06-07 20:47:00+00:00,60,254,26,13,25,20,29,26,254,0,62
2026-06-07 21:47:00+00:00,61,254,27,14,26,21,31,28,254,0,62
2026-06-07 22:47:00+00:00,61,254,28,14,27,21,32,29,254,0,62
2026-06-07 23:47:00+00:00,62,254,29,14,28,21,34,30,254,0,62
2026-06-08 00:47:00+00:00,62,254,30,15,28,22,35,31,254,0,62
2026-06-08 01:47:00+00:00,62,254,30,15,29,22,36,32,254,0,62
2026-06-08 02:47:00+00:00,62,254,31,15,30,22,36,32,254,0,62
2026-06-08 03:47:00+00:00,62,254,32,16,31,22,36,32,254,0,62
2026-06-08 04:47:00+00:00,62,254,32,16,31,22,36,31,254,0,62
2026-06-08 05:47:00+00:00,62,254,33,16,32,22,36,31,254,0,62
2026-06-08 06:47:00+00:00,61,254,33,16,32,22,35,30,254,0,62
2026-06-08 07:47:00+00:00,61,254,33,16,33,22,35,30,254,0,62
2026-06-08 08:47:00+00:00,61,254,34,16,33,22,35,30,254,0,103
2026-06-08 09:47:00+00:00,60,254,33,16,33,22,34,29,254,0,62
2026-06-08 10:47:00+00:00,60,254,34,16,34,21,34,29,254,0,62
2026-06-08 11:47:00+00:00,60,254,34,16,34,21,34,28,254,0,62
2026-06-08 12:47:00+00:00,59,254,34,16,34,21,34,28,254,0,62
2026-06-08 13:47:00+00:00,59,254,35,16,35,21,34,28,254,0,62
2026-06-08 14:47:00+00:00,59,254,35,16,35,21,34,28,254,0,62
2026-06-08 15:47:00+00:00,59,254,35,16,36,22,35,28,254,0,62
2026-06-08 16:47:00+00:00,59,254,36,17,36,22,36,29,254,0,62
2026-06-08 17:47:00+00:00,59,254,36,17,37,22,38,30,254,0,62
2026-06-08 18:47:00+00:00,59,254,36,17,38,23,39,32,254,0,62
2026-06-08 19:47:00+00:00,60,254,37,17,39,23,41,33,254,0,62
2026-06-08 20:47:00+00:00,60,254,37,18,40,24,42,34,254,0,62
2026-06-08 21:47:00+00:00,61,254,39,19,41,25,45,36,254,0,62
2026-06-08 22:47:00+00:00,61,254,39,19,43,25,46,38,254,0,62
2026-06-08 23:47:00+00:00,62,254,40,20,44,26,48,39,254,0,62
2026-06-09 00:47:00+00:00,62,254,41,20,45,26,49,41,254,0,62
2026-06-09 01:47:00+00:00,62,254,42,21,46,26,50,41,254,0,62
2026-06-09 02:47:00+00:00,62,254,43,21,47,27,51,42,254,0,62
2026-06-09 03:47:00+00:00,62,254,44,22,48,27,52,42,254,0,62
2026-06-09 04:47:00+00:00,62,254,44,22,49,27,52,42,254,0,62
2026-06-09 05:47:00+00:00,62,254,45,22,49,27,53,41,254,0,62
2026-06-09 06:47:00+00:00,62,254,45,22,50,27,53,41,254,0,62
2026-06-09 07:47:00+00:00,62,254,46,22,50,27,53,40,254,0,62
2026-06-09 08:47:00+00:00,62,254,46,22,51,27,53,40,254,0,103
2026-06-09 09:47:00+00:00,61,254,47,23,51,27,53,39,254,0,62
2026-06-09 10:47:00+00:00,61,254,47,23,52,27,53,39,254,1,62
2026-06-09 11:47:00+00:00,61,254,48,23,52,27,53,38,254,0,62
2026-06-09 12:47:00+00:00,61,254,48,23,52,27,52,38,254,3,62
2026-06-09 13:47:00+00:00,61,254,48,23,53,27,52,37,254,3,62
2026-06-09 14:47:00+00:00,61,254,48,23,53,27,52,37,254,0,62
2026-06-09 15:47:00+00:00,61,254,49,23,53,27,52,37,254,0,62
2026-06-09 16:47:00+00:00,61,254,49,23,54,27,52,37,254,0,62
2026-06-09 17:47:00+00:00,61,254,50,23,55,27,53,38,254,0,62
2026-06-09 18:47:00+00:00,61,254,50,23,55,28,54,40,254,0,62
2026-06-09 19:47:00+00:00,62,254,50,24,56,28,55,42,254,0,62
2026-06-09 20:47:00+00:00,62,254,51,24,57,29,55,43,254,0,62
2026-06-09 21:47:00+00:00,62,254,51,25,58,30,56,45,254,0,62
2026-06-09 22:47:00+00:00,62,254,52,26,58,30,57,47,254,0,62
2026-06-09 23:47:00+00:00,63,254,53,27,60,32,59,50,254,0,62
2026-06-10 00:47:00+00:00,63,254,54,28,61,33,60,52,254,0,62
2026-06-10 01:47:00+00:00,63,254,54,29,63,33,61,53,254,0,62
2026-06-10 02:47:00+00:00,63,254,55,30,63,34,61,54,254,0,62
2026-06-10 03:47:00+00:00,62,254,54,30,63,33,61,54,254,0,62
2026-06-10 04:47:00+00:00,62,254,55,30,64,33,61,55,254,0,62
2026-06-10 05:47:00+00:00,62,254,56,31,65,33,62,55,254,0,62
2026-06-10 06:47:00+00:00,62,254,56,31,66,33,62,55,254,0,62
2026-06-10 07:47:00+00:00,61,254,57,31,66,33,63,55,254,0,62
2026-06-10 08:47:00+00:00,61,254,57,32,67,33,63,54,254,0,103
2026-06-10 09:47:00+00:00,61,254,58,32,68,33,64,54,254,0,62
2026-06-10 10:47:00+00:00,61,254,58,32,68,33,64,53,254,0,62
2026-06-10 11:47:00+00:00,60,254,58,31,68,33,63,52,254,0,62
2026-06-10 12:47:00+00:00,60,254,58,31,68,32,64,51,254,0,62
2026-06-10 13:47:00+00:00,60,254,59,31,69,33,64,51,254,0,62
2026-06-10 14:47:00+00:00,59,254,59,31,70,33,65,51,254,0,62
2026-06-10 15:47:00+00:00,59,254,60,32,70,33,65,52,254,0,62
2026-06-10 16:47:00+00:00,59,254,60,32,71,34,66,53,254,0,62
2026-06-10 17:47:00+00:00,60,254,61,33,71,35,66,55,254,0,62
2026-06-10 18:47:00+00:00,60,254,61,34,72,36,66,56,254,0,62
2026-06-10 19:47:00+00:00,60,254,61,35,72,37,66,57,254,0,62
2026-06-10 20:47:00+00:00,61,254,62,36,73,38,68,59,254,0,62
2026-06-10 21:47:00+00:00,61,254,63,37,74,39,68,61,254,0,62
2026-06-10 22:47:00+00:00,61,254,63,38,74,40,68,61,254,0,62
2026-06-10 23:47:00+00:00,62,254,63,39,74,41,68,62,254,0,62
2026-06-11 00:47:00+00:00,62,254,64,41,74,42,69,63,254,0,62
2026-06-11 01:47:00+00:00,62,254,64,42,74,43,69,64,254,0,62
2026-06-11 02:47:00+00:00,62,254,64,43,74,44,69,64,254,0,62
2026-06-11 03:47:00+00:00,62,254,64,44,74,44,69,65,254,0,62
2026-06-11 04:47:00+00:00,61,254,64,44,74,44,70,66,254,0,62
2026-06-11 05:47:00+00:00,61,254,65,45,74,44,70,66,254,0,62
2026-06-11 06:47:00+00:00,61,254,65,46,75,44,71,66,254,0,62
2026-06-11 07:47:00+00:00,60,254,64,45,74,43,70,65,254,0,62
2026-06-11 08:47:00+00:00,60,254,64,46,74,43,70,65,254,0,103
2026-06-11 09:47:00+00:00,60,254,65,46,75,43,70,65,254,0,62
2026-06-11 10:47:00+00:00,59,254,65,46,75,43,71,65,254,0,62
2026-06-11 11:47:00+00:00,59,254,66,46,76,43,71,66,254,0,62
2026-06-11 12:47:00+00:00,58,254,65,45,75,42,71,65,254,0,62
2026-06-11 13:47:00+00:00,58,254,66,45,76,42,71,65,254,0,62
2026-06-11 14:47:00+00:00,58,254,66,45,76,42,72,65,254,0,62
2026-06-11 15:47:00+00:00,58,254,67,46,77,43,73,66,254,0,62
2026-06-11 16:47:00+00:00,58,254,67,46,77,43,73,66,254,0,62
2026-06-11 17:47:00+00:00,58,254,67,47,78,44,73,66,254,0,62
2026-06-11 18:47:00+00:00,59,254,68,48,79,46,74,68,254,0,62
2026-06-11 19:47:00+00:00,59,254,68,49,80,47,75,68,254,0,62
2026-06-11 20:47:00+00:00,60,254,68,50,80,48,74,69,254,0,62
2026-06-11 21:47:00+00:00,61,254,69,52,81,50,75,71,254,0,62
2026-06-11 22:47:00+00:00,61,254,69,53,81,51,75,71,254,0,62
2026-06-11 23:47:00+00:00,62,254,68,54,81,53,75,72,254,0,62
2026-06-12 00:47:00+00:00,62,254,68,55,81,54,75,73,254,0,62
2026-06-12 01:47:00+00:00,63,254,69,57,82,56,76,74,254,0,62
2026-06-12 02:47:00+00:00,63,254,69,58,82,57,76,75,254,0,62
2026-06-12 03:47:00+00:00,63,254,69,58,82,57,76,75,254,0,62
2026-06-12 04:47:00+00:00,63,254,69,59,82,58,76,76,254,0,62
2026-06-12 05:47:00+00:00,62,254,68,59,80,57,75,75,254,0,62
2026-06-12 06:47:00+00:00,62,254,68,60,81,57,75,75,254,0,62
2026-06-12 07:47:00+00:00,61,254,68,60,80,57,74,74,254,0,62
2026-06-12 08:47:00+00:00,57,254,5,58,6,52,4,70,254,80,103
2026-06-12 09:48:00+00:00,56,254,4,56,5,49,4,37,254,53,62
2026-06-12 10:48:00+00:00,57,254,4,53,5,45,4,14,254,1,62
2026-06-12 11:48:00+00:00,57,254,4,50,5,41,4,13,254,0,62
2026-06-12 12:48:00+00:00,57,254,4,47,5,38,4,12,254,0,62
2026-06-12 13:48:00+00:00,57,254,4,43,6,35,4,11,254,0,62
2026-06-12 14:48:00+00:00,57,254,4,39,6,33,4,11,254,0,62
2026-06-12 15:48:00+00:00,57,254,4,35,6,31,4,11,254,0,62
2026-06-12 16:48:00+00:00,57,254,5,31,6,29,5,11,254,0,62
2026-06-12 17:48:00+00:00,57,254,5,28,6,28,5,11,254,0,62
2026-06-12 18:48:00+00:00,58,254,5,26,6,28,5,12,254,0,62
2026-06-12 19:48:00+00:00,58,254,5,23,7,27,7,12,254,0,62
2026-06-12 20:48:00+00:00,59,254,5,22,8,27,9,13,254,0,62
2026-06-12 21:48:00+00:00,59,254,5,20,8,26,10,13,254,0,62
2026-06-12 22:48:00+00:00,60,254,5,19,9,26,11,14,254,0,62
2026-06-12 23:48:00+00:00,61,254,7,18,9,26,12,14,254,0,62
2026-06-13 00:48:00+00:00,61,254,9,18,10,26,13,15,254,0,62
2026-06-13 01:48:00+00:00,61,254,10,17,10,26,13,15,254,0,62
2026-06-13 02:48:00+00:00,61,254,10,17,10,26,13,16,254,0,62
2026-06-13 03:48:00+00:00,62,254,11,16,10,26,13,16,254,0,62
2026-06-13 04:48:00+00:00,61,254,11,16,10,25,13,16,254,0,62
2026-06-13 05:48:00+00:00,61,254,12,16,11,25,13,16,254,0,62
2026-06-13 06:48:00+00:00,61,254,12,15,11,25,13,16,254,0,62
2026-06-13 07:48:00+00:00,61,254,12,15,11,25,13,17,254,0,62
2026-06-13 08:48:00+00:00,61,254,13,15,12,24,14,17,254,0,103
2026-06-13 09:48:00+00:00,60,254,13,14,12,24,13,17,254,0,62
2026-06-13 10:48:00+00:00,60,254,13,14,12,24,13,17,254,0,62
2026-06-13 11:48:00+00:00,60,254,13,14,12,23,14,17,254,0,62
2026-06-13 12:48:00+00:00,59,254,14,14,13,23,14,17,254,0,62
2026-06-13 13:48:00+00:00,59,254,14,14,13,23,14,17,254,0,62
2026-06-13 14:48:00+00:00,59,254,14,14,13,23,14,18,254,0,62
2026-06-13 15:48:00+00:00,59,254,15,14,14,23,15,19,254,0,62
2026-06-13 16:48:00+00:00,59,254,15,14,14,23,16,20,254,0,62
2026-06-13 17:48:00+00:00,59,254,16,14,14,24,18,21,254,0,62
2026-06-13 18:48:00+00:00,59,254,16,14,15,24,19,22,254,0,62
2026-06-13 19:48:00+00:00,59,254,17,14,15,25,20,23,254,0,62
2026-06-13 20:48:00+00:00,60,254,17,14,16,25,22,24,254,0,62
2026-06-13 21:48:00+00:00,60,254,18,14,17,26,23,25,254,0,62
2026-06-13 22:48:00+00:00,60,254,19,15,17,26,25,26,254,0,62
2026-06-13 23:48:00+00:00,61,254,20,15,18,27,27,27,254,0,62
2026-06-14 00:48:00+00:00,61,254,21,15,19,28,28,28,254,0,62
2026-06-14 01:48:00+00:00,62,254,22,16,20,28,29,29,254,0,62
2026-06-14 02:48:00+00:00,62,254,22,16,20,28,30,29,254,0,62
2026-06-14 03:48:00+00:00,62,254,23,16,21,28,30,30,254,0,62
2026-06-14 04:48:00+00:00,62,254,23,16,22,28,29,30,254,0,62
2026-06-14 05:48:00+00:00,62,254,24,17,22,28,29,30,254,0,62
2026-06-14 06:48:00+00:00,61,254,24,17,23,28,29,30,254,0,62
2026-06-14 07:48:00+00:00,61,254,25,17,24,28,28,30,254,0,62
2026-06-14 08:48:00+00:00,61,254,25,17,24,28,28,29,254,0,103
2026-06-14 09:48:00+00:00,61,254,25,17,25,28,28,29,254,0,62
2026-06-14 10:48:00+00:00,60,254,25,17,25,27,28,29,254,0,62
2026-06-14 11:48:00+00:00,60,254,25,17,25,27,27,29,254,0,62
2026-06-14 12:48:00+00:00,60,254,26,17,25,27,27,28,254,0,62
2026-06-14 13:48:00+00:00,59,254,26,18,26,27,27,29,254,0,62
2026-06-14 14:48:00+00:00,59,254,26,18,26,27,27,29,254,0,62
2026-06-14 15:48:00+00:00,59,254,26,18,27,28,29,30,254,0,62
2026-06-14 16:48:00+00:00,59,254,27,18,27,28,30,31,254,0,62
2026-06-14 17:48:00+00:00,60,254,27,18,28,28,31,32,254,0,62
2026-06-14 18:48:00+00:00,60,254,28,18,29,29,33,33,254,0,61
2026-06-14 19:50:00+00:00,60,254,29,19,30,30,35,34,254,0,61
2026-06-14 20:50:00+00:00,61,254,30,19,31,31,37,36,254,0,61
2026-06-14 21:50:00+00:00,62,254,31,20,32,32,39,37,254,0,61
2026-06-14 22:50:00+00:00,62,254,32,20,33,33,41,39,254,0,61
2026-06-14 23:50:00+00:00,63,254,33,21,35,35,43,41,254,0,61
2026-06-15 00:50:00+00:00,63,254,34,22,36,36,45,42,254,0,61
2026-06-15 01:50:00+00:00,63,254,35,23,38,37,46,43,254,0,62
2026-06-15 02:50:00+00:00,63,254,36,24,39,37,47,44,254,0,62
2026-06-15 03:51:00+00:00,63,254,37,25,40,38,49,45,254,0,62
2026-06-15 04:51:00+00:00,63,254,38,25,41,38,49,45,254,0,62
2026-06-15 05:51:00+00:00,63,254,39,26,43,38,50,45,254,0,62
2026-06-15 06:51:00+00:00,63,254,39,26,43,38,50,45,254,0,62
2026-06-15 07:51:00+00:00,62,254,39,26,44,37,50,44,254,0,62
2026-06-15 08:51:00+00:00,62,254,40,27,45,37,50,44,254,0,103
2026-06-15 09:51:00+00:00,62,254,41,27,45,37,51,44,254,0,62
2026-06-15 10:51:00+00:00,61,254,41,27,46,36,51,43,254,0,62
2026-06-15 11:51:00+00:00,61,254,42,28,47,36,51,43,254,0,62
2026-06-15 12:51:00+00:00,61,254,42,28,48,36,51,43,254,0,62
2026-06-15 13:51:00+00:00,60,254,42,27,48,36,50,42,254,0,62
2026-06-15 14:51:00+00:00,60,254,43,28,49,36,50,42,254,0,62
2026-06-15 15:51:00+00:00,60,254,43,28,50,36,51,43,254,0,61
2026-06-15 16:51:00+00:00,60,254,44,28,50,37,52,44,254,0,61
2026-06-15 17:51:00+00:00,60,254,44,29,51,38,53,45,254,0,61
2026-06-15 18:51:00+00:00,61,254,45,30,53,39,55,47,254,0,61
2026-06-15 19:51:00+00:00,62,254,46,31,54,40,55,49,254,0,61
2026-06-15 20:51:00+00:00,62,254,47,32,55,42,56,50,254,0,61
2026-06-15 21:51:00+00:00,63,254,48,33,57,44,58,53,254,0,61
2026-06-15 22:51:00+00:00,63,254,49,34,58,46,59,55,254,0,61
2026-06-15 23:51:00+00:00,64,254,50,36,59,47,60,56,254,0,61
2026-06-16 00:51:00+00:00,64,254,50,37,60,49,60,57,254,0,61
2026-06-16 01:51:00+00:00,64,254,51,38,62,50,61,58,254,0,61
2026-06-16 02:51:00+00:00,65,254,53,40,64,52,62,61,254,0,62
2026-06-16 03:51:00+00:00,64,254,52,41,63,52,62,60,254,0,62
2026-06-16 04:51:00+00:00,64,254,53,42,64,53,62,61,254,0,62
2026-06-16 05:51:00+00:00,64,254,54,43,65,53,63,61,254,0,62
2026-06-16 06:51:00+00:00,64,254,54,44,66,52,63,61,254,0,62
2026-06-16 07:51:00+00:00,63,254,55,45,67,52,64,62,254,0,62
2026-06-16 08:51:00+00:00,63,254,56,45,67,52,64,62,254,0,103
2026-06-16 09:51:00+00:00,63,254,56,46,68,51,64,62,254,0,62
2026-06-16 10:51:00+00:00,63,254,57,46,69,51,65,62,254,0,62
2026-06-16 11:51:00+00:00,62,254,56,46,68,50,64,61,254,0,62
2026-06-16 12:51:00+00:00,62,254,57,46,69,50,64,61,254,0,62
2026-06-16 13:51:00+00:00,62,254,58,46,70,50,65,61,254,0,62
2026-06-16 14:51:00+00:00,62,254,58,46,71,50,65,61,254,0,62
2026-06-16 15:51:00+00:00,61,254,59,47,72,51,66,61,254,0,61
2026-06-16 16:51:00+00:00,62,254,59,47,72,52,66,62,254,0,61
2026-06-16 17:51:00+00:00,62,254,60,48,73,53,67,62,254,0,61
2026-06-16 18:51:00+00:00,62,254,60,49,73,54,67,63,254,0,61
2026-06-16 19:51:00+00:00,63,254,61,50,74,57,68,64,254,0,61
2026-06-16 20:51:00+00:00,64,254,61,51,74,58,68,65,254,0,61
2026-06-16 21:51:00+00:00,64,254,62,52,75,60,68,66,254,0,61
2026-06-16 22:51:00+00:00,65,254,63,55,76,62,70,68,254,0,61
2026-06-16 23:51:00+00:00,65,254,63,56,76,64,70,69,254,0,61
2026-06-17 00:51:00+00:00,65,254,63,57,76,65,70,69,254,0,61
2026-06-17 01:51:00+00:00,66,254,64,58,76,66,70,70,254,0,61
2026-06-17 02:51:00+00:00,66,254,64,60,77,67,70,71,254,0,61
2026-06-17 03:51:00+00:00,66,254,64,61,77,68,70,71,254,0,62
2026-06-17 04:51:00+00:00,66,254,64,62,77,68,70,72,254,0,62
2026-06-17 05:51:00+00:00,65,254,64,63,78,69,71,73,254,0,62
2026-06-17 06:51:00+00:00,65,254,65,63,78,70,71,73,254,0,62
2026-06-17 07:51:00+00:00,65,254,65,64,79,70,72,73,254,0,62
2026-06-17 08:51:00+00:00,65,254,66,64,79,70,72,74,254,0,103
2026-06-17 09:51:00+00:00,65,254,66,65,80,71,73,74,254,0,62
2026-06-17 10:51:00+00:00,64,254,65,64,79,70,72,74,254,0,62
2026-06-17 11:51:00+00:00,64,254,66,64,80,70,72,74,254,0,62
2026-06-17 12:51:00+00:00,64,254,66,65,81,70,73,74,254,0,62
2026-06-17 13:51:00+00:00,64,254,66,65,81,70,73,74,254,0,62
2026-06-17 14:51:00+00:00,63,254,67,65,82,70,74,75,254,0,62
2026-06-17 15:51:00+00:00,63,254,67,65,82,69,74,75,254,0,62
2026-06-17 16:51:00+00:00,63,254,5,66,6,67,4,62,254,78,62
2026-06-17 17:51:00+00:00,63,254,4,66,6,64,4,2,254,66,61
2026-06-17 18:51:00+00:00,63,254,4,65,6,61,4,2,254,0,61
2026-06-17 19:51:00+00:00,63,254,4,63,6,59,4,6,254,0,61
2026-06-17 20:51:00+00:00,63,254,4,61,6,55,4,10,254,0,61
2026-06-17 21:51:00+00:00,63,254,4,59,7,52,4,10,254,0,61
2026-06-17 22:51:00+00:00,63,254,4,56,8,49,5,10,254,0,61
2026-06-17 23:51:00+00:00,64,254,4,54,9,47,7,6,254,0,61
2026-06-18 00:51:00+00:00,64,254,4,52,9,44,8,6,254,0,61
2026-06-18 01:51:00+00:00,64,254,5,49,10,42,10,8,254,0,61
2026-06-18 02:51:00+00:00,64,254,5,47,10,41,10,10,254,0,61
2026-06-18 03:51:00+00:00,64,254,6,44,10,39,10,10,254,0,62
2026-06-18 04:51:00+00:00,63,254,7,42,10,38,11,10,254,0,62
2026-06-18 05:51:00+00:00,63,254,8,39,11,36,11,11,254,0,62
2026-06-18 06:51:00+00:00,63,254,9,37,11,35,11,11,254,0,62
2026-06-18 07:51:00+00:00,63,254,10,35,11,34,11,11,254,0,62
2026-06-18 08:51:00+00:00,62,254,10,32,12,33,11,12,254,0,103
2026-06-18 09:51:00+00:00,62,254,10,31,12,32,11,12,254,0,62
2026-06-18 10:51:00+00:00,62,254,10,29,12,31,11,12,254,0,62
2026-06-18 11:51:00+00:00,62,254,10,28,12,31,11,13,254,0,62
2026-06-18 12:51:00+00:00,61,254,10,26,13,30,12,13,254,0,62
2026-06-18 13:51:00+00:00,61,254,11,25,13,30,12,13,254,0,62
2026-06-18 14:51:00+00:00,61,254,11,24,13,29,12,14,254,0,61
2026-06-18 15:51:00+00:00,61,254,11,23,14,29,13,15,254,0,61
2026-06-18 16:51:00+00:00,61,254,12,23,14,29,14,16,254,0,61
2026-06-18 17:51:00+00:00,61,254,12,22,14,29,15,17,254,0,61
2026-06-18 18:51:00+00:00,61,254,13,21,15,30,16,18,254,0,61
2026-06-18 19:51:00+00:00,61,254,13,21,16,30,17,19,254,0,61
2026-06-18 20:51:00+00:00,62,254,14,20,16,31,18,21,254,0,61
2026-06-18 21:51:00+00:00,62,254,15,20,17,31,19,23,254,0,61
2026-06-18 22:51:00+00:00,62,254,15,20,18,32,20,25,254,0,61
2026-06-18 23:51:00+00:00,63,254,16,20,19,33,21,27,254,0,61
2026-06-19 00:51:00+00:00,63,254,17,20,19,34,21,28,254,0,61
2026-06-19 01:51:00+00:00,63,254,17,20,20,34,22,29,254,0,61
2026-06-19 02:51:00+00:00,63,254,18,20,21,34,22,30,254,0,61
2026-06-19 03:51:00+00:00,63,254,18,20,21,34,21,30,254,0,62
2026-06-19 04:51:00+00:00,63,254,19,20,22,34,21,30,254,0,62
2026-06-19 05:51:00+00:00,63,254,19,20,23,34,21,31,254,0,62
2026-06-19 06:51:00+00:00,63,254,19,20,23,34,21,31,254,0,62
2026-06-19 07:51:00+00:00,62,254,19,19,23,33,21,31,254,0,62
2026-06-19 08:51:00+00:00,62,254,20,19,24,33,20,31,254,0,103
2026-06-19 09:51:00+00:00,62,254,20,19,24,32,20,31,254,0,62
2026-06-19 10:51:00+00:00,62,254,20,19,25,32,20,31,254,0,62
2026-06-19 11:51:00+00:00,61,254,20,19,25,32,20,31,254,0,62
2026-06-19 12:51:00+00:00,61,254,21,20,26,32,21,31,254,0,62
2026-06-19 13:51:00+00:00,61,254,21,19,26,32,21,31,254,0,61
2026-06-19 14:51:00+00:00,60,254,21,19,26,31,21,31,254,0,61
2026-06-19 15:51:00+00:00,60,254,21,19,27,31,21,32,254,0,61
2026-06-19 16:51:00+00:00,60,254,21,19,27,32,22,32,254,0,61
2026-06-19 17:51:00+00:00,60,254,22,19,28,32,24,34,254,0,61
2026-06-19 18:51:00+00:00,61,254,23,20,29,33,25,35,254,0,61
2026-06-19 19:51:00+00:00,61,254,23,20,30,34,27,37,254,0,61
2026-06-19 20:51:00+00:00,62,254,24,20,30,35,28,38,254,0,61
2026-06-19 21:51:00+00:00,62,254,25,20,32,36,30,40,254,0,61
2026-06-19 22:51:00+00:00,63,254,26,21,33,38,31,42,254,0,61
2026-06-19 23:51:00+00:00,63,254,26,21,34,39,33,44,254,0,61
2026-06-20 00:51:00+00:00,64,254,27,21,35,39,34,45,254,0,61
2026-06-20 01:51:00+00:00,64,254,27,21,36,40,34,46,254,0,61
2026-06-20 02:51:00+00:00,64,254,28,22,37,40,35,47,254,0,61
2026-06-20 03:51:00+00:00,64,254,28,22,37,40,35,47,254,0,61
2026-06-20 04:51:00+00:00,64,254,28,22,38,40,35,48,254,0,61
2026-06-20 05:51:00+00:00,64,254,29,22,39,40,35,48,254,0,61
2026-06-20 06:51:00+00:00,64,254,29,23,40,40,35,48,254,0,61
2026-06-20 07:51:00+00:00,64,254,29,23,40,40,34,49,254,0,61
2026-06-20 08:51:00+00:00,64,254,30,23,41,40,34,49,254,0,103
2026-06-20 09:51:00+00:00,64,254,30,23,42,40,34,49,254,0,61
2026-06-20 10:51:00+00:00,64,254,30,23,42,40,34,49,254,0,61
2026-06-20 11:51:00+00:00,63,254,30,23,43,39,34,49,254,0,61
2026-06-20 12:51:00+00:00,63,254,30,24,43,39,34,49,254,0,61
2026-06-20 13:51:00+00:00,63,254,30,24,44,39,34,49,254,0,61
2026-06-20 14:51:00+00:00,63,254,31,24,44,39,34,49,254,0,61
2026-06-20 15:51:00+00:00,63,254,31,24,45,39,35,49,254,0,61
2026-06-20 16:51:00+00:00,63,254,31,24,45,40,35,49,254,0,61
2026-06-20 17:51:00+00:00,63,254,31,24,46,40,36,49,254,0,61
2026-06-20 18:51:00+00:00,63,254,32,25,46,40,37,50,254,0,61
2026-06-20 19:51:00+00:00,64,254,32,25,47,41,38,51,254,0,61
2026-06-20 20:51:00+00:00,64,254,33,25,48,42,39,52,254,0,61
2026-06-20 21:51:00+00:00,64,254,34,25,49,43,40,53,254,0,61
2026-06-20 22:51:00+00:00,64,254,34,26,50,44,41,54,254,0,61
2026-06-20 23:51:00+00:00,64,254,35,26,51,45,43,55,254,0,61
2026-06-21 00:51:00+00:00,64,254,36,27,51,45,44,56,254,0,61
2026-06-21 01:51:00+00:00,64,254,36,27,52,46,45,56,254,0,61
2026-06-21 02:51:00+00:00,65,254,37,28,54,47,47,58,254,0,61
2026-06-21 03:51:00+00:00,65,254,38,28,55,48,47,58,254,0,61
2026-06-21 04:51:00+00:00,65,254,39,29,55,48,48,59,254,0,61
2026-06-21 05:51:00+00:00,64,254,38,29,55,47,48,58,254,0,61
2026-06-21 06:51:00+00:00,64,254,39,29,56,47,48,58,254,0,61
2026-06-21 07:51:00+00:00,64,254,39,29,56,46,48,58,254,0,61
2026-06-21 08:51:00+00:00,64,254,40,29,57,46,49,58,254,0,103
2026-06-21 09:51:00+00:00,64,254,40,30,57,46,49,58,254,0,61
2026-06-21 10:51:00+00:00,63,254,40,30,58,46,49,58,254,0,61
2026-06-21 11:51:00+00:00,63,254,41,30,59,45,49,58,254,0,61
2026-06-21 12:51:00+00:00,62,254,40,30,58,45,49,57,254,0,61
2026-06-21 13:51:00+00:00,62,254,41,30,59,44,49,57,254,0,61
2026-06-21 14:51:00+00:00,62,254,41,30,60,44,49,57,254,0,61
2026-06-21 15:51:00+00:00,62,254,42,30,61,45,50,58,254,0,61
2026-06-21 16:51:00+00:00,62,254,42,30,61,46,50,58,254,0,61
2026-06-21 17:51:00+00:00,62,254,42,31,62,47,51,59,254,0,61
2026-06-21 18:51:00+00:00,63,254,44,32,64,49,53,61,254,0,61
2026-06-21 19:51:00+00:00,63,254,44,32,64,50,54,62,254,0,61
2026-06-21 20:51:00+00:00,63,254,45,33,65,52,55,63,254,0,61
2026-06-21 21:51:00+00:00,64,254,46,34,66,54,56,64,254,0,61
2026-06-21 22:51:00+00:00,64,254,46,35,67,55,57,65,254,0,61
2026-06-21 23:51:00+00:00,64,254,47,36,67,57,57,65,254,0,61
2026-06-22 00:51:00+00:00,65,254,49,38,69,60,59,67,254,0,61
2026-06-22 01:51:00+00:00,65,254,50,40,70,62,60,68,254,0,61
2026-06-22 02:51:00+00:00,65,254,51,41,70,64,61,68,254,0,61
2026-06-22 03:51:00+00:00,65,254,51,42,71,65,61,69,254,0,61
2026-06-22 04:51:00+00:00,65,254,52,43,71,66,62,69,254,0,61
2026-06-22 05:51:00+00:00,65,254,53,44,72,67,62,70,254,0,61
2026-06-22 06:51:00+00:00,64,254,53,45,71,66,62,69,254,0,61
2026-06-22 07:51:00+00:00,64,254,53,45,72,66,62,69,254,0,61
2026-06-22 08:51:00+00:00,64,254,54,46,72,66,63,70,254,0,103
2026-06-22 09:52:00+00:00,63,254,55,47,73,66,63,70,254,0,61
2026-06-22 10:52:00+00:00,63,254,55,47,73,66,64,70,254,0,61
2026-06-22 11:52:00+00:00,63,254,56,48,73,65,64,71,254,0,61
2026-06-22 12:52:00+00:00,62,254,55,47,73,64,63,70,254,0,61
2026-06-22 13:52:00+00:00,62,254,56,48,73,64,64,70,254,0,61
2026-06-22 14:52:00+00:00,62,254,57,48,74,64,65,71,254,0,61
2026-06-22 15:52:00+00:00,62,254,58,49,75,65,65,71,254,0,61
2026-06-22 16:52:00+00:00,62,254,58,50,75,66,66,72,254,0,61
2026-06-22 17:52:00+00:00,62,254,59,50,76,66,66,72,254,0,61
2026-06-22 18:52:00+00:00,63,254,60,52,78,69,67,74,254,0,61
2026-06-22 19:52:00+00:00,63,254,60,53,78,70,68,75,254,0,61
2026-06-22 20:52:00+00:00,63,254,61,54,79,70,68,76,254,0,61
2026-06-22 21:52:00+00:00,64,254,61,55,79,71,68,76,254,0,61
2026-06-22 22:52:00+00:00,64,254,61,56,79,72,68,77,254,0,61
2026-06-22 23:52:00+00:00,64,254,62,57,80,72,68,78,254,0,61
2026-06-23 00:52:00+00:00,65,254,63,59,81,74,70,80,254,0,61
2026-06-23 01:52:00+00:00,65,254,63,60,81,74,70,80,254,0,61
2026-06-23 02:52:00+00:00,65,254,63,61,82,75,70,81,254,0,61
2026-06-23 03:52:00+00:00,65,254,63,62,82,75,70,81,254,0,61
2026-06-23 04:52:00+00:00,65,254,64,63,82,76,70,82,254,0,61
2026-06-23 05:52:00+00:00,64,254,63,63,81,74,69,81,254,0,61
2026-06-23 06:52:00+00:00,64,254,63,63,82,75,70,81,254,0,61
2026-06-23 07:52:00+00:00,64,254,64,64,82,75,70,81,254,0,61
2026-06-23 08:52:00+00:00,63,254,64,64,83,75,71,82,254,0,103
2026-06-23 09:52:00+00:00,63,254,64,65,84,76,71,82,254,0,61
2026-06-23 10:52:00+00:00,63,254,65,65,84,76,72,82,254,0,61
2026-06-23 11:52:00+00:00,60,254,5,64,7,69,5,78,254,22,61
2026-06-23 12:52:00+00:00,57,254,5,61,7,55,5,6,254,93,61
2026-06-23 13:52:00+00:00,58,254,4,60,7,46,5,3,254,2,61
2026-06-23 14:52:00+00:00,58,254,4,58,7,42,5,4,254,1,61
2026-06-23 15:52:00+00:00,59,254,5,57,7,40,5,9,254,0,61
2026-06-23 16:52:00+00:00,59,254,5,55,7,38,5,8,254,0,61
2026-06-23 17:52:00+00:00,59,254,5,54,7,37,5,6,254,0,61
2026-06-23 18:52:00+00:00,60,254,5,52,7,36,5,9,254,0,61
2026-06-23 19:52:00+00:00,61,254,5,51,8,35,5,10,254,0,61
2026-06-23 20:52:00+00:00,61,254,5,49,8,34,6,12,254,0,61
2026-06-23 21:52:00+00:00,62,254,5,46,8,34,8,13,254,0,61
2026-06-23 22:52:00+00:00,62,254,5,44,9,33,10,14,254,0,61
2026-06-23 23:52:00+00:00,63,254,5,42,9,34,10,16,254,0,61
2026-06-24 00:52:00+00:00,63,254,5,40,10,33,11,17,254,0,61
2026-06-24 01:52:00+00:00,64,254,6,38,10,33,11,18,254,0,61
2026-06-24 02:52:00+00:00,64,254,6,36,10,33,11,19,254,0,61
2026-06-24 03:52:00+00:00,64,254,7,34,10,32,12,20,254,0,61
2026-06-24 04:52:00+00:00,64,254,8,33,10,32,12,21,254,0,61
2026-06-24 05:52:00+00:00,64,254,9,31,10,32,12,22,254,0,61
2026-06-24 06:52:00+00:00,64,254,10,30,10,31,12,22,254,0,61
2026-06-24 07:52:00+00:00,64,254,10,29,11,31,12,23,254,0,61
2026-06-24 08:52:00+00:00,64,254,10,27,11,31,12,24,254,0,103
2026-06-24 09:52:00+00:00,63,254,10,27,11,30,12,24,254,0,61
2026-06-24 10:52:00+00:00,63,254,10,26,11,30,12,25,254,0,61
2026-06-24 11:52:00+00:00,63,254,11,25,11,30,12,25,254,0,61
2026-06-24 12:52:00+00:00,63,254,11,24,11,29,12,26,254,0,61
2026-06-24 13:52:00+00:00,63,254,11,23,12,29,12,26,254,0,61
2026-06-24 14:52:00+00:00,62,254,11,22,12,29,13,26,254,0,61
2026-06-24 15:52:00+00:00,62,254,11,22,12,29,13,27,254,0,61
2026-06-24 16:52:00+00:00,62,254,12,21,12,29,14,29,254,0,61
2026-06-24 17:52:00+00:00,62,254,12,21,13,29,15,30,254,0,61
2026-06-24 18:52:00+00:00,63,254,13,21,13,30,16,32,254,0,61
2026-06-24 19:52:00+00:00,63,254,14,21,14,31,17,34,254,0,61
2026-06-24 20:52:00+00:00,63,254,15,20,15,32,19,35,254,0,61
2026-06-24 21:52:00+00:00,64,254,15,20,15,33,20,37,254,0,61
2026-06-24 22:52:00+00:00,64,254,16,20,16,34,21,39,254,0,61
2026-06-24 23:52:00+00:00,64,254,17,20,17,35,22,41,254,0,61
2026-06-25 00:52:00+00:00,64,254,18,20,17,35,23,43,254,0,61
2026-06-25 01:52:00+00:00,65,254,19,21,18,37,24,45,254,0,61
2026-06-25 02:52:00+00:00,65,254,19,21,19,37,23,46,254,0,61
2026-06-25 03:52:00+00:00,65,254,20,21,19,38,23,47,254,0,61
2026-06-25 04:52:00+00:00,65,254,20,21,20,38,23,48,254,0,61
2026-06-25 05:52:00+00:00,65,254,20,21,20,38,23,49,254,0,61
2026-06-25 06:52:00+00:00,65,254,21,21,21,38,23,50,254,0,61
2026-06-25 07:52:00+00:00,64,254,21,21,21,37,22,50,254,0,61
2026-06-25 08:52:00+00:00,64,254,21,21,21,37,22,50,254,0,103
2026-06-25 09:52:00+00:00,64,254,21,21,21,37,22,51,254,0,61
2026-06-25 10:52:00+00:00,64,254,21,21,22,37,22,51,254,0,61
2026-06-25 11:52:00+00:00,64,254,21,21,22,37,22,52,254,0,61
2026-06-25 12:52:00+00:00,64,254,22,21,22,36,22,52,254,0,61
2026-06-25 13:52:00+00:00,63,254,22,21,23,36,22,52,254,0,61
2026-06-25 14:52:00+00:00,63,254,22,21,23,36,22,52,254,0,61
2026-06-25 15:52:00+00:00,63,254,22,21,23,37,23,53,254,0,61
2026-06-25 16:52:00+00:00,63,254,23,22,24,37,24,54,254,0,61
2026-06-25 17:52:00+00:00,63,254,23,22,24,37,25,54,254,0,61
2026-06-25 18:52:00+00:00,63,254,24,22,25,38,26,55,254,0,61
2026-06-25 19:52:00+00:00,64,254,24,22,26,39,27,56,254,0,61
2026-06-25 20:52:00+00:00,64,254,25,22,26,40,29,57,254,0,61
2026-06-25 21:52:00+00:00,64,254,26,22,27,41,30,58,254,0,61
2026-06-25 22:52:00+00:00,65,254,27,23,29,43,32,60,254,0,61
2026-06-25 23:52:00+00:00,65,254,28,23,30,44,33,62,254,0,61
2026-06-26 00:52:00+00:00,66,254,29,24,31,45,34,62,254,0,61
2026-06-26 01:52:00+00:00,66,254,29,24,32,46,36,63,254,0,61
2026-06-26 02:52:00+00:00,66,254,30,25,33,47,36,64,254,0,61
2026-06-26 03:52:00+00:00,66,254,30,25,33,47,37,65,254,0,61
2026-06-26 04:52:00+00:00,66,254,31,25,34,48,38,65,254,0,61
2026-06-26 05:52:00+00:00,66,254,31,26,34,48,38,65,254,0,61
2026-06-26 06:52:00+00:00,66,254,31,26,35,48,38,66,254,0,61
2026-06-26 07:52:00+00:00,65,254,32,26,36,48,38,66,254,0,61
2026-06-26 08:52:00+00:00,65,254,32,27,36,48,38,67,254,0,103
2026-06-26 09:52:00+00:00,65,254,32,27,37,48,38,67,254,0,61
2026-06-26 10:52:00+00:00,65,254,33,27,37,48,38,67,254,0,61
2026-06-26 11:52:00+00:00,64,254,32,27,37,47,38,66,254,0,61
2026-06-26 12:52:00+00:00,64,254,33,27,37,47,38,67,254,0,61
2026-06-26 13:52:00+00:00,64,254,33,27,38,47,38,67,254,0,61
2026-06-26 14:52:00+00:00,64,254,33,28,38,47,38,67,254,0,61
2026-06-26 15:52:00+00:00,64,254,34,28,39,47,39,67,254,0,61
2026-06-26 16:52:00+00:00,64,254,34,28,39,48,40,68,254,0,61
2026-06-26 17:52:00+00:00,64,254,34,28,40,48,41,68,254,0,61
2026-06-26 18:52:00+00:00,64,254,35,29,41,49,41,68,254,0,61
2026-06-26 19:52:00+00:00,63,254,35,29,42,49,42,68,254,0,61
2026-06-26 20:52:00+00:00,64,254,36,29,42,50,43,69,254,0,61
2026-06-26 21:52:00+00:00,64,254,36,30,43,50,44,69,254,4,61
2026-06-26 22:52:00+00:00,64,254,37,30,43,50,44,69,254,1,61
2026-06-26 23:52:00+00:00,64,254,37,30,44,50,45,69,254,0,61
2026-06-27 00:52:00+00:00,64,254,37,31,45,50,45,70,254,0,61
2026-06-27 01:52:00+00:00,64,254,38,31,45,51,46,70,254,0,61
2026-06-27 02:52:00+00:00,64,254,38,31,46,51,46,70,254,0,61
2026-06-27 03:52:00+00:00,64,254,38,31,46,51,47,70,254,4,61
2026-06-27 04:52:00+00:00,64,254,39,32,47,51,47,70,254,0,61
2026-06-27 05:52:00+00:00,64,254,39,32,47,50,47,70,254,1,61
2026-06-27 06:52:00+00:00,63,254,39,32,47,50,47,71,254,0,61
2026-06-27 07:52:00+00:00,63,254,39,32,48,50,48,71,254,0,61
2026-06-27 08:52:00+00:00,63,254,40,33,48,50,48,71,254,0,103
2026-06-27 09:52:00+00:00,63,254,40,33,48,50,48,71,254,0,61
2026-06-27 10:52:00+00:00,63,254,40,33,49,50,48,71,254,0,61
2026-06-27 11:52:00+00:00,63,254,40,33,49,50,48,71,254,0,61
2026-06-27 12:52:00+00:00,62,254,40,32,49,49,47,70,254,0,61
2026-06-27 13:52:00+00:00,62,254,40,33,49,49,48,70,254,2,61
2026-06-27 14:52:00+00:00,62,254,40,33,49,49,48,71,254,1,61
2026-06-27 15:52:00+00:00,62,254,40,33,49,48,48,71,254,3,61
2026-06-27 16:52:00+00:00,62,254,41,33,50,48,48,71,254,0,61
2026-06-27 17:52:00+00:00,62,254,41,33,50,48,48,71,254,0,61
2026-06-27 18:52:00+00:00,62,254,41,33,51,49,48,71,254,0,61
2026-06-27 19:52:00+00:00,62,254,41,33,51,49,49,71,254,9,61
2026-06-27 20:52:00+00:00,62,254,42,33,51,49,49,71,254,0,61
2026-06-27 21:52:00+00:00,62,254,42,34,52,49,49,72,254,0,61
2026-06-27 22:52:00+00:00,62,254,42,34,52,50,50,72,254,0,61
2026-06-27 23:52:00+00:00,62,254,43,34,53,50,50,72,254,0,61
2026-06-28 00:52:00+00:00,62,254,43,34,53,51,50,73,254,0,61
2026-06-28 01:52:00+00:00,62,254,43,35,54,51,51,73,254,0,61
2026-06-28 02:52:00+00:00,61,254,44,35,54,52,51,73,254,0,61
2026-06-28 03:52:00+00:00,61,254,44,35,55,52,51,73,254,0,61
2026-06-28 04:52:00+00:00,61,254,44,35,55,52,51,73,254,2,61
2026-06-28 05:52:00+00:00,61,254,45,36,55,52,52,73,254,0,61
2026-06-28 06:52:00+00:00,61,254,45,36,55,52,52,73,254,0,61
2026-06-28 07:52:00+00:00,61,254,45,36,56,52,52,73,254,0,61
2026-06-28 08:52:00+00:00,61,254,46,36,56,52,52,74,254,0,103
2026-06-28 09:52:00+00:00,60,254,45,36,55,51,51,72,254,0,61
2026-06-28 10:52:00+00:00,60,254,45,36,55,51,51,72,254,0,61
2026-06-28 11:52:00+00:00,60,254,46,36,56,51,51,73,254,0,61
2026-06-28 12:52:00+00:00,60,254,46,36,56,51,51,73,254,0,61
2026-06-28 13:52:00+00:00,59,254,46,36,56,51,51,73,254,0,61
2026-06-28 14:52:00+00:00,59,254,47,36,56,50,51,73,254,0,61
2026-06-28 15:52:00+00:00,59,254,47,36,57,51,51,74,254,0,61
2026-06-28 16:52:00+00:00,59,254,47,36,57,51,52,74,254,0,61
2026-06-28 17:52:00+00:00,59,254,48,37,57,52,52,74,254,0,61
2026-06-28 18:52:00+00:00,59,254,48,37,58,52,53,75,254,0,61
2026-06-28 19:52:00+00:00,60,254,48,37,58,53,53,75,254,0,61
2026-06-28 20:52:00+00:00,60,254,49,38,59,54,54,75,254,0,61
2026-06-28 21:52:00+00:00,60,254,49,38,59,55,55,76,254,0,61
2026-06-28 22:52:00+00:00,60,254,50,39,60,56,55,76,254,0,61
2026-06-28 23:52:00+00:00,60,254,50,39,61,57,56,76,254,0,61
2026-06-29 00:52:00+00:00,60,254,51,40,61,58,56,77,254,0,61
2026-06-29 01:52:00+00:00,60,254,51,40,62,59,57,77,254,0,61
2026-06-29 02:52:00+00:00,60,254,52,41,62,60,58,77,254,0,61
2026-06-29 03:52:00+00:00,60,254,52,42,63,61,58,78,254,0,61
2026-06-29 04:52:00+00:00,60,254,52,42,63,61,59,77,254,0,61
2026-06-29 05:52:00+00:00,60,254,53,42,64,61,59,78,254,1,61
2026-06-29 06:52:00+00:00,60,254,53,43,64,62,59,78,254,0,61
2026-06-29 07:52:00+00:00,60,254,54,43,64,62,60,78,254,0,61
2026-06-29 08:52:00+00:00,60,254,54,44,65,62,60,78,254,0,103
2026-06-29 09:52:00+00:00,60,254,54,44,65,62,60,78,254,0,61
2026-06-29 10:52:00+00:00,59,254,55,44,65,62,60,79,254,0,61
2026-06-29 11:52:00+00:00,59,254,55,44,66,62,61,79,254,0,61
2026-06-29 12:52:00+00:00,59,254,55,44,66,62,61,79,254,0,61
2026-06-29 13:52:00+00:00,59,254,56,45,66,62,61,79,254,0,61
2026-06-29 14:52:00+00:00,59,254,56,45,67,62,62,79,254,0,61
2026-06-29 15:52:00+00:00,59,254,57,45,67,62,62,80,254,0,61
2026-06-29 16:52:00+00:00,59,254,57,46,68,62,63,81,254,0,61
2026-06-29 17:52:00+00:00,59,254,57,46,68,63,63,81,254,0,61
2026-06-29 18:52:00+00:00,59,254,58,46,69,63,63,81,254,0,61
2026-06-29 19:52:00+00:00,59,254,58,47,69,64,64,82,254,0,61
2026-06-29 20:52:00+00:00,60,254,58,47,70,65,64,82,254,0,61
2026-06-29 21:52:00+00:00,60,254,59,48,70,66,64,83,254,0,61
2026-06-29 22:52:00+00:00,60,254,59,48,70,66,64,83,254,0,61
2026-06-29 23:52:00+00:00,61,254,60,50,72,69,66,85,254,0,61
2026-06-30 00:52:00+00:00,61,254,60,51,72,69,66,85,254,0,61
2026-06-30 01:52:00+00:00,61,254,61,52,73,70,66,86,254,0,61
2026-06-30 02:52:00+00:00,61,254,61,52,73,70,66,86,254,0,61
2026-06-30 03:52:00+00:00,61,254,61,53,73,71,66,86,254,0,61
2026-06-30 04:52:00+00:00,61,254,61,53,73,71,67,86,254,0,61
2026-06-30 05:52:00+00:00,61,254,61,54,73,72,67,86,254,0,61
2026-06-30 06:52:00+00:00,61,254,62,55,74,72,67,86,254,0,61
2026-06-30 07:52:00+00:00,60,254,61,54,73,71,66,85,254,0,61
2026-06-30 08:52:00+00:00,60,254,61,54,73,71,66,85,254,0,103
2026-06-30 09:52:00+00:00,60,254,62,55,73,71,67,85,254,0,61
2026-06-30 10:52:00+00:00,60,254,62,55,74,72,67,86,254,0,61
2026-06-30 11:52:00+00:00,59,254,62,56,74,72,67,86,254,0,61
2026-06-30 12:52:00+00:00,59,254,63,56,75,72,68,86,254,0,61
2026-06-30 13:52:00+00:00,59,254,63,56,75,72,68,86,254,0,61
2026-06-30 14:52:00+00:00,59,254,63,57,75,72,68,86,254,0,61
2026-06-30 15:52:00+00:00,59,254,64,57,76,72,69,87,254,0,61
2026-06-30 16:52:00+00:00,59,254,64,57,76,73,69,88,254,0,61
2026-06-30 17:52:00+00:00,59,254,65,58,77,73,69,88,254,0,61
2026-06-30 18:52:00+00:00,59,254,65,58,77,74,70,89,254,0,61
2026-06-30 19:52:00+00:00,60,254,65,59,77,74,70,89,254,0,61
2026-06-30 20:52:00+00:00,60,254,65,59,77,75,70,89,254,0,61
2026-06-30 21:52:00+00:00,61,254,67,61,79,77,71,92,254,0,61
2026-06-30 22:52:00+00:00,61,254,66,62,79,77,71,92,254,0,61
2026-06-30 23:52:00+00:00,62,254,67,62,79,78,71,92,254,0,61
2026-07-01 00:52:00+00:00,62,254,67,63,79,79,71,93,254,0,61
2026-07-01 01:52:00+00:00,62,254,67,64,79,80,72,94,254,0,61
2026-07-01 02:52:00+00:00,62,254,67,64,79,80,72,94,254,0,61
2026-07-01 03:52:00+00:00,62,254,67,65,79,80,71,94,254,0,61
2026-07-01 04:52:00+00:00,62,254,67,65,79,80,71,94,254,0,61
2026-07-01 05:52:00+00:00,62,254,67,66,79,80,71,94,254,0,61
2026-07-01 06:52:00+00:00,62,254,67,66,79,81,72,95,254,0,61
2026-07-01 07:52:00+00:00,62,254,67,66,80,81,72,95,254,0,61
2026-07-01 08:52:00+00:00,61,254,67,67,80,81,72,95,254,0,103
2026-07-01 09:52:00+00:00,61,254,68,67,80,81,72,96,254,0,61
2026-07-01 10:52:00+00:00,61,254,68,68,81,82,73,96,254,0,61
2026-07-01 11:52:00+00:00,61,254,68,68,81,81,73,96,254,0,61
2026-07-01 12:52:00+00:00,61,254,68,68,81,81,73,96,254,0,61
2026-07-01 13:52:00+00:00,61,254,69,69,82,82,74,97,254,0,61
2026-07-01 14:52:00+00:00,61,254,69,69,83,82,74,98,254,0,61
2026-07-01 15:52:00+00:00,60,254,68,69,82,81,74,96,254,0,61
2026-07-01 16:52:00+00:00,60,254,69,69,83,82,74,97,254,0,61
2026-07-01 17:52:00+00:00,61,254,70,70,84,84,76,99,254,0,61
2026-07-01 18:52:00+00:00,61,254,71,71,85,84,76,100,254,0,61
2026-07-01 19:52:00+00:00,61,254,71,71,85,84,76,100,254,0,61
2026-07-01 20:52:00+00:00,62,254,71,71,85,85,76,101,254,0,61
2026-07-01 21:52:00+00:00,62,254,71,72,85,85,76,102,254,0,61
2026-07-01 22:52:00+00:00,62,254,71,72,85,86,76,102,254,0,61
2026-07-01 23:52:00+00:00,63,254,72,74,87,88,78,104,254,0,61
2026-07-02 00:52:00+00:00,63,254,5,73,85,86,77,103,254,1,61
2026-07-02 01:52:00+00:00,65,254,5,63,7,71,5,5,254,115,61
2026-07-02 02:52:00+00:00,64,254,5,54,7,42,5,6,254,34,61
2026-07-02 03:52:00+00:00,64,254,5,48,7,33,5,4,254,1,61
2026-07-02 04:52:00+00:00,64,254,5,43,8,28,5,3,254,1,61
2026-07-02 05:52:00+00:00,64,254,5,39,7,25,4,3,254,1,61
2026-07-02 06:52:00+00:00,63,254,5,36,7,23,5,4,254,0,61
2026-07-02 07:52:00+00:00,63,254,5,33,7,22,5,3,254,0,61
2026-07-02 08:52:00+00:00,63,254,5,31,7,21,5,4,254,0,103
2026-07-02 09:52:00+00:00,62,254,11,28,7,19,5,4,254,0,61
2026-07-02 10:52:00+00:00,62,254,5,26,7,19,5,10,254,0,61
2026-07-02 11:52:00+00:00,62,254,5,24,7,18,5,4,254,0,61
2026-07-02 12:52:00+00:00,62,254,5,23,7,17,5,4,254,0,61
2026-07-02 13:52:00+00:00,61,254,5,21,7,17,5,9,254,0,61
2026-07-02 14:52:00+00:00,61,254,5,19,8,17,5,5,254,0,61
2026-07-02 15:52:00+00:00,61,254,5,18,8,16,5,6,254,0,61
2026-07-02 16:52:00+00:00,61,254,5,17,8,16,5,7,254,0,61
2026-07-02 17:52:00+00:00,61,254,5,16,8,16,6,9,254,0,61
2026-07-02 18:52:00+00:00,61,254,5,15,9,16,7,10,254,0,61
2026-07-02 19:52:00+00:00,61,254,6,15,9,16,9,12,254,0,61
2026-07-02 20:52:00+00:00,62,254,6,14,9,17,10,13,254,0,61
2026-07-02 21:52:00+00:00,62,254,7,14,10,17,11,15,254,0,61
2026-07-02 22:52:00+00:00,62,254,9,14,10,18,12,16,254,0,61
2026-07-02 23:52:00+00:00,63,254,10,14,11,19,13,18,254,0,61
2026-07-03 00:52:00+00:00,63,254,11,13,11,19,13,19,254,0,61
2026-07-03 01:52:00+00:00,63,254,11,13,11,20,13,21,254,0,61
2026-07-03 02:52:00+00:00,63,254,12,13,12,20,13,22,254,0,61
2026-07-03 03:52:00+00:00,63,254,13,13,12,20,13,22,254,0,61
2026-07-03 04:52:00+00:00,63,254,13,13,12,20,13,23,254,0,61
2026-07-03 05:52:00+00:00,63,254,13,13,13,20,13,24,254,0,61
2026-07-03 06:52:00+00:00,63,254,13,13,13,20,13,24,254,0,61
2026-07-03 07:52:00+00:00,63,254,14,13,13,20,13,25,254,0,61
2026-07-03 08:52:00+00:00,62,254,14,13,13,20,13,25,254,0,103
2026-07-03 09:54:00+00:00,62,254,14,13,13,20,13,25,254,0,61
2026-07-03 10:54:00+00:00,62,254,14,13,13,20,13,25,254,0,61
2026-07-03 11:54:00+00:00,62,254,14,13,14,20,13,26,254,0,61
2026-07-03 12:54:00+00:00,61,254,14,13,14,20,13,26,254,0,61
2026-07-03 13:54:00+00:00,61,254,15,13,14,20,13,26,254,0,61
2026-07-03 14:54:00+00:00,61,254,15,13,14,20,14,27,254,0,61
2026-07-03 15:54:00+00:00,61,254,15,13,14,20,14,27,254,0,61
2026-07-03 16:54:00+00:00,61,254,15,13,15,21,15,28,254,0,61
2026-07-03 17:54:00+00:00,61,254,16,13,15,21,15,29,254,0,61
2026-07-03 18:54:00+00:00,61,254,16,13,16,22,16,31,254,0,61
2026-07-03 19:54:00+00:00,61,254,17,13,16,23,17,32,254,0,61
2026-07-03 20:54:00+00:00,62,254,18,13,17,24,18,33,254,0,61
2026-07-03 21:54:00+00:00,62,254,18,13,18,25,18,35,254,0,61
2026-07-03 22:54:00+00:00,62,254,19,13,18,26,19,36,254,0,61
2026-07-03 23:54:00+00:00,63,254,20,14,19,28,20,38,254,0,61
2026-07-04 00:54:00+00:00,63,254,21,14,20,29,21,40,254,0,61
2026-07-04 01:54:00+00:00,63,254,21,14,21,30,21,41,254,0,61
2026-07-04 02:54:00+00:00,63,254,22,14,21,31,21,42,254,0,61
2026-07-04 03:54:00+00:00,63,254,22,14,22,32,21,43,254,0,61
2026-07-04 04:54:00+00:00,63,254,23,14,22,32,21,44,254,0,61
2026-07-04 05:54:00+00:00,63,254,23,14,22,33,21,44,254,0,61
2026-07-04 06:54:00+00:00,63,254,23,15,23,33,20,45,254,0,61
2026-07-04 07:54:00+00:00,63,254,23,15,23,33,20,45,254,0,61
2026-07-04 08:54:00+00:00,63,254,23,15,23,33,20,46,254,0,103
2026-07-04 09:54:00+00:00,63,254,24,15,23,33,20,46,254,0,61
2026-07-04 10:54:00+00:00,62,254,23,15,23,33,20,45,254,0,61
2026-07-04 11:54:00+00:00,62,254,24,15,23,33,20,46,254,0,61
2026-07-04 12:54:00+00:00,62,254,24,15,23,33,20,46,254,0,61
2026-07-04 13:54:00+00:00,62,254,24,16,24,33,20,46,254,0,61
2026-07-04 14:54:00+00:00,61,254,24,16,24,33,20,46,254,0,61
2026-07-04 15:54:00+00:00,61,254,24,16,24,33,21,47,254,0,61
2026-07-04 16:54:00+00:00,61,254,24,16,24,33,22,47,254,0,61
2026-07-04 17:54:00+00:00,61,254,25,16,25,34,22,48,254,0,61
2026-07-04 18:54:00+00:00,61,254,25,16,25,35,23,49,254,0,61
2026-07-04 19:54:00+00:00,62,254,26,17,26,36,24,50,254,0,61
2026-07-04 20:54:00+00:00,62,254,27,17,27,37,25,51,254,0,61
2026-07-04 21:54:00+00:00,63,254,28,17,28,39,27,53,254,0,61
2026-07-04 22:54:00+00:00,63,254,28,18,29,40,28,55,254,0,61
2026-07-04 23:54:00+00:00,64,254,29,18,31,42,29,56,254,0,61
2026-07-05 00:54:00+00:00,64,254,30,19,32,44,30,57,254,0,61
2026-07-05 01:54:00+00:00,64,254,31,19,33,45,31,58,254,0,61
2026-07-05 02:54:00+00:00,65,254,32,20,34,47,32,60,254,0,61
2026-07-05 03:54:00+00:00,65,254,33,21,35,49,33,61,254,0,61
2026-07-05 04:54:00+00:00,65,254,33,21,36,49,33,62,254,0,61
2026-07-05 05:54:00+00:00,65,254,34,22,37,50,33,62,254,0,61
2026-07-05 06:54:00+00:00,64,254,34,22,37,49,33,62,254,0,61
2026-07-05 07:54:00+00:00,64,254,34,22,37,50,33,62,254,0,61
2026-07-05 08:54:00+00:00,64,254,34,23,37,50,33,63,254,0,103
2026-07-05 09:54:00+00:00,64,254,35,23,38,50,33,63,254,0,61
2026-07-05 10:54:00+00:00,64,254,35,24,38,50,33,64,254,0,61
2026-07-05 11:54:00+00:00,63,254,35,24,38,50,33,64,254,0,61
2026-07-05 12:54:00+00:00,63,254,36,24,38,50,32,64,254,0,61
2026-07-05 13:54:00+00:00,63,254,36,25,39,49,32,64,254,0,61
2026-07-05 14:54:00+00:00,63,254,36,25,39,49,33,64,254,0,61
2026-07-05 15:54:00+00:00,63,254,36,25,39,50,33,65,254,0,61
2026-07-05 16:54:00+00:00,63,254,37,26,40,51,34,66,254,0,61
2026-07-05 17:54:00+00:00,63,254,37,26,41,52,35,66,254,0,61
2026-07-05 18:54:00+00:00,63,254,38,27,42,53,36,66,254,0,61
2026-07-05 19:54:00+00:00,63,254,38,27,43,54,37,67,254,0,61
2026-07-05 20:54:00+00:00,64,254,39,28,44,55,38,67,254,0,61
2026-07-05 21:54:00+00:00,64,254,40,29,45,57,39,68,254,0,61
2026-07-05 22:54:00+00:00,64,254,40,30,47,59,41,68,254,0,61
2026-07-05 23:54:00+00:00,65,254,42,31,49,61,43,70,254,0,61
2026-07-06 00:54:00+00:00,65,254,43,32,50,63,44,70,254,0,61
2026-07-06 01:54:00+00:00,65,254,43,33,51,64,45,70,254,0,61
2026-07-06 02:54:00+00:00,65,254,45,34,53,65,46,71,254,0,61
2026-07-06 03:54:00+00:00,65,254,45,34,53,66,47,71,254,0,61
2026-07-06 04:54:00+00:00,65,254,46,35,54,66,48,72,254,0,61
2026-07-06 05:54:00+00:00,65,254,47,36,55,67,49,72,254,0,61
2026-07-06 06:54:00+00:00,65,254,47,37,56,67,49,73,254,0,61
2026-07-06 07:54:00+00:00,65,254,48,38,57,68,50,73,254,0,61
2026-07-06 08:54:00+00:00,65,254,49,38,58,68,51,74,254,0,103
2026-07-06 09:54:00+00:00,64,254,49,38,57,67,50,73,254,0,61
2026-07-06 10:54:00+00:00,64,254,49,39,58,67,51,73,254,0,61
2026-07-06 11:54:00+00:00,64,254,50,39,58,67,51,73,254,0,61
2026-07-06 12:54:00+00:00,64,254,50,40,59,68,52,74,254,0,61
2026-07-06 13:54:00+00:00,64,254,51,40,59,67,52,74,254,0,61
2026-07-06 14:54:00+00:00,64,254,51,41,60,67,52,74,254,0,61
2026-07-06 15:54:00+00:00,64,254,52,41,60,68,53,74,254,0,61
2026-07-06 16:54:00+00:00,64,254,52,42,61,68,53,74,254,0,61
2026-07-06 17:54:00+00:00,64,254,52,42,61,68,54,75,254,0,61
2026-07-06 18:54:00+00:00,64,254,53,43,62,69,55,75,254,0,61
2026-07-06 19:54:00+00:00,64,254,53,44,63,69,55,76,254,0,61
2026-07-06 20:54:00+00:00,65,254,55,46,65,71,57,77,254,0,61
2026-07-06 21:54:00+00:00,65,254,55,47,66,72,58,78,254,0,61
2026-07-06 22:54:00+00:00,65,254,56,48,67,73,58,78,254,0,61
2026-07-06 23:54:00+00:00,65,254,56,49,67,74,59,79,254,0,61
2026-07-07 00:54:00+00:00,66,254,57,50,68,73,59,78,254,3,61
2026-07-07 01:54:00+00:00,65,254,57,51,69,74,60,79,254,0,61
2026-07-07 02:54:00+00:00,66,254,57,52,69,74,60,79,254,0,61
2026-07-07 03:54:00+00:00,65,254,58,53,70,75,61,80,254,0,61
2026-07-07 04:54:00+00:00,65,254,58,53,70,75,61,80,254,0,61
2026-07-07 05:54:00+00:00,65,254,59,54,70,76,62,80,254,0,61
2026-07-07 06:54:00+00:00,65,254,59,55,71,76,62,80,254,0,61
2026-07-07 07:54:00+00:00,65,254,60,56,72,77,63,81,254,0,61
2026-07-07 08:54:00+00:00,65,254,60,56,72,77,63,81,254,0,103
2026-07-07 09:54:00+00:00,64,254,60,55,71,76,63,80,254,0,61
2026-07-07 10:54:00+00:00,64,254,60,56,71,76,63,80,254,0,61
2026-07-07 11:54:00+00:00,64,254,60,56,72,76,64,80,254,0,61
2026-07-07 12:54:00+00:00,64,254,61,57,72,76,64,80,254,0,61
2026-07-07 13:54:00+00:00,63,254,61,57,73,76,64,81,254,0,61
2026-07-07 14:54:00+00:00,63,254,62,57,74,77,65,81,254,0,61
2026-07-07 15:54:00+00:00,63,254,62,58,74,77,65,82,254,0,61
2026-07-07 16:54:00+00:00,63,254,63,58,75,78,66,82,254,1,61
2026-07-07 17:54:00+00:00,63,254,63,59,75,78,66,83,254,0,61
2026-07-07 18:54:00+00:00,63,254,64,59,76,79,66,84,254,0,61
2026-07-07 19:54:00+00:00,64,254,64,60,76,79,66,84,254,0,61
2026-07-07 20:54:00+00:00,64,254,64,61,76,80,67,85,254,0,61
2026-07-07 21:54:00+00:00,64,254,64,61,76,80,67,85,254,0,61
2026-07-07 22:54:00+00:00,65,254,65,63,77,82,68,87,254,0,61
2026-07-07 23:54:00+00:00,65,254,65,64,78,83,68,87,254,0,61
2026-07-08 00:54:00+00:00,65,254,66,64,78,84,68,88,254,0,61
2026-07-08 01:54:00+00:00,65,254,66,65,78,84,68,88,254,0,61
2026-07-08 02:54:00+00:00,66,254,65,66,78,85,68,89,254,0,61
2026-07-08 03:54:00+00:00,67,254,5,64,7,82,11,89,254,43,61
2026-07-08 04:54:00+00:00,66,254,4,57,7,72,4,5,254,111,61
2026-07-08 05:54:00+00:00,66,254,4,53,7,66,10,4,254,3,61
2026-07-08 06:54:00+00:00,66,254,4,51,7,61,8,3,254,1,61
2026-07-08 07:54:00+00:00,66,254,4,49,7,55,4,3,254,2,61
2026-07-08 08:54:00+00:00,66,254,4,47,10,50,4,3,254,1,103
2026-07-08 09:54:00+00:00,65,254,4,45,7,44,4,3,254,1,61
2026-07-08 10:54:00+00:00,65,254,4,43,7,40,4,3,254,1,61
2026-07-08 11:54:00+00:00,65,254,4,41,7,36,4,3,254,0,61
2026-07-08 12:54:00+00:00,65,254,4,40,7,33,5,3,254,0,61
2026-07-08 13:54:00+00:00,64,254,4,37,7,30,4,3,254,0,61
2026-07-08 14:54:00+00:00,64,254,5,36,7,28,11,4,254,0,61
2026-07-08 15:54:00+00:00,64,254,5,34,7,26,5,4,254,0,61
2026-07-08 16:54:00+00:00,64,254,5,33,7,25,5,4,254,0,61
2026-07-08 17:54:00+00:00,64,254,5,32,8,24,5,5,254,0,61
2026-07-08 18:54:00+00:00,64,254,5,30,10,23,5,7,254,0,61
2026-07-08 19:54:00+00:00,64,254,5,29,8,23,6,8,254,0,61
2026-07-08 20:54:00+00:00,65,254,5,29,10,23,7,10,254,0,61
2026-07-08 21:54:00+00:00,65,254,5,28,10,23,8,11,254,0,61
2026-07-08 22:54:00+00:00,65,254,6,27,10,23,10,11,254,0,61
2026-07-08 23:54:00+00:00,66,254,7,26,10,23,10,12,254,0,61
2026-07-09 00:54:00+00:00,66,254,9,26,10,23,11,13,254,0,61
2026-07-09 01:54:00+00:00,66,254,10,25,10,23,11,13,254,0,61
2026-07-09 02:54:00+00:00,66,254,10,25,10,23,11,14,254,0,61
2026-07-09 03:54:00+00:00,66,254,10,24,11,23,11,14,254,0,61
2026-07-09 04:54:00+00:00,66,254,11,24,11,23,11,15,254,0,61
2026-07-09 05:54:00+00:00,66,254,11,24,11,23,11,15,254,0,61
2026-07-09 06:54:00+00:00,66,254,11,23,11,23,11,15,254,0,61
2026-07-09 07:54:00+00:00,66,254,11,23,11,23,11,16,254,0,61
2026-07-09 08:54:00+00:00,66,254,11,23,11,23,11,16,254,0,103
2026-07-09 09:54:00+00:00,66,254,11,22,11,23,11,16,254,0,61
2026-07-09 10:54:00+00:00,65,254,11,22,11,23,12,16,254,0,61
2026-07-09 11:54:00+00:00,65,254,11,22,12,23,12,17,254,0,61
2026-07-09 12:54:00+00:00,65,254,12,21,12,23,12,17,254,0,61
2026-07-09 13:54:00+00:00,65,254,12,21,12,23,12,17,254,0,61
2026-07-09 14:54:00+00:00,64,254,12,21,12,22,12,17,254,0,61
2026-07-09 15:54:00+00:00,64,254,12,20,12,22,12,18,254,0,61
2026-07-09 16:54:00+00:00,64,254,12,20,12,23,13,19,254,0,61
2026-07-09 17:54:00+00:00,64,254,13,20,13,23,14,21,254,0,61
2026-07-09 18:54:00+00:00,64,254,14,20,13,24,14,22,254,0,61
2026-07-09 19:54:00+00:00,65,254,15,20,14,25,15,25,254,0,61
2026-07-09 20:54:00+00:00,65,254,15,20,15,26,16,26,254,0,61
2026-07-09 21:54:00+00:00,65,254,16,20,15,27,17,28,254,0,61
2026-07-09 22:54:00+00:00,65,254,17,20,16,28,17,29,254,0,61
2026-07-09 23:54:00+00:00,66,254,18,20,17,29,18,30,254,0,61
2026-07-10 00:54:00+00:00,66,254,19,20,18,30,18,32,254,0,61
2026-07-10 01:54:00+00:00,66,254,20,20,19,31,18,33,254,0,61
2026-07-10 02:54:00+00:00,66,254,20,20,19,32,18,34,254,0,61
2026-07-10 03:54:00+00:00,66,254,21,20,20,33,18,34,254,0,61
2026-07-10 04:54:00+00:00,66,254,21,20,20,34,18,35,254,0,61
2026-07-10 05:54:00+00:00,66,254,21,20,20,34,18,35,254,0,61
2026-07-10 06:54:00+00:00,66,254,21,20,20,35,18,35,254,0,61
2026-07-10 07:54:00+00:00,66,254,21,20,21,35,18,35,254,0,61
2026-07-10 08:54:00+00:00,65,254,22,20,21,35,18,36,254,0,103
2026-07-10 09:54:00+00:00,65,254,22,20,21,35,18,36,254,0,61
2026-07-10 10:54:00+00:00,65,254,22,20,21,35,18,36,254,0,61
2026-07-10 11:54:00+00:00,65,254,22,20,21,35,18,36,254,0,61
2026-07-10 12:54:00+00:00,64,254,22,20,21,35,18,36,254,0,61
2026-07-10 13:54:00+00:00,64,254,22,20,21,35,18,36,254,0,61
2026-07-10 14:54:00+00:00,64,254,22,20,21,35,18,36,254,0,61
2026-07-10 15:54:00+00:00,64,254,22,20,21,35,18,36,254,0,61
2026-07-10 16:54:00+00:00,64,254,23,20,22,35,19,37,254,0,61
2026-07-10 17:54:00+00:00,64,254,23,20,22,36,20,38,254,0,61
2026-07-10 18:54:00+00:00,64,254,24,20,23,37,21,39,254,0,61
2026-07-10 19:54:00+00:00,64,254,24,20,23,38,22,40,254,0,61
2026-07-10 20:54:00+00:00,64,254,25,20,24,39,23,42,254,0,61
2026-07-10 21:54:00+00:00,65,254,26,21,26,41,24,44,254,0,61
2026-07-10 22:54:00+00:00,65,254,27,21,27,42,25,45,254,0,61
2026-07-10 23:54:00+00:00,66,254,27,21,28,44,26,47,254,0,61
2026-07-11 00:54:00+00:00,66,254,28,21,29,45,26,48,254,0,61
2026-07-11 01:54:00+00:00,66,254,29,21,30,46,27,49,254,0,61
2026-07-11 02:54:00+00:00,67,254,30,22,31,48,28,51,254,0,61
2026-07-11 03:54:00+00:00,67,254,30,22,31,49,28,52,254,0,61
2026-07-11 04:54:00+00:00,67,254,31,22,32,50,28,53,254,0,61
2026-07-11 05:54:00+00:00,67,254,31,23,32,50,27,54,254,0,61
2026-07-11 06:54:00+00:00,67,254,31,23,32,51,27,54,254,0,61
2026-07-11 07:54:00+00:00,67,254,31,23,32,51,27,55,254,0,61
2026-07-11 08:54:00+00:00,66,254,31,23,32,50,27,54,254,0,103
2026-07-11 09:54:00+00:00,66,254,31,23,32,50,27,54,254,0,61
2026-07-11 10:54:00+00:00,66,254,31,23,32,50,27,55,254,0,61
2026-07-11 11:54:00+00:00,66,254,31,23,32,50,27,55,254,0,61
2026-07-11 12:54:00+00:00,65,254,31,23,32,50,27,55,254,0,61
2026-07-11 13:54:00+00:00,65,254,32,24,32,50,27,56,254,0,61
2026-07-11 14:54:00+00:00,65,254,32,24,32,50,27,56,254,0,61
2026-07-11 15:54:00+00:00,65,254,32,24,33,50,27,56,254,0,61
2026-07-11 16:54:00+00:00,65,254,32,24,33,50,28,57,254,0,61
2026-07-11 17:54:00+00:00,65,254,32,24,34,51,29,57,254,0,61
2026-07-11 18:54:00+00:00,65,254,33,24,35,52,30,58,254,0,61
2026-07-11 19:54:00+00:00,65,254,34,25,36,53,31,59,254,0,61
2026-07-11 20:54:00+00:00,66,254,34,25,37,55,32,60,254,0,61
2026-07-11 21:54:00+00:00,66,254,35,25,38,56,33,61,254,0,61
2026-07-11 22:54:00+00:00,66,254,35,26,39,57,34,62,254,0,61
2026-07-11 23:54:00+00:00,67,254,37,26,41,60,36,64,254,0,61
2026-07-12 00:54:00+00:00,67,254,38,27,43,61,37,64,254,0,61
2026-07-12 01:54:00+00:00,67,254,38,27,44,62,38,65,254,0,61
2026-07-12 02:54:00+00:00,68,254,40,28,46,64,39,67,254,0,61
2026-07-12 03:54:00+00:00,68,254,40,29,46,65,40,67,254,0,61
2026-07-12 04:54:00+00:00,68,254,41,29,47,65,41,68,254,0,61
2026-07-12 05:54:00+00:00,68,254,42,30,48,66,41,68,254,0,61
2026-07-12 06:54:00+00:00,68,254,42,30,48,66,41,68,254,0,61
2026-07-12 07:54:00+00:00,68,254,42,30,48,66,42,68,254,0,61
2026-07-12 08:54:00+00:00,67,254,42,30,48,65,41,67,254,0,103
2026-07-12 09:54:00+00:00,67,254,43,30,48,65,42,67,254,0,61
2026-07-12 10:54:00+00:00,67,254,43,31,48,65,42,67,254,0,61
2026-07-12 11:54:00+00:00,66,254,43,31,48,64,41,66,254,0,61
2026-07-12 12:54:00+00:00,66,254,43,31,48,64,41,67,254,0,61
2026-07-12 13:54:00+00:00,66,254,43,31,48,64,42,67,254,0,61
2026-07-12 14:54:00+00:00,66,254,43,31,49,64,42,67,254,0,61
2026-07-12 15:54:00+00:00,65,254,44,32,49,65,42,67,254,0,61
2026-07-12 16:54:00+00:00,65,254,44,32,50,65,43,68,254,0,61
2026-07-12 17:54:00+00:00,65,254,45,33,50,66,43,68,254,0,61
2026-07-12 18:54:00+00:00,65,254,45,33,51,66,44,69,254,0,61
2026-07-12 19:54:00+00:00,66,254,46,34,52,67,45,69,254,0,61
2026-07-12 20:54:00+00:00,66,254,46,34,54,68,46,70,254,0,61
2026-07-12 21:54:00+00:00,66,254,47,35,55,68,47,70,254,0,61
2026-07-12 22:54:00+00:00,66,254,48,36,56,69,48,71,254,0,61
2026-07-12 23:54:00+00:00,67,254,49,37,58,71,50,73,254,0,61
2026-07-13 00:54:00+00:00,67,254,50,38,60,72,51,73,254,0,61
2026-07-13 01:54:00+00:00,67,254,51,39,61,73,53,74,254,0,61
2026-07-13 02:54:00+00:00,67,254,52,40,62,73,54,74,254,0,61
2026-07-13 03:54:00+00:00,67,254,52,41,63,74,55,74,254,0,61
2026-07-13 04:54:00+00:00,67,254,53,42,64,74,55,74,254,0,61
2026-07-13 05:54:00+00:00,67,254,54,43,65,74,56,75,254,0,61
2026-07-13 06:54:00+00:00,67,254,54,44,66,75,57,75,254,0,61
2026-07-13 07:54:00+00:00,66,254,54,44,65,74,57,74,254,0,61
2026-07-13 08:54:00+00:00,66,254,54,45,65,74,57,74,254,0,103
2026-07-13 09:54:00+00:00,66,254,55,46,66,74,58,74,254,0,61
2026-07-13 10:54:00+00:00,66,254,55,46,66,74,58,75,254,0,61
2026-07-13 11:54:00+00:00,66,254,56,47,67,75,59,75,254,0,61
2026-07-13 12:54:00+00:00,66,254,56,47,67,75,59,75,254,0,61
2026-07-13 13:54:00+00:00,65,254,57,48,68,75,59,75,254,0,61
2026-07-13 14:54:00+00:00,65,254,57,48,68,75,60,76,254,0,61
2026-07-13 15:54:00+00:00,65,254,58,49,69,76,60,76,254,0,61
2026-07-13 16:54:00+00:00,65,254,58,49,69,76,61,76,254,0,61
2026-07-13 17:54:00+00:00,65,254,59,50,70,76,61,77,254,0,61
2026-07-13 18:54:00+00:00,65,254,59,50,70,77,62,77,254,0,61
2026-07-13 19:54:00+00:00,65,254,59,51,71,77,62,78,254,0,61
2026-07-13 20:54:00+00:00,66,254,60,52,71,78,63,78,254,0,61
2026-07-13 21:54:00+00:00,66,254,60,53,72,79,63,79,254,0,61
2026-07-13 22:54:00+00:00,66,254,60,53,72,79,63,79,254,0,61
2026-07-13 23:54:00+00:00,66,254,61,54,73,80,63,80,254,0,61
2026-07-14 00:54:00+00:00,66,254,61,55,73,80,64,80,254,0,61
2026-07-14 01:54:00+00:00,67,254,62,57,75,82,65,82,254,0,61
2026-07-14 02:54:00+00:00,67,254,63,58,75,83,65,82,254,0,61
2026-07-14 03:54:00+00:00,67,254,63,58,75,83,66,83,254,0,61
2026-07-14 04:54:00+00:00,67,254,63,59,75,84,66,83,254,0,61
2026-07-14 05:54:00+00:00,67,254,63,60,75,84,66,83,254,0,61
2026-07-14 06:54:00+00:00,67,254,64,60,75,85,66,83,254,0,61
2026-07-14 07:54:00+00:00,67,254,64,61,75,85,66,84,254,0,61
2026-07-14 08:54:00+00:00,67,254,4,61,29,83,18,83,254,13,103
2026-07-14 09:54:00+00:00,67,254,4,56,7,77,4,4,254,122,61
2026-07-14 10:54:00+00:00,67,254,4,51,12,71,4,12,254,14,61
2026-07-14 11:54:00+00:00,66,254,4,48,6,66,10,3,254,1,61
2026-07-14 12:54:00+00:00,66,254,4,45,7,62,4,3,254,1,61
2026-07-14 13:54:00+00:00,66,254,4,42,7,59,13,4,254,2,61
2026-07-14 14:54:00+00:00,66,254,4,39,7,55,11,4,254,0,61
2026-07-14 15:54:00+00:00,66,254,4,36,7,52,4,4,254,0,61
2026-07-14 16:54:00+00:00,66,254,4,33,7,49,5,4,254,0,61
2026-07-14 17:54:00+00:00,66,254,4,29,7,46,5,4,254,0,61
2026-07-14 18:54:00+00:00,66,254,4,25,7,43,5,4,254,1,61
2026-07-14 19:54:00+00:00,66,254,5,22,7,41,5,5,254,0,61
2026-07-14 20:54:00+00:00,66,254,5,20,8,39,10,6,254,0,61
2026-07-14 21:54:00+00:00,66,254,5,19,8,38,5,9,254,0,60
2026-07-14 22:54:00+00:00,67,254,5,18,9,37,6,11,254,0,61
2026-07-14 23:54:00+00:00,67,254,5,17,10,37,7,12,254,0,60
2026-07-15 00:54:00+00:00,67,254,5,17,10,36,8,13,254,0,61
2026-07-15 01:54:00+00:00,67,254,5,16,10,36,9,13,254,0,61
2026-07-15 02:54:00+00:00,68,254,6,16,10,36,10,14,254,0,61
2026-07-15 03:54:00+00:00,68,254,6,16,10,35,10,15,254,0,61
2026-07-15 04:54:00+00:00,68,254,7,16,11,35,10,15,254,0,61
2026-07-15 05:54:00+00:00,68,254,7,15,12,34,10,16,254,0,61
2026-07-15 06:54:00+00:00,68,254,8,15,11,34,10,16,254,0,61
2026-07-15 07:54:00+00:00,68,254,8,15,11,33,10,16,254,0,61
2026-07-15 08:54:00+00:00,67,254,8,15,11,32,10,17,254,0,103
2026-07-15 09:54:00+00:00,67,254,9,14,11,32,10,17,254,0,61
2026-07-15 10:54:00+00:00,67,254,10,14,13,31,11,17,254,0,61
2026-07-15 11:54:00+00:00,67,254,10,14,11,31,11,18,254,0,61
2026-07-15 12:54:00+00:00,67,254,10,14,11,31,11,18,254,0,61
2026-07-15 13:54:00+00:00,67,254,10,14,11,30,11,18,254,0,61
2026-07-15 14:54:00+00:00,67,254,14,14,11,30,11,19,254,0,61
2026-07-15 15:54:00+00:00,67,254,13,14,11,30,11,20,254,0,61
2026-07-15 16:54:00+00:00,67,254,13,14,12,30,12,21,254,0,61
2026-07-15 17:54:00+00:00,67,254,11,14,12,30,12,22,254,0,61
2026-07-15 18:54:00+00:00,67,254,12,14,12,30,13,24,254,0,60
2026-07-15 19:54:00+00:00,67,254,13,14,13,31,13,26,254,0,60
2026-07-15 20:54:00+00:00,68,254,14,14,14,32,14,28,254,0,60
2026-07-15 21:54:00+00:00,68,254,15,14,15,33,15,29,254,0,60
2026-07-15 22:54:00+00:00,68,254,16,14,15,33,15,31,254,0,60
2026-07-15 23:54:00+00:00,68,254,16,14,16,34,16,32,254,0,61
2026-07-16 00:54:00+00:00,69,254,17,14,17,35,16,33,254,0,61
2026-07-16 01:54:00+00:00,69,254,18,14,18,36,17,35,254,0,61
2026-07-16 02:54:00+00:00,69,254,18,14,18,37,17,36,254,0,61
2026-07-16 03:54:00+00:00,69,254,19,14,19,38,17,36,254,0,61
2026-07-16 04:54:00+00:00,69,254,19,14,19,38,16,37,254,0,61
2026-07-16 05:54:00+00:00,69,254,19,14,19,38,16,37,254,0,61
2026-07-16 06:54:00+00:00,69,254,20,14,19,39,16,38,254,0,61
2026-07-16 07:54:00+00:00,68,254,20,14,20,39,16,38,254,0,61
2026-07-16 08:54:00+00:00,68,254,20,14,20,39,16,39,254,0,103
2026-07-16 09:54:00+00:00,68,254,20,14,20,39,16,39,254,0,61
2026-07-16 10:54:00+00:00,68,254,20,14,20,39,16,39,254,0,61
2026-07-16 11:54:00+00:00,67,254,20,14,20,38,16,39,254,0,61
2026-07-16 12:54:00+00:00,67,254,20,14,20,38,16,39,254,0,61
2026-07-16 13:54:00+00:00,67,254,20,14,20,38,16,39,254,0,61
2026-07-16 14:54:00+00:00,67,254,20,14,20,38,16,40,254,0,61
2026-07-16 15:54:00+00:00,67,254,20,14,20,38,17,40,254,0,61
2026-07-16 16:54:00+00:00,67,254,21,15,20,39,17,41,254,0,61
2026-07-16 17:54:00+00:00,67,254,21,15,21,39,18,42,254,0,60
2026-07-16 18:54:00+00:00,67,254,22,15,22,40,19,43,254,0,60
2026-07-16 19:54:00+00:00,67,254,22,15,22,41,20,44,254,0,60
2026-07-16 20:54:00+00:00,67,254,23,15,23,42,20,45,254,0,60
2026-07-16 21:54:00+00:00,68,254,24,15,24,44,22,47,254,0,60
2026-07-16 22:54:00+00:00,68,254,25,16,26,45,22,49,254,2,61
2026-07-16 23:54:00+00:00,68,254,25,16,26,46,23,50,254,0,61
2026-07-17 00:54:00+00:00,69,254,26,16,27,47,23,51,254,0,61
2026-07-17 01:54:00+00:00,69,254,26,16,28,48,23,52,254,0,61
2026-07-17 02:54:00+00:00,69,254,27,16,29,49,24,53,254,0,61
2026-07-17 03:54:00+00:00,69,254,27,16,29,49,23,53,254,0,61
2026-07-17 04:54:00+00:00,69,254,28,17,29,50,23,54,254,0,61
2026-07-17 05:54:00+00:00,69,254,28,17,29,50,23,55,254,0,61
2026-07-17 06:54:00+00:00,69,254,28,17,29,50,23,55,254,0,61
2026-07-17 07:54:00+00:00,69,254,28,17,29,51,23,56,254,0,61
2026-07-17 08:54:00+00:00,69,254,28,17,29,51,23,56,254,0,103
2026-07-17 09:54:00+00:00,68,254,28,18,29,51,23,57,254,0,61
2026-07-17 10:54:00+00:00,68,254,28,18,30,51,23,57,254,0,61
2026-07-17 11:54:00+00:00,68,254,28,18,30,51,23,58,254,0,61
2026-07-17 12:54:00+00:00,68,254,28,18,30,51,23,58,254,0,61
2026-07-17 13:54:00+00:00,68,254,28,18,30,50,23,58,254,0,61
2026-07-17 14:54:00+00:00,68,254,28,18,30,50,23,58,254,0,61
2026-07-17 15:54:00+00:00,68,254,28,19,30,51,24,59,254,0,61
2026-07-17 16:54:00+00:00,68,254,29,19,30,51,24,60,254,0,60
2026-07-17 17:54:00+00:00,68,254,29,19,31,52,25,60,254,0,60
2026-07-17 18:54:00+00:00,68,254,30,19,32,53,26,61,254,0,60
2026-07-17 19:54:00+00:00,68,254,30,19,33,53,27,61,254,0,60
2026-07-17 20:54:00+00:00,69,254,31,20,34,55,28,62,254,0,60
2026-07-17 21:54:00+00:00,69,254,31,20,35,56,29,63,254,0,60
2026-07-17 22:54:00+00:00,69,254,32,20,36,57,30,64,254,0,60
2026-07-17 23:54:00+00:00,69,254,33,21,38,58,31,64,254,0,60
2026-07-18 00:54:00+00:00,70,254,34,21,40,60,33,66,254,0,60
2026-07-18 01:54:00+00:00,70,254,35,22,41,61,34,67,254,0,61
2026-07-18 02:54:00+00:00,70,254,36,22,42,62,35,67,254,0,61
2026-07-18 03:54:00+00:00,70,254,36,22,43,63,35,68,254,0,61
2026-07-18 04:54:00+00:00,70,254,37,23,43,63,35,68,254,0,61
2026-07-18 05:54:00+00:00,70,254,37,23,44,64,35,68,254,0,61
2026-07-18 06:54:00+00:00,70,254,38,23,44,64,35,68,254,0,61
2026-07-18 07:54:00+00:00,70,254,38,24,44,64,35,68,254,0,61
2026-07-18 08:54:00+00:00,69,254,38,24,43,63,35,67,254,0,103
2026-07-18 09:54:00+00:00,69,254,38,24,43,63,35,67,254,0,61
2026-07-18 10:54:00+00:00,69,254,38,24,44,64,35,68,254,0,61
2026-07-18 11:54:00+00:00,69,254,38,24,44,63,35,68,254,0,61
2026-07-18 12:54:00+00:00,69,254,38,25,44,63,35,68,254,0,61
2026-07-18 13:54:00+00:00,68,254,38,25,44,63,35,68,254,0,61
2026-07-18 14:54:00+00:00,68,254,39,25,44,63,35,69,254,0,61
2026-07-18 15:54:00+00:00,68,254,39,25,44,64,35,69,254,0,61
2026-07-18 16:54:00+00:00,68,254,39,26,45,64,36,69,254,0,60
2026-07-18 17:54:00+00:00,68,254,40,26,45,65,37,70,254,0,60
2026-07-18 18:54:00+00:00,68,254,40,26,46,65,37,70,254,0,60
2026-07-18 19:54:00+00:00,68,254,41,27,48,66,38,71,254,0,60
2026-07-18 20:54:00+00:00,69,254,41,27,49,67,40,72,254,0,60
2026-07-18 21:54:00+00:00,69,254,42,28,50,67,41,72,254,0,60
2026-07-18 22:54:00+00:00,69,254,43,28,52,68,42,72,254,0,60
2026-07-18 23:54:00+00:00,69,254,43,29,53,69,43,73,254,0,60
2026-07-19 00:54:00+00:00,69,254,44,30,55,70,44,73,254,0,60
2026-07-19 01:54:00+00:00,69,254,45,30,56,70,45,74,254,0,61
2026-07-19 02:54:00+00:00,70,254,47,31,58,72,47,75,254,0,61
2026-07-19 03:54:00+00:00,69,254,47,32,58,71,48,74,254,0,61
2026-07-19 04:54:00+00:00,69,254,47,32,59,72,49,74,254,0,61
2026-07-19 05:54:00+00:00,69,254,48,33,60,72,50,75,254,0,61
2026-07-19 06:54:00+00:00,69,254,49,33,61,72,50,75,254,0,61
2026-07-19 07:54:00+00:00,69,254,50,34,61,73,51,75,254,0,61
2026-07-19 08:54:00+00:00,69,254,50,35,62,73,52,76,254,0,103
2026-07-19 09:54:00+00:00,68,254,51,35,63,74,53,76,254,0,61
2026-07-19 10:54:00+00:00,68,254,4,35,63,74,53,76,254,0,61
2026-07-19 11:54:00+00:00,65,254,4,31,6,71,5,70,254,99,61
2026-07-19 12:54:00+00:00,65,254,4,30,6,67,4,3,254,45,61
2026-07-19 13:54:00+00:00,65,254,4,29,6,64,4,3,254,1,61
2026-07-19 14:54:00+00:00,65,254,4,28,6,62,4,3,254,1,61
2026-07-19 15:54:00+00:00,66,254,4,27,6,60,4,8,254,0,61
2026-07-19 16:54:00+00:00,66,254,4,26,7,58,7,3,254,0,61
2026-07-19 17:54:00+00:00,66,254,4,25,7,56,4,3,254,1,61
2026-07-19 18:54:00+00:00,66,254,5,24,7,55,4,3,254,0,60
2026-07-19 19:54:00+00:00,66,254,5,24,7,53,4,4,254,0,60
2026-07-19 20:54:00+00:00,66,254,5,23,10,52,5,4,254,0,60
2026-07-19 21:54:00+00:00,67,254,5,23,8,52,5,6,254,0,60
2026-07-19 22:54:00+00:00,67,254,5,22,9,51,5,7,254,0,60
2026-07-19 23:54:00+00:00,67,254,5,22,10,50,5,10,254,0,60
2026-07-20 00:54:00+00:00,67,254,5,21,10,49,6,11,254,0,60
2026-07-20 01:54:00+00:00,68,254,5,21,10,49,6,11,254,0,60
2026-07-20 02:54:00+00:00,68,254,6,21,10,49,6,12,254,0,61
2026-07-20 03:54:00+00:00,68,254,6,20,10,48,6,12,254,0,61
2026-07-20 04:54:00+00:00,68,254,6,20,11,47,6,13,254,0,61
2026-07-20 05:54:00+00:00,68,254,6,19,11,46,7,13,254,0,61
2026-07-20 06:54:00+00:00,68,254,6,19,11,45,7,13,254,0,61
2026-07-20 07:54:00+00:00,68,254,6,19,11,45,7,14,254,0,61
2026-07-20 08:54:00+00:00,68,254,6,19,11,44,11,14,254,0,103
2026-07-20 09:54:00+00:00,67,254,6,18,11,42,10,14,254,0,61
2026-07-20 10:54:00+00:00,67,254,6,18,11,41,8,14,254,0,61
2026-07-20 11:54:00+00:00,67,254,6,17,11,40,8,15,254,0,61
2026-07-20 12:54:00+00:00,67,254,6,17,11,40,9,15,254,0,61
2026-07-20 13:54:00+00:00,67,254,7,17,12,39,10,15,254,0,61
2026-07-20 14:54:00+00:00,67,254,7,17,11,38,10,16,254,0,61
2026-07-20 15:54:00+00:00,67,254,8,16,11,38,10,16,254,0,60
2026-07-20 16:54:00+00:00,67,254,10,16,12,38,10,17,254,0,60
2026-07-20 17:54:00+00:00,67,254,10,16,12,37,11,18,254,0,60
2026-07-20 18:54:00+00:00,67,254,11,16,12,38,12,20,254,0,60
2026-07-20 19:54:00+00:00,67,254,12,16,13,38,12,21,254,0,60
2026-07-20 20:54:00+00:00,67,254,13,16,14,38,13,23,254,0,60
2026-07-20 21:54:00+00:00,67,254,14,16,14,39,15,25,254,0,60
2026-07-20 22:54:00+00:00,68,254,15,16,15,40,14,26,254,0,60
2026-07-20 23:54:00+00:00,68,254,15,16,16,41,15,28,254,0,60
2026-07-21 00:54:00+00:00,68,254,16,16,17,41,15,29,254,0,60
2026-07-21 01:54:00+00:00,68,254,17,16,18,42,15,30,254,0,60
2026-07-21 02:54:00+00:00,68,254,17,16,18,42,15,30,254,0,60
2026-07-21 03:54:00+00:00,68,254,18,16,19,43,15,31,254,0,61
2026-07-21 04:54:00+00:00,68,254,18,16,19,43,15,32,254,0,61
2026-07-21 05:54:00+00:00,68,254,18,16,19,43,15,32,254,0,61
2026-07-21 06:54:00+00:00,68,254,18,16,19,43,15,32,254,0,61
2026-07-21 07:54:00+00:00,68,254,18,16,19,43,15,33,254,0,61
2026-07-21 08:54:00+00:00,68,254,19,16,19,43,15,33,254,0,103
2026-07-21 09:54:00+00:00,68,254,19,16,19,43,15,33,254,0,61
2026-07-21 10:54:00+00:00,68,254,19,16,20,43,15,33,254,0,61
2026-07-21 11:54:00+00:00,68,254,19,16,20,43,15,34,254,0,61
2026-07-21 12:54:00+00:00,68,254,19,16,20,43,15,34,254,0,61
2026-07-21 13:54:00+00:00,68,254,19,16,20,42,15,34,254,0,61
2026-07-21 14:54:00+00:00,68,254,19,16,20,42,15,35,254,0,61
2026-07-21 15:54:00+00:00,68,254,19,16,20,42,16,35,254,0,61
2026-07-21 16:54:00+00:00,68,254,19,16,20,42,16,35,254,0,60
2026-07-21 17:55:00+00:00,68,254,20,16,20,42,16,35,254,0,60
2026-07-21 18:55:00+00:00,68,254,20,16,21,42,17,36,254,0,60
2026-07-21 19:55:00+00:00,68,254,21,16,21,43,17,37,254,0,60
2026-07-21 20:55:00+00:00,68,254,22,16,22,44,18,38,254,0,60
2026-07-21 21:55:00+00:00,68,254,22,16,23,45,19,38,254,0,60
2026-07-21 22:55:00+00:00,68,254,23,16,25,46,20,40,254,0,60
2026-07-21 23:55:00+00:00,68,254,24,16,26,47,21,41,254,0,60
2026-07-22 00:55:00+00:00,68,254,25,16,27,48,22,42,254,0,60
2026-07-22 01:55:00+00:00,68,254,26,16,28,49,23,43,254,0,60
2026-07-22 02:55:00+00:00,68,254,27,16,30,50,23,44,254,0,60
2026-07-22 03:55:00+00:00,68,254,27,17,30,51,23,45,254,0,60
2026-07-22 04:55:00+00:00,68,254,28,17,31,52,23,46,254,0,60
2026-07-22 05:55:00+00:00,68,254,28,17,31,52,23,46,254,0,60
2026-07-22 06:55:00+00:00,68,254,29,17,32,53,23,47,254,0,60
2026-07-22 07:55:00+00:00,68,254,29,17,32,53,23,47,254,0,60
2026-07-22 08:55:00+00:00,68,254,29,17,32,53,23,48,254,0,103
2026-07-22 09:55:00+00:00,68,254,29,17,32,53,23,48,254,0,61
2026-07-22 10:55:00+00:00,68,254,29,17,32,53,23,49,254,0,61
2026-07-22 11:55:00+00:00,68,254,29,17,32,53,23,49,254,0,61
2026-07-22 12:55:00+00:00,68,254,29,18,32,53,23,49,254,0,61
2026-07-22 13:55:00+00:00,68,254,29,18,32,52,23,49,254,0,61
2026-07-22 14:55:00+00:00,68,254,29,18,32,52,23,50,254,0,60
2026-07-22 15:55:00+00:00,67,254,29,18,32,51,22,49,254,0,60
2026-07-22 16:55:00+00:00,67,254,29,18,32,51,23,49,254,0,60
2026-07-22 17:55:00+00:00,67,254,29,18,32,51,23,50,254,0,60
2026-07-22 18:55:00+00:00,67,254,30,18,32,52,23,50,254,0,60
2026-07-22 19:55:00+00:00,67,254,30,18,33,52,24,51,254,0,60
2026-07-22 20:55:00+00:00,68,254,31,18,34,53,25,52,254,0,60
2026-07-22 21:55:00+00:00,68,254,31,19,34,53,26,53,254,0,60
2026-07-22 22:55:00+00:00,68,254,32,19,35,54,26,53,254,0,60
2026-07-22 23:55:00+00:00,68,254,32,19,36,54,27,54,254,0,60
2026-07-23 00:55:00+00:00,68,254,33,19,37,55,28,54,254,0,60
2026-07-23 01:55:00+00:00,68,254,33,19,38,56,29,55,254,0,60
2026-07-23 02:55:00+00:00,68,254,34,19,39,57,29,56,254,0,60
2026-07-23 03:55:00+00:00,68,254,34,19,40,57,30,56,254,0,60
2026-07-23 04:55:00+00:00,68,254,35,19,41,58,30,56,254,0,60
2026-07-23 05:55:00+00:00,68,254,35,20,41,58,30,57,254,0,60
2026-07-23 06:55:00+00:00,68,254,35,20,41,58,30,57,254,0,61
2026-07-23 07:55:00+00:00,68,254,36,20,41,58,30,57,254,0,60
2026-07-23 08:55:00+00:00,68,254,36,20,42,58,30,58,254,0,103
2026-07-23 09:55:00+00:00,68,254,36,20,42,58,30,58,254,0,60
2026-07-23 10:55:00+00:00,67,254,36,20,41,57,30,57,254,0,60
2026-07-23 11:55:00+00:00,67,254,36,20,41,57,29,57,254,0,60
2026-07-23 12:55:00+00:00,67,254,36,20,41,57,29,57,254,0,60
2026-07-23 13:55:00+00:00,67,254,36,20,41,56,29,57,254,0,60
2026-07-23 14:55:00+00:00,67,254,36,20,41,56,29,57,254,0,60
2026-07-23 15:55:00+00:00,67,254,36,20,42,56,30,58,254,0,60
2026-07-23 16:55:00+00:00,66,254,36,20,41,55,30,57,254,0,60
2026-07-23 17:55:00+00:00,66,254,36,20,42,56,30,57,254,0,60
2026-07-23 18:55:00+00:00,67,254,37,21,43,57,31,59,254,0,60
2026-07-23 19:55:00+00:00,67,254,37,21,44,58,32,59,254,0,60
2026-07-23 20:55:00+00:00,67,254,38,21,45,58,33,60,254,0,60
2026-07-23 21:55:00+00:00,67,254,38,21,46,59,34,61,254,0,60
2026-07-23 22:55:00+00:00,68,254,40,22,48,61,36,62,254,0,60
2026-07-23 23:55:00+00:00,68,254,40,22,50,62,37,63,254,0,60
2026-07-24 00:55:00+00:00,68,254,41,22,51,63,38,64,254,0,60
2026-07-24 01:55:00+00:00,68,254,42,23,52,64,39,64,254,3,60
2026-07-24 02:55:00+00:00,69,254,42,23,53,64,40,64,254,3,60
2026-07-24 03:55:00+00:00,69,254,43,23,54,65,41,65,254,0,60
2026-07-24 04:55:00+00:00,69,254,43,23,54,65,41,65,254,0,60
2026-07-24 05:55:00+00:00,69,254,44,23,55,65,42,65,254,0,60
2026-07-24 06:55:00+00:00,69,254,44,23,55,66,42,66,254,0,60
2026-07-24 07:55:00+00:00,68,254,45,24,56,66,42,66,254,0,60
2026-07-24 08:55:00+00:00,68,254,45,24,56,66,43,66,254,0,103
2026-07-24 09:55:00+00:00,68,254,45,24,56,66,43,66,254,0,60
2026-07-24 10:55:00+00:00,68,254,46,24,56,66,43,66,254,0,60
2026-07-24 11:55:00+00:00,68,254,46,24,56,66,43,66,254,0,60
2026-07-24 12:55:00+00:00,68,254,46,24,57,66,43,66,254,0,60
2026-07-24 13:55:00+00:00,68,254,46,25,57,66,43,66,254,0,60
2026-07-24 14:55:00+00:00,67,254,46,24,56,65,42,65,254,0,60
2026-07-24 15:55:00+00:00,67,254,46,25,56,65,43,65,254,0,60
2026-07-24 16:55:00+00:00,67,254,46,25,56,65,43,66,254,0,60
2026-07-24 17:55:00+00:00,67,254,46,25,57,65,43,66,254,0,60
2026-07-24 18:55:00+00:00,67,254,47,25,58,66,44,66,254,0,60
2026-07-24 19:55:00+00:00,68,254,48,26,60,67,46,68,254,0,60
2026-07-24 20:55:00+00:00,68,254,49,26,61,68,46,68,254,0,60
2026-07-24 21:55:00+00:00,68,254,49,26,62,69,47,69,254,0,60
2026-07-24 22:55:00+00:00,68,254,50,27,63,69,48,69,254,0,60
2026-07-24 23:55:00+00:00,69,254,50,27,63,70,49,69,254,0,60
2026-07-25 00:55:00+00:00,69,254,51,27,64,70,50,70,254,0,60
2026-07-25 01:55:00+00:00,69,254,51,28,65,71,51,70,254,0,60
2026-07-25 02:55:00+00:00,69,254,52,28,66,72,52,70,254,0,60
2026-07-25 03:55:00+00:00,69,254,52,28,66,72,53,71,254,0,60
2026-07-25 04:55:00+00:00,70,254,54,29,68,74,55,72,254,0,60
2026-07-25 05:55:00+00:00,69,254,53,29,67,73,54,71,254,0,60
2026-07-25 06:55:00+00:00,69,254,54,29,68,74,55,71,254,0,60
2026-07-25 07:55:00+00:00,69,254,54,29,68,74,55,71,254,0,60
2026-07-25 08:55:00+00:00,69,254,55,30,68,74,56,72,254,0,103
2026-07-25 09:55:00+00:00,69,254,55,30,69,74,56,72,254,0,60
2026-07-25 10:55:00+00:00,69,254,55,30,69,74,57,72,254,0,60
2026-07-25 11:55:00+00:00,68,254,56,30,69,75,57,72,254,0,60
2026-07-25 12:55:00+00:00,68,254,56,31,70,75,58,72,254,0,60
2026-07-25 13:55:00+00:00,68,254,56,31,70,75,58,72,254,0,60
2026-07-25 14:55:00+00:00,68,254,57,31,70,75,58,73,254,0,60
2026-07-25 15:55:00+00:00,67,254,56,31,69,74,58,72,254,0,60
2026-07-25 16:55:00+00:00,67,254,57,31,70,74,58,72,254,0,60
2026-07-25 17:55:00+00:00,67,254,57,31,70,74,59,72,254,0,60
2026-07-25 18:55:00+00:00,67,254,57,32,71,75,59,73,254,0,60
2026-07-25 19:55:00+00:00,68,254,59,33,73,76,61,74,254,0,60
2026-07-25 20:55:00+00:00,68,254,59,33,73,77,61,75,254,0,60
2026-07-25 21:55:00+00:00,68,254,59,34,73,77,62,75,254,0,60
2026-07-25 22:55:00+00:00,68,254,60,34,74,78,62,76,254,0,60
2026-07-25 23:55:00+00:00,69,254,60,35,73,78,62,76,254,0,60
2026-07-26 00:55:00+00:00,69,254,60,35,73,79,62,76,254,0,60
2026-07-26 01:55:00+00:00,69,254,60,36,74,79,62,76,254,0,60
2026-07-26 02:55:00+00:00,69,254,4,36,18,79,62,76,254,11,60
2026-07-26 03:55:00+00:00,70,254,4,35,6,80,4,4,254,122,60
2026-07-26 04:55:00+00:00,70,254,4,34,6,76,4,10,254,12,60
2026-07-26 05:55:00+00:00,70,254,4,33,6,73,4,3,254,2,60
2026-07-26 06:55:00+00:00,69,254,4,32,6,69,5,3,254,0,60
2026-07-26 07:55:00+00:00,69,254,4,31,6,67,4,3,254,0,60
2026-07-26 08:55:00+00:00,69,254,4,30,6,65,4,3,254,0,103
2026-07-26 09:55:00+00:00,69,254,4,30,6,63,4,3,254,0,60
2026-07-26 10:55:00+00:00,68,254,4,29,6,62,4,3,254,0,60
2026-07-26 11:55:00+00:00,68,254,4,29,6,60,4,3,254,0,60
2026-07-26 12:55:00+00:00,68,254,4,28,6,59,5,3,254,0,60
2026-07-26 13:55:00+00:00,68,254,4,28,6,57,4,4,254,1,60
2026-07-26 14:55:00+00:00,68,254,4,27,6,55,4,4,254,1,60
2026-07-26 15:55:00+00:00,67,254,4,26,6,53,4,4,254,0,60
2026-07-26 16:55:00+00:00,67,254,4,26,6,50,4,4,254,0,60
2026-07-26 17:55:00+00:00,67,254,4,25,7,49,4,4,254,0,60
2026-07-26 18:55:00+00:00,67,254,4,25,7,47,5,4,254,0,60
2026-07-26 19:55:00+00:00,67,254,4,24,7,45,5,5,254,0,60
2026-07-26 20:55:00+00:00,67,254,4,24,8,43,5,6,254,0,60
2026-07-26 21:55:00+00:00,68,254,4,24,9,42,6,7,254,0,60
2026-07-26 22:55:00+00:00,68,254,4,23,10,41,6,9,254,0,60
2026-07-26 23:55:00+00:00,68,254,5,23,10,40,7,10,254,0,60
2026-07-27 00:55:00+00:00,68,254,4,22,10,40,11,11,254,0,60
2026-07-27 01:55:00+00:00,68,254,4,22,11,39,8,11,254,0,60
2026-07-27 02:55:00+00:00,68,254,5,21,11,38,8,11,254,0,60
2026-07-27 03:55:00+00:00,68,254,5,21,11,38,8,12,254,0,60
2026-07-27 04:55:00+00:00,68,254,5,21,11,37,9,12,254,0,60
2026-07-27 05:55:00+00:00,68,254,5,21,11,36,9,12,254,0,60
2026-07-27 06:55:00+00:00,68,254,5,20,11,35,9,12,254,0,60
2026-07-27 07:55:00+00:00,68,254,5,20,11,35,10,12,254,0,60
2026-07-27 08:55:00+00:00,68,254,6,20,11,34,10,13,254,0,103
2026-07-27 09:55:00+00:00,67,254,5,19,11,33,10,13,254,0,60
2026-07-27 10:55:00+00:00,67,254,6,19,11,32,10,13,254,0,60
2026-07-27 11:55:00+00:00,67,254,6,18,11,31,10,13,254,0,60
2026-07-27 12:55:00+00:00,67,254,6,18,11,31,10,13,254,0,60
2026-07-27 13:55:00+00:00,67,254,6,18,12,30,10,13,254,0,60
2026-07-27 14:55:00+00:00,66,254,7,17,11,29,10,14,254,0,60
2026-07-27 15:55:00+00:00,66,254,7,17,11,29,10,14,254,0,60
2026-07-27 16:55:00+00:00,66,254,8,17,12,29,10,14,254,0,60
2026-07-27 17:55:00+00:00,66,254,10,17,12,29,11,15,254,0,60
2026-07-27 18:55:00+00:00,66,254,10,17,12,29,11,16,254,0,60
2026-07-27 19:55:00+00:00,66,254,11,17,13,29,12,17,254,0,60
2026-07-27 20:55:00+00:00,66,254,12,16,13,29,12,18,254,0,60
2026-07-27 21:55:00+00:00,67,254,13,17,14,30,13,20,254,0,60
2026-07-27 22:55:00+00:00,67,254,14,16,15,30,13,21,254,0,60
2026-07-27 23:55:00+00:00,67,254,14,16,16,31,14,22,254,0,60
2026-07-28 00:55:00+00:00,67,254,15,16,16,31,14,23,254,0,60
2026-07-28 01:55:00+00:00,67,254,15,16,17,31,14,23,254,0,60
2026-07-28 02:55:00+00:00,67,254,16,16,17,32,14,24,254,0,60
2026-07-28 03:55:00+00:00,67,254,16,16,17,32,14,24,254,0,60
2026-07-28 04:55:00+00:00,67,254,16,16,17,32,14,24,254,0,60
2026-07-28 05:55:00+00:00,67,254,16,16,17,32,14,25,254,0,60
2026-07-28 06:55:00+00:00,67,254,16,16,17,32,14,25,254,0,60
2026-07-28 07:55:00+00:00,67,254,16,16,17,32,14,25,254,0,60
2026-07-28 08:55:00+00:00,67,254,16,16,17,32,14,25,254,0,103
2026-07-28 09:55:00+00:00,67,254,16,16,18,32,14,25,254,0,60
2026-07-28 10:55:00+00:00,66,254,16,15,17,31,14,25,254,0,60
2026-07-28 11:55:00+00:00,66,254,16,15,17,31,14,25,254,0,60
2026-07-28 12:55:00+00:00,66,254,16,15,17,31,14,26,254,0,60
2026-07-28 13:55:00+00:00,66,254,16,15,17,31,14,26,254,0,60
2026-07-28 14:55:00+00:00,65,254,16,15,17,31,14,26,254,0,60
2026-07-28 15:55:00+00:00,65,254,16,15,18,31,14,26,254,0,60
2026-07-28 16:55:00+00:00,65,254,16,15,18,31,14,26,254,0,60
2026-07-28 17:55:00+00:00,65,254,16,15,18,31,15,27,254,0,60
2026-07-28 18:55:00+00:00,65,254,17,15,19,31,15,28,254,0,60
2026-07-28 19:55:00+00:00,65,254,18,15,19,32,16,29,254,0,60
2026-07-28 20:55:00+00:00,65,254,18,15,20,33,16,30,254,0,60
2026-07-28 21:55:00+00:00,66,254,19,15,21,33,17,31,254,0,60
2026-07-28 22:55:00+00:00,66,254,20,15,22,34,17,32,254,0,60
2026-07-28 23:55:00+00:00,66,254,21,15,23,35,18,33,254,0,60
2026-07-29 00:55:00+00:00,66,254,22,15,24,36,18,33,254,0,60
2026-07-29 01:55:00+00:00,67,254,22,15,25,37,19,35,254,0,60
2026-07-29 02:55:00+00:00,67,254,23,15,26,38,19,35,254,0,60
2026-07-29 03:55:00+00:00,67,254,23,15,26,38,18,36,254,0,60
2026-07-29 04:55:00+00:00,67,254,23,15,26,38,18,36,254,0,60
2026-07-29 05:55:00+00:00,67,254,23,15,26,39,18,36,254,0,60
2026-07-29 06:55:00+00:00,66,254,23,15,26,38,18,36,254,0,60
2026-07-29 07:55:00+00:00,66,254,23,15,26,38,18,36,254,0,60
2026-07-29 08:55:00+00:00,66,254,23,15,26,38,18,36,254,0,103
2026-07-29 09:55:00+00:00,66,254,23,15,26,38,18,37,254,0,60
2026-07-29 10:55:00+00:00,66,254,23,15,26,38,18,37,254,0,60
2026-07-29 11:55:00+00:00,66,254,23,15,26,38,18,37,254,0,60
2026-07-29 12:55:00+00:00,66,254,23,15,26,38,18,37,254,0,60
2026-07-29 13:55:00+00:00,66,254,23,15,26,38,18,37,254,0,60
2026-07-29 14:55:00+00:00,65,254,23,15,26,38,18,38,254,0,60
2026-07-29 15:55:00+00:00,65,254,23,15,26,38,19,38,254,0,60
2026-07-29 16:55:00+00:00,65,254,24,15,26,39,19,38,254,0,60
2026-07-29 17:55:00+00:00,65,254,24,15,27,39,19,39,254,0,60
2026-07-29 18:55:00+00:00,65,254,25,15,28,40,20,40,254,0,60
2026-07-29 19:55:00+00:00,65,254,25,15,28,40,21,40,254,0,60
2026-07-29 20:55:00+00:00,66,254,26,15,29,41,21,41,254,0,60
2026-07-29 21:55:00+00:00,66,254,27,15,30,42,22,42,254,0,60
2026-07-29 22:55:00+00:00,66,254,27,15,32,43,23,43,254,0,60
2026-07-29 23:55:00+00:00,66,254,28,16,33,44,24,44,254,0,60
2026-07-30 00:55:00+00:00,67,254,29,16,35,46,25,45,254,0,60
2026-07-30 01:55:00+00:00,67,254,30,16,36,47,25,46,254,0,60
2026-07-30 02:55:00+00:00,67,254,30,16,36,48,25,47,254,0,60
2026-07-30 03:55:00+00:00,67,254,31,16,37,49,25,48,254,0,60
2026-07-30 04:55:00+00:00,67,254,31,16,37,50,25,48,254,0,60
2026-07-30 05:55:00+00:00,67,254,31,16,38,50,25,48,254,0,60
2026-07-30 06:55:00+00:00,67,254,32,16,38,50,25,49,254,0,60
2026-07-30 07:55:00+00:00,67,254,31,16,38,50,25,49,254,0,60
2026-07-30 08:55:00+00:00,66,254,31,16,37,50,24,49,254,0,103
2026-07-30 09:55:00+00:00,66,254,31,16,37,50,24,49,254,0,60
2026-07-30 10:55:00+00:00,66,254,31,16,37,50,24,49,254,0,60
2026-07-30 11:55:00+00:00,66,254,31,16,37,50,24,49,254,0,60
2026-07-30 12:55:00+00:00,66,254,31,17,37,49,24,49,254,0,60
2026-07-30 13:55:00+00:00,66,254,31,17,37,49,24,50,254,0,60
2026-07-30 14:55:00+00:00,65,254,31,17,37,49,25,50,254,0,60
2026-07-30 15:55:00+00:00,65,254,31,17,37,49,25,50,254,0,60
2026-07-30 16:55:00+00:00,65,254,31,17,37,49,25,50,254,0,60
2026-07-30 17:55:00+00:00,65,254,32,17,38,50,26,51,254,0,60
2026-07-30 18:55:00+00:00,65,254,32,17,39,50,27,51,254,0,60
2026-07-30 19:55:00+00:00,66,254,33,17,40,51,27,52,254,0,60
2026-07-30 20:55:00+00:00,66,254,33,17,41,52,28,53,254,0,60
2026-07-30 21:55:00+00:00,66,254,34,17,42,53,29,54,254,0,60
2026-07-30 22:55:00+00:00,67,254,35,18,45,55,31,55,254,0,60
2026-07-30 23:55:00+00:00,67,254,36,18,46,57,31,56,254,0,60
2026-07-31 00:55:00+00:00,67,254,37,18,47,58,32,57,254,0,60
2026-07-31 01:55:00+00:00,67,254,38,18,49,59,33,58,254,0,60
2026-07-31 02:55:00+00:00,67,254,38,18,50,60,34,58,254,0,60
2026-07-31 03:55:00+00:00,68,254,39,19,52,61,35,60,254,0,60
2026-07-31 04:55:00+00:00,67,254,39,19,52,61,35,60,254,0,60
2026-07-31 05:55:00+00:00,67,254,40,19,52,61,35,60,254,0,60
2026-07-31 06:55:00+00:00,67,254,40,19,53,62,35,60,254,0,60
2026-07-31 07:55:00+00:00,67,254,40,19,53,62,35,61,254,0,60
2026-07-31 08:55:00+00:00,67,254,41,19,53,62,36,61,254,0,103
2026-07-31 09:55:00+00:00,67,254,41,19,54,62,36,61,254,0,60
2026-07-31 10:55:00+00:00,67,254,41,19,54,62,36,61,254,0,60
2026-07-31 11:55:00+00:00,67,254,41,19,54,62,36,62,254,0,60
2026-07-31 12:55:00+00:00,66,254,41,19,53,62,35,61,254,0,60
2026-07-31 13:55:00+00:00,66,254,41,19,53,61,35,61,254,0,60
2026-07-31 14:55:00+00:00,66,254,41,20,53,61,35,61,254,0,60
2026-07-31 15:55:00+00:00,66,254,41,20,54,61,35,61,254,0,60
2026-07-31 16:55:00+00:00,66,254,42,20,54,62,36,62,254,0,60
2026-07-31 17:55:00+00:00,66,254,42,20,54,62,36,62,254,0,60
2026-07-31 18:55:00+00:00,66,254,42,20,55,62,37,63,254,0,60
2026-07-31 19:55:00+00:00,66,254,43,20,56,63,38,63,254,0,60
2026-07-31 20:55:00+00:00,66,254,43,21,57,64,38,64,254,0,60
2026-07-31 21:55:00+00:00,67,254,45,21,59,66,40,65,254,0,60
2026-07-31 22:55:00+00:00,67,254,45,21,60,66,41,66,254,0,60
2026-07-31 23:55:00+00:00,67,254,46,21,61,67,42,66,254,0,60
2026-08-01 00:55:00+00:00,67,254,46,22,62,67,43,67,254,0,60
2026-08-01 01:55:00+00:00,68,254,48,22,64,69,45,68,254,0,60
2026-08-01 02:55:00+00:00,68,254,49,22,65,70,46,68,254,0,60
2026-08-01 03:55:00+00:00,68,254,49,23,65,70,47,69,254,0,60
2026-08-01 04:55:00+00:00,68,254,50,23,66,70,47,69,254,0,60
2026-08-01 05:55:00+00:00,68,254,50,23,66,71,48,69,254,0,60
2026-08-01 06:55:00+00:00,68,254,51,23,67,71,49,69,254,0,60
2026-08-01 07:55:00+00:00,68,254,51,24,67,71,49,69,254,0,60
2026-08-01 08:55:00+00:00,68,254,52,24,67,71,50,69,254,0,103
2026-08-01 09:55:00+00:00,68,254,52,24,68,71,50,69,254,0,60
2026-08-01 10:55:00+00:00,67,254,52,24,67,70,50,68,254,0,60
2026-08-01 11:55:00+00:00,67,254,52,24,67,70,50,68,254,0,60
2026-08-01 12:55:00+00:00,67,254,52,24,67,71,50,69,254,0,60
2026-08-01 13:55:00+00:00,66,254,52,24,66,69,50,68,254,0,60
2026-08-01 14:55:00+00:00,66,254,52,24,67,70,50,68,254,0,60
2026-08-01 15:55:00+00:00,66,254,52,24,67,70,50,68,254,0,60
2026-08-01 16:55:00+00:00,66,254,53,24,68,70,51,69,254,0,60
2026-08-01 17:55:00+00:00,66,254,53,25,68,70,51,69,254,0,60
2026-08-01 18:55:00+00:00,66,254,53,25,69,71,52,69,254,0,60
2026-08-01 19:55:00+00:00,66,254,53,25,69,71,52,70,254,0,60
2026-08-01 20:55:00+00:00,66,254,54,25,70,71,53,70,254,0,60
2026-08-01 21:55:00+00:00,67,254,55,26,71,73,54,72,254,0,60
2026-08-01 22:55:00+00:00,67,254,55,26,72,74,55,72,254,0,60
2026-08-01 23:55:00+00:00,67,254,56,26,72,74,56,72,254,0,60
2026-08-02 00:55:00+00:00,67,254,56,27,72,75,56,73,254,0,60
2026-08-02 01:55:00+00:00,68,254,57,27,74,77,58,74,254,0,60
2026-08-02 02:55:00+00:00,68,254,58,28,74,77,58,74,254,0,60
2026-08-02 03:55:00+00:00,68,254,58,28,74,77,59,75,254,0,60
2026-08-02 04:55:00+00:00,68,254,58,28,74,78,59,75,254,0,60
2026-08-02 05:55:00+00:00,68,254,59,29,74,78,60,75,254,0,60
2026-08-02 06:55:00+00:00,68,254,59,29,75,79,60,76,254,0,60
2026-08-02 07:55:00+00:00,67,254,59,29,74,78,60,75,254,0,60
2026-08-02 08:55:00+00:00,67,254,59,29,74,78,60,75,254,0,103
2026-08-02 09:55:00+00:00,67,254,59,29,74,78,61,75,254,0,60
2026-08-02 10:55:00+00:00,67,254,60,29,75,79,61,75,254,0,60
2026-08-02 11:55:00+00:00,67,254,60,30,75,79,62,76,254,0,60
2026-08-02 12:55:00+00:00,67,254,60,30,75,79,62,76,254,0,60
2026-08-02 13:55:00+00:00,66,254,60,30,74,78,61,75,254,0,60
2026-08-02 14:55:00+00:00,66,254,60,30,74,78,61,75,254,0,60
2026-08-02 15:55:00+00:00,66,254,60,30,75,78,62,75,254,0,60
2026-08-02 16:55:00+00:00,66,254,60,30,75,79,62,75,254,0,60
2026-08-02 17:55:00+00:00,66,254,61,30,76,79,63,76,254,0,60
2026-08-02 18:55:00+00:00,66,254,61,31,76,80,63,76,254,0,60
2026-08-02 19:55:00+00:00,66,254,61,31,77,80,63,76,254,0,60
2026-08-02 20:55:00+00:00,66,254,62,32,77,81,64,77,254,0,60
2026-08-02 21:55:00+00:00,66,254,62,32,77,81,64,77,254,0,60
2026-08-02 22:55:00+00:00,66,254,62,33,78,82,64,78,254,0,60
2026-08-02 23:55:00+00:00,66,254,62,33,78,82,65,78,254,0,60
2026-08-03 00:55:00+00:00,66,254,63,34,78,83,65,78,254,0,60
2026-08-03 01:55:00+00:00,67,254,64,35,9,83,5,79,254,105,60
2026-08-03 02:55:00+00:00,66,254,4,34,7,82,5,16,254,7,60
2026-08-03 03:55:00+00:00,66,254,4,32,6,82,5,10,254,1,60
2026-08-03 04:55:00+00:00,66,254,4,31,6,83,5,10,254,0,60
2026-08-03 05:55:00+00:00,66,254,4,30,6,83,5,11,254,0,60
2026-08-03 06:55:00+00:00,65,254,4,29,6,82,5,12,254,0,60
2026-08-03 07:55:00+00:00,65,254,5,28,7,82,5,13,254,0,60
2026-08-03 08:55:00+00:00,65,254,4,28,7,81,5,14,254,0,103
2026-08-03 09:55:00+00:00,65,254,4,27,7,80,5,15,254,0,60
2026-08-03 10:55:00+00:00,65,254,4,26,7,80,5,17,254,0,60
2026-08-03 11:55:00+00:00,64,254,4,25,7,78,5,18,254,0,60
2026-08-03 12:55:00+00:00,64,254,8,25,7,77,5,19,254,0,60
2026-08-03 13:55:00+00:00,64,254,4,24,7,76,6,20,254,0,60
2026-08-03 14:55:00+00:00,64,254,5,23,7,75,5,22,254,0,60
2026-08-03 15:55:00+00:00,63,254,5,23,7,75,6,23,254,0,60
2026-08-03 16:55:00+00:00,63,254,5,22,8,74,6,25,254,0,60
2026-08-03 17:55:00+00:00,63,254,5,22,8,73,10,26,254,0,60
2026-08-03 18:55:00+00:00,63,254,5,21,10,73,7,28,254,0,60
2026-08-03 19:55:00+00:00,64,254,5,21,10,72,8,29,254,0,60
2026-08-03 20:55:00+00:00,64,254,5,21,10,72,10,31,254,0,60
2026-08-03 21:55:00+00:00,64,254,7,20,11,72,10,32,254,0,60
2026-08-03 22:55:00+00:00,64,254,10,20,11,72,11,33,254,0,60
2026-08-03 23:55:00+00:00,64,254,10,20,12,72,12,35,254,0,60
2026-08-04 00:55:00+00:00,64,254,11,19,13,71,12,36,254,0,60
2026-08-04 01:55:00+00:00,64,254,12,19,13,71,12,38,254,0,60
2026-08-04 02:55:00+00:00,64,254,12,19,14,71,13,39,254,0,60
2026-08-04 03:55:00+00:00,64,254,12,19,14,70,13,40,254,0,60
2026-08-04 04:55:00+00:00,64,254,12,18,14,70,13,41,254,0,60
2026-08-04 05:55:00+00:00,64,254,12,18,14,70,13,42,254,0,60
2026-08-04 06:55:00+00:00,64,254,13,18,14,70,13,43,254,0,60
2026-08-04 07:55:00+00:00,64,254,13,18,14,69,13,44,254,0,60
2026-08-04 08:55:00+00:00,63,254,13,18,14,69,13,45,254,0,103
2026-08-04 09:55:00+00:00,63,254,13,17,15,68,13,46,254,0,60
2026-08-04 10:55:00+00:00,63,254,13,17,15,68,13,47,254,0,60
2026-08-04 11:55:00+00:00,63,254,13,17,15,68,13,47,254,0,60
2026-08-04 12:55:00+00:00,62,254,13,17,15,66,13,47,254,0,60
2026-08-04 13:55:00+00:00,62,254,13,17,15,66,13,48,254,0,60
2026-08-04 14:55:00+00:00,62,254,13,17,15,66,13,49,254,0,60
2026-08-04 15:55:00+00:00,62,254,13,16,15,65,13,49,254,0,60
2026-08-04 16:55:00+00:00,62,254,13,16,15,65,13,50,254,0,60
2026-08-04 17:55:00+00:00,62,254,14,16,16,65,14,51,254,0,60
2026-08-04 18:55:00+00:00,62,254,14,16,16,65,14,52,254,0,60
2026-08-04 19:55:00+00:00,62,254,15,16,17,65,15,52,254,0,60
2026-08-04 20:55:00+00:00,62,254,16,16,18,65,16,53,254,0,60
2026-08-04 21:55:00+00:00,63,254,17,16,19,66,16,55,254,0,60
2026-08-04 22:55:00+00:00,63,254,18,16,20,66,17,56,254,0,60
2026-08-04 23:55:00+00:00,63,254,19,16,21,67,17,57,254,0,60
2026-08-05 00:55:00+00:00,63,254,20,16,22,67,18,57,254,0,60
2026-08-05 01:55:00+00:00,64,254,20,16,23,67,18,58,254,0,60
2026-08-05 02:55:00+00:00,64,254,21,16,23,67,18,59,254,0,60
2026-08-05 03:55:00+00:00,64,254,21,16,23,67,18,59,254,0,60
2026-08-05 04:55:00+00:00,64,254,21,16,23,67,18,60,254,0,60
2026-08-05 05:55:00+00:00,64,254,21,16,23,68,18,61,254,0,60
2026-08-05 06:55:00+00:00,64,254,21,16,23,67,18,61,254,0,60
2026-08-05 07:55:00+00:00,63,254,21,16,23,67,18,62,254,0,60
2026-08-05 08:55:00+00:00,63,254,21,16,23,67,18,62,254,0,103
2026-08-05 09:55:00+00:00,63,254,21,16,23,67,18,63,254,0,60
2026-08-05 10:55:00+00:00,63,254,21,16,23,67,18,63,254,0,60
2026-08-05 11:55:00+00:00,62,254,21,15,23,66,17,62,254,0,60
2026-08-05 12:55:00+00:00,62,254,21,15,23,65,17,63,254,0,60
2026-08-05 13:55:00+00:00,62,254,21,15,23,65,18,63,254,0,60
2026-08-05 14:55:00+00:00,62,254,21,15,23,65,18,63,254,0,60
2026-08-05 15:55:00+00:00,61,254,21,15,23,65,18,64,254,0,60
2026-08-05 16:55:00+00:00,61,254,21,15,23,65,18,64,254,0,60
2026-08-05 17:55:00+00:00,61,254,22,15,24,65,19,64,254,0,60
2026-08-05 18:55:00+00:00,61,254,23,15,25,65,19,65,254,0,60
2026-08-05 19:55:00+00:00,62,254,23,16,25,65,20,65,254,0,60
2026-08-05 20:55:00+00:00,62,254,24,16,27,66,21,66,254,0,60
2026-08-05 21:55:00+00:00,62,254,25,16,28,66,22,66,254,0,60
2026-08-05 22:55:00+00:00,63,254,26,16,29,68,23,67,254,0,60
2026-08-05 23:55:00+00:00,63,254,27,16,30,68,24,68,254,0,60
2026-08-06 00:55:00+00:00,63,254,28,16,31,69,24,68,254,0,60
2026-08-06 01:55:00+00:00,64,254,28,16,32,69,25,68,254,0,60
2026-08-06 02:55:00+00:00,64,254,29,16,33,70,25,69,254,0,60
2026-08-06 03:55:00+00:00,64,254,29,16,33,70,25,69,254,0,60
2026-08-06 04:55:00+00:00,64,254,30,16,34,71,25,69,254,0,60
2026-08-06 05:55:00+00:00,64,254,30,16,33,71,25,70,254,0,60
2026-08-06 06:55:00+00:00,64,254,30,16,33,71,25,70,254,0,60
2026-08-06 07:55:00+00:00,64,254,30,16,33,71,24,70,254,0,60
2026-08-06 08:55:00+00:00,64,254,30,16,33,71,24,70,254,0,103
2026-08-06 09:55:00+00:00,63,254,30,16,33,71,24,71,254,0,60
2026-08-06 10:55:00+00:00,63,254,30,16,33,71,24,71,254,0,60
2026-08-06 11:55:00+00:00,63,254,30,17,33,71,24,71,254,0,60
2026-08-06 12:55:00+00:00,63,254,30,17,33,71,24,71,254,0,60
2026-08-06 13:55:00+00:00,63,254,30,17,33,70,24,72,254,0,60
2026-08-06 14:55:00+00:00,62,254,30,17,33,69,24,71,254,0,60
2026-08-06 15:55:00+00:00,62,254,30,17,33,69,24,71,254,0,60
2026-08-06 16:55:00+00:00,62,254,30,17,33,69,25,71,254,0,60
2026-08-06 17:55:00+00:00,62,254,30,17,34,69,25,72,254,0,60
2026-08-06 18:55:00+00:00,62,254,31,17,34,70,26,72,254,0,60
2026-08-06 19:55:00+00:00,62,254,31,17,35,70,27,73,254,0,60
2026-08-06 20:55:00+00:00,63,254,32,17,37,72,28,74,254,0,60
2026-08-06 21:55:00+00:00,63,254,33,17,38,72,29,74,254,0,60
2026-08-06 22:55:00+00:00,63,254,34,17,39,73,30,75,254,0,60
2026-08-06 23:55:00+00:00,64,254,34,18,41,74,31,75,254,0,60
2026-08-07 00:55:00+00:00,64,254,35,18,42,74,32,76,254,0,60
2026-08-07 01:55:00+00:00,64,254,36,18,43,75,33,76,254,0,60
2026-08-07 02:55:00+00:00,64,254,37,18,44,76,33,76,254,0,60
2026-08-07 03:55:00+00:00,65,254,38,18,46,78,34,78,254,0,60
2026-08-07 04:55:00+00:00,65,254,38,18,46,78,35,78,254,0,60
2026-08-07 05:55:00+00:00,65,254,39,19,47,78,35,78,254,0,60
2026-08-07 06:55:00+00:00,64,254,39,18,46,77,34,77,254,0,60
2026-08-07 07:55:00+00:00,64,254,39,19,46,77,35,77,254,0,60
2026-08-07 08:55:00+00:00,64,254,39,19,46,77,35,78,254,0,103
2026-08-07 09:55:00+00:00,64,254,39,19,46,78,35,78,254,0,60
2026-08-07 10:55:00+00:00,64,254,40,19,46,78,35,78,254,0,60
2026-08-07 11:55:00+00:00,64,254,40,19,46,78,35,78,254,0,60
2026-08-07 12:55:00+00:00,63,254,40,19,47,78,35,79,254,0,60
2026-08-07 13:55:00+00:00,63,254,40,19,46,78,35,79,254,0,60
2026-08-07 14:55:00+00:00,63,254,40,19,47,78,35,79,254,0,60
2026-08-07 15:55:00+00:00,63,254,40,19,47,77,35,79,254,0,60
2026-08-07 16:55:00+00:00,63,254,40,20,47,78,35,80,254,0,60
2026-08-07 17:55:00+00:00,63,254,41,20,47,78,35,80,254,0,60
2026-08-07 18:55:00+00:00,63,254,41,20,48,78,36,80,254,0,60
2026-08-07 19:55:00+00:00,63,254,41,20,49,79,37,81,254,0,60
2026-08-07 20:55:00+00:00,63,254,42,20,50,79,38,81,254,0,60
2026-08-07 21:55:00+00:00,64,254,42,20,51,80,39,81,254,0,60
2026-08-07 22:55:00+00:00,64,254,43,21,52,80,40,82,254,0,60
2026-08-07 23:55:00+00:00,64,254,44,21,53,81,41,82,254,0,60
2026-08-08 00:55:00+00:00,65,254,45,21,56,83,43,84,254,0,60
2026-08-08 01:55:00+00:00,65,254,45,21,57,84,44,84,254,0,60
2026-08-08 02:55:00+00:00,65,254,46,22,58,84,45,84,254,0,60
2026-08-08 03:55:00+00:00,65,254,47,22,58,85,45,85,254,0,60
2026-08-08 04:55:00+00:00,65,254,47,22,59,85,46,85,254,0,60
2026-08-08 05:55:00+00:00,65,254,48,22,60,86,47,85,254,0,60
2026-08-08 06:55:00+00:00,65,254,48,22,60,86,47,85,254,0,60
2026-08-08 07:55:00+00:00,65,254,49,23,61,86,48,86,254,0,60
2026-08-08 08:55:00+00:00,65,254,49,23,61,86,48,86,254,0,103
2026-08-08 09:55:00+00:00,65,254,50,23,61,86,49,86,254,0,60
2026-08-08 10:55:00+00:00,64,254,49,23,60,85,49,85,254,0,60
2026-08-08 11:55:00+00:00,64,254,50,23,61,85,49,85,254,0,60
2026-08-08 12:55:00+00:00,64,254,50,23,61,85,49,85,254,0,60
2026-08-08 13:55:00+00:00,64,254,50,23,61,85,49,85,254,0,60
2026-08-08 14:55:00+00:00,64,254,51,23,62,85,50,86,254,0,60
2026-08-08 15:55:00+00:00,63,254,51,24,62,85,50,86,254,0,60
2026-08-08 16:55:00+00:00,63,254,51,24,62,85,50,86,254,0,60
2026-08-08 17:55:00+00:00,63,254,51,24,63,86,51,87,254,0,60
2026-08-08 18:55:00+00:00,63,254,52,24,63,86,51,87,254,0,60
2026-08-08 19:55:00+00:00,64,254,52,24,64,86,52,88,254,0,60
2026-08-08 20:55:00+00:00,64,254,53,25,65,87,52,88,254,0,60
2026-08-08 21:56:00+00:00,64,254,53,25,65,87,53,88,254,0,60
2026-08-08 22:56:00+00:00,64,254,53,25,66,87,54,89,254,0,60
2026-08-08 23:56:00+00:00,65,254,55,26,68,89,55,91,254,0,60
2026-08-09 00:56:00+00:00,65,254,55,26,68,89,56,91,254,0,60
2026-08-09 01:56:00+00:00,65,254,55,26,69,90,57,91,254,0,60
2026-08-09 02:56:00+00:00,65,254,56,27,69,90,57,92,254,0,60
2026-08-09 03:56:00+00:00,65,254,56,27,70,90,58,92,254,0,60
2026-08-09 04:56:00+00:00,65,254,56,27,70,90,58,92,254,0,60
2026-08-09 05:56:00+00:00,65,254,57,27,71,91,59,93,254,0,60
2026-08-09 06:56:00+00:00,65,254,57,28,71,91,59,93,254,0,60
2026-08-09 07:56:00+00:00,65,254,57,28,71,91,60,93,254,0,60
2026-08-09 08:56:00+00:00,65,254,58,28,72,92,60,94,254,0,103
2026-08-09 09:56:00+00:00,65,254,58,28,72,92,61,94,254,0,60
2026-08-09 10:56:00+00:00,64,254,58,28,71,90,60,93,254,0,60
2026-08-09 11:56:00+00:00,64,254,58,28,71,90,61,93,254,0,60
2026-08-09 12:56:00+00:00,64,254,58,28,71,90,61,93,254,0,60
2026-08-09 13:56:00+00:00,64,254,58,29,72,91,61,94,254,0,60
2026-08-09 14:56:00+00:00,64,254,59,29,72,91,62,94,254,0,60
2026-08-09 15:56:00+00:00,63,254,59,29,73,91,62,94,254,0,60
2026-08-09 16:56:00+00:00,63,254,59,30,73,91,62,95,254,0,60
2026-08-09 17:56:00+00:00,63,254,60,30,74,92,63,95,254,0,60
2026-08-09 18:56:00+00:00,63,254,60,30,74,92,63,96,254,0,60
2026-08-09 19:56:00+00:00,64,254,61,31,74,93,64,97,254,0,60
2026-08-09 20:56:00+00:00,64,254,61,31,75,93,64,97,254,0,60
2026-08-09 21:56:00+00:00,64,254,61,31,75,94,64,98,254,0,60
2026-08-09 22:56:00+00:00,64,254,61,32,75,94,64,98,254,0,60
2026-08-09 23:56:00+00:00,65,254,62,33,77,97,66,101,254,0,60
2026-08-10 00:56:00+00:00,65,254,63,33,77,97,66,101,254,0,60
2026-08-10 01:56:00+00:00,65,254,63,34,77,98,66,102,254,0,60
2026-08-10 02:56:00+00:00,65,254,63,34,77,98,66,102,254,0,60
2026-08-10 03:56:00+00:00,65,254,63,35,77,99,66,102,254,0,60
2026-08-10 04:56:00+00:00,65,254,63,35,77,99,66,103,254,0,60
2026-08-10 05:56:00+00:00,65,254,63,36,78,100,66,103,254,0,60
2026-08-10 06:56:00+00:00,65,254,64,36,78,100,66,104,254,0,60
2026-08-10 07:56:00+00:00,65,254,64,37,78,101,66,104,254,0,60
2026-08-10 08:56:00+00:00,65,254,64,37,78,101,67,105,254,0,103
2026-08-10 09:56:00+00:00,64,254,63,37,77,100,66,103,254,0,60
2026-08-10 10:56:00+00:00,64,254,63,37,78,100,66,103,254,0,60
2026-08-10 11:56:00+00:00,64,254,64,37,78,101,66,104,254,0,60
2026-08-10 12:56:00+00:00,64,254,64,38,78,101,67,104,254,0,60
2026-08-10 13:56:00+00:00,63,254,64,38,79,101,67,105,254,0,60
2026-08-10 14:56:00+00:00,63,254,64,39,79,101,67,105,254,0,60
2026-08-10 15:56:00+00:00,63,254,65,39,80,102,68,106,254,0,60
2026-08-10 16:56:00+00:00,63,254,65,39,81,103,68,107,254,0,60
2026-08-10 17:56:00+00:00,63,254,65,40,81,103,68,107,254,0,60
2026-08-10 18:56:00+00:00,63,254,66,40,82,104,69,108,254,0,60
2026-08-10 19:56:00+00:00,63,254,66,41,82,104,69,108,254,0,60
2026-08-10 20:56:00+00:00,64,254,66,41,82,106,69,109,254,0,60
2026-08-10 21:56:00+00:00,64,254,66,42,83,106,69,110,254,0,60
2026-08-10 22:56:00+00:00,64,254,66,43,83,107,70,111,254,0,60
2026-08-10 23:56:00+00:00,64,254,66,43,83,107,69,111,254,0,60
2026-08-11 00:56:00+00:00,65,254,67,45,85,110,71,114,254,0,60
2026-08-11 01:56:00+00:00,65,254,67,46,85,111,70,114,254,0,60
2026-08-11 02:56:00+00:00,65,254,67,47,85,111,70,115,254,0,60
2026-08-11 03:56:00+00:00,65,254,67,47,85,112,70,116,254,0,60
2026-08-11 04:56:00+00:00,65,254,67,48,85,113,71,116,254,0,60
2026-08-11 05:56:00+00:00,65,254,67,49,85,114,70,117,254,0,60
2026-08-11 06:56:00+00:00,65,254,68,49,86,114,71,117,254,0,60
2026-08-11 07:56:00+00:00,65,254,68,50,86,115,71,118,254,0,60
2026-08-11 08:56:00+00:00,64,254,67,49,84,113,70,116,254,0,103
2026-08-11 09:56:00+00:00,64,254,67,50,85,113,70,116,254,0,60
2026-08-11 10:56:00+00:00,64,254,67,50,86,114,70,117,254,0,60
2026-08-11 11:56:00+00:00,64,254,67,51,86,115,71,118,254,0,60
2026-08-11 12:56:00+00:00,63,254,68,51,87,115,71,119,254,0,60
2026-08-11 13:56:00+00:00,63,254,68,51,87,116,71,119,254,0,60
2026-08-11 14:56:00+00:00,63,254,68,52,88,116,72,119,254,0,60
2026-08-11 15:56:00+00:00,63,254,68,52,88,117,72,120,254,0,60
2026-08-11 16:56:00+00:00,63,254,69,53,89,118,73,121,254,0,60
2026-08-11 17:56:00+00:00,63,254,69,53,89,119,73,122,254,0,60
2026-08-11 18:56:00+00:00,63,254,69,54,90,119,73,123,254,0,60
2026-08-11 19:56:00+00:00,63,254,69,54,90,120,74,124,254,0,60
2026-08-11 20:56:00+00:00,63,254,70,55,91,121,74,125,254,0,60
2026-08-11 21:56:00+00:00,64,254,70,55,91,122,74,126,254,0,60
2026-08-11 22:56:00+00:00,64,254,70,56,91,122,74,126,254,0,60
2026-08-11 23:56:00+00:00,64,254,70,57,91,123,74,127,254,0,60
2026-08-12 00:56:00+00:00,65,254,71,58,93,126,75,130,254,0,60
2026-08-12 01:56:00+00:00,65,254,71,59,93,127,75,131,254,0,60
2026-08-12 02:56:00+00:00,65,254,71,59,93,127,75,132,254,0,60
2026-08-12 03:56:00+00:00,65,254,71,60,93,128,75,132,254,0,60
2026-08-12 04:56:00+00:00,65,254,71,60,94,129,75,133,254,0,60
2026-08-12 05:56:00+00:00,65,254,71,61,94,130,75,134,254,0,60
2026-08-12 06:56:00+00:00,65,254,71,61,94,130,75,134,254,0,60
2026-08-12 07:56:00+00:00,65,254,71,61,94,131,75,135,254,0,60
2026-08-12 08:56:00+00:00,65,254,71,62,95,132,76,136,254,0,103
2026-08-12 09:56:00+00:00,64,254,70,61,94,130,75,134,254,0,60
2026-08-12 10:56:00+00:00,64,254,70,61,94,130,75,135,254,0,60
2026-08-12 11:56:00+00:00,64,254,70,62,95,131,75,136,254,0,60
2026-08-12 12:56:00+00:00,64,254,70,62,95,131,76,136,254,0,60
2026-08-12 13:56:00+00:00,64,254,70,62,96,132,76,137,254,0,60
2026-08-12 14:56:00+00:00,64,254,71,63,96,132,76,138,254,0,60
2026-08-12 15:56:00+00:00,64,254,71,63,97,133,77,139,254,0,60
2026-08-12 16:56:00+00:00,64,254,71,63,98,134,77,140,254,0,60
2026-08-12 17:56:00+00:00,64,254,72,64,99,135,78,141,254,0,60
2026-08-12 18:56:00+00:00,64,254,72,64,99,136,78,142,254,0,60
2026-08-12 19:56:00+00:00,64,254,72,65,100,137,78,143,254,0,60
2026-08-12 20:56:00+00:00,64,254,72,65,100,137,78,144,254,0,60
2026-08-12 21:56:00+00:00,64,254,72,65,101,138,78,145,254,0,60
2026-08-12 22:56:00+00:00,65,254,73,67,103,142,80,148,254,0,60
2026-08-12 23:56:00+00:00,65,254,73,67,104,143,80,149,254,0,60
2026-08-13 00:56:00+00:00,65,254,73,68,103,142,79,150,254,0,60
2026-08-13 01:56:00+00:00,65,254,73,68,104,143,79,151,254,0,60
2026-08-13 02:56:00+00:00,65,254,73,68,104,144,79,152,254,0,60
2026-08-13 03:56:00+00:00,65,254,73,68,104,144,79,152,254,0,60
2026-08-13 04:56:00+00:00,65,254,73,68,105,145,79,153,254,0,60
2026-08-13 05:56:00+00:00,65,254,73,69,105,146,80,154,254,0,60
2026-08-13 06:56:00+00:00,65,254,73,69,106,146,80,155,254,0,60
2026-08-13 07:56:00+00:00,65,254,73,69,106,147,80,156,254,0,60
2026-08-13 08:56:00+00:00,65,254,73,69,107,148,80,157,254,0,103
2026-08-13 09:56:00+00:00,65,254,74,69,108,148,81,158,254,0,60
2026-08-13 10:56:00+00:00,65,254,74,70,108,149,81,159,254,0,60
2026-08-13 11:56:00+00:00,64,254,73,69,107,146,80,156,254,0,60
2026-08-13 12:56:00+00:00,64,254,73,69,108,147,80,157,254,0,60
2026-08-13 13:56:00+00:00,64,254,73,69,109,147,80,157,254,0,60
2026-08-13 14:56:00+00:00,64,254,73,69,110,147,81,159,254,0,60
2026-08-13 15:56:00+00:00,64,254,74,69,110,148,81,159,254,0,60
2026-08-13 16:56:00+00:00,63,254,74,70,111,149,82,161,254,0,60
2026-08-13 17:56:00+00:00,63,254,74,70,112,149,82,162,254,0,60
2026-08-13 18:56:00+00:00,64,254,74,70,113,150,83,163,254,0,60
2026-08-13 19:56:00+00:00,64,254,75,70,114,150,83,163,254,0,60
2026-08-13 20:56:00+00:00,64,254,75,71,115,151,84,165,254,0,60
2026-08-13 21:56:00+00:00,64,254,75,71,116,152,84,166,254,0,60
2026-08-13 22:56:00+00:00,64,254,76,71,117,153,85,167,254,0,60
2026-08-13 23:56:00+00:00,64,254,76,72,118,154,85,168,254,0,60
2026-08-14 00:56:00+00:00,64,254,76,72,118,154,85,169,254,0,60
2026-08-14 01:56:00+00:00,64,254,76,72,119,154,85,169,254,0,60
2026-08-14 02:56:00+00:00,65,254,77,74,122,158,87,174,254,0,60
2026-08-14 03:56:00+00:00,65,254,77,74,122,159,87,175,254,0,60
2026-08-14 04:56:00+00:00,64,254,76,73,120,156,86,172,254,0,60
2026-08-14 05:56:00+00:00,64,254,76,73,121,156,86,173,254,0,60
2026-08-14 06:56:00+00:00,64,254,76,73,122,156,86,173,254,0,60
2026-08-14 07:56:00+00:00,64,254,76,73,123,157,87,175,254,0,60
2026-08-14 08:56:00+00:00,64,254,76,73,124,158,87,175,254,0,103
2026-08-14 09:56:00+00:00,64,254,77,74,125,158,88,176,254,0,60
2026-08-14 10:56:00+00:00,64,254,77,74,125,158,88,177,254,0,60
2026-08-14 11:56:00+00:00,64,254,77,74,126,159,88,178,254,0,60
2026-08-14 12:56:00+00:00,64,254,77,74,127,159,88,178,254,0,60
2026-08-14 13:56:00+00:00,64,254,77,74,128,159,88,179,254,0,60
2026-08-14 14:56:00+00:00,64,254,77,74,128,159,89,180,254,0,60
2026-08-14 15:56:00+00:00,64,254,77,75,130,160,89,181,254,0,60
2026-08-14 16:56:00+00:00,64,254,78,75,131,161,90,182,254,0,60
2026-08-14 17:56:00+00:00,64,254,78,75,132,162,90,183,254,0,60
2026-08-14 18:56:00+00:00,64,254,78,76,133,162,91,185,254,0,60
2026-08-14 19:56:00+00:00,64,254,78,76,134,163,91,186,254,0,60
2026-08-14 20:56:00+00:00,65,254,80,78,138,168,93,191,254,0,60
2026-08-14 21:56:00+00:00,65,254,80,78,139,169,94,193,254,0,60
2026-08-14 22:56:00+00:00,65,254,80,78,140,169,94,193,254,0,60
2026-08-14 23:56:00+00:00,66,254,80,78,140,169,94,194,254,0,60
2026-08-15 00:56:00+00:00,66,254,80,78,140,169,94,195,254,0,60
2026-08-15 01:56:00+00:00,66,254,80,78,141,170,94,195,254,0,60
2026-08-15 02:56:00+00:00,66,254,80,79,142,171,94,197,254,0,60
2026-08-15 03:56:00+00:00,66,254,80,79,142,171,94,197,254,0,60
2026-08-15 04:56:00+00:00,66,254,80,79,143,171,94,198,254,0,60
2026-08-15 05:56:00+00:00,66,254,80,79,144,172,95,199,254,0,60
2026-08-15 06:56:00+00:00,66,254,81,79,145,172,95,200,254,0,60
2026-08-15 07:56:00+00:00,66,254,81,79,146,173,96,201,254,0,60
2026-08-15 08:56:00+00:00,65,254,81,80,147,173,96,202,254,0,103
2026-08-15 09:56:00+00:00,65,254,81,80,148,174,97,203,254,0,60
2026-08-15 10:56:00+00:00,65,254,81,80,149,174,97,204,254,0,60
2026-08-15 11:56:00+00:00,65,254,81,80,150,174,98,204,254,3,60
2026-08-15 12:56:00+00:00,65,254,77,80,151,173,98,205,254,7,60
2026-08-15 13:56:00+00:00,65,254,71,80,152,172,98,205,254,0,60
2026-08-15 14:56:00+00:00,64,254,69,79,150,168,97,201,254,0,60
2026-08-15 15:56:00+00:00,64,254,69,79,150,168,97,202,254,0,60
2026-08-15 16:56:00+00:00,64,254,69,80,152,166,98,203,254,0,60
2026-08-15 17:56:00+00:00,65,254,72,81,156,173,101,209,254,0,60
2026-08-15 18:56:00+00:00,64,254,77,80,154,172,99,206,254,0,60
2026-08-15 19:56:00+00:00,65,254,81,82,159,177,102,212,254,0,60
2026-08-15 20:56:00+00:00,65,254,82,83,161,179,103,214,254,0,60
2026-08-15 21:56:00+00:00,65,254,82,83,161,179,102,214,254,0,60
2026-08-15 22:56:00+00:00,65,254,78,83,162,179,102,215,254,2,60
2026-08-15 23:56:00+00:00,65,254,77,84,162,179,102,215,254,0,60
2026-08-16 00:56:00+00:00,66,254,78,84,163,180,103,217,254,0,60
2026-08-16 01:56:00+00:00,66,254,76,84,164,179,103,217,254,0,60
2026-08-16 02:56:00+00:00,66,254,77,84,165,180,103,218,254,0,60
2026-08-16 03:56:00+00:00,66,254,77,85,166,180,103,218,254,0,60
2026-08-16 04:56:00+00:00,66,254,77,85,167,181,104,219,254,0,60
2026-08-16 05:56:00+00:00,66,254,78,85,168,181,104,220,254,0,60
2026-08-16 06:56:00+00:00,66,254,78,86,169,181,104,221,254,0,60
2026-08-16 07:56:00+00:00,65,254,78,86,170,182,105,222,254,0,60
2026-08-16 08:56:00+00:00,65,254,78,86,171,182,105,222,254,0,103
2026-08-16 09:56:00+00:00,65,254,79,86,172,182,106,223,254,0,60
2026-08-16 10:56:00+00:00,65,254,80,87,174,183,107,225,254,0,60
2026-08-16 11:56:00+00:00,65,254,80,87,175,183,107,226,254,0,60
2026-08-16 12:56:00+00:00,64,254,78,86,171,177,105,220,254,0,60
2026-08-16 13:56:00+00:00,64,254,78,86,173,178,106,221,254,0,60
2026-08-16 14:56:00+00:00,64,254,78,86,174,177,106,221,254,0,60
2026-08-16 15:56:00+00:00,64,254,79,87,175,179,107,223,254,0,60
2026-08-16 16:56:00+00:00,64,254,80,87,177,180,108,224,254,0,60
2026-08-16 17:56:00+00:00,64,254,83,88,178,181,109,224,254,0,60
2026-08-16 18:56:00+00:00,64,254,85,88,180,182,109,225,254,0,60
2026-08-16 19:56:00+00:00,64,254,86,89,180,182,110,226,254,0,60
2026-08-16 20:56:00+00:00,64,254,87,90,182,184,111,228,254,0,60
2026-08-16 21:56:00+00:00,65,254,89,92,187,188,113,234,254,0,60
2026-08-16 22:56:00+00:00,65,254,87,92,188,189,113,235,254,0,60
2026-08-16 23:56:00+00:00,65,254,89,93,188,189,113,236,254,0,60
2026-08-17 00:56:00+00:00,66,254,89,93,190,190,114,237,254,0,60
2026-08-17 01:56:00+00:00,66,254,88,93,190,190,113,237,254,0,60
2026-08-17 02:56:00+00:00,66,254,88,94,191,190,114,238,254,0,60
2026-08-17 03:56:00+00:00,66,254,87,94,191,190,114,238,254,0,60
2026-08-17 04:56:00+00:00,66,254,86,95,192,190,114,254,254,0,60
2026-08-17 05:56:00+00:00,66,254,86,95,193,191,115,254,254,0,60
2026-08-17 06:56:00+00:00,66,254,86,96,194,191,115,254,254,0,60
2026-08-17 07:56:00+00:00,66,254,86,96,194,191,116,254,254,0,60
2026-08-17 08:56:00+00:00,65,254,87,97,197,192,117,254,254,0,103
2026-08-17 09:56:00+00:00,65,254,87,97,197,192,117,254,254,0,60
2026-08-17 10:56:00+00:00,65,254,87,97,198,192,118,254,254,0,60
2026-08-17 11:56:00+00:00,65,254,88,98,200,193,119,254,254,0,60
2026-08-17 12:56:00+00:00,65,254,88,98,200,193,119,254,254,0,60
2026-08-17 13:56:00+00:00,65,254,88,99,202,193,120,254,254,0,60
2026-08-17 14:56:00+00:00,64,254,86,98,198,189,119,254,254,0,60
2026-08-17 15:56:00+00:00,64,254,86,98,200,190,119,254,254,0,60
2026-08-17 16:56:00+00:00,64,254,87,99,201,190,121,254,254,0,60
2026-08-17 17:56:00+00:00,64,254,90,100,202,191,121,254,254,0,60
2026-08-17 18:56:00+00:00,64,254,91,100,204,191,122,254,254,0,60
2026-08-17 19:56:00+00:00,64,254,90,101,204,192,123,254,254,0,60
2026-08-17 20:56:00+00:00,65,254,93,104,210,196,126,254,254,0,60
2026-08-17 21:56:00+00:00,65,254,93,104,211,197,126,254,254,0,60
2026-08-17 22:56:00+00:00,65,254,94,105,212,197,127,254,254,0,60
2026-08-17 23:56:00+00:00,65,254,92,105,212,197,127,254,254,0,60
2026-08-18 00:56:00+00:00,66,254,96,106,213,198,128,254,254,0,60
2026-08-18 01:56:00+00:00,66,254,96,107,214,199,128,254,254,0,60
2026-08-18 02:56:00+00:00,66,254,96,108,215,199,129,254,254,0,60
2026-08-18 03:56:00+00:00,66,254,96,109,216,200,129,254,254,0,60
2026-08-18 04:56:00+00:00,66,254,96,109,217,200,130,254,254,0,60
2026-08-18 05:56:00+00:00,66,254,96,110,217,200,131,254,254,0,60
2026-08-18 06:56:00+00:00,66,254,95,110,217,199,131,254,254,0,60
2026-08-18 07:56:00+00:00,66,254,95,111,219,200,132,254,254,0,60
2026-08-18 08:56:00+00:00,65,254,96,111,219,201,132,254,254,0,103
2026-08-18 09:56:00+00:00,65,254,97,112,220,201,133,254,254,0,60
2026-08-18 10:56:00+00:00,65,254,97,113,222,201,134,254,254,0,60
2026-08-18 11:56:00+00:00,65,254,96,114,222,201,135,254,254,0,60
2026-08-18 12:56:00+00:00,64,254,95,112,218,197,133,254,254,0,60
2026-08-18 13:56:00+00:00,64,254,95,113,219,196,134,254,254,0,60
2026-08-18 14:56:00+00:00,64,254,95,114,221,197,135,254,254,0,60
2026-08-18 15:56:00+00:00,64,254,96,115,222,198,136,254,254,0,60
2026-08-18 16:56:00+00:00,64,254,98,116,223,199,137,254,254,0,60
2026-08-18 17:56:00+00:00,64,254,99,116,223,199,138,254,254,0,60
2026-08-18 18:56:00+00:00,64,254,102,117,225,200,139,254,254,0,60
2026-08-18 19:56:00+00:00,64,254,103,119,227,201,140,254,254,0,60
2026-08-18 20:56:00+00:00,65,254,106,122,234,207,144,254,254,0,60
2026-08-18 21:56:00+00:00,65,254,105,123,234,206,144,254,254,0,60
2026-08-18 22:56:00+00:00,65,254,107,124,236,208,145,254,254,0,60
2026-08-18 23:56:00+00:00,66,254,105,124,236,207,145,254,254,0,60
2026-08-19 00:56:00+00:00,66,254,105,125,236,207,146,254,254,0,60
2026-08-19 01:56:00+00:00,66,254,105,126,236,208,147,254,254,0,60
2026-08-19 02:56:00+00:00,66,254,105,127,237,208,147,254,254,0,60
2026-08-19 03:56:00+00:00,66,254,106,128,238,208,148,254,254,0,60
2026-08-19 04:56:00+00:00,66,254,106,129,254,208,148,254,254,0,60
2026-08-19 05:56:00+00:00,66,254,106,129,254,208,149,254,254,0,60
2026-08-19 06:56:00+00:00,66,254,106,130,254,209,150,254,254,0,60
2026-08-19 07:56:00+00:00,66,254,107,132,254,209,151,254,254,0,60
2026-08-19 08:56:00+00:00,66,254,107,132,254,209,151,254,254,0,103
2026-08-19 09:56:00+00:00,65,254,107,133,254,209,152,254,254,0,60
2026-08-19 10:56:00+00:00,65,254,108,135,254,210,153,254,254,0,60
2026-08-19 11:56:00+00:00,65,254,108,136,254,210,154,254,254,0,60
2026-08-19 12:56:00+00:00,65,254,109,137,254,210,155,254,254,0,60
2026-08-19 13:56:00+00:00,64,254,107,135,254,206,152,254,254,0,60
2026-08-19 14:56:00+00:00,64,254,106,136,254,206,154,254,254,0,60
2026-08-19 15:56:00+00:00,64,254,107,138,254,207,155,254,254,0,60
2026-08-19 16:56:00+00:00,64,254,110,139,254,209,157,254,254,0,60
2026-08-19 17:56:00+00:00,64,254,112,140,254,209,158,254,254,0,60
2026-08-19 18:56:00+00:00,64,254,114,141,254,210,159,254,254,0,60
2026-08-19 19:56:00+00:00,64,254,116,143,254,211,161,254,254,0,60
2026-08-19 20:56:00+00:00,65,254,118,147,254,216,165,254,254,0,60
2026-08-19 21:56:00+00:00,65,254,119,148,254,217,165,254,254,0,60
2026-08-19 22:56:00+00:00,66,254,118,149,254,217,166,254,254,0,60
2026-08-19 23:56:00+00:00,66,254,118,150,254,217,167,254,254,0,60
2026-08-20 00:56:00+00:00,66,254,119,151,254,218,167,254,254,0,60
2026-08-20 01:56:00+00:00,67,254,121,155,254,224,172,254,254,0,60
2026-08-20 02:56:00+00:00,67,254,121,156,254,223,172,254,254,0,60
2026-08-20 03:56:00+00:00,67,254,121,158,254,223,173,254,254,0,60
2026-08-20 04:56:00+00:00,67,254,122,159,254,224,174,254,254,0,60
2026-08-20 05:56:00+00:00,66,254,120,157,254,219,171,254,254,0,60
2026-08-20 06:56:00+00:00,66,254,120,158,254,219,172,254,254,0,60
2026-08-20 07:57:00+00:00,66,254,120,159,254,219,172,254,254,0,60
2026-08-20 08:57:00+00:00,66,254,121,161,254,220,174,254,254,0,103
2026-08-20 09:57:00+00:00,66,254,122,162,254,219,174,254,254,0,60
2026-08-20 10:57:00+00:00,65,254,122,163,254,219,175,254,254,0,60
2026-08-20 11:57:00+00:00,65,254,123,164,254,220,176,254,254,0,60
2026-08-20 12:57:00+00:00,65,254,124,166,254,220,177,254,254,0,60
2026-08-20 13:57:00+00:00,64,254,121,164,254,215,174,254,254,0,60
2026-08-20 14:57:00+00:00,64,254,121,165,254,216,175,254,254,0,60
2026-08-20 15:57:00+00:00,64,254,122,166,254,215,176,254,254,0,60
2026-08-20 16:57:00+00:00,64,254,124,168,254,217,178,254,254,0,60
2026-08-20 17:57:00+00:00,64,254,126,170,254,218,179,254,254,0,60
2026-08-20 18:57:00+00:00,64,254,254,254,254,254,254,254,254,0,60
2026-08-20 19:12:00+00:00,64,254,3,3,10,3,3,4,254,0,60
2026-08-20 19:41:00+00:00,64,254,5,5,11,6,4,1,254,0,60
2026-08-20 20:42:00+00:00,65,254,7,7,12,6,8,11,254,0,60
2026-08-20 21:42:00+00:00,65,254,8,8,14,10,10,11,254,0,60
2026-08-20 22:42:00+00:00,65,254,8,9,20,11,12,14,254,0,60
2026-08-20 23:42:00+00:00,66,254,8,11,25,14,14,21,254,4,60
2026-08-21 00:42:00+00:00,66,254,9,14,29,18,16,21,254,0,60
2026-08-21 01:42:00+00:00,66,254,9,17,33,23,17,16,254,0,60
2026-08-21 02:42:00+00:00,66,254,9,21,35,28,18,19,254,0,60
2026-08-21 03:42:00+00:00,66,254,9,25,38,32,20,23,254,0,60
2026-08-21 04:42:00+00:00,66,254,9,29,40,36,21,29,254,0,60
2026-08-21 05:42:00+00:00,66,254,9,33,42,39,22,35,254,0,60
2026-08-21 06:42:00+00:00,66,254,9,36,44,42,23,41,254,0,60
2026-08-21 07:42:00+00:00,66,254,10,39,46,45,24,45,254,0,60
2026-08-21 08:42:00+00:00,66,254,10,42,48,48,25,49,254,0,103
2026-08-21 09:42:00+00:00,65,254,10,45,50,52,26,53,254,0,60
2026-08-21 10:42:00+00:00,65,254,10,47,52,54,27,56,254,0,60
2026-08-21 11:42:00+00:00,65,254,10,49,53,57,28,59,254,0,60
2026-08-21 12:42:00+00:00,65,254,9,52,55,60,29,62,254,0,60
2026-08-21 13:42:00+00:00,65,254,12,54,57,62,30,64,254,0,60
2026-08-21 14:42:00+00:00,64,254,15,55,57,63,31,66,254,0,60
2026-08-21 15:42:00+00:00,64,254,18,57,59,65,32,69,254,0,60
2026-08-21 16:42:00+00:00,64,254,21,59,60,67,32,71,254,0,60
2026-08-21 17:42:00+00:00,64,254,24,62,62,69,33,74,254,2,60
2026-08-21 18:42:00+00:00,64,254,26,64,64,70,34,77,254,0,60
2026-08-21 19:42:00+00:00,64,254,28,65,65,72,35,79,254,0,60
2026-08-21 20:42:00+00:00,65,254,29,68,67,75,36,83,254,0,60
2026-08-21 21:42:00+00:00,65,254,30,70,68,77,37,85,254,0,60
2026-08-21 22:42:00+00:00,65,254,30,71,69,78,37,88,254,0,60
2026-08-21 23:42:00+00:00,66,254,28,72,70,80,38,89,254,0,60
2026-08-22 00:42:00+00:00,66,254,29,74,71,81,39,91,254,0,60
2026-08-22 01:42:00+00:00,66,254,30,75,71,83,39,93,254,0,60
2026-08-22 02:42:00+00:00,66,254,31,77,72,84,40,94,254,0,60
2026-08-22 03:42:00+00:00,67,254,33,80,74,87,41,96,254,0,60
2026-08-22 04:42:00+00:00,67,254,34,82,76,90,42,100,254,0,60
2026-08-22 05:42:00+00:00,67,254,35,83,76,91,42,101,254,0,60
2026-08-22 06:42:00+00:00,67,254,35,85,76,93,43,102,254,0,60
2026-08-22 07:42:00+00:00,67,254,35,86,77,94,44,102,254,0,60
2026-08-22 08:42:00+00:00,66,254,35,86,76,94,44,102,254,0,103
2026-08-22 09:42:00+00:00,66,254,36,88,76,96,44,103,254,0,60
2026-08-22 10:42:00+00:00,66,254,36,90,77,98,45,104,254,0,60
2026-08-22 11:42:00+00:00,66,254,36,91,78,100,46,105,254,0,60
2026-08-22 12:42:00+00:00,66,254,36,93,78,101,46,107,254,0,60
2026-08-22 13:42:00+00:00,66,254,36,94,79,103,47,108,254,0,60
2026-08-22 14:42:00+00:00,66,254,37,96,80,105,48,109,254,0,60
2026-08-22 15:42:00+00:00,65,254,37,98,81,107,48,111,254,0,60
2026-08-22 16:42:00+00:00,65,254,36,99,81,109,49,113,254,0,60
2026-08-22 17:42:00+00:00,65,254,36,102,83,113,50,116,254,0,60
2026-08-22 18:42:00+00:00,65,254,36,104,84,115,51,118,254,0,60
2026-08-22 19:42:00+00:00,66,254,36,106,85,118,51,120,254,0,60
2026-08-22 20:42:00+00:00,66,254,36,107,85,119,52,121,254,0,60
2026-08-22 21:42:00+00:00,66,254,36,109,86,122,52,123,254,0,60
2026-08-22 22:42:00+00:00,66,254,36,112,86,124,53,125,254,0,60
2026-08-22 23:42:00+00:00,67,254,35,116,88,129,54,129,254,0,60
2026-08-23 00:42:00+00:00,67,254,34,117,88,131,54,130,254,0,60
2026-08-23 01:42:00+00:00,67,254,35,117,58,131,34,128,254,47,60
2026-08-23 02:42:00+00:00,68,254,11,124,10,127,18,134,254,75,60
2026-08-23 03:42:00+00:00,68,254,10,120,7,42,12,135,254,1,60
2026-08-23 04:42:00+00:00,68,254,11,113,7,24,10,137,254,2,60
2026-08-23 05:42:00+00:00,68,254,10,102,7,21,9,138,254,1,60
2026-08-23 06:42:00+00:00,67,254,10,83,8,20,7,137,254,1,60
2026-08-23 07:42:00+00:00,67,254,10,40,8,19,7,138,254,1,60
2026-08-23 08:42:00+00:00,67,254,10,24,8,20,7,140,254,1,103
2026-08-23 09:42:00+00:00,67,254,11,19,8,20,7,141,254,1,60
2026-08-23 10:42:00+00:00,67,254,11,16,8,21,7,142,254,2,60
2026-08-23 11:42:00+00:00,67,254,11,15,8,21,7,144,254,1,60
2026-08-23 12:42:00+00:00,66,254,11,14,8,21,7,142,254,1,60
2026-08-23 13:42:00+00:00,66,254,11,13,9,22,7,143,254,1,60
2026-08-23 14:42:00+00:00,66,254,10,13,9,23,8,143,254,1,60
2026-08-23 15:42:00+00:00,66,254,8,13,10,24,8,145,254,1,60
2026-08-23 16:42:00+00:00,66,254,7,13,10,24,8,148,254,0,60
2026-08-23 17:42:00+00:00,66,254,6,13,10,25,8,150,254,0,60
2026-08-23 18:42:00+00:00,66,254,6,12,10,26,9,153,254,0,60
2026-08-23 19:42:00+00:00,66,254,5,12,11,27,9,154,254,0,60
2026-08-23 20:42:00+00:00,66,254,5,12,11,28,9,155,254,0,60
2026-08-23 21:42:00+00:00,66,254,4,13,11,29,10,155,254,0,60
2026-08-23 22:42:00+00:00,67,254,4,13,12,30,10,160,254,0,60
2026-08-23 23:42:00+00:00,67,254,5,13,13,31,10,160,254,0,60
2026-08-24 00:42:00+00:00,67,254,8,13,13,32,10,160,254,0,60
2026-08-24 01:42:00+00:00,67,254,10,13,14,33,10,160,254,0,60
2026-08-24 02:42:00+00:00,67,254,10,13,14,34,10,158,254,0,60
2026-08-24 03:42:00+00:00,67,254,10,14,14,35,11,159,254,0,60
2026-08-24 04:42:00+00:00,67,254,13,14,15,36,11,160,254,0,60
2026-08-24 05:42:00+00:00,67,254,12,14,15,37,11,160,254,0,60
2026-08-24 06:42:00+00:00,67,254,12,14,15,38,11,161,254,0,60
2026-08-24 07:42:00+00:00,66,254,11,14,15,39,11,157,254,0,60
2026-08-24 08:42:00+00:00,66,254,11,14,15,40,11,158,254,0,103
2026-08-24 09:42:00+00:00,66,254,12,14,16,40,11,158,254,0,60
2026-08-24 10:42:00+00:00,66,254,12,14,16,41,11,158,254,0,60
2026-08-24 11:42:00+00:00,66,254,12,14,16,42,11,158,254,0,60
2026-08-24 12:42:00+00:00,65,254,12,14,16,43,12,158,254,0,60
2026-08-24 13:42:00+00:00,65,254,12,15,16,44,12,158,254,0,60
2026-08-24 14:42:00+00:00,65,254,13,15,17,45,12,158,254,0,60
2026-08-24 15:42:00+00:00,65,254,13,15,17,46,12,160,254,0,60
2026-08-24 16:42:00+00:00,65,254,13,15,17,47,12,161,254,0,60
2026-08-24 17:42:00+00:00,65,254,13,15,17,48,12,162,254,0,60
2026-08-24 18:42:00+00:00,65,254,13,15,18,49,12,163,254,0,60
2026-08-24 19:42:00+00:00,65,254,14,15,18,49,13,162,254,0,60
2026-08-24 20:42:00+00:00,65,254,14,16,18,50,13,162,254,0,60
2026-08-24 21:42:00+00:00,65,254,14,16,19,51,13,163,254,0,60
2026-08-24 22:42:00+00:00,66,254,15,16,19,52,13,160,254,0,60
2026-08-24 23:42:00+00:00,66,254,15,16,19,53,13,163,254,0,60
