Timestamp,Soil Temp,Air Temp,SM1,SM2,SM3,SM4,SM5,SM6,Switch,Rain,Batt
2021-03-17 14:17:00+00:00,254,254,244,244,244,244,244,244,254,0,60
2024-04-24 17:14:00+00:00,254,254,244,244,244,244,244,244,254,0,60
2024-05-31 00:16:00+00:00,254,254,244,244,244,244,244,244,254,0,63
2024-05-31 01:17:00+00:00,254,254,244,244,244,244,244,244,254,0,63
2024-05-31 02:17:00+00:00,254,254,244,244,244,244,244,244,254,0,63
2024-05-31 03:17:00+00:00,254,254,244,244,244,244,244,244,254,0,63
2024-05-31 04:17:00+00:00,254,254,244,244,244,244,244,244,254,0,63
2024-05-31 05:17:00+00:00,254,254,244,244,244,244,244,244,254,0,63
2024-05-31 06:17:00+00:00,254,254,244,244,244,244,244,244,254,0,63
2024-05-31 07:17:00+00:00,254,254,244,244,244,244,244,244,254,0,63
2024-05-31 08:17:00+00:00,254,254,244,244,244,244,244,244,254,0,103
2024-05-31 09:17:00+00:00,254,254,244,244,244,244,244,244,254,0,63
2024-05-31 10:17:00+00:00,254,254,244,244,244,244,244,244,254,0,63
2024-05-31 11:17:00+00:00,254,254,244,244,244,244,244,244,254,0,63
2024-05-31 12:17:00+00:00,254,254,244,244,244,244,244,244,254,0,63
2024-05-31 13:17:00+00:00,254,254,244,244,244,244,244,244,254,0,63
2024-05-31 14:17:00+00:00,254,254,244,244,244,244,244,244,254,3,63
2024-05-31 15:17:00+00:00,254,254,244,244,244,244,244,244,254,1,63
2024-05-31 16:17:00+00:00,254,254,244,244,244,244,244,244,254,0,63
2024-05-31 17:17:00+00:00,254,254,244,244,244,244,244,244,254,0,63
2024-05-31 18:17:00+00:00,254,254,244,244,244,244,244,244,254,0,63
2024-05-31 19:17:00+00:00,254,254,244,244,244,244,244,244,254,5,63
2024-05-31 19:26:00+00:00,60,254,253,251,7,251,2,251,254,0,63
2024-05-31 19:32:00+00:00,57,254,15,5,12,255,8,0,254,0,63
2024-05-31 19:36:00+00:00,57,254,18,7,14,1,10,2,254,0,63
2024-05-31 20:37:00+00:00,58,254,23,17,18,17,14,14,254,0,63
2024-05-31 21:37:00+00:00,59,254,24,20,19,20,14,16,254,0,63
2024-05-31 22:37:00+00:00,60,254,22,21,18,21,13,17,254,0,63
2024-05-31 23:37:00+00:00,62,254,21,22,18,22,14,17,254,0,63
2024-06-01 00:37:00+00:00,63,254,21,23,18,23,14,17,254,0,63
2024-06-01 01:37:00+00:00,63,254,21,23,18,23,14,18,254,0,63
2024-06-01 02:37:00+00:00,63,254,22,24,19,24,15,19,254,0,63
2024-06-01 03:37:00+00:00,63,254,21,24,18,24,14,18,254,0,63
2024-06-01 04:37:00+00:00,63,254,20,23,17,23,14,17,254,0,63
2024-06-01 05:37:00+00:00,62,254,20,22,17,23,14,17,254,0,63
2024-06-01 06:37:00+00:00,61,254,20,22,17,22,13,17,254,0,63
2024-06-01 07:37:00+00:00,60,254,20,22,17,22,13,17,254,0,63
2024-06-01 08:37:00+00:00,60,254,20,22,17,22,14,17,254,0,103
2024-06-01 09:37:00+00:00,59,254,20,22,17,22,14,17,254,0,63
2024-06-01 10:37:00+00:00,58,254,20,22,17,22,14,17,254,0,63
2024-06-01 11:37:00+00:00,57,254,20,22,18,22,14,17,254,0,63
2024-06-01 12:37:00+00:00,56,254,20,22,18,22,14,17,254,0,63
2024-06-01 13:37:00+00:00,56,254,20,21,18,22,14,16,254,0,63
2024-06-01 14:37:00+00:00,55,254,19,21,18,21,13,16,254,0,63
2024-06-01 15:37:00+00:00,55,254,19,20,17,21,13,16,254,0,63
2024-06-01 16:37:00+00:00,56,254,19,21,18,22,14,16,254,0,63
2024-06-01 17:37:00+00:00,57,254,20,21,18,21,13,16,254,0,63
2024-06-01 18:37:00+00:00,58,254,19,20,19,21,13,16,254,0,63
2024-06-01 19:37:00+00:00,59,254,21,22,20,23,14,17,254,0,63
2024-06-01 20:37:00+00:00,61,254,21,21,20,23,15,17,254,0,63
2024-06-01 21:37:00+00:00,62,254,22,21,21,22,14,17,254,0,62
2024-06-01 22:37:00+00:00,64,254,22,22,21,22,15,18,254,0,62
2024-06-01 23:37:00+00:00,65,254,23,24,23,25,16,20,254,0,62
2024-06-02 00:37:00+00:00,66,254,23,24,20,24,16,19,254,0,63
2024-06-02 01:37:00+00:00,66,254,24,23,21,24,16,18,254,0,63
2024-06-02 02:37:00+00:00,66,254,24,24,21,24,16,19,254,0,63
2024-06-02 03:37:00+00:00,66,254,24,23,21,24,16,18,254,0,63
2024-06-02 04:37:00+00:00,66,254,24,23,21,23,16,18,254,0,63
2024-06-02 05:37:00+00:00,65,254,23,23,21,23,16,18,254,0,63
2024-06-02 06:37:00+00:00,64,254,23,22,20,23,15,18,254,0,63
2024-06-02 07:37:00+00:00,64,254,23,22,21,23,16,18,254,0,63
2024-06-02 08:37:00+00:00,63,254,24,22,21,23,16,18,254,0,103
2024-06-02 09:37:00+00:00,63,254,24,22,21,23,16,18,254,0,63
2024-06-02 10:37:00+00:00,62,254,24,22,21,23,16,18,254,0,63
2024-06-02 11:37:00+00:00,61,254,24,22,21,23,16,18,254,0,63
2024-06-02 12:37:00+00:00,61,254,24,22,21,23,16,18,254,0,63
2024-06-02 13:37:00+00:00,60,254,24,22,21,23,16,18,254,0,63
2024-06-02 14:37:00+00:00,60,254,24,21,21,22,15,17,254,0,63
2024-06-02 15:37:00+00:00,59,254,24,22,22,22,16,18,254,0,63
2024-06-02 16:37:00+00:00,59,254,25,22,22,23,16,18,254,0,63
2024-06-02 17:37:00+00:00,60,254,25,22,23,22,16,18,254,0,63
2024-06-02 18:37:00+00:00,61,254,24,20,22,21,15,17,254,0,63
2024-06-02 19:37:00+00:00,62,254,26,22,24,23,16,18,254,0,62
2024-06-02 20:37:00+00:00,63,254,27,22,25,23,17,18,254,0,62
2024-06-02 21:37:00+00:00,64,254,28,23,27,24,18,19,254,0,62
2024-06-02 22:37:00+00:00,65,254,29,24,27,24,18,19,254,0,62
2024-06-02 23:37:00+00:00,66,254,28,21,26,22,16,18,254,0,62
2024-06-03 00:37:00+00:00,66,254,30,24,29,25,19,20,254,0,62
2024-06-03 01:37:00+00:00,67,254,30,24,28,25,18,20,254,0,62
2024-06-03 02:37:00+00:00,67,254,30,24,28,24,18,19,254,0,62
2024-06-03 03:37:00+00:00,67,254,31,24,28,24,19,19,254,0,62
2024-06-03 04:37:00+00:00,66,254,31,24,27,24,19,19,254,0,63
2024-06-03 05:37:00+00:00,66,254,30,23,26,24,18,19,254,0,63
2024-06-03 06:37:00+00:00,65,254,30,23,26,24,18,19,254,0,63
2024-06-03 07:37:00+00:00,65,254,30,23,25,23,18,19,254,0,63
2024-06-03 08:37:00+00:00,64,254,30,23,25,23,18,19,254,0,103
2024-06-03 09:37:00+00:00,63,254,30,23,26,23,18,19,254,0,63
2024-06-03 10:37:00+00:00,63,254,31,23,26,23,19,19,254,0,63
2024-06-03 11:37:00+00:00,63,254,31,23,26,23,19,19,254,0,63
2024-06-03 12:37:00+00:00,62,254,31,23,26,24,19,19,254,0,63
2024-06-03 13:37:00+00:00,62,254,31,23,26,23,19,19,254,0,63
2024-06-03 14:37:00+00:00,62,254,31,23,26,23,19,19,254,0,63
2024-06-03 15:37:00+00:00,61,254,32,23,27,24,19,19,254,0,63
2024-06-03 16:37:00+00:00,61,254,32,23,27,23,19,19,254,2,63
2024-06-03 17:37:00+00:00,61,254,32,23,27,23,19,19,254,0,62
2024-06-03 18:37:00+00:00,61,254,32,23,27,23,19,19,254,0,62
2024-06-03 19:37:00+00:00,61,254,32,23,27,24,20,19,254,0,62
2024-06-03 20:37:00+00:00,62,254,32,23,27,23,19,19,254,0,62
2024-06-03 21:37:00+00:00,62,254,34,25,29,25,21,20,254,1,62
2024-06-03 22:37:00+00:00,62,254,33,22,28,23,19,18,254,0,62
2024-06-03 23:37:00+00:00,63,254,34,23,29,24,20,19,254,0,62
2024-06-04 00:37:00+00:00,63,254,35,23,30,24,20,19,254,0,62
2024-06-04 01:37:00+00:00,63,254,36,25,29,25,22,21,254,0,62
2024-06-04 02:37:00+00:00,63,254,36,25,29,25,22,21,254,0,62
2024-06-04 03:37:00+00:00,63,254,37,25,29,25,22,21,254,0,62
2024-06-04 04:37:00+00:00,63,254,36,24,29,25,22,20,254,0,62
2024-06-04 05:37:00+00:00,63,254,36,24,29,24,21,20,254,0,62
2024-06-04 06:37:00+00:00,62,254,36,24,29,24,22,20,254,0,62
2024-06-04 07:37:00+00:00,62,254,36,24,29,24,22,20,254,0,62
2024-06-04 08:38:00+00:00,61,254,36,24,30,24,22,20,254,0,103
2024-06-04 09:38:00+00:00,61,254,36,24,22,24,22,20,254,0,62
2024-06-04 10:38:00+00:00,60,254,37,24,26,24,22,20,254,0,62
2024-06-04 11:38:00+00:00,60,254,37,24,18,25,22,20,254,0,62
2024-06-04 12:38:00+00:00,59,254,37,24,23,24,22,20,254,0,62
2024-06-04 13:38:00+00:00,59,254,36,23,25,24,22,19,254,0,62
2024-06-04 14:38:00+00:00,58,254,36,23,27,23,22,19,254,0,62
2024-06-04 15:38:00+00:00,58,254,37,23,28,24,22,20,254,0,62
2024-06-04 16:38:00+00:00,58,254,38,24,29,24,23,20,254,0,62
2024-06-04 17:38:00+00:00,59,254,38,24,30,24,23,20,254,0,62
2024-06-04 18:38:00+00:00,59,254,39,23,31,23,23,20,254,0,62
2024-06-04 19:38:00+00:00,60,254,39,23,19,24,23,20,254,0,62
2024-06-04 20:38:00+00:00,61,254,40,24,20,24,24,20,254,0,62
2024-06-04 21:38:00+00:00,62,254,42,24,25,25,25,20,254,0,62
2024-06-04 22:38:00+00:00,63,254,42,25,19,25,25,21,254,0,62
2024-06-04 23:38:00+00:00,64,254,43,25,24,25,25,21,254,0,62
2024-06-05 00:38:00+00:00,65,254,44,25,14,25,26,21,254,0,62
2024-06-05 01:38:00+00:00,65,254,45,26,20,26,27,21,254,0,62
2024-06-05 02:38:00+00:00,66,254,46,27,17,27,29,23,254,0,62
2024-06-05 03:38:00+00:00,66,254,47,26,20,27,29,22,254,0,62
2024-06-05 04:38:00+00:00,66,254,47,26,18,26,29,22,254,0,62
2024-06-05 05:38:00+00:00,65,254,47,25,17,26,28,21,254,0,62
2024-06-05 06:38:00+00:00,65,254,47,25,20,26,28,21,254,0,62
2024-06-05 07:38:00+00:00,64,254,46,25,20,26,28,21,254,0,62
2024-06-05 08:38:00+00:00,63,254,46,25,13,25,27,21,254,0,103
2024-06-05 09:38:00+00:00,63,254,46,25,13,25,27,21,254,0,62
2024-06-05 10:41:00+00:00,62,254,46,25,16,25,28,21,254,0,62
2024-06-05 11:41:00+00:00,61,254,46,25,18,25,28,21,254,0,62
2024-06-05 12:44:00+00:00,61,254,46,25,19,24,27,21,254,0,62
2024-06-05 13:44:00+00:00,60,254,44,24,19,24,26,20,254,0,62
2024-06-05 14:44:00+00:00,60,254,44,24,19,24,26,20,254,0,62
2024-06-05 15:44:00+00:00,60,254,45,24,20,24,27,20,254,0,62
2024-06-05 16:44:00+00:00,60,254,45,24,22,24,28,20,254,0,62
2024-06-05 17:44:00+00:00,61,254,47,24,17,25,29,21,254,0,62
2024-06-05 18:44:00+00:00,62,254,48,25,17,25,30,21,254,0,62
2024-06-05 19:44:00+00:00,63,254,49,25,17,25,31,21,254,0,62
2024-06-05 20:44:00+00:00,64,254,50,25,16,26,32,21,254,0,62
2024-06-05 21:44:00+00:00,65,254,51,26,16,26,33,22,254,0,62
2024-06-05 22:44:00+00:00,66,254,52,26,15,27,33,22,254,0,62
2024-06-05 23:44:00+00:00,66,254,53,27,18,27,34,22,254,0,62
2024-06-06 00:44:00+00:00,67,254,55,29,19,29,37,24,254,0,62
2024-06-06 01:44:00+00:00,68,254,57,29,14,29,38,24,254,3,62
2024-06-06 02:44:00+00:00,68,254,58,28,18,28,39,24,254,4,62
2024-06-06 03:44:00+00:00,67,254,58,28,20,27,38,24,254,0,62
2024-06-06 04:44:00+00:00,66,254,58,27,17,27,37,23,254,0,62
2024-06-06 05:44:00+00:00,65,254,58,27,16,27,37,23,254,1,62
2024-06-06 06:44:00+00:00,65,254,58,27,13,26,36,23,254,0,62
2024-06-06 07:44:00+00:00,64,254,58,26,13,26,36,23,254,1,62
2024-06-06 08:44:00+00:00,63,254,58,26,15,26,36,23,254,0,103
2024-06-06 09:44:00+00:00,62,254,58,26,17,26,36,23,254,0,62
2024-06-06 10:44:00+00:00,61,254,58,26,18,27,36,23,254,0,62
2024-06-06 11:44:00+00:00,60,254,58,26,18,26,36,23,254,0,62
2024-06-06 12:44:00+00:00,60,254,58,26,13,26,35,23,254,0,62
2024-06-06 13:44:00+00:00,59,254,56,25,13,24,34,22,254,2,62
2024-06-06 14:44:00+00:00,59,254,56,26,14,25,34,22,254,11,62
2024-06-06 15:44:00+00:00,59,254,56,26,15,25,35,22,254,10,62
2024-06-06 16:44:00+00:00,59,254,56,25,16,25,35,22,254,11,62
2024-06-06 17:44:00+00:00,61,254,55,26,17,26,35,22,254,8,62
2024-06-06 18:44:00+00:00,62,254,56,26,18,26,29,22,254,8,62
2024-06-06 19:44:00+00:00,63,254,56,27,18,26,4,23,254,9,62
2024-06-06 20:44:00+00:00,65,254,57,27,18,26,4,23,254,6,62
2024-06-06 21:44:00+00:00,66,254,57,27,16,26,3,22,254,13,62
2024-06-06 22:44:00+00:00,67,254,58,28,10,27,3,20,254,14,62
2024-06-06 23:44:00+00:00,68,254,57,28,3,27,4,13,254,16,62
2024-06-07 00:44:00+00:00,69,254,44,28,2,26,4,8,254,10,62
2024-06-07 01:44:00+00:00,69,254,5,26,2,22,4,6,254,0,62
2024-06-07 02:44:00+00:00,68,254,5,26,2,20,4,6,254,7,62
2024-06-07 03:44:00+00:00,68,254,5,21,2,17,4,5,254,4,62
2024-06-07 04:44:00+00:00,67,254,5,14,2,15,4,5,254,1,62
2024-06-07 05:44:00+00:00,67,254,5,9,2,13,4,6,254,3,62
2024-06-07 06:44:00+00:00,66,254,5,8,2,12,4,6,254,3,62
2024-06-07 07:44:00+00:00,66,254,5,7,2,12,5,6,254,2,62
2024-06-07 08:44:00+00:00,65,254,5,6,2,11,5,6,254,0,103
2024-06-07 09:44:00+00:00,65,254,5,6,2,11,5,6,254,1,62
2024-06-07 10:44:00+00:00,64,254,5,6,2,11,5,7,254,2,62
2024-06-07 11:44:00+00:00,64,254,5,6,2,10,5,7,254,0,62
2024-06-07 12:44:00+00:00,63,254,5,6,2,9,6,7,254,2,62
2024-06-07 13:44:00+00:00,63,254,5,6,1,9,7,6,254,0,62
2024-06-07 14:44:00+00:00,63,254,6,6,2,8,6,6,254,0,62
2024-06-07 15:44:00+00:00,63,254,6,6,2,9,6,7,254,0,62
2024-06-07 16:44:00+00:00,63,254,6,7,3,10,6,7,254,0,62
2024-06-07 17:44:00+00:00,64,254,6,7,2,9,6,7,254,0,62
2024-06-07 18:44:00+00:00,65,254,7,8,3,10,7,7,254,0,62
2024-06-07 19:44:00+00:00,66,254,7,8,3,10,7,8,254,0,62
2024-06-07 20:44:00+00:00,67,254,7,9,3,10,7,8,254,0,62
2024-06-07 21:44:00+00:00,68,254,8,10,4,11,8,9,254,0,61
2024-06-07 22:44:00+00:00,69,254,8,9,4,12,7,9,254,0,61
2024-06-07 23:44:00+00:00,69,254,8,10,4,11,8,9,254,0,62
2024-06-08 00:44:00+00:00,70,254,8,10,5,12,9,10,254,0,62
2024-06-08 01:44:00+00:00,70,254,9,11,6,12,9,11,254,0,62
2024-06-08 02:44:00+00:00,70,254,9,11,6,12,9,10,254,0,62
2024-06-08 03:44:00+00:00,69,254,9,11,6,12,9,10,254,0,62
2024-06-08 04:44:00+00:00,69,254,9,11,5,12,9,10,254,0,62
2024-06-08 05:44:00+00:00,68,254,9,11,5,12,9,10,254,0,62
2024-06-08 06:44:00+00:00,67,254,9,11,6,12,9,10,254,0,62
2024-06-08 07:44:00+00:00,66,254,9,11,6,12,9,10,254,0,62
2024-06-08 08:44:00+00:00,66,254,9,11,6,13,9,11,254,0,103
2024-06-08 09:44:00+00:00,65,254,9,11,6,13,10,11,254,0,62
2024-06-08 10:44:00+00:00,64,254,9,12,6,13,10,11,254,0,62
2024-06-08 11:44:00+00:00,64,254,9,12,6,13,10,11,254,0,62
2024-06-08 12:44:00+00:00,63,254,9,12,6,13,10,11,254,0,62
2024-06-08 13:44:00+00:00,63,254,9,11,5,12,10,10,254,0,62
2024-06-08 14:44:00+00:00,62,254,10,12,5,13,10,11,254,0,62
2024-06-08 15:44:00+00:00,62,254,10,11,5,12,10,11,254,0,62
2024-06-08 16:44:00+00:00,63,254,10,12,6,13,11,11,254,0,62
2024-06-08 17:44:00+00:00,63,254,11,12,7,13,11,11,254,0,61
2024-06-08 18:44:00+00:00,64,254,11,13,7,14,11,12,254,0,61
2024-06-08 19:44:00+00:00,65,254,12,12,7,13,12,11,254,0,61
2024-06-08 20:44:00+00:00,66,254,12,13,7,13,12,12,254,0,61
2024-06-08 21:44:00+00:00,66,254,13,14,8,14,14,12,254,0,61
2024-06-08 22:44:00+00:00,67,254,14,14,8,14,13,12,254,0,61
2024-06-08 23:44:00+00:00,68,254,14,14,9,15,14,13,254,0,61
2024-06-09 00:44:00+00:00,68,254,15,14,11,15,15,13,254,0,61
2024-06-09 01:44:00+00:00,69,254,15,14,12,16,15,13,254,0,61
2024-06-09 02:44:00+00:00,69,254,15,15,13,16,15,14,254,0,61
2024-06-09 03:44:00+00:00,69,254,15,15,14,17,14,14,254,0,61
2024-06-09 04:44:00+00:00,69,254,15,15,14,16,14,13,254,0,62
2024-06-09 05:44:00+00:00,69,254,15,15,14,16,14,13,254,0,62
2024-06-09 06:44:00+00:00,68,254,15,15,13,16,14,13,254,0,62
2024-06-09 07:44:00+00:00,68,254,15,14,13,15,14,13,254,0,62
2024-06-09 08:44:00+00:00,67,254,16,15,13,16,14,13,254,0,103
2024-06-09 09:44:00+00:00,67,254,16,15,13,16,14,13,254,0,62
2024-06-09 10:44:00+00:00,66,254,16,15,13,16,14,13,254,0,62
2024-06-09 11:44:00+00:00,66,254,16,15,13,16,15,13,254,0,62
2024-06-09 12:44:00+00:00,65,254,16,15,13,16,15,14,254,0,62
2024-06-09 13:44:00+00:00,65,254,16,14,13,15,14,13,254,0,62
2024-06-09 14:44:00+00:00,64,254,16,13,11,14,14,13,254,0,62
2024-06-09 15:44:00+00:00,64,254,16,13,11,14,15,13,254,0,61
2024-06-09 16:44:00+00:00,65,254,17,14,12,16,17,13,254,0,61
2024-06-09 17:44:00+00:00,65,254,18,15,12,16,17,13,254,0,61
2024-06-09 18:44:00+00:00,66,254,19,17,13,17,19,14,254,0,61
2024-06-09 19:44:00+00:00,67,254,20,17,14,17,20,15,254,0,61
2024-06-09 20:44:00+00:00,68,254,21,17,15,18,21,15,254,0,61
2024-06-09 21:44:00+00:00,68,254,21,17,17,18,21,15,254,0,61
2024-06-09 22:44:00+00:00,68,254,22,17,18,18,20,15,254,0,61
2024-06-09 23:44:00+00:00,68,254,22,17,18,18,19,15,254,1,62
2024-06-10 00:44:00+00:00,68,254,21,17,19,18,19,15,254,1,62
2024-06-10 01:44:00+00:00,67,254,21,16,19,17,19,15,254,0,62
2024-06-10 02:44:00+00:00,67,254,22,16,19,17,19,15,254,0,62
2024-06-10 03:44:00+00:00,67,254,22,17,20,18,19,15,254,0,62
2024-06-10 04:44:00+00:00,66,254,22,16,20,17,19,15,254,0,62
2024-06-10 05:44:00+00:00,66,254,22,17,20,18,19,15,254,0,62
2024-06-10 06:44:00+00:00,65,254,22,16,20,17,19,15,254,0,62
2024-06-10 07:44:00+00:00,65,254,22,17,20,18,19,15,254,0,62
2024-06-10 08:44:00+00:00,64,254,22,17,20,17,19,15,254,0,103
2024-06-10 09:44:00+00:00,64,254,23,17,21,18,19,15,254,0,62
2024-06-10 10:44:00+00:00,63,254,23,17,21,18,20,15,254,0,62
2024-06-10 11:44:00+00:00,63,254,23,17,21,18,20,15,254,0,62
2024-06-10 12:44:00+00:00,62,254,23,17,21,18,19,15,254,0,62
2024-06-10 13:44:00+00:00,62,254,23,16,21,17,19,15,254,0,62
2024-06-10 14:44:00+00:00,62,254,23,17,20,17,20,15,254,0,62
2024-06-10 15:44:00+00:00,62,254,24,17,20,17,21,15,254,0,61
2024-06-10 16:44:00+00:00,62,254,25,17,21,17,22,15,254,0,61
2024-06-10 17:44:00+00:00,62,254,26,17,21,18,23,15,254,0,61
2024-06-10 18:44:00+00:00,63,254,27,18,21,18,25,15,254,0,61
2024-06-10 19:44:00+00:00,63,254,28,18,21,18,27,15,254,0,61
2024-06-10 20:44:00+00:00,64,254,30,19,22,19,28,16,254,0,61
2024-06-10 21:44:00+00:00,65,254,32,19,22,19,30,16,254,0,61
2024-06-10 22:44:00+00:00,65,254,34,19,23,20,30,16,254,0,61
2024-06-10 23:44:00+00:00,66,254,35,20,24,20,32,16,254,0,61
2024-06-11 00:44:00+00:00,67,254,36,20,25,20,33,17,254,0,61
2024-06-11 01:44:00+00:00,67,254,38,21,26,21,35,17,254,0,61
2024-06-11 02:44:00+00:00,67,254,40,21,28,21,36,18,254,0,61
2024-06-11 03:44:00+00:00,67,254,42,21,30,22,36,18,254,0,61
2024-06-11 04:44:00+00:00,67,254,41,20,30,21,34,17,254,0,62
2024-06-11 05:44:00+00:00,66,254,41,20,31,20,33,17,254,0,62
2024-06-11 06:44:00+00:00,66,254,41,20,29,20,33,17,254,0,62
2024-06-11 07:44:00+00:00,65,254,41,20,23,20,32,17,254,0,62
2024-06-11 08:44:00+00:00,65,254,41,20,17,20,32,17,254,0,103
2024-06-11 09:44:00+00:00,64,254,41,20,17,20,32,17,254,0,62
2024-06-11 10:44:00+00:00,63,254,42,20,18,20,32,17,254,0,62
2024-06-11 11:44:00+00:00,63,254,42,20,19,20,32,17,254,0,62
2024-06-11 12:44:00+00:00,62,254,42,20,19,20,32,17,254,0,62
2024-06-11 13:44:00+00:00,62,254,41,19,19,19,30,16,254,0,62
2024-06-11 14:44:00+00:00,62,254,41,18,19,18,14,16,254,0,61
2024-06-11 15:44:00+00:00,62,254,41,17,20,18,26,16,254,0,61
2024-06-11 16:44:00+00:00,62,254,42,20,21,20,31,16,254,0,61
2024-06-11 17:44:00+00:00,63,254,43,21,22,21,33,17,254,0,61
2024-06-11 18:44:00+00:00,64,254,45,21,23,21,35,17,254,0,61
2024-06-11 19:44:00+00:00,65,254,48,23,24,22,38,17,254,0,61
2024-06-11 20:44:00+00:00,65,254,50,24,25,22,40,17,254,0,61
2024-06-11 21:44:00+00:00,66,254,52,25,26,23,42,18,254,0,61
2024-06-11 22:44:00+00:00,67,254,54,25,27,23,43,18,254,0,61
2024-06-11 23:44:00+00:00,68,254,56,26,28,24,46,19,254,0,61
2024-06-12 00:44:00+00:00,69,254,57,26,28,24,48,18,254,0,61
2024-06-12 01:44:00+00:00,69,254,59,28,30,25,50,19,254,0,61
2024-06-12 02:44:00+00:00,70,254,61,29,32,26,52,21,254,0,61
2024-06-12 03:44:00+00:00,70,254,63,28,33,26,51,21,254,0,61
2024-06-12 04:44:00+00:00,70,254,63,27,29,25,49,20,254,0,61
2024-06-12 05:44:00+00:00,69,254,64,25,22,25,47,19,254,0,61
2024-06-12 06:44:00+00:00,69,254,64,25,19,24,45,19,254,0,61
2024-06-12 07:44:00+00:00,68,254,64,24,18,24,44,19,254,0,61
2024-06-12 08:44:00+00:00,68,254,64,24,19,23,43,19,254,0,103
2024-06-12 09:44:00+00:00,67,254,65,24,20,23,42,19,254,0,61
2024-06-12 10:44:00+00:00,66,254,65,23,20,23,41,19,254,0,61
2024-06-12 11:44:00+00:00,66,254,65,23,21,23,41,19,254,0,61
2024-06-12 12:44:00+00:00,65,254,65,23,22,23,41,19,254,0,61
2024-06-12 13:44:00+00:00,65,254,64,22,22,22,40,19,254,0,61
2024-06-12 14:44:00+00:00,64,254,64,23,23,22,42,19,254,0,61
2024-06-12 15:44:00+00:00,64,254,64,25,24,23,44,19,254,0,61
2024-06-12 16:44:00+00:00,64,254,64,26,24,23,47,19,254,0,61
2024-06-12 17:44:00+00:00,64,254,64,27,25,24,48,19,254,0,61
2024-06-12 18:44:00+00:00,65,254,65,28,26,24,50,19,254,0,61
2024-06-12 19:44:00+00:00,65,254,65,29,26,25,52,19,254,0,61
2024-06-12 20:44:00+00:00,66,254,66,31,26,26,54,20,254,0,61
2024-06-12 21:44:00+00:00,67,254,66,32,26,27,56,20,254,0,61
2024-06-12 22:44:00+00:00,67,254,67,33,21,28,57,21,254,0,61
2024-06-12 23:44:00+00:00,68,254,68,34,16,29,59,21,254,0,61
2024-06-13 00:44:00+00:00,69,254,69,35,15,29,61,22,254,0,61
2024-06-13 01:44:00+00:00,69,254,70,37,15,30,63,22,254,0,61
2024-06-13 02:44:00+00:00,70,254,71,38,16,31,66,24,254,0,61
2024-06-13 03:44:00+00:00,70,254,72,37,17,31,67,24,254,0,61
2024-06-13 04:44:00+00:00,69,254,73,35,17,30,67,23,254,0,61
2024-06-13 05:44:00+00:00,69,254,73,33,18,29,67,22,254,0,61
2024-06-13 06:44:00+00:00,69,254,73,32,18,28,67,22,254,0,61
2024-06-13 07:44:00+00:00,68,254,73,30,18,27,66,22,254,0,61
2024-06-13 08:44:00+00:00,67,254,74,30,19,27,66,22,254,0,103
2024-06-13 09:44:00+00:00,67,254,74,29,19,27,66,22,254,0,61
2024-06-13 10:44:00+00:00,66,254,74,29,19,27,66,22,254,0,61
2024-06-13 11:44:00+00:00,65,254,74,28,19,26,66,21,254,0,61
2024-06-13 12:44:00+00:00,64,254,74,28,20,26,65,21,254,0,61
2024-06-13 13:44:00+00:00,64,254,74,27,19,25,64,21,254,0,61
2024-06-13 14:44:00+00:00,64,254,73,25,19,24,62,20,254,0,61
2024-06-13 15:44:00+00:00,63,254,72,26,18,24,60,20,254,0,61
2024-06-13 16:44:00+00:00,64,254,72,29,18,26,60,21,254,0,61
2024-06-13 17:44:00+00:00,64,254,72,31,17,27,59,21,254,0,61
2024-06-13 18:44:00+00:00,65,254,71,34,17,28,60,21,254,0,61
2024-06-13 19:44:00+00:00,65,254,71,37,16,29,60,22,254,0,61
2024-06-13 20:44:00+00:00,66,254,71,40,16,30,61,22,254,0,61
2024-06-13 21:44:00+00:00,67,254,72,43,16,31,63,23,254,0,61
2024-06-13 22:44:00+00:00,68,254,72,44,16,32,63,23,254,0,61
2024-06-13 23:44:00+00:00,69,254,72,45,16,33,64,24,254,0,61
2024-06-14 00:44:00+00:00,69,254,73,47,16,35,66,25,254,0,61
2024-06-14 01:44:00+00:00,70,254,74,50,17,32,71,28,254,14,61
2024-06-14 02:44:00+00:00,71,254,75,50,18,29,72,27,254,14,61
2024-06-14 03:44:00+00:00,71,254,75,48,18,28,73,25,254,15,61
2024-06-14 04:44:00+00:00,70,254,75,45,18,27,73,24,254,14,61
2024-06-14 05:44:00+00:00,70,254,75,43,19,27,73,24,254,16,61
2024-06-14 06:44:00+00:00,69,254,76,41,19,27,73,24,254,19,61
2024-06-14 07:44:00+00:00,68,254,76,39,20,27,73,24,254,16,61
2024-06-14 08:45:00+00:00,68,254,74,36,19,26,73,23,254,16,103
2024-06-14 09:45:00+00:00,67,254,70,4,20,26,73,23,254,13,61
2024-06-14 10:45:00+00:00,66,254,55,4,20,26,73,21,254,16,61
2024-06-14 11:45:00+00:00,66,254,8,4,18,26,69,17,254,13,61
2024-06-14 12:45:00+00:00,65,254,4,4,12,24,4,12,254,2,61
2024-06-14 13:45:00+00:00,65,254,4,4,6,20,4,9,254,0,61
2024-06-14 14:45:00+00:00,64,254,5,4,3,17,4,8,254,0,61
2024-06-14 15:45:00+00:00,64,254,5,5,2,14,5,7,254,0,61
2024-06-14 16:45:00+00:00,64,254,6,5,2,13,5,8,254,0,61
2024-06-14 17:45:00+00:00,64,254,6,6,2,13,6,8,254,0,61
2024-06-14 18:45:00+00:00,64,254,6,6,2,12,6,8,254,0,61
2024-06-14 19:45:00+00:00,64,254,7,7,2,12,7,8,254,0,61
2024-06-14 20:45:00+00:00,64,254,8,7,3,13,7,9,254,0,61
2024-06-14 21:45:00+00:00,65,254,8,8,4,13,8,10,254,0,61
2024-06-14 22:45:00+00:00,65,254,9,9,4,13,9,10,254,0,61
2024-06-14 23:45:00+00:00,65,254,9,9,4,14,9,10,254,0,61
2024-06-15 00:45:00+00:00,66,254,10,10,5,14,10,10,254,0,61
2024-06-15 01:45:00+00:00,66,254,10,11,5,15,10,12,254,0,61
2024-06-15 02:45:00+00:00,66,254,10,11,7,16,10,12,254,0,61
2024-06-15 03:45:00+00:00,66,254,10,11,7,17,10,12,254,0,61
2024-06-15 04:45:00+00:00,66,254,10,11,8,17,10,12,254,0,61
2024-06-15 05:45:00+00:00,66,254,10,11,8,16,11,12,254,0,61
2024-06-15 06:45:00+00:00,66,254,10,11,8,16,11,12,254,0,61
2024-06-15 07:45:00+00:00,65,254,10,11,8,16,11,12,254,0,61
2024-06-15 08:45:00+00:00,65,254,10,11,8,16,11,12,254,0,103
2024-06-15 09:45:00+00:00,64,254,10,11,8,15,11,12,254,0,61
2024-06-15 10:45:00+00:00,63,254,10,12,8,15,11,12,254,0,61
2024-06-15 11:45:00+00:00,63,254,10,12,9,15,11,12,254,0,61
2024-06-15 12:45:00+00:00,62,254,11,12,9,16,12,13,254,0,61
2024-06-15 13:45:00+00:00,62,254,10,12,9,15,12,12,254,0,61
2024-06-15 14:45:00+00:00,61,254,10,12,9,15,12,12,254,0,61
2024-06-15 15:45:00+00:00,61,254,11,13,9,15,13,12,254,0,61
2024-06-15 16:45:00+00:00,61,254,12,14,9,16,14,13,254,0,61
2024-06-15 17:45:00+00:00,61,254,12,14,9,16,14,13,254,0,61
2024-06-15 18:45:00+00:00,61,254,13,15,10,16,15,13,254,0,61
2024-06-15 19:45:00+00:00,62,254,14,17,10,17,16,13,254,0,61
2024-06-15 20:45:00+00:00,62,254,15,18,11,18,18,14,254,0,61
2024-06-15 21:45:00+00:00,62,254,16,18,11,18,18,14,254,0,61
2024-06-15 22:45:00+00:00,62,254,17,19,12,19,19,14,254,0,61
2024-06-15 23:45:00+00:00,62,254,17,19,13,19,19,15,254,0,61
2024-06-16 00:45:00+00:00,62,254,18,19,14,20,19,15,254,0,61
2024-06-16 01:45:00+00:00,62,254,18,18,14,20,19,15,254,0,61
2024-06-16 02:45:00+00:00,62,254,18,18,15,20,19,15,254,0,61
2024-06-16 03:45:00+00:00,62,254,18,18,15,20,19,15,254,0,61
2024-06-16 04:45:00+00:00,61,254,18,18,16,20,19,15,254,0,61
2024-06-16 05:45:00+00:00,61,254,18,17,16,20,19,15,254,0,61
2024-06-16 06:45:00+00:00,61,254,18,17,17,19,18,15,254,0,61
2024-06-16 07:45:00+00:00,60,254,18,17,17,19,18,15,254,0,61
2024-06-16 08:45:00+00:00,60,254,18,17,17,19,18,15,254,0,103
2024-06-16 09:45:00+00:00,59,254,18,17,17,19,18,15,254,0,61
2024-06-16 10:45:00+00:00,59,254,18,17,18,19,18,15,254,0,61
2024-06-16 11:45:00+00:00,58,254,18,17,18,19,19,15,254,0,61
2024-06-16 12:45:00+00:00,58,254,18,17,18,19,19,15,254,0,61
2024-06-16 13:45:00+00:00,57,254,18,17,18,19,19,15,254,0,61
2024-06-16 14:45:00+00:00,57,254,18,17,18,18,19,15,254,0,61
2024-06-16 15:45:00+00:00,57,254,18,18,18,18,20,15,254,0,61
2024-06-16 16:45:00+00:00,56,254,19,18,18,18,21,15,254,0,61
2024-06-16 17:45:00+00:00,57,254,19,19,18,19,22,15,254,0,61
2024-06-16 18:45:00+00:00,57,254,20,20,18,19,22,15,254,0,61
2024-06-16 19:45:00+00:00,58,254,21,21,19,19,23,15,254,0,61
2024-06-16 20:45:00+00:00,59,254,22,22,19,20,24,16,254,0,61
2024-06-16 21:45:00+00:00,59,254,24,23,19,20,27,16,254,0,61
2024-06-16 22:45:00+00:00,60,254,25,24,19,21,27,16,254,0,61
2024-06-16 23:45:00+00:00,60,254,26,25,20,22,29,17,254,0,61
2024-06-17 00:45:00+00:00,61,254,28,25,20,23,31,18,254,0,61
2024-06-17 01:45:00+00:00,61,254,29,25,21,24,31,18,254,0,61
2024-06-17 02:45:00+00:00,62,254,29,24,21,24,31,17,254,0,61
2024-06-17 03:45:00+00:00,62,254,30,23,22,24,30,17,254,0,61
2024-06-17 04:45:00+00:00,62,254,30,22,22,23,30,17,254,0,61
2024-06-17 05:45:00+00:00,62,254,30,21,22,23,29,17,254,0,61
2024-06-17 06:45:00+00:00,61,254,30,21,23,22,29,17,254,0,61
2024-06-17 07:45:00+00:00,61,254,30,20,23,22,28,17,254,0,61
2024-06-17 08:45:00+00:00,61,254,30,20,23,22,28,17,254,0,103
2024-06-17 09:45:00+00:00,60,254,30,20,24,22,28,17,254,0,61
2024-06-17 10:45:00+00:00,60,254,30,20,24,22,28,17,254,0,61
2024-06-17 11:45:00+00:00,59,254,30,20,24,22,28,17,254,0,61
2024-06-17 12:45:00+00:00,59,254,31,20,25,22,28,17,254,0,61
2024-06-17 13:45:00+00:00,58,254,31,20,25,22,28,17,254,0,61
2024-06-17 14:45:00+00:00,58,254,31,20,25,22,28,17,254,0,61
2024-06-17 15:45:00+00:00,57,254,31,20,13,21,32,17,254,3,61
2024-06-17 16:45:00+00:00,57,254,31,21,16,22,32,17,254,0,61
2024-06-17 17:45:00+00:00,57,254,32,22,18,22,31,18,254,0,61
2024-06-17 18:45:00+00:00,57,254,32,22,19,23,28,18,254,0,61
2024-06-17 19:45:00+00:00,56,254,32,22,20,23,25,18,254,0,61
2024-06-17 20:45:00+00:00,56,254,33,22,20,23,22,18,254,0,61
2024-06-17 21:45:00+00:00,56,254,32,22,19,23,20,17,254,0,61
2024-06-17 22:45:00+00:00,56,254,33,23,20,23,19,18,254,0,61
2024-06-17 23:45:00+00:00,56,254,33,24,20,24,18,18,254,0,61
2024-06-18 00:45:00+00:00,56,254,34,24,21,24,18,18,254,0,61
2024-06-18 01:45:00+00:00,56,254,35,25,22,24,18,18,254,0,61
2024-06-18 02:45:00+00:00,57,254,37,25,23,24,19,19,254,0,61
2024-06-18 03:45:00+00:00,56,254,37,24,24,24,20,19,254,0,61
2024-06-18 04:45:00+00:00,56,254,38,23,25,24,20,19,254,0,61
2024-06-18 05:45:00+00:00,56,254,38,23,26,23,20,19,254,0,61
2024-06-18 06:45:00+00:00,56,254,38,22,26,23,17,18,254,0,61
2024-06-18 07:45:00+00:00,55,254,38,22,25,23,16,18,254,0,61
2024-06-18 08:45:00+00:00,55,254,39,22,25,23,15,18,254,0,103
2024-06-18 09:45:00+00:00,55,254,39,22,25,23,14,18,254,0,61
2024-06-18 10:45:00+00:00,54,254,39,21,25,23,13,18,254,0,61
2024-06-18 11:45:00+00:00,54,254,39,21,25,23,13,18,254,0,61
2024-06-18 12:45:00+00:00,53,254,39,21,24,23,12,19,254,0,61
2024-06-18 13:45:00+00:00,53,254,38,21,21,23,12,18,254,0,61
2024-06-18 14:45:00+00:00,53,254,21,16,15,18,13,17,254,0,61
2024-06-18 15:45:00+00:00,52,254,29,19,19,22,15,18,254,0,61
2024-06-18 16:45:00+00:00,53,254,31,20,21,22,15,18,254,0,61
2024-06-18 17:45:00+00:00,53,254,33,21,22,23,15,18,254,0,61
2024-06-18 18:45:00+00:00,54,254,35,22,23,23,16,18,254,0,61
2024-06-18 19:45:00+00:00,55,254,37,23,23,23,16,18,254,0,61
2024-06-18 20:45:00+00:00,56,254,39,25,23,24,17,18,254,0,61
2024-06-18 21:45:00+00:00,57,254,41,26,24,25,17,19,254,0,61
2024-06-18 22:45:00+00:00,58,254,42,27,24,25,17,20,254,0,61
2024-06-18 23:45:00+00:00,58,254,43,27,25,26,17,20,254,0,61
2024-06-19 00:45:00+00:00,59,254,44,27,26,26,18,19,254,0,61
2024-06-19 01:45:00+00:00,60,254,45,28,26,26,19,20,254,0,61
2024-06-19 02:45:00+00:00,60,254,46,27,27,26,21,21,254,0,61
2024-06-19 03:45:00+00:00,60,254,47,26,28,25,22,21,254,0,61
2024-06-19 04:45:00+00:00,60,254,47,25,27,25,22,20,254,0,61
2024-06-19 05:45:00+00:00,60,254,46,24,27,24,23,20,254,0,61
2024-06-19 06:45:00+00:00,60,254,46,23,27,24,23,20,254,0,61
2024-06-19 07:45:00+00:00,59,254,46,23,27,24,23,20,254,0,61
2024-06-19 08:45:00+00:00,58,254,46,23,28,24,23,20,254,0,103
2024-06-19 09:45:00+00:00,58,254,46,23,28,24,23,20,254,0,61
2024-06-19 10:45:00+00:00,57,254,46,22,28,24,23,20,254,0,61
2024-06-19 11:45:00+00:00,57,254,46,22,28,24,22,20,254,0,61
2024-06-19 12:45:00+00:00,56,254,46,22,29,24,22,20,254,0,61
2024-06-19 13:45:00+00:00,56,254,45,23,29,24,22,19,254,0,61
2024-06-19 14:45:00+00:00,55,254,45,23,29,24,21,19,254,0,61
2024-06-19 15:45:00+00:00,55,254,44,23,29,24,21,19,254,0,61
2024-06-19 16:45:00+00:00,56,254,45,24,28,24,22,19,254,0,61
2024-06-19 17:45:00+00:00,56,254,46,25,28,25,22,19,254,0,61
2024-06-19 18:45:00+00:00,57,254,46,27,28,25,22,19,254,0,61
2024-06-19 19:45:00+00:00,58,254,48,30,29,26,23,19,254,0,61
2024-06-19 20:45:00+00:00,59,254,50,32,30,27,25,19,254,0,61
2024-06-19 21:45:00+00:00,60,254,52,33,30,29,26,21,254,0,61
2024-06-19 22:45:00+00:00,61,254,54,34,31,29,27,21,254,0,61
2024-06-19 23:45:00+00:00,61,254,55,34,32,29,26,21,254,0,61
2024-06-20 00:45:00+00:00,62,254,56,34,33,30,28,22,254,0,61
2024-06-20 01:45:00+00:00,63,254,58,35,34,30,30,22,254,0,61
2024-06-20 02:45:00+00:00,63,254,60,34,35,30,32,23,254,0,61
2024-06-20 03:45:00+00:00,63,254,61,32,36,29,33,23,254,0,61
2024-06-20 04:45:00+00:00,63,254,61,30,36,28,34,22,254,0,61
2024-06-20 05:45:00+00:00,63,254,61,28,35,27,34,22,254,0,61
2024-06-20 06:45:00+00:00,62,254,61,27,35,27,35,22,254,0,61
2024-06-20 07:45:00+00:00,62,254,61,27,35,26,35,22,254,0,61
2024-06-20 08:45:00+00:00,61,254,61,26,35,26,35,21,254,0,103
2024-06-20 09:45:00+00:00,61,254,61,26,35,26,36,21,254,0,61
2024-06-20 10:45:00+00:00,60,254,61,26,35,26,36,21,254,0,61
2024-06-20 11:45:00+00:00,60,254,61,25,36,26,36,21,254,0,61
2024-06-20 12:45:00+00:00,59,254,61,25,36,26,36,21,254,0,61
2024-06-20 13:45:00+00:00,59,254,26,25,35,25,21,18,254,0,61
2024-06-20 14:45:00+00:00,58,254,36,26,34,26,27,20,254,0,61
2024-06-20 15:45:00+00:00,58,254,41,27,33,26,30,21,254,0,61
2024-06-20 16:45:00+00:00,58,254,46,29,33,27,32,21,254,0,61
2024-06-20 17:45:00+00:00,59,254,49,31,34,28,33,22,254,0,61
2024-06-20 18:45:00+00:00,60,254,52,34,35,29,34,22,254,0,61
2024-06-20 19:45:00+00:00,61,254,55,37,35,30,36,22,254,0,61
2024-06-20 20:45:00+00:00,62,254,59,41,37,33,38,24,254,0,61
2024-06-20 21:45:00+00:00,62,254,61,41,38,33,40,24,254,0,61
2024-06-20 22:45:00+00:00,63,254,62,41,38,33,40,23,254,0,61
2024-06-20 23:45:00+00:00,63,254,63,43,39,34,41,24,254,0,61
2024-06-21 00:45:00+00:00,64,254,65,44,40,34,43,25,254,0,61
2024-06-21 01:45:00+00:00,65,254,67,44,42,35,45,25,254,0,61
2024-06-21 02:45:00+00:00,65,254,68,43,42,34,47,25,254,0,61
2024-06-21 03:45:00+00:00,65,254,70,41,44,33,49,24,254,0,61
2024-06-21 04:45:00+00:00,65,254,70,38,44,32,50,24,254,0,61
2024-06-21 05:45:00+00:00,65,254,71,35,44,30,50,23,254,0,61
2024-06-21 06:45:00+00:00,64,254,71,33,44,30,50,23,254,0,61
2024-06-21 07:45:00+00:00,64,254,71,32,44,29,50,23,254,0,61
2024-06-21 08:45:00+00:00,63,254,71,31,44,29,51,23,254,0,103
2024-06-21 09:45:00+00:00,63,254,72,31,45,29,51,23,254,0,61
2024-06-21 10:45:00+00:00,62,254,72,30,45,29,51,23,254,0,61
2024-06-21 11:45:00+00:00,61,254,72,30,45,28,52,23,254,0,61
2024-06-21 12:45:00+00:00,61,254,72,29,45,28,52,23,254,0,61
2024-06-21 13:45:00+00:00,60,254,72,29,44,28,52,23,254,6,61
2024-06-21 14:45:00+00:00,60,254,71,28,43,28,51,22,254,12,61
2024-06-21 15:45:00+00:00,60,254,70,28,42,27,50,22,254,9,61
2024-06-21 16:45:00+00:00,60,254,70,28,37,28,50,23,254,10,61
2024-06-21 17:45:00+00:00,60,254,70,29,7,28,9,23,254,8,61
2024-06-21 18:45:00+00:00,61,254,69,30,4,28,5,23,254,11,61
2024-06-21 19:45:00+00:00,62,254,69,31,3,28,4,23,254,9,61
2024-06-21 20:45:00+00:00,63,254,69,31,3,28,4,23,254,11,61
2024-06-21 21:45:00+00:00,64,254,69,31,3,28,4,23,254,8,61
2024-06-21 22:45:00+00:00,64,254,68,30,3,28,4,21,254,10,61
2024-06-21 23:45:00+00:00,65,254,63,30,3,26,3,15,254,11,61
2024-06-22 00:45:00+00:00,66,254,33,29,4,22,4,9,254,2,61
2024-06-22 01:45:00+00:00,66,254,7,30,4,18,4,7,254,0,61
2024-06-22 02:45:00+00:00,66,254,7,31,4,16,4,7,254,0,61
2024-06-22 03:45:00+00:00,66,254,7,30,5,15,5,7,254,0,61
2024-06-22 04:45:00+00:00,66,254,7,30,5,14,5,7,254,0,61
2024-06-22 05:45:00+00:00,66,254,7,28,5,13,5,7,254,0,61
2024-06-22 06:45:00+00:00,65,254,7,28,5,13,5,7,254,0,61
2024-06-22 07:45:00+00:00,65,254,7,27,5,13,5,7,254,1,61
2024-06-22 08:45:00+00:00,64,254,8,26,5,13,5,7,254,0,103
2024-06-22 09:45:00+00:00,64,254,8,26,5,13,6,7,254,0,61
2024-06-22 10:45:00+00:00,63,254,8,26,5,13,6,8,254,1,61
2024-06-22 11:45:00+00:00,62,254,8,25,5,13,6,8,254,0,61
2024-06-22 12:45:00+00:00,62,254,8,25,5,12,6,8,254,0,61
2024-06-22 13:45:00+00:00,61,254,8,24,5,12,6,8,254,0,61
2024-06-22 14:45:00+00:00,61,254,8,24,5,12,6,8,254,0,61
2024-06-22 15:45:00+00:00,61,254,8,24,5,12,7,8,254,0,61
2024-06-22 16:45:00+00:00,61,254,9,25,6,12,7,8,254,0,61
2024-06-22 17:45:00+00:00,62,254,9,27,6,13,7,9,254,0,61
2024-06-22 18:45:00+00:00,62,254,10,30,6,14,7,9,254,0,61
2024-06-22 19:45:00+00:00,63,254,11,32,6,14,8,10,254,0,60
2024-06-22 20:45:00+00:00,64,254,12,34,6,15,8,10,254,0,60
2024-06-22 21:45:00+00:00,65,254,13,36,7,15,8,10,254,0,60
2024-06-22 22:45:00+00:00,65,254,14,37,7,15,9,11,254,0,61
2024-06-22 23:45:00+00:00,66,254,14,37,7,16,9,11,254,0,60
2024-06-23 00:45:00+00:00,66,254,15,37,7,16,9,11,254,0,61
2024-06-23 01:45:00+00:00,67,254,16,37,8,17,9,12,254,0,60
2024-06-23 02:45:00+00:00,67,254,16,36,8,16,10,12,254,0,61
2024-06-23 03:45:00+00:00,67,254,16,34,8,16,10,12,254,0,61
2024-06-23 04:45:00+00:00,67,254,15,32,8,16,10,12,254,0,61
2024-06-23 05:45:00+00:00,67,254,15,30,8,16,10,12,254,0,61
2024-06-23 06:45:00+00:00,67,254,16,29,8,16,10,12,254,0,61
2024-06-23 07:45:00+00:00,66,254,16,28,8,16,10,12,254,0,61
2024-06-23 08:45:00+00:00,66,254,16,28,8,16,10,12,254,0,103
2024-06-23 09:45:00+00:00,65,254,16,27,8,16,10,12,254,0,61
2024-06-23 10:45:00+00:00,65,254,16,27,8,16,10,12,254,0,61
2024-06-23 11:45:00+00:00,64,254,16,26,9,16,10,12,254,0,61
2024-06-23 12:45:00+00:00,64,254,16,26,9,16,10,12,254,0,61
2024-06-23 13:45:00+00:00,63,254,16,26,9,15,10,12,254,0,61
2024-06-23 14:45:00+00:00,63,254,16,26,9,16,11,12,254,0,61
2024-06-23 15:45:00+00:00,63,254,17,27,9,16,11,12,254,0,61
2024-06-23 16:45:00+00:00,63,254,18,29,10,17,12,13,254,0,61
2024-06-23 17:45:00+00:00,63,254,19,32,10,18,12,13,254,0,61
2024-06-23 18:45:00+00:00,63,254,20,34,10,18,13,13,254,0,61
2024-06-23 19:45:00+00:00,64,254,22,37,11,19,13,14,254,0,60
2024-06-23 20:45:00+00:00,64,254,23,39,11,19,14,14,254,0,61
2024-06-23 21:45:00+00:00,65,254,25,41,12,20,14,14,254,0,60
2024-06-23 22:45:00+00:00,65,254,26,42,12,20,15,14,254,0,61
2024-06-23 23:45:00+00:00,66,254,28,43,13,21,15,15,254,0,60
2024-06-24 00:45:00+00:00,66,254,30,43,13,21,15,15,254,0,61
2024-06-24 01:45:00+00:00,67,254,31,43,13,21,16,15,254,0,60
2024-06-24 02:45:00+00:00,67,254,32,43,14,21,16,15,254,0,61
2024-06-24 03:45:00+00:00,68,254,33,41,14,20,16,15,254,0,61
2024-06-24 04:45:00+00:00,67,254,32,38,14,20,16,15,254,0,61
2024-06-24 05:45:00+00:00,67,254,32,36,14,20,16,15,254,0,61
2024-06-24 06:45:00+00:00,67,254,32,34,14,19,16,15,254,0,61
2024-06-24 07:45:00+00:00,66,254,32,33,14,19,16,15,254,0,61
2024-06-24 08:45:00+00:00,66,254,32,32,14,19,16,15,254,0,103
2024-06-24 09:45:00+00:00,65,254,32,31,14,19,16,15,254,0,61
2024-06-24 10:45:00+00:00,65,254,32,30,14,19,16,15,254,0,61
2024-06-24 11:45:00+00:00,64,254,32,30,14,19,17,15,254,0,61
2024-06-24 12:45:00+00:00,64,254,32,29,15,19,17,15,254,0,61
2024-06-24 13:45:00+00:00,63,254,32,29,15,19,17,15,254,0,61
2024-06-24 14:45:00+00:00,63,254,32,30,15,20,17,15,254,0,61
2024-06-24 15:45:00+00:00,63,254,34,33,15,21,18,15,254,0,61
2024-06-24 16:45:00+00:00,63,254,35,35,16,21,18,16,254,0,61
2024-06-24 17:45:00+00:00,63,254,37,38,16,22,19,16,254,0,61
2024-06-24 18:45:00+00:00,63,254,40,41,17,23,20,16,254,0,61
2024-06-24 19:45:00+00:00,63,254,43,44,18,24,21,17,254,0,60
2024-06-24 20:45:00+00:00,64,254,46,46,18,25,22,17,254,0,61
2024-06-24 21:45:00+00:00,64,254,48,48,19,26,22,18,254,0,60
2024-06-24 22:45:00+00:00,65,254,51,50,20,26,23,18,254,0,60
2024-06-24 23:45:00+00:00,65,254,53,51,21,27,24,18,254,0,60
2024-06-25 00:45:00+00:00,66,254,55,51,21,28,25,19,254,0,61
2024-06-25 01:45:00+00:00,66,254,58,52,22,28,27,19,254,0,60
2024-06-25 02:45:00+00:00,67,254,60,53,23,27,28,19,254,0,61
2024-06-25 03:45:00+00:00,67,254,61,52,23,26,29,18,254,0,61
2024-06-25 04:45:00+00:00,67,254,62,50,24,25,29,18,254,0,61
2024-06-25 05:45:00+00:00,67,254,62,47,24,25,29,18,254,0,61
2024-06-25 06:45:00+00:00,66,254,62,45,24,24,29,18,254,0,61
2024-06-25 07:45:00+00:00,66,254,62,42,24,24,29,18,254,0,61
2024-06-25 08:45:00+00:00,65,254,63,40,24,24,29,18,254,0,103
2024-06-25 09:45:00+00:00,65,254,63,38,24,24,29,18,254,0,61
2024-06-25 10:45:00+00:00,64,254,63,37,25,23,30,18,254,0,61
2024-06-25 11:45:00+00:00,64,254,63,36,25,23,30,18,254,0,61
2024-06-25 12:45:00+00:00,63,254,63,35,25,23,30,18,254,0,61
2024-06-25 13:45:00+00:00,63,254,22,19,24,23,14,18,254,0,61
2024-06-25 14:45:00+00:00,62,254,37,31,24,22,21,17,254,0,61
2024-06-25 15:45:00+00:00,62,254,43,34,25,24,24,18,254,0,61
2024-06-25 16:45:00+00:00,62,254,48,39,26,25,26,18,254,0,61
2024-06-25 17:45:00+00:00,63,254,53,44,27,28,29,19,254,0,60
2024-06-25 18:45:00+00:00,63,254,57,48,28,29,30,20,254,0,61
2024-06-25 19:45:00+00:00,64,254,61,53,29,31,32,20,254,0,60
2024-06-25 20:45:00+00:00,65,254,64,58,31,32,34,21,254,0,60
2024-06-25 21:45:00+00:00,65,254,66,61,32,33,36,21,254,0,60
2024-06-25 22:45:00+00:00,66,254,68,63,34,34,38,22,254,0,60
2024-06-25 23:45:00+00:00,66,254,70,64,36,36,40,23,254,0,60
2024-06-26 00:45:00+00:00,67,254,72,66,38,38,43,24,254,0,60
2024-06-26 01:45:00+00:00,67,254,73,66,40,23,45,23,254,0,60
2024-06-26 02:45:00+00:00,67,254,74,65,41,22,46,22,254,0,60
2024-06-26 03:45:00+00:00,67,254,74,63,42,26,48,22,254,0,61
2024-06-26 04:45:00+00:00,67,254,75,61,42,28,49,22,254,0,61
2024-06-26 05:45:00+00:00,67,254,76,58,43,28,49,22,254,0,61
2024-06-26 06:45:00+00:00,67,254,76,55,43,27,50,22,254,0,61
2024-06-26 07:45:00+00:00,67,254,76,52,43,28,50,21,254,0,61
2024-06-26 08:45:00+00:00,66,254,76,48,43,28,50,21,254,0,103
2024-06-26 09:45:00+00:00,66,254,76,46,43,27,50,21,254,0,61
2024-06-26 10:45:00+00:00,66,254,76,44,43,28,51,21,254,0,61
2024-06-26 11:45:00+00:00,65,254,76,43,43,28,51,21,254,0,61
2024-06-26 12:45:00+00:00,65,254,76,42,44,28,51,21,254,0,61
2024-06-26 13:45:00+00:00,65,254,76,40,43,27,50,21,254,0,61
2024-06-26 14:45:00+00:00,65,254,75,41,42,27,49,21,254,0,61
2024-06-26 15:45:00+00:00,65,254,74,44,42,28,49,22,254,0,61
2024-06-26 16:45:00+00:00,65,254,75,48,44,26,50,23,254,0,61
2024-06-26 17:45:00+00:00,65,254,76,50,45,23,52,23,254,0,60
2024-06-26 18:45:00+00:00,65,254,75,50,45,26,52,23,254,0,61
2024-06-26 19:45:00+00:00,66,254,75,53,45,27,51,23,254,0,60
2024-06-26 20:45:00+00:00,66,254,74,57,46,28,52,24,254,0,60
2024-06-26 21:45:00+00:00,66,254,75,60,47,24,53,25,254,0,60
2024-06-26 22:45:00+00:00,67,254,76,63,48,24,55,26,254,0,60
2024-06-26 23:45:00+00:00,67,254,76,63,49,23,55,26,254,0,60
2024-06-27 00:45:00+00:00,68,254,76,64,50,23,55,26,254,0,60
2024-06-27 01:45:00+00:00,68,254,77,65,51,24,57,27,254,0,60
2024-06-27 02:45:00+00:00,68,254,78,67,54,24,60,27,254,7,60
2024-06-27 03:45:00+00:00,68,254,79,66,52,23,61,26,254,1,60
2024-06-27 04:45:00+00:00,68,254,79,65,53,23,61,26,254,0,61
2024-06-27 05:45:00+00:00,68,254,79,64,53,22,62,25,254,0,61
2024-06-27 06:45:00+00:00,68,254,79,62,53,22,62,25,254,0,61
2024-06-27 07:45:00+00:00,67,254,79,61,54,22,62,25,254,0,61
2024-06-27 08:45:00+00:00,67,254,79,59,54,22,62,25,254,0,103
2024-06-27 09:45:00+00:00,67,254,79,57,54,21,63,25,254,0,61
2024-06-27 10:45:00+00:00,66,254,79,55,54,21,63,25,254,0,61
2024-06-27 11:45:00+00:00,66,254,80,53,55,22,63,25,254,0,61
2024-06-27 12:45:00+00:00,66,254,80,52,55,22,64,25,254,0,61
2024-06-27 13:45:00+00:00,65,254,80,50,55,22,64,25,254,3,61
2024-06-27 14:45:00+00:00,65,254,79,49,55,21,64,25,254,4,61
2024-06-27 15:45:00+00:00,64,254,79,48,55,21,64,25,254,6,61
2024-06-27 16:45:00+00:00,64,254,78,48,55,22,64,25,254,7,61
2024-06-27 17:45:00+00:00,64,254,78,49,55,22,64,26,254,4,60
2024-06-27 18:45:00+00:00,64,254,78,51,56,22,64,26,254,5,61
2024-06-27 19:45:00+00:00,64,254,79,53,56,22,65,26,254,3,60
2024-06-27 20:45:00+00:00,64,254,79,54,57,22,65,27,254,4,60
2024-06-27 21:45:00+00:00,64,254,79,55,57,22,65,27,254,4,60
2024-06-27 22:45:00+00:00,64,254,79,56,58,23,65,27,254,3,60
2024-06-27 23:45:00+00:00,64,254,79,57,58,23,65,27,254,3,60
2024-06-28 00:45:00+00:00,65,254,79,57,59,23,64,27,254,5,60
2024-06-28 01:45:00+00:00,64,254,79,57,58,23,62,27,254,0,60
2024-06-28 02:45:00+00:00,64,254,80,58,36,24,18,27,254,11,60
2024-06-28 03:45:00+00:00,64,254,80,57,3,23,3,26,254,10,60
2024-06-28 04:45:00+00:00,63,254,80,56,3,23,3,18,254,11,61
2024-06-28 05:45:00+00:00,63,254,72,55,3,23,3,12,254,15,61
2024-06-28 06:45:00+00:00,62,254,5,7,3,23,3,8,254,11,61
2024-06-28 07:45:00+00:00,61,254,4,4,3,22,3,6,254,11,61
2024-06-28 08:45:00+00:00,60,254,4,4,3,21,3,5,254,13,103
2024-06-28 09:45:00+00:00,59,254,4,4,3,20,3,5,254,11,61
2024-06-28 10:45:00+00:00,59,254,4,4,3,18,3,4,254,9,61
2024-06-28 11:45:00+00:00,58,254,4,4,3,16,3,4,254,9,61
2024-06-28 12:45:00+00:00,58,254,4,4,4,14,4,5,254,1,61
2024-06-28 13:45:00+00:00,57,254,5,4,4,12,5,5,254,0,61
2024-06-28 14:45:00+00:00,57,254,5,4,4,9,4,5,254,0,60
2024-06-28 15:45:00+00:00,57,254,5,5,5,8,5,5,254,0,60
2024-06-28 16:46:00+00:00,57,254,5,5,5,8,5,6,254,0,60
2024-06-28 17:46:00+00:00,58,254,6,5,5,7,5,6,254,0,60
2024-06-28 18:46:00+00:00,58,254,6,6,5,7,5,6,254,0,60
2024-06-28 19:46:00+00:00,59,254,6,6,5,7,6,7,254,0,60
2024-06-28 20:46:00+00:00,59,254,7,7,6,8,6,7,254,0,60
2024-06-28 21:46:00+00:00,60,254,7,7,6,8,6,7,254,0,60
2024-06-28 22:46:00+00:00,60,254,7,8,6,8,7,8,254,0,60
2024-06-28 23:46:00+00:00,61,254,7,8,6,9,7,8,254,0,60
2024-06-29 00:46:00+00:00,61,254,8,9,6,10,7,8,254,0,60
2024-06-29 01:46:00+00:00,62,254,8,9,7,11,7,8,254,0,60
2024-06-29 02:46:00+00:00,62,254,8,9,7,11,7,9,254,0,60
2024-06-29 03:46:00+00:00,62,254,8,9,7,12,7,9,254,0,60
2024-06-29 04:46:00+00:00,62,254,8,9,7,13,7,9,254,0,60
2024-06-29 05:46:00+00:00,62,254,8,9,7,13,7,9,254,0,60
2024-06-29 06:46:00+00:00,62,254,8,10,7,13,7,9,254,0,60
2024-06-29 07:46:00+00:00,61,254,8,10,7,13,8,9,254,0,60
2024-06-29 08:46:00+00:00,61,254,8,10,7,13,8,9,254,0,103
2024-06-29 09:46:00+00:00,60,254,8,10,7,14,8,9,254,0,60
2024-06-29 10:46:00+00:00,60,254,8,10,7,14,8,9,254,0,60
2024-06-29 11:46:00+00:00,60,254,8,11,7,14,8,10,254,0,60
2024-06-29 12:46:00+00:00,59,254,9,11,7,14,8,10,254,0,60
2024-06-29 13:46:00+00:00,59,254,9,11,8,13,8,10,254,0,60
2024-06-29 14:46:00+00:00,59,254,9,11,8,12,8,10,254,0,60
2024-06-29 15:46:00+00:00,59,254,9,12,8,11,9,10,254,0,60
2024-06-29 16:46:00+00:00,59,254,9,13,8,11,9,10,254,0,60
2024-06-29 17:46:00+00:00,59,254,10,14,8,12,9,11,254,0,60
2024-06-29 18:46:00+00:00,59,254,10,15,9,12,10,11,254,0,60
2024-06-29 19:46:00+00:00,60,254,11,16,9,13,10,12,254,0,60
2024-06-29 20:46:00+00:00,60,254,12,17,10,13,11,12,254,0,60
2024-06-29 21:46:00+00:00,61,254,12,18,10,13,12,12,254,0,60
2024-06-29 22:46:00+00:00,62,254,13,19,11,14,12,12,254,0,60
2024-06-29 23:46:00+00:00,62,254,13,20,11,15,13,13,254,0,60
2024-06-30 00:46:00+00:00,63,254,14,20,11,15,13,13,254,0,60
2024-06-30 01:46:00+00:00,63,254,14,21,12,16,13,13,254,0,60
2024-06-30 02:46:00+00:00,64,254,14,20,12,17,14,13,254,0,60
2024-06-30 03:46:00+00:00,64,254,14,19,12,18,14,13,254,0,60
2024-06-30 04:46:00+00:00,64,254,14,19,12,18,14,13,254,0,60
2024-06-30 05:46:00+00:00,64,254,14,18,12,18,14,13,254,0,60
2024-06-30 06:46:00+00:00,64,254,14,18,12,19,14,13,254,0,60
2024-06-30 07:46:00+00:00,63,254,14,18,12,19,14,13,254,0,60
2024-06-30 08:46:00+00:00,63,254,14,18,12,19,14,13,254,0,103
2024-06-30 09:46:00+00:00,63,254,14,18,13,19,14,13,254,0,60
2024-06-30 10:46:00+00:00,62,254,14,18,13,19,14,13,254,0,60
2024-06-30 11:46:00+00:00,62,254,14,18,13,19,14,13,254,0,60
2024-06-30 12:46:00+00:00,62,254,14,18,13,19,14,13,254,0,60
2024-06-30 13:46:00+00:00,62,254,14,18,13,19,14,13,254,0,60
2024-06-30 14:46:00+00:00,61,254,14,20,13,18,14,13,254,0,60
2024-06-30 15:46:00+00:00,61,254,15,20,14,18,15,14,254,0,60
2024-06-30 16:46:00+00:00,61,254,16,21,14,18,15,14,254,0,60
2024-06-30 17:46:00+00:00,61,254,17,23,15,18,16,14,254,0,60
2024-06-30 18:46:00+00:00,62,254,18,24,15,18,17,15,254,0,60
2024-06-30 19:46:00+00:00,62,254,19,26,16,19,18,15,254,0,60
2024-06-30 20:46:00+00:00,62,254,20,26,17,20,18,15,254,0,60
2024-06-30 21:46:00+00:00,63,254,21,27,17,20,19,16,254,0,60
2024-06-30 22:46:00+00:00,63,254,22,29,18,21,20,16,254,0,60
2024-06-30 23:46:00+00:00,63,254,23,29,19,22,22,16,254,0,60
2024-07-01 00:46:00+00:00,63,254,24,28,20,22,22,16,254,0,60
2024-07-01 01:46:00+00:00,64,254,24,27,21,23,22,16,254,0,60
2024-07-01 02:46:00+00:00,64,254,24,26,21,23,23,16,254,0,60
2024-07-01 03:46:00+00:00,63,254,24,25,21,23,23,16,254,0,60
2024-07-01 04:46:00+00:00,63,254,24,25,22,23,23,16,254,0,60
2024-07-01 05:46:00+00:00,63,254,24,25,22,24,23,16,254,0,60
2024-07-01 06:46:00+00:00,63,254,24,24,22,24,23,16,254,0,60
2024-07-01 07:46:00+00:00,63,254,24,24,22,24,23,16,254,0,60
2024-07-01 08:46:00+00:00,63,254,24,24,23,24,24,16,254,0,103
2024-07-01 09:46:00+00:00,62,254,24,24,23,24,24,16,254,0,60
2024-07-01 10:46:00+00:00,62,254,24,23,23,24,24,16,254,0,60
2024-07-01 11:46:00+00:00,62,254,24,23,23,24,24,16,254,0,60
2024-07-01 12:46:00+00:00,61,254,24,23,23,24,24,16,254,0,60
2024-07-01 13:46:00+00:00,61,254,24,23,23,23,24,16,254,0,60
2024-07-01 14:46:00+00:00,61,254,24,24,23,23,24,16,254,0,60
2024-07-01 15:46:00+00:00,60,254,24,26,24,22,24,16,254,0,60
2024-07-01 16:47:00+00:00,60,254,25,27,24,22,24,17,254,0,60
2024-07-01 17:47:00+00:00,61,254,27,29,25,23,25,17,254,0,60
2024-07-01 18:47:00+00:00,61,254,29,31,26,23,27,18,254,0,60
2024-07-01 19:47:00+00:00,61,254,31,33,27,24,28,18,254,0,60
2024-07-01 20:48:00+00:00,61,254,33,35,29,24,29,19,254,0,60
2024-07-01 21:48:00+00:00,61,254,35,37,30,25,31,19,254,0,60
2024-07-01 22:48:00+00:00,62,254,37,38,32,26,32,20,254,0,60
2024-07-01 23:48:00+00:00,62,254,39,40,34,27,34,20,254,0,60
2024-07-02 00:48:00+00:00,62,254,41,41,35,27,36,20,254,0,60
2024-07-02 01:48:00+00:00,62,254,43,41,38,29,38,20,254,0,60
2024-07-02 02:48:00+00:00,62,254,44,40,39,29,40,20,254,0,60
2024-07-02 03:48:00+00:00,62,254,45,38,41,30,41,20,254,0,60
2024-07-02 04:48:00+00:00,62,254,45,36,42,31,42,20,254,0,60
2024-07-02 05:48:00+00:00,62,254,45,34,42,31,42,20,254,0,60
2024-07-02 06:48:00+00:00,61,254,45,33,43,31,42,20,254,0,60
2024-07-02 07:48:00+00:00,61,254,45,32,43,31,43,20,254,0,60
2024-07-02 08:48:00+00:00,61,254,45,31,43,31,43,20,254,0,103
2024-07-02 09:48:00+00:00,61,254,45,31,44,31,43,20,254,0,60
2024-07-02 10:48:00+00:00,60,254,45,30,44,31,43,20,254,0,60
2024-07-02 11:48:00+00:00,60,254,45,30,44,31,43,20,254,0,60
2024-07-02 12:48:00+00:00,59,254,45,30,44,31,44,20,254,0,60
2024-07-02 13:48:00+00:00,59,254,45,30,26,26,22,20,254,0,60
2024-07-02 14:48:00+00:00,59,254,44,29,31,28,28,19,254,0,60
2024-07-02 15:48:00+00:00,59,254,43,29,34,30,32,19,254,0,60
2024-07-02 16:48:00+00:00,59,254,43,30,37,32,35,19,254,0,60
2024-07-02 17:48:00+00:00,59,254,45,33,40,33,38,20,254,0,60
2024-07-02 18:48:00+00:00,59,254,48,37,43,36,40,21,254,0,60
2024-07-02 19:48:00+00:00,60,254,50,42,45,39,43,21,254,0,60
2024-07-02 20:48:00+00:00,60,254,52,45,47,43,45,22,254,0,60
2024-07-02 21:48:00+00:00,61,254,54,48,49,44,48,23,254,0,60
2024-07-02 22:48:00+00:00,61,254,56,50,51,45,50,24,254,0,60
2024-07-02 23:48:00+00:00,61,254,58,52,53,26,52,24,254,0,60
2024-07-03 00:48:00+00:00,61,254,60,53,52,25,54,25,254,0,60
2024-07-03 01:48:00+00:00,62,254,62,54,54,25,56,24,254,0,60
2024-07-03 02:48:00+00:00,62,254,64,54,56,25,57,24,254,0,60
2024-07-03 03:48:00+00:00,62,254,65,53,58,25,58,24,254,0,60
2024-07-03 04:48:00+00:00,62,254,66,51,59,25,59,24,254,0,60
2024-07-03 05:48:00+00:00,62,254,66,48,56,24,60,23,254,0,60
2024-07-03 06:48:00+00:00,61,254,66,46,57,24,60,23,254,0,60
2024-07-03 07:48:00+00:00,61,254,66,44,58,24,60,23,254,0,60
2024-07-03 08:48:00+00:00,61,254,67,43,58,24,60,23,254,0,103
2024-07-03 09:48:00+00:00,60,254,67,41,59,24,61,23,254,0,60
2024-07-03 10:48:00+00:00,60,254,67,40,59,24,61,23,254,0,60
2024-07-03 11:48:00+00:00,60,254,67,39,60,24,61,23,254,0,60
2024-07-03 12:48:00+00:00,59,254,68,39,60,24,61,23,254,0,60
2024-07-03 13:48:00+00:00,59,254,67,38,60,25,61,23,254,0,60
2024-07-03 14:48:00+00:00,59,254,67,39,60,26,60,23,254,0,60
2024-07-03 15:48:00+00:00,59,254,66,40,59,27,60,23,254,0,60
2024-07-03 16:48:00+00:00,59,254,65,42,59,30,60,24,254,0,60
2024-07-03 17:48:00+00:00,59,254,66,45,59,32,60,25,254,0,60
2024-07-03 18:48:00+00:00,59,254,67,49,60,34,61,26,254,0,60
2024-07-03 19:48:00+00:00,60,254,68,53,60,36,61,27,254,0,60
2024-07-03 20:48:00+00:00,60,254,69,57,61,38,62,28,254,0,60
2024-07-03 21:48:00+00:00,60,254,70,60,62,40,62,29,254,0,60
2024-07-03 22:48:00+00:00,61,254,70,62,62,42,63,31,254,0,60
2024-07-03 23:48:00+00:00,61,254,71,64,63,43,63,31,254,0,60
2024-07-04 00:48:00+00:00,61,254,72,65,64,45,64,32,254,0,60
2024-07-04 01:48:00+00:00,61,254,74,67,66,47,67,33,254,1,60
2024-07-04 02:48:00+00:00,61,254,75,68,68,34,68,32,254,7,60
2024-07-04 03:48:00+00:00,61,254,75,68,69,27,68,31,254,5,60
2024-07-04 04:48:00+00:00,61,254,76,67,69,26,69,30,254,6,60
2024-07-04 05:48:00+00:00,60,254,76,67,70,26,69,30,254,0,60
2024-07-04 06:48:00+00:00,60,254,76,66,70,26,69,29,254,0,60
2024-07-04 07:48:00+00:00,60,254,77,65,69,26,70,29,254,0,60
2024-07-04 08:48:00+00:00,59,254,77,64,70,26,70,29,254,0,103
2024-07-04 09:48:00+00:00,59,254,77,63,70,26,70,29,254,0,60
2024-07-04 10:48:00+00:00,58,254,77,62,70,25,70,29,254,0,60
2024-07-04 11:48:00+00:00,58,254,77,60,71,25,71,28,254,0,60
2024-07-04 12:48:00+00:00,58,254,78,59,71,25,71,28,254,0,60
2024-07-04 13:48:00+00:00,57,254,77,57,71,25,71,28,254,1,60
2024-07-04 14:48:00+00:00,57,254,77,55,70,25,70,28,254,0,60
2024-07-04 15:48:00+00:00,57,254,75,54,69,26,69,28,254,0,60
2024-07-04 16:48:00+00:00,57,254,74,50,68,27,68,29,254,0,60
2024-07-04 17:48:00+00:00,57,254,74,49,68,28,68,31,254,0,60
2024-07-04 18:48:00+00:00,57,254,75,54,68,30,68,32,254,0,60
2024-07-04 19:48:00+00:00,58,254,75,59,68,31,68,33,254,0,60
2024-07-04 20:48:00+00:00,58,254,75,63,68,33,68,35,254,0,60
2024-07-04 21:48:00+00:00,59,254,75,65,68,35,68,36,254,0,60
2024-07-04 22:48:00+00:00,59,254,76,67,69,36,68,37,254,0,60
2024-07-04 23:48:00+00:00,60,254,76,68,69,37,68,38,254,0,60
2024-07-05 00:48:00+00:00,60,254,77,69,70,39,69,38,254,0,60
2024-07-05 01:48:00+00:00,60,254,77,71,70,40,70,38,254,0,60
2024-07-05 02:48:00+00:00,60,254,78,72,72,41,71,38,254,0,60
2024-07-05 03:48:00+00:00,60,254,79,73,73,42,72,38,254,0,60
2024-07-05 04:48:00+00:00,60,254,79,73,73,43,73,37,254,0,60
2024-07-05 05:48:00+00:00,60,254,79,73,74,44,73,36,254,0,60
2024-07-05 06:48:00+00:00,60,254,79,73,74,44,73,35,254,0,60
2024-07-05 07:48:00+00:00,59,254,80,73,74,44,73,34,254,0,60
2024-07-05 08:48:00+00:00,59,254,80,73,74,45,74,34,254,0,103
2024-07-05 09:48:00+00:00,59,254,80,72,74,45,74,34,254,0,60
2024-07-05 10:48:00+00:00,58,254,80,72,74,45,74,33,254,0,60
2024-07-05 11:48:00+00:00,58,254,80,72,74,45,74,33,254,0,60
2024-07-05 12:48:00+00:00,57,254,80,71,74,45,74,33,254,0,60
2024-07-05 13:48:00+00:00,57,254,80,70,74,45,74,32,254,2,60
2024-07-05 14:48:00+00:00,57,254,79,69,73,45,73,32,254,4,60
2024-07-05 15:48:00+00:00,57,254,78,68,54,44,64,32,254,16,60
2024-07-05 16:48:00+00:00,57,254,77,65,3,44,3,32,254,16,60
2024-07-05 17:48:00+00:00,57,254,76,63,3,44,3,32,254,14,60
2024-07-05 18:48:00+00:00,58,254,70,63,3,43,3,32,254,10,60
2024-07-05 19:48:00+00:00,59,254,41,64,3,43,3,33,254,8,60
2024-07-05 20:48:00+00:00,60,254,5,65,3,40,3,33,254,10,60
2024-07-05 21:48:00+00:00,61,254,4,63,3,35,3,29,254,14,60
2024-07-05 22:48:00+00:00,62,254,4,29,3,30,3,20,254,15,60
2024-07-05 23:48:00+00:00,62,254,4,5,3,25,3,11,254,13,60
2024-07-06 00:48:00+00:00,62,254,4,4,3,22,3,7,254,13,60
2024-07-06 01:48:00+00:00,62,254,4,4,3,19,3,5,254,14,60
2024-07-06 02:48:00+00:00,62,254,4,4,4,17,4,6,254,4,60
2024-07-06 03:48:00+00:00,62,254,5,4,4,15,4,6,254,0,60
2024-07-06 04:48:00+00:00,61,254,5,5,4,14,4,6,254,0,60
2024-07-06 05:48:00+00:00,61,254,5,5,4,13,5,7,254,2,60
2024-07-06 06:48:00+00:00,61,254,5,5,5,13,5,7,254,0,60
2024-07-06 07:48:00+00:00,60,254,6,5,4,12,5,7,254,2,60
2024-07-06 08:48:00+00:00,60,254,6,6,4,12,5,7,254,1,103
2024-07-06 09:48:00+00:00,60,254,6,6,4,11,5,8,254,1,60
2024-07-06 10:48:00+00:00,59,254,6,6,4,11,5,8,254,0,60
2024-07-06 11:48:00+00:00,59,254,6,6,4,11,6,8,254,0,60
2024-07-06 12:48:00+00:00,59,254,6,7,4,11,6,8,254,0,60
2024-07-06 13:48:00+00:00,59,254,6,7,4,10,6,8,254,1,60
2024-07-06 14:48:00+00:00,58,254,6,7,5,9,6,8,254,0,60
2024-07-06 15:48:00+00:00,58,254,6,8,5,9,6,9,254,0,60
2024-07-06 16:48:00+00:00,58,254,7,7,5,9,7,9,254,0,60
2024-07-06 17:48:00+00:00,58,254,8,9,5,9,7,9,254,0,60
2024-07-06 18:48:00+00:00,58,254,8,11,6,9,7,10,254,0,60
2024-07-06 19:48:00+00:00,59,254,8,13,6,10,8,11,254,0,60
2024-07-06 20:48:00+00:00,59,254,9,14,6,11,9,11,254,0,60
2024-07-06 21:48:00+00:00,59,254,9,15,7,11,9,12,254,0,60
2024-07-06 22:49:00+00:00,60,254,10,17,7,12,10,12,254,0,60
2024-07-06 23:49:00+00:00,60,254,10,18,7,14,10,13,254,0,60
2024-07-07 00:49:00+00:00,60,254,11,19,8,15,11,13,254,0,60
2024-07-07 01:49:00+00:00,60,254,11,20,8,16,11,13,254,0,60
2024-07-07 02:49:00+00:00,60,254,11,20,8,17,11,13,254,0,60
2024-07-07 03:49:00+00:00,60,254,11,20,8,18,11,13,254,0,60
2024-07-07 04:49:00+00:00,60,254,11,20,8,19,11,13,254,0,60
2024-07-07 05:49:00+00:00,60,254,11,20,9,19,11,13,254,0,60
2024-07-07 06:49:00+00:00,60,254,11,20,9,20,11,13,254,0,60
2024-07-07 07:49:00+00:00,60,254,11,19,9,20,11,13,254,0,60
2024-07-07 08:49:00+00:00,59,254,11,19,9,20,12,13,254,0,103
2024-07-07 09:49:00+00:00,59,254,11,20,9,20,12,14,254,0,60
2024-07-07 10:49:00+00:00,59,254,11,20,9,20,12,14,254,0,60
2024-07-07 11:49:00+00:00,59,254,11,20,9,20,12,14,254,0,60
2024-07-07 12:49:00+00:00,58,254,11,20,9,20,12,14,254,0,60
2024-07-07 13:49:00+00:00,58,254,11,20,9,19,12,14,254,0,60
2024-07-07 14:49:00+00:00,58,254,11,20,10,19,12,14,254,0,60
2024-07-07 15:49:00+00:00,58,254,11,20,10,18,13,14,254,0,60
2024-07-07 16:49:00+00:00,58,254,12,20,10,18,13,14,254,0,60
2024-07-07 17:49:00+00:00,58,254,14,19,11,18,14,14,254,0,60
2024-07-07 18:49:00+00:00,58,254,15,23,11,18,15,15,254,0,60
2024-07-07 19:49:00+00:00,59,254,15,26,12,18,15,15,254,0,60
2024-07-07 20:49:00+00:00,59,254,16,28,12,19,16,16,254,0,60
2024-07-07 21:49:00+00:00,60,254,17,29,13,19,17,16,254,0,60
2024-07-07 22:49:00+00:00,60,254,17,30,13,20,17,16,254,0,60
2024-07-07 23:49:00+00:00,61,254,18,31,14,21,18,16,254,0,60
2024-07-08 00:49:00+00:00,61,254,19,31,14,22,18,17,254,0,60
2024-07-08 01:49:00+00:00,62,254,19,32,14,22,19,17,254,0,60
2024-07-08 02:49:00+00:00,62,254,19,32,15,23,19,17,254,0,60
2024-07-08 03:49:00+00:00,62,254,19,31,15,24,19,17,254,0,60
2024-07-08 04:49:00+00:00,62,254,19,31,15,24,19,17,254,0,60
2024-07-08 05:49:00+00:00,62,254,19,30,15,25,19,16,254,0,60
2024-07-08 06:49:00+00:00,62,254,19,30,15,25,19,16,254,0,60
2024-07-08 07:49:00+00:00,62,254,19,29,15,25,19,17,254,0,60
2024-07-08 08:49:00+00:00,61,254,19,29,15,25,19,16,254,0,103
2024-07-08 09:49:00+00:00,61,254,19,29,16,25,19,16,254,0,60
2024-07-08 10:49:00+00:00,61,254,19,29,16,25,19,17,254,0,60
2024-07-08 11:49:00+00:00,60,254,19,29,16,25,19,17,254,0,60
2024-07-08 12:49:00+00:00,60,254,19,29,16,25,20,17,254,0,60
2024-07-08 13:49:00+00:00,60,254,19,28,16,25,20,17,254,0,60
2024-07-08 14:49:00+00:00,59,254,19,28,16,24,20,17,254,0,60
2024-07-08 15:49:00+00:00,59,254,18,28,16,23,20,17,254,0,60
2024-07-08 16:49:00+00:00,59,254,19,28,17,23,20,17,254,0,60
2024-07-08 17:49:00+00:00,59,254,21,27,17,23,21,17,254,0,60
2024-07-08 18:49:00+00:00,60,254,22,31,18,23,22,17,254,0,60
2024-07-08 19:49:00+00:00,60,254,24,35,19,23,23,18,254,0,60
2024-07-08 20:49:00+00:00,61,254,25,38,20,24,24,18,254,0,60
2024-07-08 21:49:00+00:00,61,254,27,40,21,24,26,19,254,0,59
2024-07-08 22:50:00+00:00,62,254,29,41,22,25,27,19,254,0,60
2024-07-08 23:50:00+00:00,62,254,31,43,23,26,29,20,254,0,59
2024-07-09 00:50:00+00:00,62,254,32,44,24,27,30,20,254,0,60
2024-07-09 01:50:00+00:00,63,254,34,45,25,28,32,20,254,0,60
2024-07-09 02:50:00+00:00,63,254,35,45,26,28,33,20,254,0,60
2024-07-09 03:50:00+00:00,63,254,35,45,27,29,33,20,254,0,60
2024-07-09 04:50:00+00:00,63,254,35,44,27,30,33,20,254,0,60
2024-07-09 05:50:00+00:00,63,254,35,43,27,30,33,20,254,0,60
2024-07-09 06:50:00+00:00,63,254,35,42,27,30,33,19,254,0,60
2024-07-09 07:50:00+00:00,62,254,35,41,28,30,33,19,254,0,60
2024-07-09 08:50:00+00:00,62,254,35,41,28,30,34,19,254,0,103
2024-07-09 09:50:00+00:00,62,254,35,40,28,31,34,19,254,0,60
2024-07-09 10:50:00+00:00,61,254,35,39,29,31,34,19,254,0,60
2024-07-09 11:50:00+00:00,61,254,36,39,29,31,34,19,254,0,60
2024-07-09 12:50:00+00:00,61,254,36,38,29,31,34,20,254,0,60
2024-07-09 13:50:00+00:00,60,254,35,38,29,30,34,19,254,0,60
2024-07-09 14:50:00+00:00,60,254,12,18,29,12,33,19,254,0,60
2024-07-09 15:50:00+00:00,60,254,22,31,28,28,31,19,254,0,60
2024-07-09 16:50:00+00:00,60,254,26,33,28,30,28,19,254,0,60
2024-07-09 17:50:00+00:00,60,254,31,36,30,31,25,19,254,0,60
2024-07-09 18:50:00+00:00,60,254,36,40,31,33,27,19,254,0,60
2024-07-09 19:50:00+00:00,61,254,39,48,32,35,31,22,254,0,59
2024-07-09 20:50:00+00:00,61,254,42,53,34,38,36,23,254,0,60
2024-07-09 21:50:00+00:00,62,254,44,56,35,41,39,23,254,0,59
2024-07-09 22:51:00+00:00,63,254,47,57,37,42,41,23,254,0,60
2024-07-09 23:51:00+00:00,63,254,49,59,39,43,42,24,254,0,59
2024-07-10 00:51:00+00:00,64,254,51,60,40,44,44,24,254,0,60
2024-07-10 01:51:00+00:00,64,254,53,61,42,44,46,24,254,0,60
2024-07-10 02:51:00+00:00,64,254,55,61,44,43,47,24,254,0,60
2024-07-10 03:51:00+00:00,64,254,56,61,45,42,48,24,254,0,60
2024-07-10 04:51:00+00:00,65,254,57,60,46,41,49,23,254,0,60
2024-07-10 05:51:00+00:00,64,254,57,58,46,40,50,23,254,0,60
2024-07-10 06:52:00+00:00,64,254,57,57,47,39,50,23,254,0,60
2024-07-10 07:52:00+00:00,64,254,58,55,47,38,50,23,254,0,60
2024-07-10 08:52:00+00:00,63,254,58,54,47,37,51,23,254,0,103
2024-07-10 09:52:00+00:00,63,254,58,53,47,37,51,23,254,0,60
2024-07-10 10:52:00+00:00,63,254,58,52,48,36,51,23,254,0,60
2024-07-10 11:52:00+00:00,62,254,58,51,48,36,51,23,254,0,60
2024-07-10 12:52:00+00:00,62,254,59,50,48,36,52,23,254,0,60
2024-07-10 13:52:00+00:00,62,254,59,49,49,35,51,23,254,0,60
2024-07-10 14:52:00+00:00,61,254,58,48,48,35,51,23,254,0,60
2024-07-10 15:52:00+00:00,61,254,57,48,47,36,48,23,254,0,60
2024-07-10 16:52:00+00:00,61,254,56,45,47,38,47,23,254,0,60
2024-07-10 17:52:00+00:00,61,254,57,46,48,41,47,24,254,0,59
2024-07-10 18:52:00+00:00,62,254,59,50,49,43,48,24,254,0,59
2024-07-10 19:52:00+00:00,62,254,60,57,50,45,48,25,254,0,59
2024-07-10 20:52:00+00:00,63,254,62,61,51,47,50,26,254,0,59
2024-07-10 21:52:00+00:00,63,254,63,64,52,49,52,27,254,0,59
2024-07-10 22:52:00+00:00,64,254,64,66,54,51,53,28,254,0,59
2024-07-10 23:52:00+00:00,65,254,66,67,55,53,55,28,254,0,59
2024-07-11 00:52:00+00:00,65,254,67,69,56,54,56,28,254,0,59
2024-07-11 01:52:00+00:00,66,254,68,70,58,55,57,28,254,0,59
2024-07-11 02:52:00+00:00,66,254,69,71,60,55,59,29,254,0,60
2024-07-11 03:52:00+00:00,66,254,70,72,61,55,60,28,254,0,60
2024-07-11 04:52:00+00:00,66,254,71,72,62,54,61,28,254,0,60
2024-07-11 05:52:00+00:00,66,254,71,72,63,53,62,28,254,0,60
2024-07-11 06:52:00+00:00,66,254,72,72,63,51,62,27,254,0,60
2024-07-11 07:52:00+00:00,65,254,72,72,63,50,63,27,254,0,60
2024-07-11 08:52:00+00:00,65,254,72,71,64,49,63,27,254,0,103
2024-07-11 09:52:00+00:00,64,254,72,71,64,47,63,27,254,0,60
2024-07-11 10:52:00+00:00,64,254,73,71,64,46,63,27,254,0,60
2024-07-11 11:52:00+00:00,63,254,73,70,65,46,64,27,254,0,60
2024-07-11 12:52:00+00:00,63,254,73,70,65,45,64,27,254,0,60
2024-07-11 13:52:00+00:00,63,254,73,69,65,44,64,27,254,0,60
2024-07-11 14:52:00+00:00,62,254,72,68,64,43,63,26,254,0,60
2024-07-11 15:52:00+00:00,62,254,72,67,64,43,63,26,254,3,60
2024-07-11 16:52:00+00:00,62,254,70,65,64,44,62,27,254,6,60
2024-07-11 17:52:00+00:00,62,254,71,62,64,46,62,27,254,4,60
2024-07-11 18:52:00+00:00,62,254,71,61,64,47,61,27,254,4,60
2024-07-11 19:52:00+00:00,63,254,72,65,64,50,61,28,254,1,59
2024-07-11 20:52:00+00:00,63,254,72,67,64,52,62,28,254,3,60
2024-07-11 21:52:00+00:00,64,254,72,68,65,54,63,29,254,3,59
2024-07-11 22:52:00+00:00,64,254,73,69,65,55,63,29,254,5,59
2024-07-11 23:52:00+00:00,64,254,73,69,66,56,64,29,254,3,59
2024-07-12 00:52:00+00:00,65,254,73,70,66,57,63,29,254,1,60
2024-07-12 01:52:00+00:00,65,254,73,70,66,57,57,29,254,5,59
2024-07-12 02:52:00+00:00,66,254,74,71,4,57,3,29,254,17,60
2024-07-12 03:52:00+00:00,67,254,74,71,3,57,3,29,254,18,59
2024-07-12 04:52:00+00:00,67,254,46,72,3,56,3,28,254,17,60
2024-07-12 05:52:00+00:00,66,254,4,72,3,55,3,28,254,15,60
2024-07-12 06:52:00+00:00,66,254,4,69,3,54,3,28,254,15,60
2024-07-12 07:52:00+00:00,65,254,4,5,3,45,3,28,254,16,60
2024-07-12 08:52:00+00:00,64,254,4,4,3,17,3,27,254,15,103
2024-07-12 09:52:00+00:00,64,254,4,4,3,10,3,17,254,17,60
2024-07-12 10:52:00+00:00,63,254,4,4,3,9,3,10,254,15,60
2024-07-12 11:52:00+00:00,62,254,4,4,3,10,3,6,254,17,60
2024-07-12 12:52:00+00:00,62,254,4,4,3,9,4,5,254,8,60
2024-07-12 13:52:00+00:00,61,254,4,4,4,9,4,6,254,2,60
2024-07-12 14:52:00+00:00,61,254,5,4,3,9,4,6,254,4,60
2024-07-12 15:52:00+00:00,61,254,4,4,4,9,4,7,254,3,59
2024-07-12 16:53:00+00:00,61,254,5,4,4,9,5,6,254,0,59
2024-07-12 17:53:00+00:00,62,254,5,5,4,9,5,6,254,0,59
2024-07-12 18:53:00+00:00,62,254,6,5,5,10,6,7,254,0,59
2024-07-12 19:53:00+00:00,63,254,6,6,5,11,6,8,254,0,59
2024-07-12 20:53:00+00:00,63,254,6,6,5,13,7,9,254,0,59
2024-07-12 21:53:00+00:00,64,254,7,7,6,14,7,9,254,0,59
2024-07-12 22:53:00+00:00,64,254,7,8,6,16,8,10,254,0,59
2024-07-12 23:53:00+00:00,64,254,7,9,6,17,8,10,254,0,59
2024-07-13 00:53:00+00:00,65,254,8,9,7,19,9,11,254,0,59
2024-07-13 01:53:00+00:00,65,254,8,9,7,19,9,11,254,0,59
2024-07-13 02:53:00+00:00,65,254,8,10,7,19,9,11,254,0,59
2024-07-13 03:53:00+00:00,65,254,8,10,7,19,9,11,254,0,59
2024-07-13 04:53:00+00:00,65,254,8,10,7,19,9,11,254,0,60
2024-07-13 05:53:00+00:00,65,254,8,10,7,19,9,12,254,0,59
2024-07-13 06:53:00+00:00,65,254,8,11,7,19,9,12,254,0,60
2024-07-13 07:53:00+00:00,65,254,8,11,7,19,9,12,254,0,60
2024-07-13 08:53:00+00:00,64,254,8,11,7,19,10,12,254,0,103
2024-07-13 09:53:00+00:00,64,254,8,12,8,20,10,12,254,0,60
2024-07-13 10:53:00+00:00,64,254,8,12,8,20,10,12,254,0,60
2024-07-13 11:53:00+00:00,63,254,8,12,8,20,10,12,254,0,60
2024-07-13 12:53:00+00:00,63,254,9,12,8,20,10,13,254,0,60
2024-07-13 13:53:00+00:00,63,254,9,12,8,20,10,13,254,0,60
2024-07-13 14:53:00+00:00,62,254,9,13,8,20,10,13,254,0,60
2024-07-13 15:53:00+00:00,62,254,8,13,8,20,10,13,254,0,59
2024-07-13 16:53:00+00:00,62,254,9,13,9,21,11,13,254,0,59
2024-07-13 17:53:00+00:00,62,254,10,13,9,22,12,13,254,0,59
2024-07-13 18:54:00+00:00,63,254,11,15,10,23,12,14,254,0,59
2024-07-13 19:54:00+00:00,63,254,11,18,10,24,13,14,254,0,59
2024-07-13 20:54:00+00:00,63,254,12,19,11,25,14,15,254,0,59
2024-07-13 21:54:00+00:00,64,254,13,20,11,26,15,15,254,0,59
2024-07-13 22:54:00+00:00,64,254,13,20,12,27,16,16,254,0,59
2024-07-13 23:54:00+00:00,65,254,14,21,12,28,17,16,254,0,59
2024-07-14 00:57:00+00:00,65,254,14,21,13,28,17,16,254,0,59
2024-07-14 01:57:00+00:00,66,254,14,21,13,28,17,16,254,0,59
2024-07-14 02:57:00+00:00,66,254,14,21,13,28,18,16,254,0,59
2024-07-14 03:57:00+00:00,66,254,14,21,13,27,18,16,254,0,59
2024-07-14 04:57:00+00:00,66,254,14,21,13,27,18,16,254,0,59
2024-07-14 05:57:00+00:00,67,254,14,21,13,27,18,16,254,0,59
2024-07-14 06:57:00+00:00,66,254,14,21,14,27,18,16,254,0,60
2024-07-14 07:57:00+00:00,66,254,13,21,14,26,18,16,254,0,59
2024-07-14 08:57:00+00:00,66,254,14,21,14,26,18,16,254,0,103
2024-07-14 09:57:00+00:00,66,254,13,21,14,26,18,16,254,0,59
2024-07-14 10:57:00+00:00,66,254,14,21,14,26,18,16,254,0,59
2024-07-14 11:57:00+00:00,65,254,14,21,14,26,18,16,254,0,59
2024-07-14 12:57:00+00:00,65,254,14,21,15,26,19,16,254,0,60
2024-07-14 13:57:00+00:00,65,254,14,21,15,26,19,16,254,0,59
2024-07-14 14:57:00+00:00,65,254,14,21,15,26,18,16,254,0,59
2024-07-14 15:57:00+00:00,65,254,14,21,15,26,19,16,254,0,59
2024-07-14 16:57:00+00:00,64,254,14,21,16,27,18,16,254,0,59
2024-07-14 17:57:00+00:00,65,254,15,20,16,28,18,17,254,0,59
2024-07-14 18:57:00+00:00,65,254,17,23,17,29,19,17,254,0,59
2024-07-14 19:57:00+00:00,65,254,18,27,18,30,21,18,254,0,59
2024-07-14 20:57:00+00:00,65,254,20,28,19,32,24,18,254,0,59
2024-07-14 21:57:00+00:00,66,254,21,29,21,33,25,19,254,0,59
2024-07-14 22:58:00+00:00,66,254,23,30,22,34,27,19,254,0,59
2024-07-14 23:58:00+00:00,66,254,23,30,22,34,28,19,254,0,59
2024-07-15 00:58:00+00:00,66,254,25,30,23,34,30,19,254,0,59
2024-07-15 01:58:00+00:00,67,254,25,30,24,34,31,19,254,0,59
2024-07-15 02:58:00+00:00,67,254,25,30,25,34,32,19,254,0,59
2024-07-15 03:58:00+00:00,67,254,25,29,25,33,32,19,254,0,59
2024-07-15 04:58:00+00:00,67,254,25,29,26,33,32,19,254,0,59
2024-07-15 05:58:00+00:00,66,254,25,29,26,33,33,19,254,0,59
2024-07-15 06:58:00+00:00,66,254,25,29,27,32,34,19,254,0,59
2024-07-15 07:58:00+00:00,66,254,25,29,27,32,34,19,254,0,59
2024-07-15 08:58:00+00:00,66,254,25,29,28,32,34,19,254,0,103
2024-07-15 09:58:00+00:00,66,254,25,28,28,32,35,19,254,0,59
2024-07-15 10:58:00+00:00,65,254,25,28,29,32,35,19,254,0,59
2024-07-15 11:58:00+00:00,65,254,25,28,29,32,36,19,254,0,59
2024-07-15 12:58:00+00:00,65,254,25,28,29,32,36,19,254,0,59
2024-07-15 13:58:00+00:00,65,254,25,28,29,31,36,19,254,0,59
2024-07-15 14:58:00+00:00,64,254,24,28,29,31,35,19,254,0,59
2024-07-15 15:58:00+00:00,64,254,24,29,30,32,35,19,254,0,59
2024-07-15 16:58:00+00:00,64,254,25,30,30,34,35,20,254,0,59
2024-07-15 17:58:00+00:00,64,254,27,32,31,36,35,20,254,0,59
2024-07-15 18:58:00+00:00,64,254,29,33,32,37,35,21,254,0,59
2024-07-15 19:58:00+00:00,65,254,31,34,34,39,35,21,254,0,59
2024-07-15 20:58:00+00:00,65,254,32,38,36,41,37,22,254,0,59
2024-07-15 21:58:00+00:00,65,254,36,40,38,43,39,22,254,0,59
2024-07-15 22:58:00+00:00,65,254,38,42,40,44,42,23,254,0,59
2024-07-15 23:58:00+00:00,65,254,42,44,43,46,44,23,254,0,59
2024-07-16 00:58:00+00:00,66,254,44,45,45,47,46,24,254,0,59
2024-07-16 01:58:00+00:00,66,254,46,45,47,47,48,24,254,0,59
2024-07-16 02:58:00+00:00,66,254,47,45,48,47,50,24,254,0,59
2024-07-16 03:58:00+00:00,66,254,48,44,49,46,51,24,254,0,59
2024-07-16 04:58:00+00:00,65,254,48,43,50,45,52,24,254,0,59
2024-07-16 05:58:00+00:00,65,254,48,42,51,44,52,23,254,0,59
2024-07-16 06:58:00+00:00,65,254,48,41,51,43,53,24,254,0,59
2024-07-16 07:58:00+00:00,65,254,49,40,52,43,53,23,254,0,59
2024-07-16 08:58:00+00:00,65,254,49,40,52,42,54,23,254,0,103
2024-07-16 09:58:00+00:00,64,254,49,39,53,41,54,23,254,0,59
2024-07-16 10:58:00+00:00,64,254,49,39,53,41,54,23,254,0,60
2024-07-16 11:58:00+00:00,64,254,49,39,54,41,55,23,254,0,59
2024-07-16 12:58:00+00:00,64,254,49,38,10,40,9,23,254,0,60
2024-07-16 13:58:00+00:00,63,254,49,38,27,40,24,23,254,0,59
2024-07-16 14:58:00+00:00,63,254,48,37,31,39,29,23,254,0,59
2024-07-16 15:58:00+00:00,63,254,45,37,33,38,31,23,254,0,59
2024-07-16 16:58:00+00:00,63,254,42,37,34,39,34,23,254,0,59
2024-07-16 17:58:00+00:00,63,254,41,40,38,42,36,24,254,0,59
2024-07-16 18:58:00+00:00,63,254,42,42,41,44,38,25,254,0,59
2024-07-16 19:58:00+00:00,63,254,45,45,46,46,41,25,254,0,59
2024-07-16 20:58:00+00:00,64,254,47,48,50,48,45,26,254,0,59
2024-07-16 21:58:00+00:00,64,254,52,50,53,51,51,27,254,0,59
2024-07-16 22:58:00+00:00,64,254,55,52,54,53,54,27,254,0,59
2024-07-16 23:58:00+00:00,65,254,57,53,56,55,57,28,254,0,59
2024-07-17 00:58:00+00:00,65,254,59,54,58,56,59,28,254,0,59
2024-07-17 01:58:00+00:00,65,254,60,55,59,57,60,28,254,0,59
2024-07-17 02:58:00+00:00,65,254,61,55,61,57,62,28,254,0,59
2024-07-17 03:58:00+00:00,65,254,62,55,62,57,63,28,254,0,59
2024-07-17 04:58:00+00:00,65,254,63,54,63,57,64,28,254,0,59
2024-07-17 05:58:00+00:00,65,254,63,53,63,56,64,28,254,0,59
2024-07-17 06:58:00+00:00,65,254,63,53,64,55,64,28,254,0,59
2024-07-17 07:58:00+00:00,65,254,64,52,64,54,65,28,254,0,59
2024-07-17 08:58:00+00:00,64,254,64,51,64,53,65,27,254,0,103
2024-07-17 09:58:00+00:00,64,254,64,50,65,51,65,27,254,0,59
2024-07-17 10:58:00+00:00,64,254,64,49,65,50,65,27,254,0,59
2024-07-17 11:58:00+00:00,63,254,64,49,65,49,66,27,254,0,59
2024-07-17 12:58:00+00:00,63,254,64,48,65,49,66,27,254,0,59
2024-07-17 13:58:00+00:00,63,254,64,48,65,48,66,27,254,0,59
2024-07-17 14:58:00+00:00,63,254,64,47,64,47,64,27,254,0,59
2024-07-17 15:58:00+00:00,62,254,61,46,63,47,63,27,254,0,59
2024-07-17 16:58:00+00:00,62,254,59,47,62,48,60,28,254,0,59
2024-07-17 17:58:00+00:00,63,254,56,49,61,50,56,29,254,0,59
2024-07-17 18:58:00+00:00,63,254,56,51,61,52,54,30,254,0,59
2024-07-17 19:58:00+00:00,63,254,56,54,62,54,52,31,254,0,59
2024-07-17 20:58:00+00:00,64,254,60,57,63,57,56,32,254,0,59
2024-07-17 21:58:00+00:00,64,254,64,60,65,60,61,34,254,0,59
2024-07-17 23:00:00+00:00,65,254,67,63,67,63,65,35,254,0,59
2024-07-18 00:00:00+00:00,65,254,69,64,68,65,66,35,254,0,59
2024-07-18 01:00:00+00:00,65,254,69,65,69,66,67,35,254,1,59
2024-07-18 02:00:00+00:00,65,254,69,65,69,65,67,34,254,0,59
2024-07-18 03:00:00+00:00,65,254,70,65,70,66,67,34,254,0,59
2024-07-18 04:00:00+00:00,65,254,71,66,70,66,68,35,254,0,59
2024-07-18 05:00:00+00:00,65,254,71,66,71,66,69,34,254,1,59
2024-07-18 06:00:00+00:00,65,254,71,66,71,66,69,34,254,0,59
2024-07-18 07:00:00+00:00,65,254,71,66,71,66,70,34,254,0,59
2024-07-18 08:00:00+00:00,64,254,72,65,72,65,70,33,254,0,103
2024-07-18 09:00:00+00:00,64,254,72,65,72,65,70,33,254,0,59
2024-07-18 10:00:00+00:00,64,254,72,65,72,64,70,33,254,0,59
2024-07-18 11:00:00+00:00,64,254,72,64,72,64,70,33,254,0,59
2024-07-18 12:00:00+00:00,63,254,72,64,72,63,70,33,254,0,59
2024-07-18 13:00:00+00:00,63,254,72,64,72,62,70,33,254,0,59
2024-07-18 14:00:00+00:00,63,254,72,63,72,61,70,32,254,2,59
2024-07-18 15:00:00+00:00,63,254,72,62,72,60,70,32,254,12,59
2024-07-18 16:00:00+00:00,63,254,71,61,70,59,69,32,254,10,59
2024-07-18 17:00:00+00:00,63,254,70,60,14,58,69,32,254,11,59
2024-07-18 18:00:00+00:00,63,254,69,60,4,58,63,32,254,14,59
2024-07-18 19:00:00+00:00,64,254,68,59,3,57,5,33,254,12,59
2024-07-18 20:00:00+00:00,64,254,68,59,3,57,4,33,254,11,59
2024-07-18 21:01:00+00:00,65,254,69,59,3,58,3,33,254,9,59
2024-07-18 22:01:00+00:00,66,254,70,60,3,58,3,22,254,10,59
2024-07-18 23:01:00+00:00,67,254,70,60,2,59,3,9,254,23,59
2024-07-19 00:01:00+00:00,67,254,66,5,1,59,3,7,254,23,59
2024-07-19 01:01:00+00:00,68,254,26,4,2,38,4,5,254,16,59
2024-07-19 02:01:00+00:00,68,254,5,4,2,13,4,5,254,0,59
2024-07-19 03:01:00+00:00,67,254,5,5,2,12,4,6,254,0,59
2024-07-19 04:01:00+00:00,67,254,5,5,2,13,4,6,254,0,59
2024-07-19 05:01:00+00:00,67,254,6,5,2,14,5,7,254,0,59
2024-07-19 06:01:00+00:00,67,254,6,5,2,16,5,7,254,1,59
2024-07-19 07:01:00+00:00,67,254,6,5,2,17,5,7,254,1,59
2024-07-19 08:01:00+00:00,66,254,6,6,2,18,5,8,254,2,103
2024-07-19 09:01:00+00:00,66,254,6,6,2,19,5,9,254,0,59
2024-07-19 10:01:00+00:00,66,254,6,6,2,19,5,9,254,1,59
2024-07-19 11:01:00+00:00,66,254,6,6,3,20,6,9,254,1,59
2024-07-19 12:01:00+00:00,65,254,7,7,4,20,6,10,254,0,59
2024-07-19 13:01:00+00:00,65,254,7,7,4,20,6,10,254,0,59
2024-07-19 14:01:00+00:00,65,254,7,7,5,19,7,10,254,0,59
2024-07-19 15:01:00+00:00,65,254,7,7,5,19,7,10,254,0,59
2024-07-19 16:01:00+00:00,64,254,7,7,5,19,7,10,254,0,59
2024-07-19 17:01:00+00:00,64,254,7,8,5,20,7,11,254,0,59
2024-07-19 18:01:00+00:00,64,254,7,9,6,21,7,11,254,0,59
2024-07-19 19:01:00+00:00,65,254,7,10,6,23,8,12,254,0,59
2024-07-19 20:01:00+00:00,65,254,8,12,6,24,9,13,254,0,59
2024-07-19 21:01:00+00:00,65,254,10,13,7,26,9,13,254,0,59
2024-07-19 22:01:00+00:00,65,254,11,15,7,28,11,14,254,0,59
2024-07-19 23:01:00+00:00,66,254,11,16,8,30,11,14,254,0,59
2024-07-20 00:01:00+00:00,66,254,10,17,8,31,11,15,254,0,59
2024-07-20 01:01:00+00:00,67,254,10,17,8,31,11,15,254,0,59
2024-07-20 02:01:00+00:00,67,254,11,18,8,32,12,15,254,0,59
2024-07-20 03:01:00+00:00,67,254,11,18,8,32,12,15,254,0,59
2024-07-20 04:01:00+00:00,67,254,11,18,8,31,12,15,254,0,59
2024-07-20 05:01:00+00:00,67,254,11,18,8,31,12,15,254,0,59
2024-07-20 06:01:00+00:00,67,254,10,18,9,30,12,15,254,0,59
2024-07-20 07:01:00+00:00,67,254,11,18,9,30,13,15,254,0,59
2024-07-20 08:01:00+00:00,66,254,11,18,9,29,13,16,254,0,103
2024-07-20 09:01:00+00:00,66,254,11,19,9,29,13,16,254,0,59
2024-07-20 10:01:00+00:00,66,254,11,19,9,29,13,16,254,0,59
2024-07-20 11:01:00+00:00,66,254,11,19,9,29,13,16,254,0,59
2024-07-20 12:01:00+00:00,65,254,11,19,9,28,13,16,254,0,59
2024-07-20 13:01:00+00:00,65,254,11,19,9,28,13,16,254,0,59
2024-07-20 14:01:00+00:00,65,254,11,19,9,28,13,16,254,0,59
2024-07-20 15:01:00+00:00,65,254,11,19,9,27,13,16,254,0,59
2024-07-20 16:01:00+00:00,64,254,11,19,10,27,13,16,254,0,59
2024-07-20 17:01:00+00:00,64,254,10,20,10,28,14,16,254,0,59
2024-07-20 18:01:00+00:00,65,254,10,21,11,30,14,17,254,0,59
2024-07-20 19:01:00+00:00,65,254,12,22,12,31,15,17,254,0,59
2024-07-20 20:01:00+00:00,65,254,15,24,13,33,19,17,254,0,59
2024-07-20 21:01:00+00:00,65,254,15,25,13,34,17,18,254,0,59
2024-07-20 22:01:00+00:00,66,254,18,26,14,36,21,19,254,0,59
2024-07-20 23:01:00+00:00,66,254,19,28,15,37,22,19,254,0,59
2024-07-21 00:01:00+00:00,66,254,19,29,16,39,23,19,254,0,59
2024-07-21 01:01:00+00:00,67,254,20,29,17,40,24,19,254,0,59
2024-07-21 02:01:00+00:00,67,254,20,30,17,40,25,20,254,0,59
2024-07-21 03:01:00+00:00,67,254,20,30,17,40,25,20,254,0,59
2024-07-21 04:01:00+00:00,67,254,20,30,17,40,26,20,254,0,59
2024-07-21 05:01:00+00:00,67,254,19,29,17,39,25,20,254,0,59
2024-07-21 06:01:00+00:00,67,254,19,29,17,38,25,20,254,0,59
2024-07-21 07:01:00+00:00,67,254,19,29,17,37,25,20,254,0,59
2024-07-21 08:01:00+00:00,67,254,19,29,18,37,25,20,254,0,103
2024-07-21 09:01:00+00:00,66,254,19,29,18,36,26,20,254,0,59
2024-07-21 10:01:00+00:00,66,254,19,29,18,36,26,20,254,0,59
2024-07-21 11:01:00+00:00,66,254,19,29,18,35,26,20,254,0,59
2024-07-21 12:01:00+00:00,66,254,19,29,18,35,26,20,254,0,59
2024-07-21 13:01:00+00:00,65,254,19,29,18,34,26,20,254,0,59
2024-07-21 14:01:00+00:00,65,254,19,28,18,34,26,20,254,0,59
2024-07-21 15:01:00+00:00,65,254,18,28,19,34,26,20,254,0,59
2024-07-21 16:01:00+00:00,65,254,18,28,19,34,25,20,254,0,59
2024-07-21 17:01:00+00:00,65,254,18,29,20,35,25,20,254,0,59
2024-07-21 18:01:00+00:00,65,254,18,31,21,37,23,21,254,0,59
2024-07-21 19:01:00+00:00,65,254,21,33,22,39,23,21,254,0,59
2024-07-21 20:01:00+00:00,65,254,24,35,25,41,26,22,254,0,59
2024-07-21 21:01:00+00:00,66,254,26,38,27,44,30,23,254,0,59
2024-07-21 22:01:00+00:00,66,254,30,40,29,46,35,23,254,0,59
2024-07-21 23:01:00+00:00,66,254,32,43,32,48,39,24,254,0,59
2024-07-22 00:01:00+00:00,66,254,35,45,35,50,41,24,254,0,59
2024-07-22 01:01:00+00:00,67,254,37,46,37,51,43,25,254,0,59
2024-07-22 02:01:00+00:00,67,254,38,47,39,53,45,25,254,0,59
2024-07-22 03:01:00+00:00,67,254,40,47,40,53,47,25,254,0,59
2024-07-22 04:01:00+00:00,67,254,40,47,41,53,48,25,254,0,59
2024-07-22 05:01:00+00:00,67,254,41,46,42,53,49,25,254,0,59
2024-07-22 06:01:00+00:00,67,254,41,45,42,52,49,24,254,0,59
2024-07-22 07:01:00+00:00,67,254,41,45,42,51,49,24,254,0,59
2024-07-22 08:01:00+00:00,66,254,41,44,42,50,50,24,254,0,103
2024-07-22 09:01:00+00:00,66,254,41,43,42,50,50,24,254,0,59
2024-07-22 10:01:00+00:00,66,254,41,43,42,49,50,24,254,0,59
2024-07-22 11:02:00+00:00,65,254,41,42,43,48,50,24,254,0,59
2024-07-22 12:02:00+00:00,65,254,41,42,43,47,51,24,254,0,59
2024-07-22 13:02:00+00:00,65,254,41,42,43,46,51,24,254,0,59
2024-07-22 14:02:00+00:00,65,254,41,41,43,45,50,24,254,0,59
2024-07-22 15:02:00+00:00,64,254,40,40,42,44,49,24,254,0,59
2024-07-22 16:02:00+00:00,64,254,40,41,43,44,49,24,254,0,59
2024-07-22 17:02:00+00:00,64,254,40,42,43,45,47,25,254,0,59
2024-07-22 18:02:00+00:00,64,254,39,43,43,46,44,25,254,0,59
2024-07-22 19:02:00+00:00,65,254,40,45,44,47,39,26,254,0,59
2024-07-22 20:02:00+00:00,65,254,44,48,47,51,46,27,254,0,59
2024-07-22 21:02:00+00:00,65,254,46,51,48,53,45,28,254,0,59
2024-07-22 22:02:00+00:00,66,254,49,53,50,55,49,29,254,0,59
2024-07-22 23:02:00+00:00,66,254,52,56,54,57,52,30,254,0,59
2024-07-23 00:02:00+00:00,66,254,54,57,55,59,53,30,254,0,59
2024-07-23 01:02:00+00:00,66,254,55,58,57,60,54,30,254,0,59
2024-07-23 02:02:00+00:00,67,254,56,59,58,61,55,30,254,0,59
2024-07-23 03:02:00+00:00,67,254,57,59,59,62,57,30,254,0,59
2024-07-23 04:02:00+00:00,67,254,59,60,61,62,58,30,254,0,59
2024-07-23 05:02:00+00:00,67,254,59,60,61,63,59,30,254,0,59
2024-07-23 06:02:00+00:00,67,254,60,60,62,62,59,30,254,0,59
2024-07-23 07:02:00+00:00,67,254,60,60,62,62,59,30,254,0,59
2024-07-23 08:02:00+00:00,66,254,60,59,62,62,60,30,254,0,103
2024-07-23 09:02:00+00:00,66,254,61,59,63,61,60,30,254,0,59
2024-07-23 10:02:00+00:00,66,254,61,59,63,61,61,29,254,0,59
2024-07-23 11:02:00+00:00,66,254,62,58,63,60,61,29,254,0,59
2024-07-23 12:02:00+00:00,65,254,62,58,63,60,61,29,254,0,59
2024-07-23 13:02:00+00:00,65,254,18,19,14,17,10,29,254,0,59
2024-07-23 14:02:00+00:00,65,254,32,35,25,34,18,29,254,0,59
2024-07-23 15:02:00+00:00,64,254,37,40,30,40,20,29,254,0,59
2024-07-23 16:02:00+00:00,64,254,38,43,34,42,22,29,254,0,59
2024-07-23 17:02:00+00:00,64,254,40,46,37,42,22,29,254,0,59
2024-07-23 18:02:00+00:00,64,254,45,50,40,45,27,30,254,0,59
2024-07-23 19:02:00+00:00,65,254,48,53,42,47,29,31,254,0,59
2024-07-23 20:02:00+00:00,65,254,52,56,45,50,31,32,254,0,59
2024-07-23 21:02:00+00:00,65,254,56,59,45,54,36,33,254,0,59
2024-07-23 22:02:00+00:00,66,254,61,63,47,58,43,34,254,0,59
2024-07-23 23:02:00+00:00,66,254,64,65,50,61,46,36,254,0,59
2024-07-24 00:02:00+00:00,67,254,66,67,54,63,49,37,254,0,59
2024-07-24 01:02:00+00:00,67,254,68,67,56,64,51,37,254,0,59
2024-07-24 02:02:00+00:00,67,254,69,68,59,66,53,37,254,0,59
2024-07-24 03:02:00+00:00,68,254,71,70,60,67,56,37,254,0,59
2024-07-24 04:02:00+00:00,68,254,72,70,61,68,57,37,254,0,59
2024-07-24 05:02:00+00:00,67,254,72,71,62,69,58,36,254,0,59
2024-07-24 06:02:00+00:00,67,254,73,71,63,69,59,36,254,0,59
2024-07-24 07:02:00+00:00,67,254,73,71,63,69,59,35,254,0,59
2024-07-24 08:02:00+00:00,67,254,74,71,63,69,60,35,254,0,103
2024-07-24 09:02:00+00:00,66,254,74,70,63,68,60,35,254,0,59
2024-07-24 10:02:00+00:00,66,254,74,70,64,68,61,34,254,0,59
2024-07-24 11:02:00+00:00,66,254,74,70,64,67,61,34,254,0,59
2024-07-24 12:02:00+00:00,65,254,74,70,64,67,62,34,254,0,59
2024-07-24 13:02:00+00:00,65,254,75,69,65,66,62,34,254,0,59
2024-07-24 14:02:00+00:00,65,254,74,68,64,65,62,34,254,0,59
2024-07-24 15:02:00+00:00,64,254,73,67,63,64,60,33,254,0,59
2024-07-24 16:02:00+00:00,64,254,71,66,63,62,55,34,254,0,59
2024-07-24 17:02:00+00:00,64,254,66,64,61,59,51,35,254,0,59
2024-07-24 18:02:00+00:00,64,254,68,65,61,60,53,37,254,0,59
2024-07-24 19:02:00+00:00,65,254,70,66,61,62,56,38,254,0,59
2024-07-24 20:02:00+00:00,65,254,71,67,61,63,57,39,254,0,59
2024-07-24 21:02:00+00:00,65,254,72,69,62,65,59,39,254,0,59
2024-07-24 22:02:00+00:00,66,254,75,71,65,67,62,41,254,2,59
2024-07-24 23:02:00+00:00,66,254,74,71,64,68,61,40,254,0,59
2024-07-25 00:02:00+00:00,66,254,75,72,66,69,63,40,254,0,59
2024-07-25 01:02:00+00:00,67,254,76,73,67,70,64,41,254,3,59
2024-07-25 02:02:00+00:00,67,254,76,73,68,70,65,40,254,1,59
2024-07-25 03:02:00+00:00,67,254,77,73,68,71,65,39,254,10,59
2024-07-25 04:02:00+00:00,67,254,77,73,46,71,65,39,254,17,59
2024-07-25 05:02:00+00:00,67,254,77,74,42,71,66,39,254,19,59
2024-07-25 06:02:00+00:00,66,254,77,74,23,71,66,38,254,14,59
2024-07-25 07:02:00+00:00,66,254,78,74,3,71,66,38,254,19,59
2024-07-25 08:02:00+00:00,66,254,78,74,3,71,65,37,254,11,103
2024-07-25 09:02:00+00:00,66,254,78,74,3,70,25,37,254,12,59
2024-07-25 10:02:00+00:00,66,254,78,73,4,70,4,37,254,15,59
2024-07-25 11:02:00+00:00,66,254,78,73,3,70,4,36,254,14,59
2024-07-25 12:02:00+00:00,66,254,78,73,3,65,4,29,254,15,59
2024-07-25 13:02:00+00:00,65,254,78,73,3,27,3,18,254,14,59
2024-07-25 14:02:00+00:00,65,254,76,72,4,7,4,11,254,2,59
2024-07-25 15:03:00+00:00,65,254,73,69,4,7,4,9,254,0,59
2024-07-25 16:03:00+00:00,65,254,68,61,4,7,4,8,254,0,59
2024-07-25 17:03:00+00:00,65,254,57,50,4,7,5,8,254,0,59
2024-07-25 18:03:00+00:00,65,254,45,38,4,9,5,8,254,0,59
2024-07-25 19:03:00+00:00,66,254,28,29,5,10,6,9,254,0,59
2024-07-25 20:03:00+00:00,66,254,17,27,5,15,5,9,254,0,59
2024-07-25 21:03:00+00:00,66,254,12,25,6,16,7,9,254,0,59
2024-07-25 22:03:00+00:00,67,254,11,28,6,20,7,10,254,0,59
2024-07-25 23:03:00+00:00,67,254,12,30,3,24,4,12,254,36,59
2024-07-26 00:03:00+00:00,67,254,8,28,3,21,4,10,254,2,59
2024-07-26 01:03:00+00:00,67,254,6,27,3,12,4,8,254,7,59
2024-07-26 02:03:00+00:00,67,254,5,20,3,7,4,6,254,2,59
2024-07-26 03:03:00+00:00,66,254,5,6,3,7,4,5,254,1,59
2024-07-26 04:03:00+00:00,66,254,5,6,3,7,5,5,254,0,59
2024-07-26 05:03:00+00:00,66,254,5,6,4,7,5,5,254,1,59
2024-07-26 06:03:00+00:00,66,254,5,5,4,7,5,6,254,0,59
2024-07-26 07:03:00+00:00,66,254,5,6,4,7,5,6,254,0,59
2024-07-26 08:03:00+00:00,66,254,5,6,5,7,5,6,254,1,103
2024-07-26 09:03:00+00:00,65,254,6,6,5,8,6,6,254,0,59
2024-07-26 10:03:00+00:00,65,254,6,6,5,8,6,7,254,0,59
2024-07-26 11:03:00+00:00,65,254,6,6,5,8,6,7,254,0,59
2024-07-26 12:03:00+00:00,65,254,6,6,5,9,6,7,254,1,59
2024-07-26 13:03:00+00:00,65,254,6,7,5,10,6,7,254,0,59
2024-07-26 14:03:00+00:00,65,254,6,7,5,10,6,8,254,0,59
2024-07-26 15:03:00+00:00,64,254,6,7,5,10,6,8,254,0,59
2024-07-26 16:03:00+00:00,64,254,6,7,5,10,6,8,254,0,59
2024-07-26 17:03:00+00:00,64,254,7,7,6,11,6,9,254,0,59
2024-07-26 18:03:00+00:00,64,254,7,8,6,12,7,9,254,1,59
2024-07-26 19:04:00+00:00,64,254,8,9,6,13,7,9,254,0,59
2024-07-26 20:04:00+00:00,64,254,8,10,7,14,8,9,254,0,59
2024-07-26 21:04:00+00:00,65,254,9,11,8,15,8,10,254,0,59
2024-07-26 22:04:00+00:00,65,254,9,12,8,16,9,10,254,0,59
2024-07-26 23:04:00+00:00,65,254,9,12,9,17,9,11,254,0,59
2024-07-27 00:04:00+00:00,65,254,9,13,9,17,9,11,254,0,59
2024-07-27 01:04:00+00:00,66,254,9,13,9,18,10,11,254,0,59
2024-07-27 02:04:00+00:00,66,254,9,13,9,18,10,11,254,0,59
2024-07-27 03:04:00+00:00,66,254,9,13,9,18,10,11,254,0,59
2024-07-27 04:04:00+00:00,66,254,9,13,9,18,10,12,254,0,59
2024-07-27 05:04:00+00:00,65,254,9,13,9,17,10,12,254,0,59
2024-07-27 06:04:00+00:00,65,254,9,13,9,17,10,12,254,0,59
2024-07-27 07:04:00+00:00,65,254,9,14,9,17,10,12,254,0,59
2024-07-27 08:04:00+00:00,65,254,9,14,9,17,10,12,254,0,103
2024-07-27 09:04:00+00:00,64,254,9,14,9,17,10,12,254,0,59
2024-07-27 10:04:00+00:00,64,254,9,14,9,17,11,12,254,0,59
2024-07-27 11:04:00+00:00,64,254,9,14,9,17,11,12,254,0,59
2024-07-27 12:04:00+00:00,63,254,9,14,9,17,11,12,254,0,59
2024-07-27 13:04:00+00:00,63,254,9,14,10,17,11,12,254,0,59
2024-07-27 14:04:00+00:00,63,254,9,14,10,18,11,12,254,0,59
2024-07-27 15:04:00+00:00,63,254,9,14,9,17,11,12,254,0,59
2024-07-27 16:04:00+00:00,63,254,9,14,9,15,11,12,254,0,59
2024-07-27 17:04:00+00:00,63,254,11,15,11,18,12,13,254,0,59
2024-07-27 18:04:00+00:00,63,254,10,14,9,17,11,13,254,0,59
2024-07-27 19:04:00+00:00,63,254,11,15,9,18,12,13,254,0,59
2024-07-27 20:04:00+00:00,63,254,13,17,14,20,15,14,254,0,59
2024-07-27 21:04:00+00:00,64,254,13,18,13,21,15,14,254,0,59
2024-07-27 22:04:00+00:00,64,254,13,18,13,21,15,14,254,0,59
2024-07-27 23:04:00+00:00,64,254,14,19,15,22,16,15,254,0,59
2024-07-28 00:04:00+00:00,64,254,14,18,14,21,15,14,254,0,59
2024-07-28 01:04:00+00:00,64,254,14,19,15,22,16,15,254,0,59
2024-07-28 02:04:00+00:00,64,254,14,19,16,22,17,15,254,0,59
2024-07-28 03:04:00+00:00,65,254,14,19,16,22,17,15,254,0,59
2024-07-28 04:04:00+00:00,65,254,14,19,16,22,17,15,254,0,59
2024-07-28 05:04:00+00:00,64,254,14,19,16,21,16,15,254,0,59
2024-07-28 06:04:00+00:00,64,254,14,18,16,21,16,15,254,0,59
2024-07-28 07:04:00+00:00,64,254,14,18,16,21,17,15,254,0,59
2024-07-28 08:04:00+00:00,64,254,14,18,16,21,17,15,254,0,103
2024-07-28 09:04:00+00:00,64,254,14,18,16,21,17,15,254,0,59
2024-07-28 10:04:00+00:00,63,254,14,18,16,21,17,15,254,0,59
2024-07-28 11:04:00+00:00,63,254,14,18,16,21,17,15,254,0,59
2024-07-28 12:04:00+00:00,63,254,14,18,16,21,17,15,254,0,59
2024-07-28 13:04:00+00:00,63,254,14,18,16,21,17,15,254,0,59
2024-07-28 14:04:00+00:00,62,254,14,18,16,21,17,15,254,0,59
2024-07-28 15:04:00+00:00,62,254,14,18,15,20,16,15,254,0,59
2024-07-28 16:04:00+00:00,62,254,13,18,15,19,16,15,254,0,59
2024-07-28 17:04:00+00:00,62,254,14,18,14,20,16,15,254,0,59
2024-07-28 18:04:00+00:00,62,254,15,18,14,21,17,15,254,0,59
2024-07-28 19:04:00+00:00,62,254,16,19,14,22,18,16,254,0,59
2024-07-28 20:04:00+00:00,63,254,17,20,16,23,19,16,254,0,59
2024-07-28 21:04:00+00:00,63,254,19,21,18,24,21,16,254,0,59
2024-07-28 22:04:00+00:00,63,254,20,22,20,25,23,17,254,0,59
2024-07-28 23:04:00+00:00,64,254,21,23,22,26,24,17,254,0,59
2024-07-29 00:04:00+00:00,64,254,22,23,23,26,25,17,254,0,59
2024-07-29 01:04:00+00:00,64,254,22,23,24,26,25,18,254,0,59
2024-07-29 02:04:00+00:00,65,254,22,23,26,26,26,18,254,0,59
2024-07-29 03:04:00+00:00,65,254,22,23,27,26,27,18,254,0,59
2024-07-29 04:04:00+00:00,65,254,22,23,27,26,27,17,254,0,59
2024-07-29 05:04:00+00:00,65,254,22,22,27,25,27,17,254,0,59
2024-07-29 06:04:00+00:00,65,254,22,22,27,25,27,17,254,0,59
2024-07-29 07:04:00+00:00,64,254,22,22,27,25,27,17,254,0,59
2024-07-29 08:04:00+00:00,64,254,21,22,28,25,27,17,254,0,103
2024-07-29 09:04:00+00:00,64,254,21,22,28,25,27,17,254,0,59
2024-07-29 10:04:00+00:00,63,254,21,22,28,25,27,17,254,0,59
2024-07-29 11:04:00+00:00,63,254,21,22,28,25,27,17,254,0,59
2024-07-29 12:04:00+00:00,63,254,22,22,28,25,27,17,254,0,59
2024-07-29 13:04:00+00:00,62,254,22,22,28,25,27,18,254,0,59
2024-07-29 14:04:00+00:00,62,254,21,21,27,24,27,18,254,0,59
2024-07-29 15:04:00+00:00,62,254,21,21,26,23,25,17,254,0,59
2024-07-29 16:04:00+00:00,62,254,19,21,25,22,24,17,254,0,59
2024-07-29 17:04:00+00:00,62,254,20,21,23,23,23,17,254,0,59
2024-07-29 18:04:00+00:00,62,254,23,22,22,25,24,18,254,0,59
2024-07-29 19:04:00+00:00,62,254,24,23,24,27,26,18,254,0,59
2024-07-29 20:04:00+00:00,62,254,26,25,25,28,29,19,254,0,59
2024-07-29 21:04:00+00:00,63,254,28,26,27,29,31,19,254,0,59
2024-07-29 22:04:00+00:00,63,254,31,27,30,30,32,20,254,0,59
2024-07-29 23:04:00+00:00,63,254,32,28,33,31,34,20,254,0,59
2024-07-30 00:04:00+00:00,63,254,34,29,36,32,36,21,254,0,59
2024-07-30 01:04:00+00:00,64,254,36,29,38,33,38,21,254,0,59
2024-07-30 02:04:00+00:00,64,254,37,29,40,33,39,21,254,0,59
2024-07-30 03:04:00+00:00,64,254,38,29,41,33,41,21,254,0,59
2024-07-30 04:04:00+00:00,64,254,38,29,43,33,42,21,254,0,59
2024-07-30 05:04:00+00:00,64,254,38,28,43,32,42,21,254,0,59
2024-07-30 06:04:00+00:00,64,254,37,27,44,31,43,21,254,0,59
2024-07-30 07:04:00+00:00,64,254,37,27,44,31,43,21,254,0,59
2024-07-30 08:04:00+00:00,63,254,37,27,45,31,43,20,254,0,103
2024-07-30 09:04:00+00:00,63,254,36,27,45,30,43,20,254,0,59
2024-07-30 10:04:00+00:00,63,254,36,26,45,30,43,20,254,0,59
2024-07-30 11:04:00+00:00,62,254,36,26,45,30,44,20,254,0,59
2024-07-30 12:04:00+00:00,62,254,36,26,45,30,44,20,254,0,59
2024-07-30 13:04:00+00:00,62,254,36,10,5,30,44,20,254,0,59
2024-07-30 14:04:00+00:00,62,254,36,23,18,30,44,20,254,0,59
2024-07-30 15:04:00+00:00,62,254,36,25,21,30,44,20,254,0,59
2024-07-30 16:04:00+00:00,62,254,36,26,25,30,44,21,254,0,59
2024-07-30 17:04:00+00:00,61,254,36,26,27,30,44,21,254,0,59
2024-07-30 18:04:00+00:00,61,254,37,27,29,30,44,21,254,0,59
2024-07-30 19:04:00+00:00,61,254,38,27,32,30,44,21,254,0,59
2024-07-30 20:04:00+00:00,62,254,38,28,32,31,44,21,254,0,59
2024-07-30 21:04:00+00:00,62,254,39,29,35,32,44,21,254,0,59
2024-07-30 22:04:00+00:00,62,254,41,30,37,33,45,22,254,0,59
2024-07-30 23:04:00+00:00,62,254,42,31,39,33,45,22,254,0,59
2024-07-31 00:04:00+00:00,62,254,44,31,42,34,46,22,254,0,59
2024-07-31 01:04:00+00:00,62,254,46,31,45,35,47,23,254,0,59
2024-07-31 02:04:00+00:00,63,254,47,31,47,36,48,23,254,1,59
2024-07-31 03:04:00+00:00,63,254,47,31,49,36,49,23,254,1,59
2024-07-31 04:04:00+00:00,63,254,48,30,50,35,50,22,254,0,59
2024-07-31 05:05:00+00:00,63,254,48,30,51,35,51,22,254,0,59
2024-07-31 06:05:00+00:00,63,254,48,29,52,34,51,22,254,0,59
2024-07-31 07:05:00+00:00,63,254,48,29,52,34,51,22,254,1,59
2024-07-31 08:05:00+00:00,62,254,48,29,52,33,52,22,254,0,103
2024-07-31 09:05:00+00:00,62,254,47,29,53,33,52,22,254,0,59
2024-07-31 10:05:00+00:00,62,254,47,28,53,33,52,22,254,0,59
2024-07-31 11:05:00+00:00,62,254,47,28,54,33,52,22,254,0,59
2024-07-31 12:05:00+00:00,61,254,47,28,54,33,52,22,254,0,59
2024-07-31 13:05:00+00:00,61,254,47,28,54,32,53,22,254,0,59
2024-07-31 14:05:00+00:00,61,254,46,28,54,32,52,22,254,0,59
2024-07-31 15:05:00+00:00,60,254,45,28,53,31,51,22,254,1,59
2024-07-31 16:05:00+00:00,60,254,44,28,53,31,50,22,254,1,59
2024-07-31 17:05:00+00:00,60,254,43,28,51,30,49,22,254,45,59
2024-07-31 18:05:00+00:00,61,254,43,28,51,31,47,21,254,4,59
2024-07-31 19:05:00+00:00,61,254,43,28,45,31,44,21,254,5,59
2024-07-31 20:05:00+00:00,62,254,44,29,17,31,8,20,254,25,59
2024-07-31 21:05:00+00:00,63,254,45,29,4,32,4,11,254,8,59
2024-07-31 22:05:00+00:00,63,254,46,29,3,32,3,5,254,8,59
2024-07-31 23:05:00+00:00,64,254,46,29,3,32,4,5,254,6,59
2024-08-01 00:05:00+00:00,64,254,44,28,3,32,4,5,254,0,59
2024-08-01 01:05:00+00:00,64,254,43,28,3,31,4,5,254,0,59
2024-08-01 02:05:00+00:00,64,254,41,27,3,31,4,6,254,0,59
2024-08-01 03:06:00+00:00,64,254,39,26,2,30,5,6,254,1,59
2024-08-01 04:06:00+00:00,64,254,36,25,1,29,5,6,254,0,59
2024-08-01 05:06:00+00:00,64,254,33,24,1,27,5,6,254,0,59
2024-08-01 06:06:00+00:00,64,254,29,23,1,26,5,7,254,0,59
2024-08-01 07:06:00+00:00,64,254,26,22,1,24,6,7,254,0,59
2024-08-01 08:06:00+00:00,64,254,23,22,1,24,6,7,254,0,103
2024-08-01 09:06:00+00:00,63,254,21,22,3,23,6,7,254,0,59
2024-08-01 10:06:00+00:00,63,254,19,21,3,22,6,7,254,0,59
2024-08-01 11:06:00+00:00,63,254,17,21,4,21,6,8,254,0,59
2024-08-01 12:06:00+00:00,62,254,16,21,5,20,6,8,254,0,59
2024-08-01 13:06:00+00:00,62,254,15,20,5,20,6,8,254,0,59
2024-08-01 14:06:00+00:00,62,254,14,20,5,19,7,8,254,0,59
2024-08-01 15:06:00+00:00,62,254,13,20,5,18,7,8,254,0,59
2024-08-01 16:06:00+00:00,62,254,12,20,5,17,7,9,254,1,59
2024-08-01 17:06:00+00:00,62,254,13,20,5,17,7,9,254,0,59
2024-08-01 18:06:00+00:00,62,254,14,20,5,18,7,9,254,0,59
2024-08-01 19:06:00+00:00,62,254,15,21,6,19,8,10,254,0,59
2024-08-01 20:06:00+00:00,62,254,17,22,7,21,9,10,254,0,59
2024-08-01 21:06:00+00:00,63,254,19,23,8,22,10,11,254,0,59
2024-08-01 22:06:00+00:00,63,254,20,24,8,23,11,11,254,0,59
2024-08-01 23:06:00+00:00,64,254,22,24,9,24,11,12,254,0,59
2024-08-02 00:06:00+00:00,64,254,23,25,10,24,12,12,254,0,59
2024-08-02 01:06:00+00:00,64,254,24,25,10,25,12,12,254,0,59
2024-08-02 02:06:00+00:00,65,254,24,25,11,25,13,12,254,0,59
2024-08-02 03:06:00+00:00,65,254,25,24,11,25,13,12,254,0,59
2024-08-02 04:06:00+00:00,65,254,24,23,11,24,13,12,254,0,59
2024-08-02 05:06:00+00:00,65,254,24,23,11,24,13,12,254,0,59
2024-08-02 06:06:00+00:00,65,254,23,23,11,23,13,12,254,0,59
2024-08-02 07:06:00+00:00,65,254,23,22,11,23,13,12,254,0,59
2024-08-02 08:06:00+00:00,65,254,22,22,11,23,13,12,254,0,103
2024-08-02 09:06:00+00:00,64,254,22,22,11,22,13,12,254,0,59
2024-08-02 10:06:00+00:00,64,254,22,22,11,22,13,12,254,0,59
2024-08-02 11:06:00+00:00,64,254,22,21,11,22,13,13,254,0,59
2024-08-02 12:06:00+00:00,63,254,22,21,11,22,13,13,254,0,59
2024-08-02 13:06:00+00:00,63,254,21,21,11,22,13,13,254,0,59
2024-08-02 14:06:00+00:00,63,254,21,21,11,21,13,13,254,0,59
2024-08-02 15:06:00+00:00,63,254,20,20,11,21,12,13,254,0,59
2024-08-02 16:06:00+00:00,63,254,19,20,11,20,12,13,254,0,59
2024-08-02 21:06:00+00:00,64,254,27,25,16,26,19,15,254,0,59
2024-08-02 22:06:00+00:00,64,254,28,26,18,27,20,16,254,0,59
2024-08-02 23:06:00+00:00,65,254,30,26,19,28,21,16,254,0,59
2024-08-03 00:06:00+00:00,65,254,31,27,21,29,22,16,254,0,59
2024-08-03 01:07:00+00:00,66,254,32,27,22,29,23,16,254,0,59
2024-08-03 02:07:00+00:00,66,254,33,26,23,29,24,16,254,0,59
2024-08-03 03:07:00+00:00,66,254,34,26,24,29,25,16,254,0,59
2024-08-03 04:07:00+00:00,66,254,34,26,24,29,26,16,254,0,59
2024-08-03 05:07:00+00:00,66,254,33,25,24,28,26,16,254,0,59
2024-08-03 06:07:00+00:00,66,254,33,25,24,28,25,16,254,0,59
2024-08-03 07:07:00+00:00,66,254,32,24,24,27,25,16,254,0,59
2024-08-03 08:07:00+00:00,66,254,32,24,24,27,25,16,254,0,103
2024-08-03 09:07:00+00:00,66,254,32,24,25,27,25,16,254,0,59
2024-08-03 10:07:00+00:00,65,254,31,24,25,26,25,16,254,0,59
2024-08-03 11:07:00+00:00,65,254,31,24,25,26,25,16,254,0,59
2024-08-03 12:07:00+00:00,65,254,31,23,25,26,25,16,254,0,59
2024-08-03 13:07:00+00:00,64,254,31,23,25,26,25,16,254,0,59
2024-08-03 14:07:00+00:00,64,254,30,23,24,25,25,16,254,0,59
2024-08-03 15:07:00+00:00,64,254,28,22,23,25,23,16,254,0,59
2024-08-03 16:07:00+00:00,64,254,28,23,23,25,23,16,254,0,59
2024-08-03 17:07:00+00:00,64,254,27,22,22,24,22,16,254,0,59
2024-08-03 18:07:00+00:00,64,254,30,24,25,27,25,17,254,0,59
2024-08-03 19:07:00+00:00,64,254,32,25,25,28,26,17,254,0,59
2024-08-03 20:07:00+00:00,64,254,33,25,27,29,27,17,254,0,59
2024-08-03 21:07:00+00:00,65,254,34,26,28,29,28,18,254,0,59
2024-08-03 22:07:00+00:00,65,254,35,27,30,30,29,18,254,0,59
2024-08-03 23:07:00+00:00,65,254,37,28,33,32,31,19,254,0,59
2024-08-04 00:07:00+00:00,66,254,38,28,36,32,33,19,254,0,59
2024-08-04 01:07:00+00:00,66,254,40,29,38,33,34,19,254,0,59
2024-08-04 02:07:00+00:00,66,254,41,28,40,33,36,19,254,0,59
2024-08-04 03:07:00+00:00,67,254,41,28,41,33,37,19,254,0,59
2024-08-04 04:07:00+00:00,67,254,42,28,42,32,38,19,254,0,59
2024-08-04 05:07:00+00:00,67,254,41,27,43,32,38,19,254,0,59
2024-08-04 06:07:00+00:00,67,254,41,27,43,31,39,18,254,0,59
2024-08-04 07:07:00+00:00,67,254,41,26,44,31,39,18,254,0,59
2024-08-04 08:07:00+00:00,66,254,40,26,44,30,39,18,254,0,103
2024-08-04 09:07:00+00:00,66,254,40,26,44,30,40,18,254,0,59
2024-08-04 10:07:00+00:00,66,254,40,26,44,30,39,18,254,0,59
2024-08-04 11:07:00+00:00,66,254,39,25,44,29,39,18,254,0,59
2024-08-04 12:07:00+00:00,65,254,39,25,44,29,39,18,254,0,59
2024-08-04 13:07:00+00:00,65,254,39,25,45,30,40,18,254,0,59
2024-08-04 14:07:00+00:00,65,254,38,25,45,29,40,18,254,0,59
2024-08-04 15:07:00+00:00,65,254,37,24,44,28,39,18,254,0,59
2024-08-04 16:07:00+00:00,65,254,36,24,44,29,37,19,254,0,59
2024-08-04 17:07:00+00:00,65,254,35,24,43,30,38,19,254,0,59
2024-08-04 18:07:00+00:00,65,254,36,25,43,31,39,19,254,0,59
2024-08-04 19:07:00+00:00,65,254,37,26,44,32,40,20,254,0,59
2024-08-04 20:07:00+00:00,65,254,39,27,46,34,41,20,254,0,59
2024-08-04 21:07:00+00:00,66,254,40,27,48,35,42,21,254,0,59
2024-08-04 22:07:00+00:00,66,254,41,28,51,37,44,22,254,0,59
2024-08-04 23:07:00+00:00,66,254,41,29,52,38,45,23,254,0,59
2024-08-05 00:07:00+00:00,66,254,42,29,54,39,47,23,254,0,59
2024-08-05 01:07:00+00:00,67,254,43,29,56,40,48,24,254,0,59
2024-08-05 02:07:00+00:00,67,254,44,30,58,41,50,24,254,0,59
2024-08-05 03:07:00+00:00,67,254,45,30,59,42,52,24,254,0,59
2024-08-05 04:07:00+00:00,67,254,45,29,60,41,53,24,254,0,59
2024-08-05 05:07:00+00:00,67,254,45,29,61,40,53,23,254,0,59
2024-08-05 06:07:00+00:00,66,254,45,29,61,40,54,23,254,0,59
2024-08-05 07:07:00+00:00,66,254,45,28,62,39,54,23,254,0,59
2024-08-05 08:07:00+00:00,66,254,45,28,62,38,54,23,254,0,103
2024-08-05 09:07:00+00:00,66,254,45,28,62,38,55,23,254,0,59
2024-08-05 10:07:00+00:00,65,254,45,28,63,37,55,23,254,0,59
2024-08-05 11:07:00+00:00,65,254,45,28,63,37,55,22,254,0,59
2024-08-05 12:07:00+00:00,65,254,44,28,62,36,55,22,254,0,59
2024-08-05 13:07:00+00:00,65,254,44,28,62,36,56,22,254,0,59
2024-08-05 14:07:00+00:00,64,254,43,27,62,35,55,22,254,0,59
2024-08-05 15:07:00+00:00,64,254,42,26,61,34,54,22,254,0,59
2024-08-05 16:07:00+00:00,64,254,39,25,60,33,52,22,254,0,59
2024-08-05 17:07:00+00:00,64,254,40,27,59,35,53,23,254,0,59
2024-08-05 18:07:00+00:00,64,254,39,27,59,36,53,24,254,0,59
2024-08-05 19:07:00+00:00,64,254,39,27,58,37,52,24,254,0,59
2024-08-05 20:07:00+00:00,65,254,41,29,60,40,53,26,254,0,59
2024-08-05 21:07:00+00:00,65,254,43,30,62,42,55,26,254,0,59
2024-08-05 22:07:00+00:00,65,254,45,31,65,45,57,27,254,0,59
2024-08-05 23:07:00+00:00,65,254,45,30,64,44,57,26,254,0,59
2024-08-06 00:07:00+00:00,66,254,44,29,64,43,57,26,254,0,59
2024-08-06 01:08:00+00:00,66,254,45,30,65,44,57,27,254,0,59
2024-08-06 02:08:00+00:00,66,254,45,30,65,45,58,27,254,0,59
2024-08-06 03:08:00+00:00,66,254,46,31,67,45,59,27,254,0,59
2024-08-06 04:08:00+00:00,66,254,47,31,67,45,60,26,254,0,59
2024-08-06 05:08:00+00:00,66,254,47,30,68,45,60,26,254,0,59
2024-08-06 06:08:00+00:00,66,254,47,30,68,44,60,26,254,0,59
2024-08-06 07:08:00+00:00,65,254,46,30,68,43,61,26,254,0,59
2024-08-06 08:08:00+00:00,65,254,46,30,68,43,61,26,254,0,103
2024-08-06 09:08:00+00:00,65,254,46,30,68,42,61,26,254,0,59
2024-08-06 10:08:00+00:00,65,254,46,30,68,42,61,25,254,0,59
2024-08-06 11:08:00+00:00,65,254,46,29,68,41,61,25,254,0,59
2024-08-06 12:08:00+00:00,64,254,46,29,69,41,62,25,254,0,59
2024-08-06 13:08:00+00:00,64,254,5,6,0,0,3,25,254,0,59
2024-08-06 14:08:00+00:00,64,254,25,22,17,26,14,25,254,0,59
2024-08-06 15:08:00+00:00,64,254,29,24,22,32,18,25,254,0,59
2024-08-06 16:08:00+00:00,64,254,30,26,26,35,21,25,254,0,59
2024-08-06 21:08:00+00:00,65,254,39,31,47,45,38,30,254,0,59
2024-08-06 22:08:00+00:00,66,254,40,32,51,47,41,32,254,0,59
2024-08-06 23:08:00+00:00,66,254,41,32,54,49,43,33,254,0,59
2024-08-07 00:08:00+00:00,66,254,43,33,56,52,46,35,254,0,59
2024-08-07 01:08:00+00:00,66,254,44,33,59,53,48,36,254,0,59
2024-08-07 02:08:00+00:00,66,254,45,33,61,55,51,36,254,0,59
2024-08-07 03:08:00+00:00,67,254,46,34,63,56,53,35,254,0,59
2024-08-07 04:08:00+00:00,66,254,46,33,64,56,54,34,254,0,59
2024-08-07 05:08:00+00:00,66,254,47,33,65,56,55,34,254,0,59
2024-08-07 06:08:00+00:00,66,254,47,33,66,56,56,33,254,0,59
2024-08-07 07:08:00+00:00,66,254,47,33,66,55,57,33,254,0,59
2024-08-07 08:08:00+00:00,65,254,47,33,67,54,58,32,254,0,103
2024-08-07 09:08:00+00:00,65,254,47,32,67,53,58,32,254,0,59
2024-08-07 10:08:00+00:00,65,254,47,32,67,53,59,32,254,0,59
2024-08-07 11:08:00+00:00,64,254,47,32,67,52,58,31,254,0,59
2024-08-07 12:08:00+00:00,64,254,47,32,67,51,59,31,254,0,59
2024-08-07 13:08:00+00:00,63,254,47,32,68,50,59,31,254,0,59
2024-08-07 14:08:00+00:00,63,254,47,32,68,49,59,31,254,0,59
2024-08-07 15:08:00+00:00,63,254,44,30,67,48,58,31,254,0,59
2024-08-07 16:08:00+00:00,62,254,42,29,66,47,57,30,254,0,59
2024-08-07 17:08:00+00:00,63,254,44,30,66,48,58,33,254,0,59
2024-08-07 18:08:00+00:00,63,254,44,29,65,49,58,33,254,0,59
2024-08-07 19:08:00+00:00,63,254,44,28,64,49,58,34,254,0,59
2024-08-07 20:08:00+00:00,63,254,45,30,64,51,58,36,254,0,59
2024-08-07 21:08:00+00:00,63,254,46,33,66,53,58,38,254,0,59
2024-08-07 22:08:00+00:00,64,254,48,34,67,55,59,41,254,0,59
2024-08-07 23:08:00+00:00,64,254,48,35,68,57,60,42,254,0,59
2024-08-08 00:08:00+00:00,64,254,49,35,68,59,60,43,254,0,59
2024-08-08 01:08:00+00:00,64,254,50,35,70,60,61,43,254,0,59
2024-08-08 02:08:00+00:00,65,254,51,36,71,62,63,44,254,0,59
2024-08-08 03:08:00+00:00,65,254,52,36,72,63,64,43,254,0,59
2024-08-08 04:08:00+00:00,65,254,52,36,72,63,65,42,254,0,59
2024-08-08 05:08:00+00:00,64,254,52,36,72,63,65,41,254,0,59
2024-08-08 06:08:00+00:00,64,254,52,35,73,63,65,40,254,0,59
2024-08-08 07:08:00+00:00,64,254,52,35,73,63,65,39,254,0,59
2024-08-08 08:08:00+00:00,64,254,52,35,73,63,65,39,254,0,103
2024-08-08 09:08:00+00:00,64,254,52,36,74,63,66,39,254,0,59
2024-08-08 10:08:00+00:00,63,254,53,36,74,62,67,38,254,0,59
2024-08-08 11:08:00+00:00,63,254,53,36,74,62,67,38,254,0,59
2024-08-08 12:08:00+00:00,63,254,53,36,75,62,67,38,254,0,59
2024-08-08 13:08:00+00:00,62,254,53,35,75,61,67,37,254,0,59
2024-08-08 14:08:00+00:00,62,254,52,35,74,60,67,37,254,0,59
2024-08-08 15:08:00+00:00,62,254,51,34,74,59,66,36,254,0,59
2024-08-08 16:08:00+00:00,62,254,48,32,72,57,65,35,254,0,59
2024-08-08 17:08:00+00:00,62,254,49,33,72,57,65,37,254,0,59
2024-08-08 18:08:00+00:00,62,254,48,31,71,57,65,38,254,0,59
2024-08-08 19:08:00+00:00,62,254,48,31,71,57,64,39,254,0,59
2024-08-08 20:08:00+00:00,62,254,48,31,70,57,64,40,254,0,59
2024-08-08 21:08:00+00:00,63,254,50,35,71,59,64,44,254,0,59
2024-08-08 22:08:00+00:00,63,254,50,36,71,60,64,45,254,0,59
2024-08-08 23:08:00+00:00,64,254,51,37,72,61,65,48,254,0,59
2024-08-09 00:08:00+00:00,64,254,52,38,72,63,65,49,254,0,59
2024-08-09 01:08:00+00:00,64,254,52,38,72,63,65,49,254,0,59
2024-08-09 02:08:00+00:00,65,254,54,39,73,65,67,49,254,0,59
2024-08-09 03:08:00+00:00,65,254,55,40,74,66,68,49,254,0,59
2024-08-09 04:08:00+00:00,65,254,55,40,75,66,68,48,254,0,59
2024-08-09 05:08:00+00:00,65,254,55,39,75,67,69,47,254,0,59
2024-08-09 06:08:00+00:00,65,254,55,39,75,67,69,46,254,0,59
2024-08-09 07:08:00+00:00,65,254,55,39,75,67,69,45,254,0,59
2024-08-09 08:08:00+00:00,65,254,55,39,76,67,69,44,254,0,103
2024-08-09 09:08:00+00:00,64,254,55,39,76,67,70,43,254,0,59
2024-08-09 10:08:00+00:00,64,254,56,39,76,67,70,43,254,0,59
2024-08-09 11:08:00+00:00,64,254,56,38,76,66,70,42,254,0,59
2024-08-09 12:08:00+00:00,64,254,56,38,76,66,71,42,254,0,59
2024-08-09 13:08:00+00:00,63,254,56,38,76,66,70,41,254,0,59
2024-08-09 14:08:00+00:00,63,254,55,37,76,65,70,41,254,0,59
2024-08-09 15:09:00+00:00,63,254,54,37,75,64,70,40,254,0,59
2024-08-09 16:09:00+00:00,62,254,53,36,75,64,70,39,254,4,59
2024-08-09 17:09:00+00:00,62,254,53,37,74,63,70,40,254,2,59
2024-08-09 18:09:00+00:00,62,254,51,35,73,62,69,40,254,0,59
2024-08-09 19:09:00+00:00,62,254,51,35,73,62,69,40,254,1,59
2024-08-09 20:09:00+00:00,63,254,52,36,73,62,68,40,254,0,59
2024-08-09 21:09:00+00:00,63,254,53,39,73,63,66,41,254,0,59
2024-08-09 22:09:00+00:00,64,254,54,39,73,63,32,41,254,21,59
2024-08-09 23:09:00+00:00,64,254,55,40,73,64,3,42,254,5,59
2024-08-10 00:09:00+00:00,65,254,55,40,73,65,4,42,254,12,59
2024-08-10 01:09:00+00:00,65,254,55,40,74,65,4,43,254,2,59
2024-08-10 02:09:00+00:00,65,254,55,41,75,66,4,43,254,0,59
2024-08-10 03:09:00+00:00,66,254,56,41,75,67,5,43,254,0,59
2024-08-10 04:09:00+00:00,66,254,57,41,76,67,5,43,254,0,59
2024-08-10 05:09:00+00:00,66,254,57,41,76,68,5,42,254,0,59
2024-08-10 06:09:00+00:00,65,254,57,41,76,68,6,40,254,0,59
2024-08-10 07:09:00+00:00,65,254,57,41,76,68,6,39,254,0,59
2024-08-10 08:09:00+00:00,65,254,57,40,76,68,6,38,254,0,103
2024-08-10 09:09:00+00:00,65,254,57,40,76,67,6,37,254,0,59
2024-08-10 10:09:00+00:00,64,254,57,40,76,67,6,37,254,0,59
2024-08-10 11:09:00+00:00,64,254,57,40,76,67,7,36,254,0,59
2024-08-10 12:09:00+00:00,63,254,57,40,76,67,7,35,254,0,59
2024-08-10 13:09:00+00:00,63,254,57,40,77,66,7,34,254,1,59
2024-08-10 14:09:00+00:00,63,254,57,39,76,66,7,34,254,0,59
2024-08-10 15:09:00+00:00,63,254,54,37,76,65,7,33,254,0,59
2024-08-10 16:09:00+00:00,62,254,52,35,75,64,8,32,254,0,59
2024-08-10 17:09:00+00:00,62,254,50,34,74,62,8,31,254,0,59
2024-08-10 18:09:00+00:00,62,254,46,32,72,61,8,29,254,0,59
2024-08-10 19:09:00+00:00,63,254,49,34,73,61,9,31,254,0,59
2024-08-10 20:09:00+00:00,63,254,52,36,73,62,10,34,254,0,59
2024-08-10 21:09:00+00:00,63,254,53,40,73,63,11,37,254,0,59
2024-08-10 22:09:00+00:00,64,254,55,42,74,64,12,40,254,0,59
2024-08-10 23:09:00+00:00,64,254,55,42,73,65,12,40,254,0,59
2024-08-11 00:09:00+00:00,64,254,55,43,73,66,13,42,254,0,59
2024-08-11 01:09:00+00:00,64,254,56,43,74,67,14,42,254,0,59
2024-08-11 02:09:00+00:00,64,254,57,44,75,68,15,42,254,0,59
2024-08-11 03:09:00+00:00,64,254,58,45,75,69,15,42,254,0,59
2024-08-11 04:09:00+00:00,64,254,58,45,76,69,15,40,254,0,59
2024-08-11 05:09:00+00:00,64,254,59,45,76,70,15,39,254,0,59
2024-08-11 06:09:00+00:00,64,254,59,45,76,70,15,38,254,0,59
2024-08-11 07:09:00+00:00,64,254,59,44,76,70,15,37,254,0,59
2024-08-11 08:09:00+00:00,64,254,59,44,77,70,15,36,254,0,103
2024-08-11 09:09:00+00:00,63,254,59,44,77,71,15,36,254,0,59
2024-08-11 10:09:00+00:00,63,254,59,44,77,71,15,35,254,0,59
2024-08-11 11:09:00+00:00,63,254,60,44,77,71,15,35,254,0,59
2024-08-11 12:09:00+00:00,63,254,60,44,77,71,15,34,254,0,59
2024-08-11 13:09:00+00:00,62,254,60,43,77,71,15,34,254,0,59
2024-08-11 14:09:00+00:00,62,254,59,43,77,70,15,33,254,0,59
2024-08-11 15:09:00+00:00,62,254,56,40,76,69,15,32,254,0,59
2024-08-11 16:09:00+00:00,62,254,55,39,76,68,15,32,254,0,59
2024-08-11 17:09:00+00:00,62,254,52,37,75,67,15,31,254,0,59
2024-08-11 18:09:00+00:00,62,254,52,36,74,66,16,31,254,0,59
2024-08-11 20:09:00+00:00,62,254,53,37,73,66,18,34,254,0,59
2024-08-11 21:09:00+00:00,63,254,55,41,73,66,19,37,254,0,59
2024-08-11 22:09:00+00:00,63,254,56,44,74,67,20,39,254,0,59
2024-08-11 23:09:00+00:00,64,254,57,45,74,68,22,42,254,0,59
2024-08-12 00:09:00+00:00,64,254,57,46,74,69,23,44,254,0,59
2024-08-12 01:09:00+00:00,64,254,58,47,75,70,25,44,254,0,59
2024-08-12 02:09:00+00:00,65,254,59,47,75,70,26,44,254,0,59
2024-08-12 03:10:00+00:00,65,254,60,48,75,71,27,43,254,0,59
2024-08-12 04:10:00+00:00,65,254,60,48,75,72,27,42,254,0,59
2024-08-12 05:10:00+00:00,65,254,60,48,76,72,27,41,254,0,59
2024-08-12 06:10:00+00:00,65,254,60,47,76,72,27,40,254,0,59
2024-08-12 07:10:00+00:00,64,254,60,47,76,72,28,39,254,0,59
2024-08-12 08:10:00+00:00,64,254,60,47,75,72,28,38,254,0,103
2024-08-12 09:10:00+00:00,64,254,60,47,76,72,28,38,254,0,59
2024-08-12 10:10:00+00:00,64,254,60,47,76,72,28,37,254,0,59
2024-08-12 11:10:00+00:00,64,254,60,46,75,72,28,37,254,0,59
2024-08-12 12:10:00+00:00,64,254,60,46,76,72,29,37,254,0,59
2024-08-12 13:10:00+00:00,64,254,60,46,75,72,29,36,254,0,59
2024-08-12 14:10:00+00:00,64,254,60,46,75,72,29,36,254,0,59
2024-08-12 15:10:00+00:00,64,254,60,46,75,71,29,36,254,0,59
2024-08-12 16:10:00+00:00,63,254,56,43,75,71,28,35,254,0,59
2024-08-12 17:10:00+00:00,64,254,57,43,75,70,29,35,254,0,59
2024-08-12 18:10:00+00:00,64,254,55,41,74,70,29,35,254,0,59
2024-08-12 20:10:00+00:00,64,254,54,38,73,68,29,35,254,0,59
2024-08-12 21:10:00+00:00,64,254,56,43,73,69,31,40,254,0,59
2024-08-12 22:10:00+00:00,65,254,57,45,73,69,32,43,254,0,59
2024-08-12 23:10:00+00:00,65,254,58,47,73,69,33,45,254,0,59
2024-08-13 00:10:00+00:00,65,254,59,48,73,70,35,48,254,0,59
2024-08-13 01:10:00+00:00,66,254,60,49,74,71,38,49,254,0,59
2024-08-13 02:10:00+00:00,66,254,61,50,75,72,40,50,254,0,59
2024-08-13 03:10:00+00:00,66,254,62,51,75,73,42,50,254,0,59
2024-08-13 04:10:00+00:00,66,254,62,51,75,74,43,49,254,0,59
2024-08-13 05:11:00+00:00,66,254,62,51,76,74,44,47,254,0,59
2024-08-13 06:11:00+00:00,66,254,62,51,76,74,44,46,254,0,59
2024-08-13 07:12:00+00:00,65,254,62,51,76,74,44,45,254,0,59
2024-08-13 08:12:00+00:00,65,254,62,51,76,74,45,44,254,0,103
2024-08-13 09:12:00+00:00,65,254,62,50,76,74,45,43,254,0,59
2024-08-13 10:12:00+00:00,65,254,62,50,76,74,45,42,254,0,59
2024-08-13 11:12:00+00:00,65,254,62,50,76,74,45,41,254,0,59
2024-08-13 12:12:00+00:00,64,254,63,50,76,74,46,41,254,0,59
2024-08-13 13:12:00+00:00,64,254,63,50,76,74,46,41,254,0,59
2024-08-13 14:12:00+00:00,64,254,63,50,76,74,46,40,254,0,59
2024-08-13 15:12:00+00:00,64,254,61,47,75,73,45,39,254,0,59
2024-08-13 16:12:00+00:00,64,254,57,45,75,73,45,38,254,1,59
2024-08-13 17:12:00+00:00,64,254,55,43,74,72,45,38,254,0,59
2024-08-13 18:12:00+00:00,64,254,54,42,74,72,45,39,254,0,59
2024-08-13 20:12:00+00:00,64,254,57,44,73,72,45,44,254,0,59
2024-08-13 21:14:00+00:00,64,254,59,47,74,72,46,47,254,0,59
2024-08-13 22:14:00+00:00,65,254,60,49,74,72,47,49,254,0,59
2024-08-13 23:14:00+00:00,65,254,60,50,74,72,48,51,254,0,59
2024-08-14 00:14:00+00:00,65,254,61,51,74,73,48,53,254,0,59
2024-08-14 01:14:00+00:00,65,254,62,52,75,74,50,54,254,0,59
2024-08-14 02:14:00+00:00,65,254,63,53,75,75,53,55,254,0,59
2024-08-14 03:14:00+00:00,65,254,64,55,76,76,54,55,254,0,59
2024-08-14 04:14:00+00:00,65,254,65,55,76,76,55,55,254,0,59
2024-08-14 05:14:00+00:00,65,254,65,55,76,76,56,54,254,0,59
2024-08-14 06:14:00+00:00,65,254,65,55,76,77,56,53,254,0,59
2024-08-14 07:14:00+00:00,64,254,65,55,77,77,57,51,254,0,59
2024-08-14 08:14:00+00:00,64,254,66,55,77,77,57,50,254,0,103
2024-08-14 09:14:00+00:00,64,254,66,55,77,77,57,49,254,0,59
2024-08-14 10:14:00+00:00,63,254,66,55,77,77,57,49,254,0,59
2024-08-14 11:14:00+00:00,63,254,66,54,77,77,58,48,254,0,59
2024-08-14 12:14:00+00:00,63,254,66,54,77,77,58,47,254,0,59
2024-08-14 13:14:00+00:00,63,254,66,54,77,77,58,47,254,0,59
2024-08-14 14:14:00+00:00,63,254,65,53,76,77,58,46,254,0,59
2024-08-14 15:14:00+00:00,62,254,64,52,76,77,57,45,254,0,59
2024-08-14 16:14:00+00:00,62,254,61,49,76,76,56,43,254,0,59
2024-08-14 17:14:00+00:00,62,254,60,48,75,75,56,43,254,0,59
2024-08-14 18:14:00+00:00,62,254,60,47,75,75,55,44,254,0,59
2024-08-14 19:14:00+00:00,63,254,59,46,74,74,55,45,254,0,59
2024-08-14 20:14:00+00:00,63,254,60,46,74,74,55,46,254,0,59
2024-08-14 21:14:00+00:00,63,254,62,49,74,74,55,48,254,0,59
2024-08-14 22:14:00+00:00,64,254,62,52,74,74,55,51,254,0,59
2024-08-14 23:14:00+00:00,64,254,63,53,74,75,55,53,254,0,59
2024-08-15 00:14:00+00:00,64,254,64,54,74,75,56,56,254,0,59
2024-08-15 01:14:00+00:00,65,254,65,55,75,76,58,58,254,0,59
2024-08-15 02:14:00+00:00,65,254,66,57,76,77,60,59,254,0,59
2024-08-15 03:15:00+00:00,65,254,67,58,76,77,61,60,254,0,59
2024-08-15 04:15:00+00:00,65,254,67,58,76,78,62,59,254,0,59
2024-08-15 05:15:00+00:00,65,254,68,58,76,78,62,59,254,0,59
2024-08-15 06:15:00+00:00,64,254,68,59,76,78,62,58,254,0,59
2024-08-15 07:15:00+00:00,64,254,68,59,77,78,63,57,254,0,59
2024-08-15 08:15:00+00:00,64,254,68,59,77,78,63,57,254,0,103
2024-08-15 09:15:00+00:00,63,254,68,59,77,78,63,56,254,0,59
2024-08-15 10:15:00+00:00,63,254,68,59,77,78,63,55,254,0,59
2024-08-15 11:15:00+00:00,63,254,69,59,77,78,64,54,254,0,59
2024-08-15 12:15:00+00:00,62,254,69,59,77,79,64,54,254,0,59
2024-08-15 13:15:00+00:00,62,254,69,59,77,79,64,53,254,0,59
2024-08-15 14:15:00+00:00,62,254,68,58,76,78,64,52,254,0,59
2024-08-15 15:15:00+00:00,61,254,67,56,76,78,63,51,254,0,59
2024-08-15 16:15:00+00:00,61,254,66,55,76,78,63,50,254,0,59
2024-08-15 17:15:00+00:00,61,254,21,22,10,31,0,37,254,0,59
2024-08-15 18:15:00+00:00,61,254,28,29,14,42,5,42,254,0,59
2024-08-15 19:15:00+00:00,62,254,31,31,16,48,11,44,254,0,59
2024-08-15 20:15:00+00:00,62,254,38,40,22,55,19,53,254,0,59
2024-08-15 21:15:00+00:00,63,254,45,48,29,63,23,57,254,0,59
2024-08-15 22:15:00+00:00,63,254,49,51,34,66,27,59,254,1,59
2024-08-15 23:15:00+00:00,63,254,50,52,37,67,27,58,254,0,59
2024-08-16 00:15:00+00:00,64,254,52,53,39,69,28,58,254,0,59
2024-08-16 01:15:00+00:00,64,254,54,57,43,73,36,63,254,1,59
2024-08-16 02:15:00+00:00,64,254,56,58,45,74,3,63,254,0,59
2024-08-16 03:15:00+00:00,64,254,57,59,47,75,2,62,254,33,59
2024-08-16 04:15:00+00:00,64,254,58,59,48,76,2,61,254,11,59
2024-08-16 05:15:00+00:00,64,254,59,59,50,76,1,61,254,11,59
2024-08-16 06:15:00+00:00,64,254,59,59,50,77,1,60,254,11,59
2024-08-16 07:15:00+00:00,63,254,59,60,52,77,1,58,254,8,59
2024-08-16 08:15:00+00:00,63,254,53,59,52,77,1,57,254,38,103
2024-08-16 09:15:00+00:00,62,254,28,59,52,77,1,56,254,14,59
2024-08-16 10:15:00+00:00,62,254,6,59,42,78,1,54,254,6,59
2024-08-16 11:15:00+00:00,61,254,5,55,22,78,1,44,254,0,59
2024-08-16 12:15:00+00:00,61,254,5,44,8,78,1,29,254,0,59
2024-08-16 13:15:00+00:00,61,254,6,29,7,79,1,22,254,1,59
2024-08-16 14:15:00+00:00,60,254,6,18,7,78,1,20,254,1,59
2024-08-16 15:15:00+00:00,60,254,6,13,6,78,2,18,254,2,59
2024-08-16 16:15:00+00:00,60,254,6,11,6,77,3,17,254,1,59
2024-08-16 17:15:00+00:00,60,254,6,12,6,75,5,16,254,0,59
2024-08-16 18:15:00+00:00,60,254,7,14,7,74,6,14,254,1,59
2024-08-16 19:15:00+00:00,60,254,7,12,6,74,6,13,254,2,59
2024-08-16 20:15:00+00:00,61,254,7,12,6,74,6,14,254,1,59
2024-08-16 21:15:00+00:00,61,254,7,16,5,75,6,16,254,3,59
2024-08-16 22:15:00+00:00,61,254,7,13,5,75,7,15,254,1,59
2024-08-16 23:15:00+00:00,62,254,7,15,5,75,7,17,254,0,59
2024-08-17 00:15:00+00:00,62,254,7,14,5,75,7,15,254,0,59
2024-08-17 01:15:00+00:00,62,254,7,15,6,76,8,17,254,0,59
2024-08-17 02:15:00+00:00,63,254,7,15,6,77,8,16,254,0,59
2024-08-17 03:15:00+00:00,63,254,7,15,6,77,8,16,254,0,59
2024-08-17 04:15:00+00:00,63,254,7,15,6,78,8,16,254,0,59
2024-08-17 05:15:00+00:00,63,254,7,15,6,78,8,16,254,0,59
2024-08-17 06:15:00+00:00,63,254,7,15,6,78,8,16,254,0,59
2024-08-17 07:15:00+00:00,62,254,7,15,7,78,8,16,254,0,59
2024-08-17 08:15:00+00:00,62,254,8,16,7,78,8,16,254,0,103
2024-08-17 09:15:00+00:00,62,254,8,16,7,78,7,16,254,0,59
2024-08-17 10:15:00+00:00,62,254,8,16,7,78,6,16,254,0,59
2024-08-17 11:15:00+00:00,61,254,8,16,7,78,6,16,254,0,59
2024-08-17 12:15:00+00:00,61,254,8,16,7,78,5,16,254,0,59
2024-08-17 13:15:00+00:00,61,254,8,17,7,78,4,16,254,0,59
2024-08-17 14:15:00+00:00,60,254,8,16,7,77,4,16,254,0,59
2024-08-17 15:15:00+00:00,60,254,8,15,7,76,8,16,254,0,59
2024-08-17 16:15:00+00:00,60,254,8,15,8,75,8,16,254,0,59
2024-08-17 17:15:00+00:00,60,254,8,16,8,73,9,15,254,0,59
2024-08-17 18:15:00+00:00,60,254,8,15,9,72,10,16,254,0,59
2024-08-17 19:15:00+00:00,60,254,9,16,10,71,11,16,254,0,59
2024-08-17 20:15:00+00:00,61,254,8,17,11,71,12,18,254,0,59
2024-08-17 21:15:00+00:00,61,254,9,20,12,71,13,20,254,0,59
2024-08-17 22:15:00+00:00,62,254,9,22,14,73,14,21,254,0,59
2024-08-17 23:15:00+00:00,62,254,9,20,14,73,14,20,254,0,59
2024-08-18 00:15:00+00:00,62,254,9,21,14,73,15,19,254,0,59
2024-08-18 01:15:00+00:00,62,254,9,21,15,74,16,21,254,0,59
2024-08-18 02:15:00+00:00,63,254,9,21,16,74,16,20,254,0,59
2024-08-18 03:16:00+00:00,63,254,9,21,16,74,16,20,254,0,59
2024-08-18 04:16:00+00:00,63,254,9,21,16,75,16,20,254,0,59
2024-08-18 05:16:00+00:00,63,254,9,21,17,75,16,20,254,0,59
2024-08-18 06:16:00+00:00,63,254,9,21,17,75,16,20,254,0,59
2024-08-18 07:16:00+00:00,63,254,9,21,17,75,15,20,254,0,59
2024-08-18 08:16:00+00:00,63,254,9,21,17,75,15,20,254,0,103
2024-08-18 09:16:00+00:00,63,254,9,21,17,74,15,21,254,0,59
2024-08-18 10:16:00+00:00,62,254,10,21,18,74,16,20,254,18,59
2024-08-18 11:16:00+00:00,62,254,10,22,18,74,16,20,254,1,59
2024-08-18 12:16:00+00:00,62,254,10,22,17,75,16,20,254,0,59
2024-08-18 13:16:00+00:00,62,254,10,22,17,74,16,20,254,0,59
2024-08-18 14:16:00+00:00,62,254,9,21,15,74,15,21,254,0,59
2024-08-18 15:16:00+00:00,62,254,9,19,14,73,15,21,254,0,59
2024-08-18 16:16:00+00:00,62,254,9,19,13,72,15,21,254,0,59
2024-08-18 17:16:00+00:00,62,254,9,19,14,71,15,21,254,0,59
2024-08-18 18:16:00+00:00,62,254,9,18,14,69,15,19,254,0,59
2024-08-18 19:16:00+00:00,62,254,10,19,15,69,17,20,254,0,59
2024-08-18 20:16:00+00:00,63,254,10,20,16,68,18,21,254,0,59
2024-08-18 21:16:00+00:00,63,254,10,24,19,68,19,22,254,0,59
2024-08-18 22:16:00+00:00,64,254,10,26,22,68,21,26,254,0,59
2024-08-18 23:16:00+00:00,64,254,10,28,24,70,23,26,254,0,59
2024-08-19 00:16:00+00:00,64,254,9,25,24,70,23,24,254,0,59
2024-08-19 01:16:00+00:00,65,254,10,26,26,71,24,25,254,0,59
2024-08-19 02:16:00+00:00,65,254,10,26,27,72,25,24,254,0,59
2024-08-19 03:16:00+00:00,65,254,10,25,27,72,25,24,254,0,59
2024-08-19 04:16:00+00:00,65,254,10,25,28,72,25,24,254,0,59
2024-08-19 05:16:00+00:00,65,254,10,25,29,73,26,24,254,1,59
2024-08-19 06:16:00+00:00,65,254,7,25,7,73,26,24,254,34,59
2024-08-19 07:16:00+00:00,65,254,5,25,3,73,24,24,254,16,59
2024-08-19 08:16:00+00:00,64,254,4,24,3,73,6,24,254,0,103
2024-08-19 09:16:00+00:00,64,254,5,20,3,73,5,23,254,0,59
2024-08-19 10:16:00+00:00,64,254,5,12,4,73,5,23,254,0,59
2024-08-19 11:16:00+00:00,64,254,5,9,4,72,5,23,254,0,59
2024-08-19 12:16:00+00:00,64,254,5,8,4,72,5,23,254,0,59
2024-08-19 13:16:00+00:00,64,254,5,8,4,72,5,22,254,0,59
2024-08-19 14:16:00+00:00,63,254,6,8,5,71,5,22,254,0,59
2024-08-19 15:16:00+00:00,63,254,6,8,6,70,6,21,254,0,59
2024-08-19 16:16:00+00:00,63,254,6,7,5,69,6,21,254,0,59
2024-08-19 17:16:00+00:00,63,254,6,8,6,67,7,21,254,0,59
2024-08-19 18:16:00+00:00,63,254,6,8,7,66,7,20,254,0,59
2024-08-19 19:16:00+00:00,63,254,6,7,7,65,7,17,254,0,59
2024-08-19 20:16:00+00:00,64,254,7,10,8,65,8,19,254,0,59
2024-08-19 21:16:00+00:00,64,254,7,12,9,64,9,19,254,0,59
2024-08-19 22:16:00+00:00,65,254,7,10,10,62,9,19,254,0,59
2024-08-19 23:16:00+00:00,65,254,7,13,11,62,10,21,254,0,59
2024-08-20 00:16:00+00:00,65,254,7,14,11,64,10,21,254,0,59
2024-08-20 01:16:00+00:00,65,254,7,13,12,65,11,21,254,0,59
2024-08-20 02:16:00+00:00,66,254,7,13,12,66,11,21,254,0,59
2024-08-20 03:16:00+00:00,66,254,7,13,12,66,11,20,254,0,59
2024-08-20 04:16:00+00:00,66,254,8,13,13,67,11,20,254,0,59
2024-08-20 05:16:00+00:00,66,254,8,13,13,67,11,20,254,0,59
2024-08-20 06:16:00+00:00,66,254,8,13,13,67,11,19,254,0,59
2024-08-20 07:16:00+00:00,66,254,8,14,13,66,11,19,254,0,59
2024-08-20 08:16:00+00:00,65,254,8,14,13,66,11,19,254,0,103
2024-08-20 09:16:00+00:00,65,254,8,14,13,66,11,19,254,0,59
2024-08-20 10:16:00+00:00,65,254,8,14,13,65,11,19,254,0,59
2024-08-20 11:16:00+00:00,64,254,8,14,13,65,11,19,254,0,59
2024-08-20 12:16:00+00:00,64,254,8,14,13,64,11,19,254,0,59
2024-08-20 13:16:00+00:00,64,254,8,14,13,64,11,19,254,0,59
2024-08-20 14:16:00+00:00,64,254,8,14,13,63,11,19,254,0,59
2024-08-20 15:16:00+00:00,63,254,8,13,13,62,11,18,254,0,59
2024-08-20 16:16:00+00:00,63,254,8,13,13,60,11,19,254,0,59
2024-08-20 17:16:00+00:00,63,254,8,13,14,59,12,19,254,0,59
2024-08-20 18:16:00+00:00,63,254,9,13,15,57,13,19,254,0,59
2024-08-20 19:16:00+00:00,63,254,9,14,15,57,14,20,254,0,59
2024-08-20 20:16:00+00:00,63,254,9,15,17,56,15,21,254,0,59
2024-08-20 21:16:00+00:00,63,254,9,18,19,56,17,23,254,0,59
2024-08-20 22:16:00+00:00,63,254,9,16,20,54,17,22,254,0,59
2024-08-20 23:16:00+00:00,64,254,9,17,22,55,18,23,254,0,59
2024-08-21 00:16:00+00:00,64,254,9,19,23,57,19,24,254,0,59
2024-08-21 01:16:00+00:00,64,254,9,19,25,59,21,26,254,0,59
2024-08-21 02:16:00+00:00,64,254,9,19,28,61,24,25,254,0,59
2024-08-21 03:16:00+00:00,64,254,9,19,29,62,24,24,254,0,59
2024-08-21 04:16:00+00:00,64,254,9,18,29,62,23,24,254,0,59
2024-08-21 05:16:00+00:00,64,254,10,18,29,62,23,24,254,0,59
2024-08-21 06:16:00+00:00,64,254,10,18,30,62,23,24,254,0,59
2024-08-21 07:16:00+00:00,63,254,10,18,30,62,23,24,254,0,59
2024-08-21 08:16:00+00:00,63,254,10,19,31,62,23,24,254,0,103
2024-08-21 09:16:00+00:00,63,254,10,19,31,62,23,24,254,0,59
2024-08-21 10:16:00+00:00,62,254,10,19,31,62,23,24,254,0,59
2024-08-21 11:16:00+00:00,62,254,10,19,32,61,23,24,254,0,59
2024-08-21 12:16:00+00:00,62,254,10,19,32,61,22,24,254,0,59
2024-08-21 13:16:00+00:00,61,254,10,19,32,61,22,23,254,0,59
2024-08-21 14:16:00+00:00,61,254,10,19,31,60,22,23,254,0,59
2024-08-21 15:16:00+00:00,61,254,10,18,31,59,21,23,254,0,59
2024-08-21 16:16:00+00:00,60,254,10,18,30,57,21,23,254,0,59
2024-08-21 17:16:00+00:00,60,254,10,17,30,56,21,23,254,0,59
2024-08-21 18:16:00+00:00,60,254,10,17,31,56,22,24,254,0,59
2024-08-21 19:16:00+00:00,60,254,10,18,31,55,23,24,254,0,59
2024-08-21 20:16:00+00:00,61,254,11,19,33,55,25,25,254,0,59
2024-08-21 21:16:00+00:00,61,254,11,22,35,55,27,26,254,0,59
2024-08-21 22:16:00+00:00,61,254,11,20,38,54,28,26,254,0,59
2024-08-21 23:16:00+00:00,62,254,11,21,40,55,29,28,254,0,59
2024-08-22 00:16:00+00:00,62,254,11,23,42,57,30,28,254,0,59
2024-08-22 01:16:00+00:00,62,254,11,23,44,59,32,30,254,0,59
2024-08-22 02:16:00+00:00,62,254,11,23,46,61,36,29,254,0,59
2024-08-22 03:16:00+00:00,62,254,11,22,48,62,37,29,254,0,59
2024-08-22 04:16:00+00:00,62,254,11,22,49,63,37,28,254,0,59
2024-08-22 05:16:00+00:00,62,254,11,22,49,63,38,28,254,0,59
2024-08-22 06:16:00+00:00,62,254,11,22,50,63,38,28,254,0,59
2024-08-22 07:16:00+00:00,62,254,11,22,51,63,38,28,254,0,59
2024-08-22 08:16:00+00:00,62,254,11,22,51,64,38,28,254,0,103
2024-08-22 09:16:00+00:00,61,254,11,22,51,64,38,28,254,0,59
2024-08-22 10:16:00+00:00,61,254,11,22,52,64,38,28,254,0,59
2024-08-22 11:16:00+00:00,61,254,11,22,52,63,38,28,254,0,59
2024-08-22 12:16:00+00:00,60,254,11,22,52,63,38,28,254,0,59
2024-08-22 13:16:00+00:00,60,254,11,22,53,63,38,27,254,0,59
2024-08-22 14:16:00+00:00,60,254,11,22,52,63,37,27,254,0,59
2024-08-22 15:16:00+00:00,59,254,11,21,51,62,36,27,254,0,59
2024-08-22 16:16:00+00:00,59,254,11,20,50,60,35,27,254,0,59
2024-08-22 17:16:00+00:00,59,254,11,20,50,59,34,26,254,0,59
2024-08-22 18:16:00+00:00,59,254,11,19,49,58,34,26,254,0,59
2024-08-22 19:16:00+00:00,60,254,11,17,48,57,34,25,254,0,59
2024-08-22 20:16:00+00:00,60,254,13,22,49,57,36,29,254,0,58
2024-08-22 21:16:00+00:00,60,254,13,25,50,58,37,31,254,0,59
2024-08-22 22:16:00+00:00,61,254,12,24,51,57,40,30,254,0,59
2024-08-22 23:16:00+00:00,61,254,12,25,53,58,41,33,254,0,59
2024-08-23 00:16:00+00:00,62,254,12,27,56,61,43,35,254,0,59
2024-08-23 01:16:00+00:00,62,254,12,26,57,63,45,34,254,0,59
2024-08-23 02:16:00+00:00,62,254,12,26,58,63,46,34,254,0,59
2024-08-23 03:16:00+00:00,62,254,12,25,58,64,46,33,254,0,59
2024-08-23 04:16:00+00:00,62,254,12,26,59,65,47,33,254,0,59
2024-08-23 05:16:00+00:00,62,254,12,25,59,65,47,33,254,0,59
2024-08-23 06:16:00+00:00,63,254,12,25,60,65,48,32,254,0,59
2024-08-23 07:16:00+00:00,62,254,12,25,60,65,47,32,254,0,59
2024-08-23 08:16:00+00:00,62,254,13,26,61,66,49,33,254,0,103
2024-08-23 09:16:00+00:00,62,254,13,26,62,67,49,33,254,0,59
2024-08-23 10:16:00+00:00,62,254,13,26,62,67,49,32,254,0,59
2024-08-23 11:16:00+00:00,62,254,13,26,62,67,50,32,254,0,59
2024-08-23 12:16:00+00:00,62,254,13,26,62,67,50,32,254,0,59
2024-08-23 13:16:00+00:00,62,254,13,26,63,67,50,32,254,0,59
2024-08-23 14:16:00+00:00,62,254,12,25,62,67,49,32,254,0,59
2024-08-23 15:16:00+00:00,61,254,12,23,60,66,48,31,254,0,59
2024-08-23 16:16:00+00:00,61,254,12,22,59,65,47,31,254,0,59
2024-08-23 17:16:00+00:00,61,254,13,22,59,63,46,31,254,0,59
2024-08-23 18:16:00+00:00,62,254,13,22,10,62,46,31,254,0,59
2024-08-23 19:16:00+00:00,62,254,15,31,25,66,51,38,254,10,59
2024-08-23 20:16:00+00:00,62,254,14,27,27,64,50,34,254,0,59
2024-08-23 21:16:00+00:00,62,254,13,27,30,65,50,35,254,0,59
2024-08-23 22:16:00+00:00,62,254,13,26,33,64,50,35,254,0,59
2024-08-23 23:16:00+00:00,63,254,13,28,37,65,51,37,254,0,59
2024-08-24 00:16:00+00:00,63,254,13,29,41,67,53,38,254,0,59
2024-08-24 01:16:00+00:00,63,254,14,30,45,68,55,39,254,0,59
2024-08-24 02:16:00+00:00,63,254,14,30,47,69,56,39,254,1,59
2024-08-24 03:16:00+00:00,63,254,14,29,49,70,56,38,254,0,59
2024-08-24 04:16:00+00:00,62,254,14,29,50,70,57,37,254,0,59
2024-08-24 05:16:00+00:00,62,254,14,29,51,71,57,37,254,2,59
2024-08-24 06:16:00+00:00,62,254,14,28,52,71,57,36,254,1,59
2024-08-24 07:16:00+00:00,62,254,14,29,53,71,57,36,254,2,59
2024-08-24 08:16:00+00:00,61,254,14,29,54,71,58,36,254,5,103
2024-08-24 09:16:00+00:00,61,254,14,29,54,71,58,36,254,3,59
2024-08-24 10:16:00+00:00,61,254,14,29,55,71,58,36,254,1,59
2024-08-24 11:16:00+00:00,60,254,14,29,55,72,58,36,254,0,59
2024-08-24 12:16:00+00:00,60,254,14,29,56,72,58,36,254,0,59
2024-08-24 13:16:00+00:00,60,254,14,29,57,72,58,35,254,0,59
2024-08-24 14:16:00+00:00,60,254,14,29,58,71,58,35,254,11,59
2024-08-24 15:16:00+00:00,59,254,14,28,58,71,58,35,254,9,59
2024-08-24 16:16:00+00:00,59,254,14,29,58,71,28,35,254,7,59
2024-08-24 17:16:00+00:00,58,254,14,28,46,71,3,35,254,8,59
2024-08-24 18:16:00+00:00,58,254,13,28,4,71,3,35,254,14,59
2024-08-24 19:16:00+00:00,58,254,5,29,3,71,3,17,254,16,59
2024-08-24 20:16:00+00:00,58,254,4,5,3,71,3,7,254,19,59
2024-08-24 21:16:00+00:00,58,254,4,4,3,70,3,5,254,21,59
2024-08-24 22:16:00+00:00,58,254,4,4,3,63,3,4,254,17,59
2024-08-24 23:16:00+00:00,58,254,4,4,3,42,4,5,254,7,59
2024-08-25 00:16:00+00:00,58,254,5,5,4,16,4,5,254,0,59
2024-08-25 01:16:00+00:00,58,254,5,5,4,10,4,6,254,0,59
2024-08-25 02:16:00+00:00,58,254,5,5,4,10,5,5,254,0,59
2024-08-25 03:16:00+00:00,58,254,5,5,4,11,5,4,254,0,59
2024-08-25 04:16:00+00:00,58,254,5,5,4,11,5,5,254,0,59
2024-08-25 05:16:00+00:00,58,254,6,6,4,12,5,5,254,0,59
2024-08-25 06:16:00+00:00,58,254,6,6,4,14,5,6,254,0,59
2024-08-25 07:16:00+00:00,57,254,6,6,4,15,5,6,254,0,59
2024-08-25 08:16:00+00:00,57,254,6,6,4,16,5,7,254,1,103
2024-08-25 09:16:00+00:00,57,254,6,6,4,17,5,7,254,0,59
2024-08-25 10:16:00+00:00,57,254,6,6,4,17,5,7,254,0,59
2024-08-25 11:16:00+00:00,57,254,6,7,4,18,6,7,254,0,59
2024-08-25 12:16:00+00:00,56,254,6,7,4,19,5,7,254,0,59
2024-08-25 13:16:00+00:00,56,254,6,7,4,19,6,7,254,0,59
2024-08-25 14:16:00+00:00,56,254,7,7,5,19,6,9,254,0,59
2024-08-25 15:16:00+00:00,56,254,7,7,7,19,6,9,254,0,59
2024-08-25 16:16:00+00:00,56,254,7,7,6,19,6,10,254,0,59
2024-08-25 17:16:00+00:00,56,254,7,7,6,19,6,9,254,0,58
2024-08-25 18:16:00+00:00,56,254,7,7,6,19,7,9,254,0,58
2024-08-25 19:16:00+00:00,56,254,7,8,6,19,7,9,254,0,58
2024-08-25 20:16:00+00:00,56,254,7,8,7,19,8,10,254,0,58
2024-08-25 21:16:00+00:00,56,254,7,9,7,20,8,10,254,0,58
2024-08-25 22:16:00+00:00,57,254,7,9,7,21,8,11,254,0,58
2024-08-25 23:16:00+00:00,57,254,7,9,8,23,8,11,254,0,58
2024-08-26 00:16:00+00:00,58,254,7,9,8,24,9,12,254,0,58
2024-08-26 01:16:00+00:00,58,254,7,9,8,25,9,12,254,0,58
2024-08-26 02:16:00+00:00,58,254,8,10,8,26,9,12,254,0,59
2024-08-26 03:16:00+00:00,58,254,8,10,8,26,9,12,254,0,59
2024-08-26 04:16:00+00:00,58,254,8,10,8,25,9,12,254,0,59
2024-08-26 05:16:00+00:00,58,254,8,10,8,25,9,12,254,0,59
2024-08-26 06:16:00+00:00,58,254,8,10,8,25,9,12,254,0,59
2024-08-26 07:16:00+00:00,58,254,8,10,8,25,9,12,254,0,59
2024-08-26 08:16:00+00:00,58,254,8,10,8,25,9,12,254,0,103
2024-08-26 09:16:00+00:00,58,254,8,10,8,25,9,12,254,0,59
2024-08-26 10:16:00+00:00,57,254,8,10,9,25,9,12,254,0,59
2024-08-26 11:16:00+00:00,57,254,8,11,9,25,9,13,254,0,59
2024-08-26 12:16:00+00:00,57,254,8,11,9,25,9,13,254,0,59
2024-08-26 13:16:00+00:00,57,254,8,11,9,25,9,13,254,0,59
2024-08-26 14:16:00+00:00,56,254,8,11,9,25,9,13,254,0,59
2024-08-26 15:16:00+00:00,56,254,8,10,9,24,9,13,254,0,58
2024-08-26 16:16:00+00:00,56,254,8,10,9,24,10,12,254,0,58
2024-08-26 17:16:00+00:00,56,254,8,10,9,23,10,13,254,0,58
2024-08-26 18:16:00+00:00,56,254,8,11,10,24,11,13,254,0,58
2024-08-26 19:16:00+00:00,56,254,9,11,10,24,12,13,254,0,58
2024-08-26 20:16:00+00:00,57,254,9,11,11,23,12,14,254,0,58
2024-08-26 21:16:00+00:00,57,254,9,13,12,25,13,14,254,0,58
2024-08-26 22:16:00+00:00,57,254,9,12,12,25,14,15,254,0,58
2024-08-26 23:16:00+00:00,58,254,9,13,13,26,15,15,254,0,58
2024-08-27 00:16:00+00:00,58,254,9,14,13,27,15,16,254,0,58
2024-08-27 01:16:00+00:00,59,254,9,14,14,30,16,16,254,0,58
2024-08-27 02:16:00+00:00,59,254,9,14,14,30,16,16,254,0,58
2024-08-27 03:16:00+00:00,59,254,9,14,14,30,16,15,254,0,59
2024-08-27 04:16:00+00:00,59,254,9,14,14,30,16,15,254,0,59
2024-08-27 05:16:00+00:00,59,254,9,14,14,29,15,15,254,0,59
2024-08-27 06:16:00+00:00,59,254,9,14,14,29,15,15,254,0,59
2024-08-27 07:16:00+00:00,59,254,9,14,14,29,15,15,254,0,59
2024-08-27 08:16:00+00:00,58,254,9,14,14,28,15,15,254,0,103
2024-08-27 09:16:00+00:00,58,254,9,14,14,28,15,15,254,0,59
2024-08-27 10:16:00+00:00,58,254,9,14,14,28,15,16,254,0,59
2024-08-27 11:16:00+00:00,57,254,9,14,14,28,15,15,254,0,59
2024-08-27 12:16:00+00:00,57,254,9,14,14,28,15,16,254,0,59
2024-08-27 13:16:00+00:00,57,254,9,14,14,28,15,16,254,0,59
2024-08-27 14:16:00+00:00,57,254,9,14,14,28,15,16,254,0,59
2024-08-27 15:16:00+00:00,56,254,9,13,13,27,15,15,254,0,58
2024-08-27 16:16:00+00:00,56,254,9,12,13,26,15,15,254,0,58
2024-08-27 17:16:00+00:00,56,254,9,13,14,26,16,15,254,0,58
2024-08-27 18:16:00+00:00,56,254,9,12,15,26,17,15,254,0,58
2024-08-27 19:16:00+00:00,57,254,10,13,15,26,18,15,254,0,58
2024-08-27 20:16:00+00:00,57,254,10,14,16,25,20,17,254,0,58
2024-08-27 21:16:00+00:00,58,254,10,17,18,27,21,18,254,0,58
2024-08-27 22:16:00+00:00,58,254,10,15,19,27,22,17,254,0,58
2024-08-27 23:16:00+00:00,59,254,10,16,21,28,23,18,254,0,58
2024-08-28 00:16:00+00:00,59,254,10,18,22,30,24,19,254,0,58
2024-08-28 01:16:00+00:00,60,254,10,17,23,33,26,20,254,0,58
2024-08-28 02:16:00+00:00,60,254,10,17,24,34,28,19,254,0,59
2024-08-28 03:16:00+00:00,60,254,10,17,24,34,28,18,254,0,59
2024-08-28 04:16:00+00:00,61,254,10,16,24,33,27,18,254,0,59
2024-08-28 05:16:00+00:00,60,254,10,16,24,33,27,18,254,0,59
2024-08-28 06:16:00+00:00,60,254,10,16,24,32,26,18,254,0,59
2024-08-28 07:16:00+00:00,60,254,10,16,24,32,25,18,254,0,59
2024-08-28 08:16:00+00:00,60,254,10,16,23,31,25,18,254,0,103
2024-08-28 09:16:00+00:00,59,254,10,16,24,31,25,18,254,0,59
2024-08-28 10:16:00+00:00,59,254,10,16,24,31,26,18,254,0,59
2024-08-28 11:16:00+00:00,59,254,10,17,24,31,26,18,254,0,59
2024-08-28 12:16:00+00:00,58,254,10,17,25,32,27,18,254,0,59
2024-08-28 13:16:00+00:00,58,254,10,17,25,32,27,18,254,0,59
2024-08-28 14:16:00+00:00,57,254,10,16,25,31,27,18,254,0,59
2024-08-28 15:16:00+00:00,57,254,10,16,25,31,27,18,254,0,59
2024-08-28 16:16:00+00:00,57,254,10,16,25,31,28,18,254,0,58
2024-08-28 17:16:00+00:00,56,254,10,16,25,30,29,18,254,0,58
2024-08-28 18:16:00+00:00,56,254,11,16,26,30,30,18,254,0,58
2024-08-28 19:16:00+00:00,56,254,11,16,26,29,31,19,254,0,58
2024-08-28 20:16:00+00:00,56,254,11,17,27,30,32,19,254,0,58
2024-08-28 21:16:00+00:00,56,254,11,19,28,32,33,19,254,0,58
2024-08-28 22:16:00+00:00,57,254,11,18,29,31,34,20,254,0,58
2024-08-28 23:16:00+00:00,57,254,11,18,31,32,36,20,254,0,58
2024-08-29 00:16:00+00:00,57,254,11,19,32,33,37,21,254,0,58
2024-08-29 01:16:00+00:00,57,254,11,19,34,35,39,21,254,0,58
2024-08-29 02:16:00+00:00,57,254,11,19,35,36,41,21,254,0,58
2024-08-29 03:16:00+00:00,57,254,11,19,36,36,42,21,254,0,59
2024-08-29 04:16:00+00:00,57,254,11,18,37,36,42,20,254,0,59
2024-08-29 05:16:00+00:00,57,254,11,19,38,36,43,20,254,0,59
2024-08-29 06:16:00+00:00,56,254,11,18,39,36,43,20,254,0,59
2024-08-29 07:16:00+00:00,56,254,11,19,39,36,43,20,254,0,59
2024-08-29 08:16:00+00:00,56,254,11,18,39,35,40,20,254,0,103
2024-08-29 09:16:00+00:00,56,254,11,19,40,35,40,20,254,0,59
2024-08-29 10:16:00+00:00,55,254,11,19,40,35,39,20,254,0,59
2024-08-29 11:16:00+00:00,55,254,11,19,40,35,17,20,254,0,59
2024-08-29 12:16:00+00:00,55,254,12,19,40,35,9,20,254,0,59
2024-08-29 13:16:00+00:00,54,254,12,19,41,35,7,20,254,0,59
2024-08-29 14:16:00+00:00,54,254,12,19,40,35,9,21,254,0,59
2024-08-29 15:16:00+00:00,54,254,11,18,39,34,15,20,254,0,58
2024-08-29 16:16:00+00:00,53,254,11,17,37,33,17,19,254,0,58
2024-08-29 17:16:00+00:00,53,254,11,16,36,32,19,19,254,0,58
2024-08-29 18:16:00+00:00,53,254,12,17,37,32,22,20,254,0,58
2024-08-29 19:16:00+00:00,54,254,12,18,38,32,25,20,254,0,58
2024-08-29 20:16:00+00:00,54,254,12,18,39,32,28,20,254,0,58
2024-08-29 21:16:00+00:00,55,254,12,20,40,33,30,21,254,0,58
2024-08-29 22:16:00+00:00,55,254,12,20,41,33,33,22,254,0,58
2024-08-29 23:16:00+00:00,56,254,12,20,43,35,35,23,254,0,58
2024-08-30 00:16:00+00:00,56,254,12,22,44,36,37,23,254,0,58
2024-08-30 01:16:00+00:00,57,254,12,22,46,39,40,24,254,0,58
2024-08-30 02:16:00+00:00,57,254,12,21,48,40,43,23,254,0,58
2024-08-30 03:16:00+00:00,57,254,12,21,49,40,44,22,254,0,59
2024-08-30 04:16:00+00:00,57,254,12,21,49,40,45,22,254,0,59
2024-08-30 05:16:00+00:00,57,254,12,20,50,40,45,22,254,0,59
2024-08-30 06:16:00+00:00,57,254,12,20,50,39,45,22,254,0,59
2024-08-30 07:16:00+00:00,56,254,12,20,50,39,33,22,254,0,59
2024-08-30 08:16:00+00:00,56,254,12,20,51,39,18,22,254,0,103
2024-08-30 09:16:00+00:00,56,254,12,20,51,38,13,22,254,0,59
2024-08-30 10:16:00+00:00,55,254,12,20,51,38,12,22,254,0,59
2024-08-30 11:16:00+00:00,55,254,12,20,51,38,11,22,254,0,59
2024-08-30 12:16:00+00:00,54,254,13,20,51,38,10,22,254,0,59
2024-08-30 13:16:00+00:00,54,254,13,20,52,38,9,22,254,0,59
2024-08-30 14:16:00+00:00,54,254,13,20,51,37,11,22,254,0,59
2024-08-30 15:16:00+00:00,54,254,12,19,50,37,15,22,254,0,58
2024-08-30 16:16:00+00:00,53,254,12,18,48,35,17,21,254,0,58
2024-08-30 17:16:00+00:00,53,254,12,18,47,35,20,20,254,0,58
2024-08-30 18:16:00+00:00,53,254,13,17,47,34,22,21,254,0,58
2024-08-30 19:16:00+00:00,54,254,13,18,46,34,25,21,254,0,58
2024-08-30 20:16:00+00:00,54,254,13,20,47,33,28,22,254,0,58
2024-08-30 21:16:00+00:00,55,254,13,22,48,35,31,23,254,0,58
2024-08-30 22:16:00+00:00,55,254,13,21,49,34,34,23,254,0,58
2024-08-30 23:16:00+00:00,56,254,13,22,50,36,37,25,254,0,58
2024-08-31 00:16:00+00:00,57,254,13,24,52,38,39,26,254,0,58
2024-08-31 01:16:00+00:00,57,254,13,24,53,41,43,26,254,0,58
2024-08-31 02:16:00+00:00,58,254,13,24,55,43,47,26,254,0,58
2024-08-31 03:16:00+00:00,58,254,13,23,56,44,48,25,254,0,59
2024-08-31 04:16:00+00:00,58,254,13,22,57,44,49,24,254,0,59
2024-08-31 05:16:00+00:00,58,254,13,22,58,43,49,24,254,0,59
2024-08-31 06:16:00+00:00,58,254,13,22,58,43,49,24,254,0,59
2024-08-31 07:16:00+00:00,57,254,13,22,58,43,47,24,254,0,59
2024-08-31 08:16:00+00:00,57,254,13,22,58,42,28,24,254,0,103
2024-08-31 09:16:00+00:00,57,254,13,22,59,42,18,24,254,0,59
2024-08-31 10:16:00+00:00,56,254,13,22,59,42,13,24,254,0,59
2024-08-31 11:16:00+00:00,56,254,13,22,59,42,10,24,254,0,59
2024-08-31 12:16:00+00:00,56,254,13,22,59,41,8,24,254,0,59
2024-08-31 13:16:00+00:00,55,254,14,22,59,41,9,24,254,0,59
2024-08-31 14:16:00+00:00,55,254,14,22,59,41,10,24,254,0,59
2024-08-31 15:16:00+00:00,55,254,13,20,57,40,15,23,254,0,58
2024-08-31 16:16:00+00:00,54,254,13,19,55,38,17,22,254,0,58
2024-08-31 17:16:00+00:00,54,254,13,18,53,37,20,22,254,0,58
2024-08-31 18:16:00+00:00,55,254,14,18,54,37,23,23,254,0,58
2024-08-31 20:16:00+00:00,55,254,14,20,53,36,29,24,254,0,58
2024-08-31 21:16:00+00:00,56,254,14,23,54,37,33,25,254,0,58
2024-08-31 22:16:00+00:00,57,254,14,23,55,37,36,26,254,0,58
2024-08-31 23:16:00+00:00,57,254,14,24,56,38,39,27,254,0,58
2024-09-01 00:16:00+00:00,58,254,14,26,58,40,41,29,254,0,58
2024-09-01 01:16:00+00:00,59,254,14,27,59,44,45,30,254,0,58
2024-09-01 02:16:00+00:00,59,254,14,26,61,46,49,29,254,0,58
2024-09-01 03:16:00+00:00,59,254,14,25,62,47,51,28,254,0,59
2024-09-01 04:16:00+00:00,59,254,14,24,63,47,52,27,254,0,59
2024-09-01 05:16:00+00:00,59,254,14,24,63,47,52,27,254,0,59
2024-09-01 06:16:00+00:00,59,254,14,24,63,47,48,27,254,0,59
2024-09-01 07:16:00+00:00,59,254,14,24,64,47,36,26,254,0,59
2024-09-01 08:16:00+00:00,58,254,14,24,64,46,33,26,254,0,103
2024-09-01 09:16:00+00:00,58,254,14,24,64,46,27,26,254,0,59
2024-09-01 10:16:00+00:00,58,254,14,24,64,46,13,26,254,0,59
2024-09-01 11:16:00+00:00,57,254,14,24,64,46,10,26,254,0,59
2024-09-01 12:16:00+00:00,57,254,15,24,65,46,9,26,254,0,59
2024-09-01 13:16:00+00:00,57,254,15,24,65,45,9,26,254,0,59
2024-09-01 14:16:00+00:00,56,254,15,23,64,44,12,26,254,0,59
2024-09-01 15:16:00+00:00,56,254,14,21,62,43,16,25,254,0,58
2024-09-01 16:16:00+00:00,56,254,14,21,61,42,19,25,254,0,58
2024-09-01 17:16:00+00:00,56,254,14,20,59,41,21,24,254,0,58
2024-09-01 18:16:00+00:00,56,254,15,19,59,40,25,25,254,0,58
2024-09-01 20:16:00+00:00,57,254,15,20,57,38,32,26,254,0,58
2024-09-01 21:16:00+00:00,58,254,15,24,58,40,35,28,254,0,58
2024-09-01 22:16:00+00:00,58,254,15,24,59,41,38,28,254,0,58
2024-09-01 23:16:00+00:00,59,254,15,25,60,41,41,30,254,0,58
2024-09-02 00:16:00+00:00,60,254,16,28,62,44,44,32,254,0,58
2024-09-02 01:16:00+00:00,60,254,16,29,63,47,48,34,254,0,58
2024-09-02 02:16:00+00:00,60,254,16,29,65,50,52,33,254,0,59
2024-09-02 03:16:00+00:00,61,254,15,27,66,51,53,31,254,0,59
2024-09-02 04:16:00+00:00,61,254,15,26,66,51,54,30,254,0,59
2024-09-02 05:16:00+00:00,61,254,15,26,67,51,54,30,254,0,59
2024-09-02 06:16:00+00:00,60,254,15,25,67,50,51,29,254,0,59
2024-09-02 07:16:00+00:00,60,254,15,25,67,50,50,29,254,0,59
2024-09-02 08:16:00+00:00,60,254,15,25,67,50,50,29,254,0,103
2024-09-02 09:16:00+00:00,60,254,15,25,67,49,51,29,254,0,59
2024-09-02 10:16:00+00:00,60,254,15,26,67,50,52,29,254,0,59
2024-09-02 11:16:00+00:00,60,254,15,25,67,50,48,29,254,0,59
2024-09-02 12:16:00+00:00,59,254,16,25,67,49,44,29,254,0,59
2024-09-02 13:16:00+00:00,59,254,16,26,68,49,44,29,254,0,59
2024-09-02 14:16:00+00:00,59,254,15,25,67,49,41,29,254,0,59
2024-09-02 15:16:00+00:00,59,254,14,22,65,48,41,28,254,0,58
2024-09-02 16:16:00+00:00,59,254,16,25,66,47,43,29,254,0,58
2024-09-02 17:16:00+00:00,59,254,16,24,64,46,44,29,254,0,58
2024-09-02 18:16:00+00:00,59,254,17,28,67,48,47,31,254,0,58
2024-09-02 19:16:00+00:00,59,254,14,22,65,47,46,28,254,0,58
2024-09-02 20:16:00+00:00,60,254,17,25,64,45,47,30,254,0,58
2024-09-02 21:16:00+00:00,60,254,17,28,67,49,50,33,254,0,58
2024-09-02 22:16:00+00:00,60,254,16,28,68,50,52,31,254,1,58
2024-09-02 23:16:00+00:00,60,254,16,27,68,50,53,31,254,2,58
2024-09-03 00:16:00+00:00,61,254,16,25,67,49,51,30,254,3,58
2024-09-03 01:16:00+00:00,61,254,17,27,68,50,54,31,254,0,58
2024-09-03 02:16:00+00:00,61,254,16,27,68,51,54,30,254,5,58
2024-09-03 03:16:00+00:00,61,254,16,27,68,51,53,30,254,10,58
2024-09-03 04:16:00+00:00,61,254,16,26,68,51,43,29,254,10,58
2024-09-03 05:16:00+00:00,61,254,14,26,68,51,6,29,254,9,58
2024-09-03 06:16:00+00:00,61,254,4,26,66,51,3,29,254,8,59
2024-09-03 07:16:00+00:00,60,254,4,23,51,51,3,29,254,9,58
2024-09-03 08:16:00+00:00,60,254,4,4,3,51,3,29,254,12,103
2024-09-03 09:16:00+00:00,60,254,4,4,3,51,3,27,254,6,58
2024-09-03 10:16:00+00:00,60,254,4,4,3,51,3,9,254,6,58
2024-09-03 11:16:00+00:00,60,254,4,4,3,51,4,6,254,6,58
2024-09-03 12:16:00+00:00,59,254,4,4,3,50,4,6,254,4,58
2024-09-03 13:16:00+00:00,59,254,5,5,3,49,4,6,254,4,58
2024-09-03 14:16:00+00:00,59,254,6,5,4,47,5,6,254,4,58
2024-09-03 15:16:00+00:00,59,254,6,5,5,45,5,7,254,4,58
2024-09-03 16:16:00+00:00,59,254,8,5,4,43,5,8,254,4,58
2024-09-03 17:16:00+00:00,59,254,6,5,5,42,5,7,254,4,58
2024-09-03 18:16:00+00:00,59,254,5,6,5,40,5,7,254,4,58
2024-09-03 19:16:00+00:00,59,254,6,5,5,38,5,7,254,3,58
2024-09-03 20:16:00+00:00,59,254,6,6,5,35,6,7,254,4,58
2024-09-03 21:16:00+00:00,60,254,6,6,6,34,6,8,254,3,58
2024-09-03 22:16:00+00:00,60,254,6,6,6,33,6,9,254,4,58
2024-09-03 23:16:00+00:00,60,254,6,6,6,34,6,10,254,2,58
2024-09-04 00:16:00+00:00,60,254,6,7,7,34,7,10,254,3,58
2024-09-04 01:16:00+00:00,60,254,7,7,7,36,7,11,254,1,58
2024-09-04 02:16:00+00:00,60,254,7,7,7,37,7,11,254,2,58
2024-09-04 03:16:00+00:00,61,254,7,7,7,36,7,11,254,1,58
2024-09-04 04:16:00+00:00,60,254,7,7,7,35,7,11,254,1,58
2024-09-04 05:16:00+00:00,60,254,7,7,7,34,7,11,254,0,58
2024-09-04 06:16:00+00:00,60,254,7,8,7,33,7,11,254,1,59
2024-09-04 07:16:00+00:00,60,254,7,8,7,33,7,11,254,1,59
2024-09-04 08:16:00+00:00,59,254,7,8,7,32,7,11,254,0,103
2024-09-04 09:16:00+00:00,59,254,7,8,7,32,7,11,254,1,58
2024-09-04 10:16:00+00:00,59,254,7,8,8,32,8,11,254,0,59
2024-09-04 11:19:00+00:00,58,254,7,8,8,31,8,12,254,1,58
2024-09-04 12:19:00+00:00,58,254,7,9,8,31,7,12,254,0,58
2024-09-04 13:21:00+00:00,58,254,7,9,8,31,7,12,254,1,58
2024-09-04 14:21:00+00:00,57,254,8,9,8,30,8,12,254,0,58
2024-09-04 15:21:00+00:00,57,254,7,9,8,29,8,12,254,1,58
2024-09-04 16:21:00+00:00,57,254,7,9,8,28,8,11,254,0,58
2024-09-04 17:21:00+00:00,57,254,8,9,8,27,8,12,254,1,58
2024-09-04 18:21:00+00:00,57,254,8,9,8,27,9,12,254,0,58
2024-09-04 19:21:00+00:00,57,254,8,9,9,26,9,12,254,1,58
2024-09-04 20:21:00+00:00,58,254,8,10,10,26,10,13,254,0,58
2024-09-04 21:21:00+00:00,58,254,8,10,10,27,10,13,254,0,58
2024-09-04 22:21:00+00:00,59,254,8,10,10,27,11,13,254,0,58
2024-09-04 23:21:00+00:00,59,254,8,11,11,28,11,14,254,0,58
2024-09-05 00:21:00+00:00,60,254,8,12,11,29,11,15,254,0,58
2024-09-05 01:21:00+00:00,60,254,8,12,12,32,12,15,254,0,58
2024-09-05 02:21:00+00:00,61,254,8,12,12,33,12,15,254,0,58
2024-09-05 03:21:00+00:00,61,254,8,11,12,32,12,14,254,0,58
2024-09-05 04:21:00+00:00,61,254,8,11,12,32,12,14,254,0,58
2024-09-05 05:21:00+00:00,60,254,8,11,12,31,12,14,254,0,58
2024-09-05 06:21:00+00:00,60,254,8,12,12,31,12,14,254,0,58
2024-09-05 07:21:00+00:00,60,254,8,12,12,30,11,14,254,0,58
2024-09-05 08:21:00+00:00,60,254,8,12,12,30,11,14,254,0,103
2024-09-05 09:21:00+00:00,59,254,8,12,12,30,11,15,254,0,58
2024-09-05 10:21:00+00:00,59,254,9,12,12,29,10,15,254,0,58
2024-09-05 11:21:00+00:00,58,254,9,12,12,29,9,15,254,0,58
2024-09-05 12:21:00+00:00,58,254,9,12,12,29,9,15,254,0,58
2024-09-05 13:21:00+00:00,58,254,9,12,12,29,9,15,254,0,58
2024-09-05 14:21:00+00:00,58,254,9,12,12,28,11,15,254,0,58
2024-09-05 15:21:00+00:00,57,254,8,12,11,28,11,14,254,0,58
2024-09-05 16:21:00+00:00,57,254,9,11,11,27,12,14,254,0,58
2024-09-05 17:21:00+00:00,57,254,9,11,12,26,12,14,254,0,58
2024-09-05 18:21:00+00:00,57,254,9,12,12,26,13,15,254,0,58
2024-09-05 19:21:00+00:00,58,254,9,12,13,25,14,14,254,0,58
2024-09-05 20:21:00+00:00,58,254,9,12,13,24,14,15,254,0,58
2024-09-05 21:21:00+00:00,59,254,9,13,14,26,15,15,254,0,58
2024-09-05 22:21:00+00:00,60,254,9,13,15,25,15,15,254,0,58
2024-09-05 23:21:00+00:00,60,254,9,14,16,28,16,17,254,0,58
2024-09-06 00:21:00+00:00,61,254,9,15,17,29,17,17,254,0,58
2024-09-06 01:21:00+00:00,61,254,9,15,18,32,18,18,254,0,58
2024-09-06 02:21:00+00:00,61,254,9,15,18,33,18,17,254,0,58
2024-09-06 03:21:00+00:00,61,254,9,15,18,33,18,17,254,0,58
2024-09-06 04:21:00+00:00,62,254,9,14,18,32,18,17,254,0,58
2024-09-06 05:21:00+00:00,61,254,9,14,18,32,17,17,254,0,58
2024-09-06 06:21:00+00:00,61,254,9,14,18,31,16,17,254,0,58
2024-09-06 07:21:00+00:00,61,254,9,14,18,31,16,17,254,0,58
2024-09-06 08:21:00+00:00,60,254,9,15,18,30,15,17,254,0,103
2024-09-06 09:21:00+00:00,60,254,10,14,18,30,13,17,254,0,58
2024-09-06 10:21:00+00:00,60,254,10,15,18,30,13,17,254,0,58
2024-09-06 11:21:00+00:00,59,254,10,15,18,30,11,17,254,0,58
2024-09-06 12:21:00+00:00,59,254,10,15,18,30,10,17,254,0,58
2024-09-06 13:21:00+00:00,59,254,10,15,18,30,10,17,254,0,58
2024-09-06 14:21:00+00:00,58,254,10,14,17,29,12,17,254,0,58
2024-09-06 15:21:00+00:00,58,254,9,14,16,28,14,16,254,0,58
2024-09-06 16:21:00+00:00,58,254,10,13,15,27,15,15,254,0,58
2025-02-14 16:47:00+00:00,254,254,53,56,60,62,42,56,254,0,58
2025-02-14 16:57:00+00:00,254,254,53,57,60,62,43,57,254,0,59
2025-04-10 19:48:00+00:00,254,254,244,244,244,244,244,244,254,0,59
2025-04-10 20:51:00+00:00,254,254,244,244,244,244,244,244,254,0,58
2025-04-10 21:52:00+00:00,254,254,244,244,244,244,244,244,254,0,59
2025-04-10 22:52:00+00:00,254,254,244,244,244,244,244,244,254,0,59
2025-04-10 23:52:00+00:00,254,254,244,244,244,244,244,244,254,0,59
2025-04-11 00:52:00+00:00,254,254,244,244,244,244,244,244,254,0,59
2025-04-11 01:52:00+00:00,254,254,244,244,244,244,244,244,254,0,59
2025-04-11 02:52:00+00:00,254,254,244,244,244,244,244,244,254,0,59
2025-04-11 03:52:00+00:00,254,254,244,244,244,244,244,244,254,0,59
2025-04-11 04:52:00+00:00,254,254,244,244,244,244,244,244,254,0,59
2025-04-11 05:52:00+00:00,254,254,244,244,244,244,244,244,254,0,59
2025-04-11 06:52:00+00:00,254,254,244,244,244,244,244,244,254,0,59
2025-04-11 07:53:00+00:00,254,254,244,244,244,244,244,244,254,0,59
2025-04-11 08:53:00+00:00,254,254,244,244,244,244,244,244,254,0,103
2025-04-11 09:53:00+00:00,254,254,244,244,244,244,244,244,254,0,59
2025-04-11 10:53:00+00:00,254,254,244,244,244,244,244,244,254,0,59
2025-04-11 11:53:00+00:00,254,254,244,244,244,244,244,244,254,0,59
2025-04-11 12:53:00+00:00,254,254,244,244,244,244,244,244,254,0,59
2025-04-11 13:53:00+00:00,254,254,244,244,244,244,244,244,254,0,59
2025-04-11 14:53:00+00:00,254,254,244,244,244,244,244,244,254,0,58
2025-04-11 16:20:00+00:00,254,254,244,244,244,244,244,244,254,5,59
2025-04-11 17:20:00+00:00,254,254,244,244,244,244,244,244,254,0,59
2025-04-11 18:20:00+00:00,254,254,244,244,244,244,244,244,254,0,59
2025-04-11 19:20:00+00:00,254,254,244,244,244,244,244,244,254,0,59
2025-04-11 20:20:00+00:00,254,254,244,244,244,244,244,244,254,0,59
2025-04-11 21:20:00+00:00,254,254,244,244,244,244,244,244,254,0,59
2025-04-11 22:20:00+00:00,254,254,244,244,244,244,244,244,254,0,59
2025-04-11 23:20:00+00:00,254,254,244,244,244,244,244,244,254,0,59
2025-04-12 00:20:00+00:00,254,254,244,244,244,244,244,244,254,0,59
2025-04-12 01:20:00+00:00,254,254,244,244,244,244,244,244,254,0,59
2025-04-12 02:20:00+00:00,254,254,244,244,244,244,244,244,254,0,59
2025-04-12 03:20:00+00:00,254,254,244,244,244,244,244,244,254,0,59
2025-04-12 04:20:00+00:00,254,254,244,244,244,244,244,244,254,0,59
2025-04-12 05:20:00+00:00,254,254,244,244,244,244,244,244,254,0,59
2025-04-12 06:20:00+00:00,254,254,244,244,244,244,244,244,254,0,59
2025-04-12 07:20:00+00:00,254,254,244,244,244,244,244,244,254,0,59
2025-04-12 08:20:00+00:00,254,254,244,244,244,244,244,244,254,0,103
2025-04-12 09:20:00+00:00,254,254,244,244,244,244,244,244,254,0,59
2025-04-12 10:20:00+00:00,254,254,244,244,244,244,244,244,254,0,59
2025-04-12 11:20:00+00:00,254,254,244,244,244,244,244,244,254,0,59
2025-04-12 12:20:00+00:00,254,254,244,244,244,244,244,244,254,0,59
2025-04-12 13:20:00+00:00,254,254,244,244,244,244,244,244,254,0,59
2025-04-12 14:20:00+00:00,254,254,244,244,244,244,244,244,254,0,59
2025-04-12 15:20:00+00:00,254,254,244,244,244,244,244,244,254,0,59
2025-04-12 16:20:00+00:00,254,254,244,244,244,244,244,244,254,0,59
2025-04-12 17:20:00+00:00,254,254,244,244,244,244,244,244,254,0,59
2025-04-12 18:20:00+00:00,254,254,244,244,244,244,244,244,254,0,59
2025-04-12 19:20:00+00:00,254,254,244,244,244,244,244,244,254,0,59
2025-04-12 20:20:00+00:00,254,254,244,244,244,244,244,244,254,0,59
2025-04-12 21:20:00+00:00,254,254,244,244,244,244,244,244,254,0,59
2025-04-12 22:20:00+00:00,254,254,244,244,244,244,244,244,254,0,59
2025-04-12 23:20:00+00:00,254,254,244,244,244,244,244,244,254,0,59
2025-04-13 00:20:00+00:00,254,254,244,244,244,244,244,244,254,0,59
2025-04-13 01:20:00+00:00,254,254,244,244,244,244,244,244,254,0,59
2025-04-13 02:20:00+00:00,254,254,244,244,244,244,244,244,254,0,59
2025-04-13 03:20:00+00:00,254,254,244,244,244,244,244,244,254,0,59
2025-04-13 04:20:00+00:00,254,254,244,244,244,244,244,244,254,0,59
2025-04-13 05:20:00+00:00,254,254,244,244,244,244,244,244,254,0,59
2025-04-13 06:20:00+00:00,254,254,244,244,244,244,244,244,254,0,59
2025-04-13 07:20:00+00:00,254,254,244,244,244,244,244,244,254,0,59
2025-04-13 08:20:00+00:00,254,254,244,244,244,244,244,244,254,0,103
2025-04-13 09:20:00+00:00,254,254,244,244,244,244,244,244,254,0,59
2025-04-13 10:20:00+00:00,254,254,244,244,244,244,244,244,254,0,59
2025-04-13 11:20:00+00:00,254,254,244,244,244,244,244,244,254,0,59
2025-04-13 12:20:00+00:00,254,254,244,244,244,244,244,244,254,0,59
2025-04-13 13:20:00+00:00,254,254,244,244,244,244,244,244,254,0,59
2025-04-13 14:20:00+00:00,254,254,244,244,244,244,244,244,254,0,59
2025-04-13 15:20:00+00:00,254,254,244,244,244,244,244,244,254,0,59
2025-04-13 16:20:00+00:00,254,254,244,244,244,244,244,244,254,0,59
2025-04-13 17:20:00+00:00,254,254,244,244,244,244,244,244,254,0,59
2025-04-13 18:20:00+00:00,254,254,244,244,244,244,244,244,254,0,59
2025-04-13 19:20:00+00:00,254,254,244,244,244,244,244,244,254,0,59
2025-04-13 20:20:00+00:00,254,254,244,244,244,244,244,244,254,0,59
2025-04-13 21:20:00+00:00,254,254,244,244,244,244,244,244,254,0,59
2025-04-13 22:20:00+00:00,254,254,244,244,244,244,244,244,254,0,59
2025-04-13 23:20:00+00:00,254,254,244,244,244,244,244,244,254,0,59
2025-04-14 00:20:00+00:00,254,254,244,244,244,244,244,244,254,0,59
2025-04-14 01:20:00+00:00,254,254,244,244,244,244,244,244,254,0,59
2025-04-14 02:20:00+00:00,254,254,244,244,244,244,244,244,254,0,59
2025-04-14 03:20:00+00:00,254,254,244,244,244,244,244,244,254,0,59
2025-04-14 04:20:00+00:00,254,254,244,244,244,244,244,244,254,0,59
2025-04-14 05:20:00+00:00,254,254,244,244,244,244,244,244,254,0,59
2025-04-14 06:20:00+00:00,254,254,244,244,244,244,244,244,254,0,59
2025-04-14 07:20:00+00:00,254,254,244,244,244,244,244,244,254,0,59
2025-04-14 08:20:00+00:00,254,254,244,244,244,244,244,244,254,0,103
2025-04-14 09:20:00+00:00,254,254,244,244,244,244,244,244,254,0,59
2025-04-14 10:20:00+00:00,254,254,244,244,244,244,244,244,254,0,59
2025-04-14 11:20:00+00:00,254,254,244,244,244,244,244,244,254,0,59
2025-04-14 12:20:00+00:00,254,254,244,244,244,244,244,244,254,0,59
2025-04-14 13:20:00+00:00,254,254,244,244,244,244,244,244,254,0,59
2025-04-14 14:20:00+00:00,254,254,244,244,244,244,244,244,254,0,59
2025-04-14 15:20:00+00:00,254,254,244,244,244,244,244,244,254,0,59
2025-04-14 16:20:00+00:00,254,254,244,244,244,244,244,244,254,0,59
2025-04-14 17:20:00+00:00,254,254,244,244,244,244,244,244,254,0,59
2025-04-14 18:20:00+00:00,254,254,244,244,244,244,244,244,254,0,59
2025-04-14 19:20:00+00:00,254,254,244,244,244,244,244,244,254,0,59
2025-04-14 20:20:00+00:00,254,254,244,244,244,244,244,244,254,0,59
2025-04-14 21:20:00+00:00,254,254,244,244,244,244,244,244,254,0,59
2025-04-14 22:20:00+00:00,254,254,244,244,244,244,244,244,254,0,59
2025-04-14 23:20:00+00:00,254,254,244,244,244,244,244,244,254,0,59
2025-04-15 00:20:00+00:00,254,254,244,244,244,244,244,244,254,0,59
2025-04-15 01:20:00+00:00,254,254,244,244,244,244,244,244,254,0,59
2025-04-15 02:20:00+00:00,254,254,244,244,244,244,244,244,254,0,59
2025-04-15 03:20:00+00:00,254,254,244,244,244,244,244,244,254,0,59
2025-04-15 04:20:00+00:00,254,254,244,244,244,244,244,244,254,0,59
2025-04-15 05:20:00+00:00,254,254,244,244,244,244,244,244,254,0,59
2025-04-15 06:20:00+00:00,254,254,244,244,244,244,244,244,254,0,59
2025-04-15 07:20:00+00:00,254,254,244,244,244,244,244,244,254,0,59
2025-04-15 08:20:00+00:00,254,254,244,244,244,244,244,244,254,0,103
2025-04-15 09:20:00+00:00,254,254,244,244,244,244,244,244,254,0,59
2025-04-15 10:20:00+00:00,254,254,244,244,244,244,244,244,254,0,59
2025-04-15 11:20:00+00:00,254,254,244,244,244,244,244,244,254,0,59
2025-04-15 12:20:00+00:00,254,254,244,244,244,244,244,244,254,0,59
2025-04-15 13:20:00+00:00,254,254,244,244,244,244,244,244,254,0,59
2025-04-15 14:20:00+00:00,254,254,244,244,244,244,244,244,254,0,59
2025-04-15 15:20:00+00:00,254,254,244,244,244,244,244,244,254,0,59
2025-04-15 16:20:00+00:00,254,254,244,244,244,244,244,244,254,0,59
2025-04-15 17:20:00+00:00,254,254,244,244,244,244,244,244,254,0,59
2025-04-15 18:20:00+00:00,254,254,244,244,244,244,244,244,254,0,59
2025-04-15 19:20:00+00:00,254,254,244,244,244,244,244,244,254,0,59
2025-04-15 20:20:00+00:00,254,254,244,244,244,244,244,244,254,0,58
2025-04-15 21:20:00+00:00,254,254,244,244,244,244,244,244,254,0,58
2025-04-15 22:20:00+00:00,254,254,244,244,244,244,244,244,254,0,58
2025-04-15 23:20:00+00:00,254,254,244,244,244,244,244,244,254,0,58
2025-04-16 00:20:00+00:00,254,254,244,244,244,244,244,244,254,0,58
2025-04-16 01:20:00+00:00,254,254,244,244,244,244,244,244,254,0,58
2025-04-16 02:20:00+00:00,254,254,244,244,244,244,244,244,254,0,58
2025-04-16 03:20:00+00:00,254,254,244,244,244,244,244,244,254,0,58
2025-04-16 04:20:00+00:00,254,254,244,244,244,244,244,244,254,0,58
2025-04-16 05:20:00+00:00,254,254,244,244,244,244,244,244,254,0,58
2025-04-16 06:20:00+00:00,254,254,244,244,244,244,244,244,254,0,58
2025-04-16 07:20:00+00:00,254,254,244,244,244,244,244,244,254,0,58
2025-04-16 08:20:00+00:00,254,254,244,244,244,244,244,244,254,0,103
2025-04-16 09:20:00+00:00,254,254,244,244,244,244,244,244,254,0,58
2025-04-16 10:20:00+00:00,254,254,244,244,244,244,244,244,254,0,58
2025-04-16 11:20:00+00:00,254,254,244,244,244,244,244,244,254,0,58
2025-04-16 12:20:00+00:00,254,254,244,244,244,244,244,244,254,0,58
2025-04-16 13:20:00+00:00,254,254,244,244,244,244,244,244,254,0,58
2025-04-16 14:20:00+00:00,254,254,244,244,244,244,244,244,254,0,58
2025-04-16 15:20:00+00:00,254,254,244,244,244,244,244,244,254,0,58
2025-04-16 16:20:00+00:00,254,254,244,244,244,244,244,244,254,0,58
2025-04-16 17:20:00+00:00,254,254,244,244,244,244,244,244,254,0,58
2025-04-16 18:20:00+00:00,254,254,244,244,244,244,244,244,254,0,58
2025-04-16 19:20:00+00:00,254,254,244,244,244,244,244,244,254,0,58
2025-04-16 20:20:00+00:00,254,254,244,244,244,244,244,244,254,0,58
2025-04-16 21:20:00+00:00,254,254,244,244,244,244,244,244,254,0,58
2025-04-16 22:20:00+00:00,254,254,244,244,244,244,244,244,254,0,58
2025-04-16 23:20:00+00:00,254,254,244,244,244,244,244,244,254,0,58
2025-04-17 00:20:00+00:00,254,254,244,244,244,244,244,244,254,0,58
2025-04-17 01:20:00+00:00,254,254,244,244,244,244,244,244,254,0,58
2025-04-17 02:20:00+00:00,254,254,244,244,244,244,244,244,254,0,58
2025-04-17 03:20:00+00:00,254,254,244,244,244,244,244,244,254,0,58
2025-04-17 04:20:00+00:00,254,254,244,244,244,244,244,244,254,0,58
2025-04-17 05:20:00+00:00,254,254,244,244,244,244,244,244,254,0,58
2025-04-17 06:20:00+00:00,254,254,244,244,244,244,244,244,254,0,58
2025-04-17 07:20:00+00:00,254,254,244,244,244,244,244,244,254,0,58
2025-04-17 08:20:00+00:00,254,254,244,244,244,244,244,244,254,0,103
2025-04-17 09:20:00+00:00,254,254,244,244,244,244,244,244,254,0,58
2025-04-17 10:20:00+00:00,254,254,244,244,244,244,244,244,254,0,58
2025-04-17 11:20:00+00:00,254,254,244,244,244,244,244,244,254,0,58
2025-04-17 12:20:00+00:00,254,254,244,244,244,244,244,244,254,0,58
2025-04-17 13:20:00+00:00,254,254,244,244,244,244,244,244,254,0,58
2025-04-17 14:20:00+00:00,254,254,244,244,244,244,244,244,254,0,58
2025-04-17 15:20:00+00:00,254,254,244,244,244,244,244,244,254,0,58
2025-04-17 16:20:00+00:00,254,254,244,244,244,244,244,244,254,0,58
2025-04-17 17:20:00+00:00,254,254,244,244,244,244,244,244,254,0,58
2025-04-17 18:20:00+00:00,254,254,244,244,244,244,244,244,254,0,58
2025-04-17 19:20:00+00:00,254,254,244,244,244,244,244,244,254,0,58
2025-04-17 20:20:00+00:00,254,254,244,244,244,244,244,244,254,0,58
2025-04-17 21:20:00+00:00,254,254,244,244,244,244,244,244,254,0,58
2025-04-17 22:20:00+00:00,254,254,244,244,244,244,244,244,254,0,58
2025-04-17 23:20:00+00:00,254,254,244,244,244,244,244,244,254,0,58
2025-04-18 00:20:00+00:00,254,254,244,244,244,244,244,244,254,0,58
2025-04-18 01:20:00+00:00,254,254,244,244,244,244,244,244,254,0,58
2025-04-18 02:20:00+00:00,254,254,244,244,244,244,244,244,254,0,58
2025-04-18 03:20:00+00:00,254,254,244,244,244,244,244,244,254,0,58
2025-04-18 04:20:00+00:00,254,254,244,244,244,244,244,244,254,0,58
2025-04-18 05:20:00+00:00,254,254,244,244,244,244,244,244,254,0,58
2025-04-18 06:20:00+00:00,254,254,244,244,244,244,244,244,254,0,58
2025-04-18 07:20:00+00:00,254,254,244,244,244,244,244,244,254,0,58
2025-04-18 08:20:00+00:00,254,254,244,244,244,244,244,244,254,0,103
2025-04-18 09:20:00+00:00,254,254,244,244,244,244,244,244,254,0,58
2025-04-18 10:20:00+00:00,254,254,244,244,244,244,244,244,254,0,58
2025-04-18 11:20:00+00:00,254,254,244,244,244,244,244,244,254,0,58
2025-04-18 12:20:00+00:00,254,254,244,244,244,244,244,244,254,0,58
2025-04-18 13:20:00+00:00,254,254,244,244,244,244,244,244,254,0,58
2025-04-18 14:20:00+00:00,254,254,244,244,244,244,244,244,254,0,58
2025-04-18 15:20:00+00:00,254,254,244,244,244,244,244,244,254,0,58
2025-04-18 16:20:00+00:00,254,254,244,244,244,244,244,244,254,0,58
2025-04-18 17:20:00+00:00,254,254,244,244,244,244,244,244,254,0,58
2025-04-18 18:20:00+00:00,254,254,244,244,244,244,244,244,254,0,58
2025-04-18 19:20:00+00:00,254,254,244,244,244,244,244,244,254,0,58
2025-04-18 20:20:00+00:00,254,254,244,244,244,244,244,244,254,0,58
2025-06-27 12:47:00+00:00,254,254,34,44,42,48,42,48,254,0,58
2025-06-27 13:49:00+00:00,254,254,34,44,42,48,42,48,254,0,59
2025-06-27 14:49:00+00:00,254,254,35,46,43,50,44,50,254,0,59
2025-06-27 15:36:00+00:00,76,254,94,89,94,94,94,94,254,0,58
2025-06-27 15:57:00+00:00,78,254,94,91,94,94,94,94,254,0,58
2025-06-28 12:17:00+00:00,254,254,36,47,45,52,46,52,254,0,58
2025-06-28 12:20:00+00:00,254,254,254,254,254,254,254,254,254,0,58
2025-06-28 12:22:00+00:00,254,254,0,254,254,254,254,254,254,0,58
2025-06-28 14:01:00+00:00,64,254,18,16,25,15,21,16,254,0,59
2025-06-28 14:06:00+00:00,64,254,0,16,25,15,21,16,254,0,58
2025-06-28 15:09:00+00:00,63,254,9,16,26,15,21,16,254,20,59
2025-06-28 16:09:00+00:00,64,254,16,16,26,15,22,16,254,0,59
2025-06-28 17:09:00+00:00,64,254,18,16,26,15,22,16,254,0,59
2025-06-28 18:09:00+00:00,65,254,19,17,27,15,23,16,254,0,59
2025-06-28 19:09:00+00:00,67,254,20,17,28,15,23,16,254,0,59
2025-06-28 20:09:00+00:00,69,254,20,17,28,16,24,17,254,0,59
2025-06-28 21:09:00+00:00,71,254,21,17,29,16,25,17,254,0,59
2025-06-28 22:09:00+00:00,73,254,21,18,29,16,26,17,254,0,59
2025-06-28 23:09:00+00:00,74,254,22,18,30,17,27,18,254,0,59
2025-06-29 00:09:00+00:00,75,254,22,18,30,17,27,18,254,0,59
2025-06-29 01:09:00+00:00,75,254,22,18,30,17,27,18,254,0,59
2025-06-29 02:09:00+00:00,74,254,22,18,30,17,28,18,254,0,59
2025-06-29 03:09:00+00:00,74,254,22,18,30,17,28,18,254,0,59
2025-06-29 04:09:00+00:00,73,254,22,18,29,17,27,17,254,0,59
2025-06-29 05:09:00+00:00,72,254,22,18,29,16,27,17,254,0,59
2025-06-29 06:09:00+00:00,71,254,21,17,28,16,26,17,254,0,59
2025-06-29 07:09:00+00:00,70,254,22,17,28,16,26,17,254,0,59
2025-06-29 08:09:00+00:00,69,254,22,17,28,16,26,17,254,0,103
2025-06-29 09:09:00+00:00,68,254,22,17,27,16,25,17,254,41,59
2025-06-29 10:09:00+00:00,67,254,21,17,27,16,25,16,254,0,59
2025-06-29 11:09:00+00:00,66,254,21,16,27,15,24,16,254,0,59
2025-06-29 12:09:00+00:00,65,254,21,16,27,15,23,16,254,0,59
2025-06-29 13:09:00+00:00,65,254,21,16,27,15,23,16,254,0,59
2025-06-29 14:09:00+00:00,64,254,21,16,27,15,23,16,254,0,59
2025-06-29 15:09:00+00:00,64,254,21,16,27,15,23,16,254,0,59
2025-06-29 16:09:00+00:00,64,254,21,16,27,15,23,16,254,0,59
2025-06-29 17:09:00+00:00,65,254,21,16,27,15,23,16,254,0,59
2025-06-29 18:09:00+00:00,66,254,21,16,27,16,23,16,254,0,59
2025-06-29 19:09:00+00:00,67,254,21,17,28,16,24,16,254,0,59
2025-06-29 20:09:00+00:00,69,254,21,17,28,16,25,17,254,0,59
2025-06-29 21:09:00+00:00,70,254,21,17,29,16,25,17,254,0,59
2025-06-29 22:09:00+00:00,71,254,21,17,29,17,26,17,254,0,59
2025-06-29 23:09:00+00:00,73,254,21,18,29,17,26,17,254,0,59
2025-06-30 00:09:00+00:00,74,254,22,18,30,17,27,17,254,0,59
2025-06-30 01:09:00+00:00,74,254,22,18,30,17,28,17,254,0,59
2025-06-30 02:09:00+00:00,74,254,22,18,30,17,28,17,254,0,59
2025-06-30 03:09:00+00:00,73,254,21,18,29,17,27,17,254,0,59
2025-06-30 04:09:00+00:00,72,254,21,18,29,17,27,17,254,0,59
2025-06-30 05:09:00+00:00,71,254,21,17,28,16,26,17,254,0,59
2025-06-30 06:09:00+00:00,70,254,21,17,28,16,26,17,254,0,59
2025-06-30 07:09:00+00:00,69,254,21,17,27,16,26,17,254,0,59
2025-06-30 08:09:00+00:00,68,254,21,17,27,16,25,16,254,0,103
2025-06-30 09:09:00+00:00,68,254,21,17,27,16,25,16,254,0,59
2025-06-30 10:09:00+00:00,67,254,21,17,27,16,25,16,254,0,59
2025-06-30 11:09:00+00:00,66,254,21,16,27,16,24,16,254,0,59
2025-06-30 12:09:00+00:00,65,254,21,16,27,16,24,16,254,0,59
2025-06-30 13:09:00+00:00,64,254,21,16,26,15,24,16,254,0,59
2025-06-30 14:09:00+00:00,64,254,21,16,26,15,24,16,254,0,59
2025-06-30 15:09:00+00:00,64,254,21,16,26,15,24,16,254,0,59
2025-06-30 16:09:00+00:00,64,254,21,16,27,15,25,16,254,0,59
2025-06-30 17:09:00+00:00,65,254,21,17,27,16,26,16,254,0,59
2025-06-30 18:09:00+00:00,66,254,21,17,28,16,26,16,254,0,59
2025-06-30 19:09:00+00:00,69,254,22,17,29,16,28,17,254,0,58
2025-06-30 20:09:00+00:00,71,254,22,18,30,17,29,17,254,0,58
2025-06-30 21:09:00+00:00,74,254,23,18,31,17,31,18,254,0,58
2025-06-30 22:09:00+00:00,76,254,23,19,32,18,32,18,254,0,58
2025-06-30 23:09:00+00:00,79,254,23,19,33,18,33,19,254,0,58
2025-07-01 00:09:00+00:00,80,254,23,19,33,18,34,19,254,0,58
2025-07-01 01:09:00+00:00,80,254,23,19,33,18,34,19,254,0,58
2025-07-01 02:09:00+00:00,80,254,23,19,33,18,34,19,254,0,59
2025-07-01 03:09:00+00:00,79,254,23,19,33,18,34,19,254,0,59
2025-07-01 04:09:00+00:00,78,254,23,19,32,18,33,18,254,0,59
2025-07-01 05:09:00+00:00,77,254,23,19,31,18,33,18,254,0,59
2025-07-01 06:09:00+00:00,76,254,23,18,31,18,32,18,254,0,59
2025-07-01 07:09:00+00:00,75,254,22,18,30,17,31,17,254,0,59
2025-07-01 08:09:00+00:00,74,254,22,18,30,17,31,17,254,0,103
2025-07-01 09:09:00+00:00,73,254,22,18,30,17,30,17,254,0,59
2025-07-01 10:09:00+00:00,72,254,22,18,30,17,30,17,254,0,59
2025-07-01 11:09:00+00:00,71,254,22,17,29,17,29,17,254,0,59
2025-07-01 12:09:00+00:00,70,254,22,17,29,17,29,17,254,0,59
2025-07-01 13:09:00+00:00,70,254,23,17,29,17,29,17,254,0,59
2025-07-01 14:09:00+00:00,69,254,22,17,29,16,29,16,254,0,59
2025-07-01 15:09:00+00:00,69,254,22,17,29,16,29,16,254,0,59
2025-07-01 16:09:00+00:00,69,254,22,17,29,16,29,16,254,0,59
2025-07-01 17:09:00+00:00,70,254,23,18,30,17,31,17,254,0,58
2025-07-01 18:09:00+00:00,71,254,23,18,31,17,32,17,254,0,58
2025-07-01 19:09:00+00:00,74,254,23,18,33,17,35,17,254,0,58
2025-07-01 20:09:00+00:00,76,254,24,19,33,18,36,18,254,0,58
2025-07-01 21:09:00+00:00,79,254,24,19,35,18,38,18,254,0,58
2025-07-01 22:09:00+00:00,81,254,24,20,35,19,39,19,254,0,58
2025-07-01 23:09:00+00:00,83,254,25,20,36,19,40,19,254,0,58
2025-07-02 00:09:00+00:00,84,254,25,20,36,19,40,19,254,0,58
2025-07-02 01:09:00+00:00,84,254,24,20,36,19,41,19,254,0,58
2025-07-02 02:09:00+00:00,84,254,24,20,36,19,41,19,254,0,58
2025-07-02 03:09:00+00:00,83,254,24,20,36,19,41,19,254,0,59
2025-07-02 04:09:00+00:00,82,254,24,20,35,19,40,19,254,0,59
2025-07-02 05:09:00+00:00,81,254,24,20,35,19,39,19,254,0,59
2025-07-02 06:09:00+00:00,80,254,24,19,34,18,38,18,254,0,59
2025-07-02 07:09:00+00:00,79,254,24,19,34,18,38,18,254,0,59
2025-07-02 08:09:00+00:00,78,254,23,19,33,18,37,18,254,0,103
2025-07-02 09:09:00+00:00,77,254,24,19,33,18,37,18,254,0,59
2025-07-02 10:09:00+00:00,76,254,23,18,33,18,36,18,254,0,59
2025-07-02 11:09:00+00:00,75,254,23,18,32,17,35,17,254,0,59
2025-07-02 12:09:00+00:00,75,254,23,18,32,17,35,17,254,0,59
2025-07-02 13:09:00+00:00,74,254,23,18,32,17,35,17,254,0,59
2025-07-02 14:09:00+00:00,73,254,23,18,32,17,34,17,254,0,59
2025-07-02 15:11:00+00:00,73,254,23,18,32,17,34,17,254,0,59
2025-07-02 16:11:00+00:00,73,254,23,18,32,17,35,17,254,0,58
2025-07-02 17:11:00+00:00,74,254,23,18,34,17,37,17,254,0,58
2025-07-02 18:11:00+00:00,75,254,23,18,35,18,39,17,254,0,58
2025-07-02 19:11:00+00:00,77,254,24,19,36,18,41,18,254,0,58
2025-07-02 20:11:00+00:00,78,254,24,19,37,18,42,18,254,0,58
2025-07-02 21:11:00+00:00,80,254,24,19,37,19,43,18,254,0,58
2025-07-02 22:11:00+00:00,81,254,25,20,38,19,45,19,254,0,58
2025-07-02 23:11:00+00:00,82,254,24,20,38,19,45,19,254,0,58
2025-07-03 00:11:00+00:00,82,254,24,20,38,19,45,19,254,0,58
2025-07-03 01:11:00+00:00,82,254,24,20,39,19,46,19,254,0,59
2025-07-03 02:11:00+00:00,81,254,25,20,39,19,46,19,254,0,59
2025-07-03 03:11:00+00:00,81,254,25,20,38,19,46,19,254,0,59
2025-07-03 04:11:00+00:00,80,254,24,20,38,19,45,18,254,0,59
2025-07-03 05:11:00+00:00,79,254,24,19,37,19,45,18,254,0,59
2025-07-03 06:11:00+00:00,78,254,24,19,36,19,43,18,254,0,59
2025-07-03 07:11:00+00:00,78,254,24,19,36,18,43,18,254,0,59
2025-07-03 08:11:00+00:00,77,254,24,19,36,18,43,18,254,0,103
2025-07-03 09:11:00+00:00,76,254,24,19,36,18,42,18,254,0,59
2025-07-03 10:11:00+00:00,76,254,24,19,36,18,42,18,254,0,59
2025-07-03 11:11:00+00:00,75,254,23,19,35,18,41,17,254,0,59
2025-07-03 12:11:00+00:00,74,254,23,18,35,18,41,17,254,0,59
2025-07-03 13:11:00+00:00,74,254,24,19,35,18,41,17,254,0,59
2025-07-03 14:11:00+00:00,73,254,23,18,35,18,40,17,254,0,59
2025-07-03 15:11:00+00:00,72,254,24,18,35,18,40,17,254,0,59
2025-07-03 16:11:00+00:00,72,254,24,18,36,18,41,17,254,0,58
2025-07-03 17:11:00+00:00,73,254,24,18,36,18,42,17,254,0,58
2025-07-03 18:11:00+00:00,74,254,24,19,38,18,44,18,254,0,58
2025-07-03 19:11:00+00:00,75,254,24,19,39,18,46,18,254,0,58
2025-07-03 20:11:00+00:00,77,254,25,19,40,19,48,18,254,0,58
2025-07-03 21:11:00+00:00,80,254,25,20,41,19,49,19,254,0,58
2025-07-03 22:11:00+00:00,82,254,25,20,42,20,50,19,254,0,58
2025-07-03 23:11:00+00:00,83,254,26,21,43,20,52,20,254,0,58
2025-07-04 00:11:00+00:00,83,254,26,21,43,21,52,20,254,0,58
2025-07-04 01:11:00+00:00,83,254,26,21,43,21,53,20,254,0,58
2025-07-04 02:11:00+00:00,82,254,26,20,42,20,52,19,254,0,58
2025-07-04 03:11:00+00:00,81,254,25,20,42,20,52,19,254,0,59
2025-07-04 04:11:00+00:00,81,254,25,20,42,20,52,19,254,0,59
2025-07-04 05:11:00+00:00,80,254,25,20,41,19,51,19,254,0,59
2025-07-04 06:11:00+00:00,79,254,25,20,41,20,51,19,254,0,59
2025-07-04 07:11:00+00:00,78,254,25,20,40,19,50,18,254,0,59
2025-07-04 08:11:00+00:00,77,254,25,20,40,19,50,18,254,0,103
2025-07-04 09:11:00+00:00,76,254,25,19,39,19,49,18,254,0,59
2025-07-04 10:11:00+00:00,76,254,25,19,39,19,48,18,254,0,59
2025-07-04 11:11:00+00:00,74,254,24,19,38,18,47,18,254,53,59
2025-07-04 12:11:00+00:00,73,254,17,18,38,18,46,17,254,1,59
2025-07-04 13:11:00+00:00,72,254,15,18,38,18,45,17,254,11,59
2025-07-04 14:11:00+00:00,71,254,13,18,37,18,42,17,254,23,59
2025-07-04 15:11:00+00:00,70,254,11,18,36,18,14,17,254,6,59
2025-07-04 16:11:00+00:00,69,254,7,17,31,18,10,17,254,0,59
2025-07-04 17:11:00+00:00,70,254,5,17,26,18,8,17,254,0,58
2025-07-04 18:11:00+00:00,70,254,4,17,23,19,8,17,254,0,58
2025-07-04 19:11:00+00:00,71,254,4,16,21,18,10,17,254,0,58
2025-07-04 20:11:00+00:00,73,254,5,17,20,18,11,17,254,0,58
2025-07-04 21:11:00+00:00,69,254,5,16,18,18,11,17,254,34,59
2025-07-04 22:11:00+00:00,71,254,3,16,18,18,6,17,254,0,58
2025-07-04 23:11:00+00:00,72,254,2,16,17,18,4,16,254,0,58
2025-07-05 00:11:00+00:00,72,254,2,16,16,19,5,16,254,0,58
2025-07-05 01:11:00+00:00,72,254,3,16,16,19,7,16,254,0,58
2025-07-05 02:11:00+00:00,72,254,3,16,16,19,9,16,254,0,58
2025-07-05 03:11:00+00:00,71,254,4,15,15,18,10,15,254,0,59
2025-07-05 04:11:00+00:00,70,254,5,15,15,19,11,15,254,0,59
2025-07-05 05:11:00+00:00,69,254,6,15,15,18,11,15,254,0,59
2025-07-05 06:11:00+00:00,69,254,6,15,15,18,11,15,254,0,59
2025-07-05 07:11:00+00:00,68,254,7,15,16,18,12,15,254,0,59
2025-07-05 08:11:00+00:00,67,254,8,15,15,17,12,15,254,0,103
2025-07-05 09:11:00+00:00,66,254,8,14,15,17,12,14,254,0,59
2025-07-05 10:11:00+00:00,66,254,9,15,15,17,12,14,254,0,59
2025-07-05 11:11:00+00:00,65,254,9,15,15,17,12,14,254,0,59
2025-07-05 12:11:00+00:00,65,254,10,15,16,18,12,14,254,0,59
2025-07-05 13:11:00+00:00,64,254,10,14,15,17,12,14,254,0,59
2025-07-05 14:11:00+00:00,64,254,10,14,15,17,13,14,254,0,59
2025-07-05 15:11:00+00:00,64,254,10,14,15,17,13,14,254,0,59
2025-07-05 16:11:00+00:00,64,254,10,15,16,18,13,14,254,0,58
2025-07-05 17:11:00+00:00,65,254,10,15,16,18,14,14,254,0,58
2025-07-05 18:11:00+00:00,65,254,10,15,16,18,14,15,254,0,58
2025-07-05 19:11:00+00:00,66,254,10,15,16,18,15,15,254,0,58
2025-07-05 20:11:00+00:00,67,254,11,15,16,18,15,15,254,0,58
2025-07-05 21:11:00+00:00,68,254,11,16,17,19,16,15,254,0,58
2025-07-05 22:11:00+00:00,70,254,11,16,17,19,17,15,254,0,58
2025-07-05 23:11:00+00:00,70,254,11,16,18,19,17,16,254,0,58
2025-07-06 00:11:00+00:00,70,254,12,16,18,19,18,16,254,0,58
2025-07-06 01:11:00+00:00,70,254,12,16,18,19,18,16,254,0,58
2025-07-06 02:11:00+00:00,69,254,12,16,18,19,18,15,254,0,58
2025-07-06 03:11:00+00:00,68,254,12,16,18,19,19,15,254,0,58
2025-07-06 04:11:00+00:00,67,254,12,15,18,19,19,15,254,0,58
2025-07-06 05:11:00+00:00,67,254,12,15,18,18,19,15,254,0,58
2025-07-06 06:11:00+00:00,63,254,11,15,18,18,12,13,254,60,59
2025-07-06 07:11:00+00:00,64,254,10,13,17,17,6,11,254,0,59
2025-07-06 08:11:00+00:00,64,254,8,12,16,17,4,11,254,0,103
2025-07-06 09:11:00+00:00,63,254,7,12,16,17,4,10,254,0,59
2025-07-06 10:11:00+00:00,63,254,7,12,15,18,4,10,254,0,59
2025-07-06 11:11:00+00:00,62,254,7,11,15,17,5,10,254,0,59
2025-07-06 12:11:00+00:00,62,254,7,12,15,17,6,10,254,0,59
2025-07-06 13:11:00+00:00,61,254,7,12,15,17,6,11,254,0,59
2025-07-06 14:11:00+00:00,61,254,8,12,14,17,7,11,254,0,58
2025-07-06 15:11:00+00:00,61,254,8,12,14,18,9,11,254,0,58
2025-07-06 16:11:00+00:00,62,254,9,12,14,17,9,11,254,0,58
2025-07-06 17:11:00+00:00,62,254,9,12,14,17,10,11,254,0,58
2025-07-06 18:11:00+00:00,63,254,9,12,14,17,10,11,254,0,58
2025-07-06 19:11:00+00:00,64,254,9,12,15,17,11,11,254,0,58
2025-07-06 20:11:00+00:00,66,254,10,13,15,17,12,12,254,0,58
2025-07-06 21:11:00+00:00,68,254,10,13,16,18,13,12,254,0,58
2025-07-06 22:11:00+00:00,70,254,10,13,16,19,14,13,254,0,58
2025-07-06 23:11:00+00:00,71,254,11,14,16,18,14,13,254,0,58
2025-07-07 00:11:00+00:00,71,254,11,14,16,18,15,13,254,0,58
2025-07-07 01:11:00+00:00,70,254,11,14,17,18,16,13,254,0,58
2025-07-07 02:11:00+00:00,70,254,11,14,17,18,16,13,254,0,58
2025-07-07 03:11:00+00:00,70,254,11,14,17,18,16,13,254,0,58
2025-07-07 04:11:00+00:00,69,254,11,14,17,17,16,13,254,0,58
2025-07-07 05:11:00+00:00,68,254,11,14,17,18,16,13,254,0,58
2025-07-07 06:11:00+00:00,67,254,11,13,17,18,16,13,254,0,58
2025-07-07 07:11:00+00:00,66,254,11,13,17,17,16,13,254,0,59
2025-07-07 08:11:00+00:00,66,254,11,13,17,18,16,13,254,0,103
2025-07-07 09:11:00+00:00,65,254,12,13,17,17,16,13,254,0,59
2025-07-07 10:11:00+00:00,64,254,12,13,17,17,16,12,254,0,59
2025-07-07 11:11:00+00:00,64,254,12,13,17,17,16,12,254,0,59
2025-07-07 12:11:00+00:00,63,254,12,13,17,17,16,12,254,0,59
2025-07-07 13:11:00+00:00,62,254,12,13,17,18,16,12,254,0,58
2025-07-07 14:11:00+00:00,62,254,12,13,17,17,16,12,254,0,58
2025-07-07 15:11:00+00:00,62,254,12,13,17,17,16,12,254,0,58
2025-07-07 16:11:00+00:00,63,254,12,14,17,17,16,13,254,0,58
2025-07-07 17:11:00+00:00,63,254,12,14,17,17,17,13,254,0,58
2025-07-07 18:11:00+00:00,64,254,12,14,17,18,17,13,254,0,58
2025-07-07 19:11:00+00:00,66,254,13,14,18,17,18,13,254,0,58
2025-07-07 20:11:00+00:00,68,254,13,15,19,18,19,14,254,0,58
2025-07-07 21:11:00+00:00,70,254,13,15,19,17,20,14,254,0,58
2025-07-07 22:11:00+00:00,72,254,13,15,19,17,21,14,254,0,58
2025-07-07 23:11:00+00:00,73,254,13,15,20,17,22,14,254,0,58
2025-07-08 00:11:00+00:00,74,254,14,16,20,16,18,7,254,59,58
2025-07-08 01:11:00+00:00,74,254,11,10,20,16,4,3,254,0,58
2025-07-08 02:11:00+00:00,73,254,7,4,20,16,3,4,254,0,58
2025-07-08 03:11:00+00:00,72,254,6,4,20,16,2,5,254,0,58
2025-07-08 04:11:00+00:00,71,254,5,4,19,17,4,5,254,0,58
2025-07-08 05:11:00+00:00,71,254,6,5,19,16,5,7,254,0,58
2025-07-08 06:11:00+00:00,70,254,6,6,19,17,6,8,254,0,58
2025-07-08 07:11:00+00:00,69,254,6,7,19,16,8,9,254,0,59
2025-07-08 08:11:00+00:00,68,254,7,8,19,17,8,10,254,0,103
2025-07-08 09:11:00+00:00,68,254,8,9,18,17,10,10,254,0,59
2025-07-08 10:11:00+00:00,67,254,8,10,18,17,10,10,254,0,59
2025-07-08 11:11:00+00:00,66,254,8,10,18,16,10,10,254,0,59
2025-07-08 12:11:00+00:00,65,254,9,10,18,16,10,10,254,0,59
2025-07-08 13:11:00+00:00,65,254,10,10,18,17,11,10,254,0,58
2025-07-08 14:11:00+00:00,64,254,10,10,17,16,11,10,254,0,58
2025-07-08 15:11:00+00:00,64,254,10,10,17,16,11,11,254,0,58
2025-07-08 16:11:00+00:00,65,254,10,11,17,17,12,11,254,0,58
2025-07-08 17:11:00+00:00,65,254,10,11,17,17,13,11,254,0,58
2025-07-08 18:11:00+00:00,66,254,10,11,17,17,13,11,254,0,58
2025-07-08 19:11:00+00:00,68,254,11,12,18,18,14,12,254,0,58
2025-07-08 20:11:00+00:00,69,254,11,12,18,18,15,12,254,0,58
2025-07-08 21:11:00+00:00,72,254,11,13,19,18,16,12,254,0,58
2025-07-08 22:11:00+00:00,74,254,12,13,19,18,17,13,254,0,58
2025-07-08 23:11:00+00:00,76,254,12,13,19,19,18,13,254,0,58
2025-07-09 00:11:00+00:00,77,254,12,14,20,20,19,14,254,0,58
2025-07-09 01:11:00+00:00,77,254,12,14,20,20,19,14,254,0,58
2025-07-09 02:11:00+00:00,77,254,13,14,20,19,20,14,254,0,58
2025-07-09 03:11:00+00:00,77,254,13,14,20,20,20,14,254,0,58
2025-07-09 04:11:00+00:00,76,254,12,14,19,19,19,14,254,0,58
2025-07-09 05:11:00+00:00,75,254,12,14,19,18,19,13,254,0,58
2025-07-09 06:11:00+00:00,74,254,13,14,19,19,19,14,254,0,58
2025-07-09 07:11:00+00:00,73,254,12,14,19,18,18,13,254,0,59
2025-07-09 08:11:00+00:00,72,254,13,14,19,18,19,13,254,0,103
2025-07-09 09:11:00+00:00,71,254,13,14,19,18,18,13,254,0,59
2025-07-09 10:11:00+00:00,70,254,13,14,19,17,18,13,254,0,59
2025-07-09 11:11:00+00:00,69,254,13,13,19,17,18,13,254,0,59
2025-07-09 12:11:00+00:00,68,254,13,14,19,16,18,13,254,0,59
2025-07-09 13:11:00+00:00,67,254,13,13,19,16,18,13,254,0,58
2025-07-09 14:11:00+00:00,67,254,13,13,19,16,18,13,254,0,58
2025-07-09 15:11:00+00:00,67,254,13,14,19,16,19,13,254,0,58
2025-07-09 16:11:00+00:00,67,254,13,14,19,16,19,13,254,0,58
2025-07-09 17:11:00+00:00,67,254,13,14,19,16,20,13,254,0,58
2025-07-09 18:11:00+00:00,68,254,14,14,20,16,21,14,254,0,58
2025-07-09 19:11:00+00:00,68,254,11,12,18,16,0,12,254,62,58
2025-07-09 20:11:00+00:00,69,254,6,11,15,16,6,11,254,0,58
2025-07-09 21:11:00+00:00,70,254,4,11,14,16,9,10,254,0,58
2025-07-09 22:11:00+00:00,71,254,4,11,13,16,1,10,254,0,58
2025-07-09 23:11:00+00:00,72,254,5,11,13,16,4,11,254,0,58
2025-07-10 00:11:00+00:00,72,254,6,11,13,16,9,11,254,0,58
2025-07-10 01:11:00+00:00,71,254,7,11,13,16,11,11,254,0,58
2025-07-10 02:11:00+00:00,71,254,8,11,14,16,13,11,254,0,58
2025-07-10 03:11:00+00:00,70,254,10,12,14,16,13,11,254,0,58
2025-07-10 04:11:00+00:00,69,254,10,12,14,15,14,11,254,0,58
2025-07-10 05:11:00+00:00,68,254,10,12,14,15,14,11,254,0,58
2025-07-10 06:11:00+00:00,67,254,10,12,14,15,14,11,254,0,58
2025-07-10 07:11:00+00:00,67,254,11,12,14,15,15,11,254,0,58
2025-07-10 08:11:00+00:00,66,254,11,12,14,15,15,11,254,0,103
2025-07-10 09:11:00+00:00,66,254,11,12,14,15,15,11,254,0,58
2025-07-10 10:11:00+00:00,65,254,11,12,14,15,15,12,254,0,58
2025-07-10 11:11:00+00:00,64,254,11,12,14,15,15,11,254,0,58
2025-07-10 12:11:00+00:00,64,254,11,12,14,15,15,12,254,0,58
2025-07-10 13:11:00+00:00,63,254,11,12,15,15,15,12,254,0,58
2025-07-10 14:11:00+00:00,63,254,12,12,15,15,16,12,254,0,58
2025-07-10 15:11:00+00:00,63,254,12,12,15,15,16,12,254,0,58
2025-07-10 16:11:00+00:00,63,254,12,12,15,15,17,12,254,0,58
2025-07-10 17:12:00+00:00,64,254,12,13,15,15,17,12,254,0,58
2025-07-10 18:12:00+00:00,64,254,12,13,16,15,18,12,254,0,58
2025-07-10 19:12:00+00:00,65,254,13,13,16,15,19,13,254,0,58
2025-07-10 20:12:00+00:00,66,254,13,13,16,15,20,13,254,0,58
2025-07-10 21:12:00+00:00,67,254,13,14,17,16,21,13,254,0,58
2025-07-10 22:12:00+00:00,68,254,14,14,18,16,23,13,254,0,58
2025-07-10 23:12:00+00:00,69,254,14,14,18,16,24,14,254,0,58
2025-07-11 00:12:00+00:00,70,254,14,15,19,16,26,14,254,0,58
2025-07-11 01:12:00+00:00,70,254,15,15,19,16,27,14,254,0,58
2025-07-11 02:12:00+00:00,70,254,15,15,19,17,28,14,254,0,58
2025-07-11 03:12:00+00:00,70,254,15,15,20,17,28,14,254,0,58
2025-07-11 04:12:00+00:00,70,254,15,15,20,17,29,14,254,0,58
2025-07-11 05:12:00+00:00,69,254,15,15,20,16,28,14,254,0,58
2025-07-11 06:12:00+00:00,69,254,15,15,20,16,28,14,254,0,58
2025-07-11 07:12:00+00:00,68,254,16,15,20,16,28,14,254,0,58
2025-07-11 08:12:00+00:00,68,254,16,15,20,16,28,14,254,0,103
2025-07-11 09:12:00+00:00,67,254,16,15,20,16,28,14,254,0,58
2025-07-11 10:12:00+00:00,67,254,16,15,20,16,28,14,254,0,58
2025-07-11 11:12:00+00:00,66,254,16,14,20,16,27,14,254,0,58
2025-07-11 12:12:00+00:00,66,254,16,15,20,16,28,14,254,0,58
2025-07-11 13:12:00+00:00,65,254,16,15,20,16,28,14,254,0,58
2025-07-11 14:12:00+00:00,65,254,16,15,20,16,28,14,254,0,58
2025-07-11 15:12:00+00:00,62,254,16,14,12,13,27,13,254,71,58
2025-07-11 16:12:00+00:00,63,254,11,14,4,12,3,13,254,0,58
2025-07-11 17:12:00+00:00,64,254,8,12,2,12,2,12,254,0,58
2025-07-11 18:12:00+00:00,65,254,6,11,3,13,2,12,254,0,58
2025-07-11 19:12:00+00:00,65,254,5,11,4,13,3,12,254,0,58
2025-07-11 20:12:00+00:00,66,254,6,11,5,13,6,12,254,0,58
2025-07-11 21:12:00+00:00,68,254,6,12,7,14,10,13,254,0,58
2025-07-11 22:12:00+00:00,69,254,8,12,9,14,12,13,254,0,58
2025-07-11 23:12:00+00:00,70,254,9,12,10,14,14,13,254,0,58
2025-07-12 00:12:00+00:00,70,254,10,13,11,15,16,13,254,0,58
2025-07-12 01:12:00+00:00,70,254,11,13,12,15,17,13,254,0,58
2025-07-12 02:12:00+00:00,70,254,11,13,13,15,19,13,254,0,58
2025-07-12 03:12:00+00:00,69,254,11,13,13,15,19,13,254,0,58
2025-07-12 04:12:00+00:00,69,254,11,13,14,15,20,13,254,0,58
2025-07-12 05:12:00+00:00,68,254,12,13,14,15,20,13,254,0,58
2025-07-12 06:12:00+00:00,67,254,12,13,14,15,20,13,254,0,58
2025-07-12 07:12:00+00:00,67,254,12,13,14,15,20,13,254,0,58
2025-07-12 08:12:00+00:00,66,254,12,13,14,15,20,13,254,0,103
2025-07-12 09:12:00+00:00,66,254,12,13,14,15,20,13,254,0,58
2025-07-12 10:12:00+00:00,65,254,12,13,14,15,20,13,254,0,58
2025-07-12 11:12:00+00:00,64,254,12,13,14,14,20,13,254,0,58
2025-07-12 12:12:00+00:00,64,254,13,13,15,15,20,13,254,0,58
2025-07-12 13:12:00+00:00,64,254,13,13,15,15,20,13,254,0,58
2025-07-12 14:12:00+00:00,63,254,13,13,15,15,21,13,254,0,58
2025-07-12 15:12:00+00:00,63,254,13,13,15,15,21,13,254,0,58
2025-07-12 16:12:00+00:00,64,254,13,13,15,15,22,13,254,0,58
2025-07-12 17:12:00+00:00,64,254,14,14,16,15,23,14,254,0,58
2025-07-12 18:12:00+00:00,65,254,14,14,16,15,24,14,254,0,58
2025-07-12 19:12:00+00:00,65,254,14,14,17,15,26,14,254,0,58
2025-07-12 20:12:00+00:00,66,254,14,14,17,16,28,14,254,0,58
2025-07-12 21:13:00+00:00,68,254,15,15,19,16,31,15,254,0,58
2025-07-12 22:13:00+00:00,69,254,15,15,19,16,33,15,254,0,58
2025-07-12 23:13:00+00:00,71,254,16,15,20,17,36,15,254,0,58
2025-07-13 00:13:00+00:00,71,254,16,16,21,17,38,15,254,0,58
2025-07-13 01:13:00+00:00,71,254,17,16,22,17,40,16,254,0,58
2025-07-13 02:13:00+00:00,71,254,17,16,22,17,42,16,254,0,58
2025-07-13 03:13:00+00:00,71,254,18,16,23,17,44,16,254,0,58
2025-07-13 04:13:00+00:00,71,254,18,16,23,17,44,16,254,0,58
2025-07-13 05:13:00+00:00,70,254,18,16,23,17,44,16,254,0,58
2025-07-13 06:13:00+00:00,70,254,18,16,23,17,43,16,254,0,58
2025-07-13 07:13:00+00:00,69,254,18,16,23,17,42,15,254,0,58
2025-07-13 08:13:00+00:00,68,254,19,16,23,17,42,15,254,0,103
2025-07-13 09:13:00+00:00,67,254,18,16,23,17,41,15,254,0,58
2025-07-13 10:13:00+00:00,67,254,19,16,23,17,41,15,254,0,58
2025-07-13 11:13:00+00:00,66,254,19,15,23,17,40,15,254,0,58
2025-07-13 12:13:00+00:00,66,254,19,15,23,17,40,15,254,0,58
2025-07-13 13:13:00+00:00,66,254,19,16,23,17,40,15,254,0,58
2025-07-13 14:13:00+00:00,65,254,19,16,24,17,40,15,254,0,58
2025-07-13 15:13:00+00:00,66,254,19,16,24,17,41,15,254,0,58
2025-07-13 16:13:00+00:00,66,254,20,16,24,17,42,15,254,0,58
2025-07-13 17:13:00+00:00,66,254,20,16,24,17,43,15,254,0,58
2025-07-13 18:13:00+00:00,68,254,14,16,22,17,12,15,254,83,58
2025-07-13 19:13:00+00:00,69,254,10,14,16,17,5,15,254,0,58
2025-07-13 20:13:00+00:00,70,254,7,13,14,17,5,16,254,0,58
2025-07-13 21:13:00+00:00,71,254,6,13,14,17,8,16,254,0,58
2025-07-13 22:13:00+00:00,72,254,6,14,14,18,11,16,254,0,58
2025-07-13 23:13:00+00:00,73,254,7,14,14,18,13,16,254,0,58
2025-07-14 00:13:00+00:00,72,254,9,14,15,18,16,16,254,0,58
2025-07-14 01:13:00+00:00,72,254,10,14,15,18,18,16,254,0,58
2025-07-14 02:13:00+00:00,71,254,11,14,16,17,20,16,254,0,58
2025-07-14 03:13:00+00:00,71,254,11,14,16,17,22,16,254,0,58
2025-07-14 04:13:00+00:00,70,254,12,14,17,17,23,16,254,0,58
2025-07-14 05:13:00+00:00,70,254,12,14,17,17,23,16,254,0,58
2025-07-14 06:13:00+00:00,69,254,12,14,17,17,24,16,254,0,58
2025-07-14 07:13:00+00:00,69,254,12,14,17,17,24,16,254,0,58
2025-07-14 08:13:00+00:00,68,254,13,14,18,17,24,16,254,0,103
2025-07-14 09:13:00+00:00,68,254,13,15,18,17,24,16,254,0,58
2025-07-14 10:13:00+00:00,67,254,13,14,18,17,24,15,254,0,58
2025-07-14 11:13:00+00:00,67,254,13,15,18,17,25,15,254,0,58
2025-07-14 12:13:00+00:00,66,254,13,14,18,17,25,15,254,0,58
2025-07-14 13:13:00+00:00,66,254,13,14,18,17,25,15,254,0,58
2025-07-14 14:13:00+00:00,65,254,14,15,18,17,26,15,254,0,58
2025-07-14 15:13:00+00:00,66,254,14,15,18,17,26,15,254,0,58
2025-07-14 16:13:00+00:00,66,254,14,15,18,17,27,15,254,0,58
2025-07-14 17:13:00+00:00,67,254,14,15,19,17,29,16,254,0,58
2025-07-14 18:13:00+00:00,67,254,15,15,19,17,31,16,254,0,58
2025-07-14 19:13:00+00:00,68,254,15,16,20,18,33,16,254,0,58
2025-07-14 20:13:00+00:00,69,254,15,16,21,18,36,17,254,0,58
2025-07-14 21:13:00+00:00,70,254,16,17,22,18,40,17,254,0,58
2025-07-14 22:13:00+00:00,71,254,17,17,23,18,43,17,254,0,58
2025-07-14 23:13:00+00:00,72,254,18,17,25,19,48,18,254,0,58
2025-07-15 00:13:00+00:00,72,254,18,17,26,19,50,18,254,0,58
2025-07-15 01:13:00+00:00,72,254,19,17,27,19,53,18,254,0,58
2025-07-15 02:13:00+00:00,72,254,20,17,28,19,55,18,254,0,58
2025-07-15 03:13:00+00:00,73,254,20,17,29,19,57,18,254,0,58
2025-07-15 04:13:00+00:00,72,254,20,17,30,19,58,18,254,0,58
2025-07-15 05:13:00+00:00,72,254,21,17,30,19,58,18,254,0,58
2025-07-15 06:13:00+00:00,71,254,21,17,30,19,57,17,254,0,58
2025-07-15 07:13:00+00:00,71,254,21,17,30,19,57,17,254,0,58
2025-07-15 08:13:00+00:00,70,254,21,17,30,19,57,17,254,0,103
2025-07-15 09:13:00+00:00,69,254,21,17,29,18,56,17,254,0,58
2025-07-15 10:13:00+00:00,69,254,21,17,30,18,56,17,254,0,58
2025-07-15 11:13:00+00:00,68,254,21,17,30,18,56,17,254,0,58
2025-07-15 12:13:00+00:00,67,254,21,17,29,18,55,17,254,0,58
2025-07-15 13:13:00+00:00,67,254,22,17,30,18,55,17,254,0,58
2025-07-15 14:13:00+00:00,67,254,22,17,30,18,55,17,254,0,58
2025-07-15 15:13:00+00:00,66,254,22,17,30,18,55,17,254,0,58
2025-07-15 16:13:00+00:00,67,254,22,17,31,18,57,17,254,0,58
2025-07-15 17:13:00+00:00,67,254,23,17,31,18,59,17,254,0,58
2025-07-15 18:13:00+00:00,67,254,23,18,32,18,60,18,254,0,58
2025-07-15 19:15:00+00:00,68,254,25,18,34,19,62,18,254,0,58
2025-07-15 20:15:00+00:00,69,254,25,18,35,19,63,18,254,0,58
2025-07-15 21:15:00+00:00,71,254,27,19,37,19,65,19,254,0,58
2025-07-15 22:15:00+00:00,72,254,28,19,39,20,67,19,254,0,58
2025-07-15 23:15:00+00:00,72,254,29,19,41,20,67,19,254,0,58
2025-07-16 00:15:00+00:00,71,254,25,17,41,20,64,19,254,77,58
2025-07-16 01:15:00+00:00,70,254,14,10,42,20,16,19,254,0,58
2025-07-16 02:15:00+00:00,70,254,12,9,41,20,14,19,254,0,58
2025-07-16 03:15:00+00:00,69,254,11,10,40,19,14,19,254,0,58
2025-07-16 04:15:00+00:00,69,254,11,10,38,19,15,19,254,0,58
2025-07-16 05:15:00+00:00,68,254,11,11,37,19,16,19,254,0,58
2025-07-16 06:15:00+00:00,68,254,11,11,36,19,17,18,254,0,58
2025-07-16 07:15:00+00:00,67,254,11,11,34,19,18,18,254,0,58
2025-07-16 08:15:00+00:00,66,254,11,12,33,19,19,18,254,0,103
2025-07-16 09:15:00+00:00,66,254,11,12,32,19,19,18,254,0,58
2025-07-16 10:15:00+00:00,65,254,11,12,32,19,20,18,254,0,58
2025-07-16 11:15:00+00:00,65,254,12,13,31,19,21,18,254,0,58
2025-07-16 12:15:00+00:00,64,254,12,13,30,18,21,17,254,0,58
2025-07-16 13:16:00+00:00,64,254,12,13,29,18,22,17,254,0,58
2025-07-16 14:16:00+00:00,63,254,12,13,29,18,23,18,254,0,58
2025-07-16 15:16:00+00:00,63,254,12,13,29,18,24,18,254,0,58
2025-07-16 16:16:00+00:00,64,254,13,14,28,18,25,18,254,0,58
2025-07-16 17:16:00+00:00,64,254,13,14,28,19,26,18,254,0,58
2025-07-16 18:16:00+00:00,65,254,13,14,28,19,28,18,254,0,58
2025-07-16 19:16:00+00:00,66,254,13,15,28,19,29,18,254,0,58
2025-07-16 20:16:00+00:00,67,254,14,15,28,19,31,19,254,0,58
2025-07-16 21:16:00+00:00,68,254,14,16,28,20,33,19,254,0,58
2025-07-16 22:16:00+00:00,70,254,15,16,29,20,35,20,254,0,58
2025-07-16 23:16:00+00:00,70,254,15,16,29,20,37,20,254,0,58
2025-07-17 00:16:00+00:00,70,254,16,16,29,20,40,20,254,0,58
2025-07-17 01:16:00+00:00,70,254,16,16,30,20,42,20,254,0,58
2025-07-17 02:16:00+00:00,70,254,17,17,30,20,44,20,254,0,58
2025-07-17 03:17:00+00:00,69,254,17,16,30,20,45,19,254,0,58
2025-07-17 04:17:00+00:00,69,254,17,16,31,20,47,19,254,0,58
2025-07-17 05:17:00+00:00,68,254,18,17,31,20,48,19,254,0,58
2025-07-17 06:17:00+00:00,68,254,18,17,31,20,48,19,254,0,58
2025-07-17 07:17:00+00:00,67,254,18,16,30,19,48,19,254,0,58
2025-07-17 08:17:00+00:00,67,254,18,16,31,19,48,19,254,0,103
2025-07-17 09:17:00+00:00,66,254,18,16,30,19,48,18,254,0,58
2025-07-17 10:17:00+00:00,65,254,18,16,30,19,48,18,254,0,58
2025-07-17 11:17:00+00:00,65,254,19,16,30,19,48,18,254,0,58
2025-07-17 12:17:00+00:00,64,254,19,16,30,19,47,18,254,0,58
2025-07-17 13:17:00+00:00,63,254,19,16,30,19,47,18,254,0,58
2025-07-17 14:17:00+00:00,63,254,19,16,30,19,48,18,254,0,58
2025-07-17 15:17:00+00:00,63,254,19,17,31,19,48,18,254,0,58
2025-07-17 16:17:00+00:00,64,254,19,17,31,19,49,18,254,0,58
2025-07-17 17:17:00+00:00,64,254,19,17,31,19,50,19,254,0,58
2025-07-17 18:17:00+00:00,65,254,20,17,31,19,52,19,254,0,58
2025-07-17 19:17:00+00:00,66,254,20,18,32,19,53,19,254,0,58
2025-07-17 20:17:00+00:00,68,254,21,18,33,20,57,20,254,0,58
2025-07-17 21:17:00+00:00,69,254,22,19,34,20,59,20,254,0,58
2025-07-17 22:17:00+00:00,70,254,23,19,36,21,61,21,254,0,58
2025-07-17 23:17:00+00:00,70,254,24,19,37,21,63,21,254,0,58
2025-07-18 00:17:00+00:00,71,254,25,19,39,21,65,22,254,0,58
2025-07-18 01:17:00+00:00,71,254,26,19,40,21,64,22,254,89,58
2025-07-18 02:17:00+00:00,70,254,20,19,41,21,40,21,254,0,58
2025-07-18 03:17:00+00:00,70,254,14,19,40,20,17,21,254,0,58
2025-07-18 04:17:00+00:00,70,254,12,19,39,20,15,21,254,0,58
2025-07-18 05:17:00+00:00,70,254,12,18,37,20,14,21,254,0,58
2025-07-18 06:17:00+00:00,69,254,11,18,35,19,15,20,254,0,58
2025-07-18 07:17:00+00:00,69,254,11,18,34,19,15,20,254,0,58
2025-07-18 08:17:00+00:00,69,254,11,17,33,19,16,20,254,0,103
2025-07-18 09:17:00+00:00,68,254,11,17,32,19,17,20,254,0,58
2025-07-18 10:17:00+00:00,68,254,11,17,31,19,17,20,254,0,58
2025-07-18 11:17:00+00:00,67,254,12,17,30,19,18,20,254,0,58
2025-07-18 12:17:00+00:00,67,254,12,17,29,19,18,20,254,0,58
2025-07-18 13:17:00+00:00,66,254,12,17,28,19,19,19,254,0,58
2025-07-18 14:17:00+00:00,66,254,12,17,28,19,20,19,254,0,58
2025-07-18 15:17:00+00:00,66,254,12,17,27,19,21,19,254,0,58
2025-07-18 16:17:00+00:00,66,254,12,17,27,19,22,20,254,0,58
2025-07-18 17:17:00+00:00,67,254,13,17,27,19,23,20,254,0,58
2025-07-18 18:17:00+00:00,67,254,13,17,26,19,25,20,254,0,58
2025-07-18 19:17:00+00:00,68,254,14,18,27,20,27,21,254,0,58
2025-07-18 20:17:00+00:00,69,254,14,18,27,20,29,21,254,0,58
2025-07-18 21:17:00+00:00,70,254,15,18,27,20,31,21,254,0,58
2025-07-18 22:17:00+00:00,71,254,15,19,27,20,34,21,254,0,58
2025-07-18 23:17:00+00:00,71,254,16,19,28,20,36,21,254,0,58
2025-07-19 00:17:00+00:00,71,254,17,19,28,20,39,22,254,0,58
2025-07-19 01:17:00+00:00,71,254,17,19,29,21,41,22,254,0,58
2025-07-19 02:17:00+00:00,70,254,18,19,30,21,44,22,254,0,58
2025-07-19 03:17:00+00:00,70,254,19,19,31,21,46,21,254,0,58
2025-07-19 04:17:00+00:00,70,254,19,19,31,20,48,21,254,0,58
2025-07-19 05:17:00+00:00,69,254,19,18,31,20,48,21,254,0,58
2025-07-19 06:17:00+00:00,69,254,20,18,31,20,49,21,254,0,58
2025-07-19 07:17:00+00:00,68,254,20,19,31,20,49,21,254,0,58
2025-07-19 08:17:00+00:00,68,254,20,19,31,20,50,21,254,0,103
2025-07-19 09:17:00+00:00,67,254,20,18,31,20,49,20,254,0,58
2025-07-19 10:17:00+00:00,66,254,20,18,30,19,49,20,254,0,58
2025-07-19 11:17:00+00:00,66,254,21,18,31,19,50,20,254,0,58
2025-07-19 12:17:00+00:00,65,254,21,18,31,19,51,20,254,0,58
2025-07-19 13:17:00+00:00,65,254,21,18,31,19,51,20,254,0,58
2025-07-19 14:17:00+00:00,64,254,21,18,31,19,51,20,254,0,58
2025-07-19 15:17:00+00:00,64,254,22,18,31,19,52,20,254,0,58
2025-07-19 16:17:00+00:00,64,254,22,18,32,19,53,20,254,0,58
2025-07-19 17:17:00+00:00,65,254,23,19,33,20,56,21,254,0,58
2025-07-19 18:17:00+00:00,65,254,24,19,33,20,57,21,254,0,58
2025-07-19 19:18:00+00:00,65,254,24,19,34,20,59,21,254,0,58
2025-07-19 20:18:00+00:00,66,254,25,19,35,20,61,22,254,0,58
2025-07-19 21:18:00+00:00,67,254,27,20,37,21,64,22,254,0,58
2025-07-19 22:18:00+00:00,68,254,28,20,39,21,66,23,254,0,58
2025-07-19 23:18:00+00:00,68,254,30,21,40,21,67,23,254,0,58
2025-07-20 00:18:00+00:00,68,254,31,21,42,21,68,23,254,0,58
2025-07-20 01:18:00+00:00,69,254,32,21,44,22,69,23,254,0,58
2025-07-20 02:18:00+00:00,69,254,33,21,45,22,70,23,254,0,58
2025-07-20 03:18:00+00:00,69,254,34,21,45,22,70,23,254,0,58
2025-07-20 04:18:00+00:00,68,254,34,21,46,22,71,23,254,0,58
2025-07-20 05:18:00+00:00,68,254,34,21,46,22,72,23,254,0,58
2025-07-20 06:18:00+00:00,67,254,34,20,46,21,71,22,254,0,58
2025-07-20 07:18:00+00:00,67,254,34,20,46,21,71,22,254,0,58
2025-07-20 08:18:00+00:00,66,254,33,20,45,21,71,22,254,0,103
2025-07-20 09:18:00+00:00,66,254,34,20,45,21,71,22,254,0,58
2025-07-20 10:18:00+00:00,65,254,34,20,45,21,72,22,254,0,58
2025-07-20 11:18:00+00:00,65,254,34,20,46,21,73,22,254,0,58
2025-07-20 12:18:00+00:00,64,254,34,20,45,20,72,21,254,0,58
2025-07-20 13:18:00+00:00,64,254,34,20,45,20,73,21,254,0,58
2025-07-20 14:18:00+00:00,64,254,35,20,45,21,73,21,254,0,58
2025-07-20 15:18:00+00:00,64,254,35,20,46,21,74,22,254,0,58
2025-07-20 16:18:00+00:00,64,254,36,21,46,21,74,22,254,0,58
2025-07-20 17:18:00+00:00,65,254,37,21,48,21,76,23,254,0,58
2025-07-20 18:18:00+00:00,65,254,38,22,48,21,77,23,254,0,58
2025-07-20 19:18:00+00:00,66,254,38,22,48,21,28,23,254,92,58
2025-07-20 20:18:00+00:00,66,254,20,21,45,22,17,23,254,0,58
2025-07-20 21:18:00+00:00,67,254,14,22,43,22,16,23,254,0,58
2025-07-20 22:18:00+00:00,68,254,12,22,41,22,17,23,254,0,58
2025-07-20 23:18:00+00:00,68,254,12,22,39,22,19,23,254,0,58
2025-07-21 00:18:00+00:00,68,254,12,21,38,22,21,23,254,0,58
2025-07-21 01:18:00+00:00,68,254,12,21,37,22,23,23,254,0,58
2025-07-21 02:18:00+00:00,67,254,13,21,36,22,25,23,254,0,58
2025-07-21 03:18:00+00:00,67,254,13,20,36,22,26,22,254,0,58
2025-07-21 04:18:00+00:00,67,254,14,20,36,22,28,22,254,0,58
2025-07-21 05:18:00+00:00,67,254,14,20,36,22,29,22,254,0,58
2025-07-21 06:18:00+00:00,66,254,14,20,35,21,29,22,254,0,58
2025-07-21 07:18:00+00:00,66,254,14,20,35,21,30,22,254,0,58
2025-07-21 08:18:00+00:00,65,254,15,20,35,21,30,22,254,0,103
2025-07-21 09:18:00+00:00,65,254,15,20,35,21,31,22,254,0,58
2025-07-21 10:18:00+00:00,64,254,15,19,35,21,31,21,254,0,58
2025-07-21 11:18:00+00:00,64,254,15,19,35,21,32,21,254,0,58
2025-07-21 12:18:00+00:00,63,254,16,19,35,21,32,21,254,0,58
2025-07-21 13:19:00+00:00,63,254,16,19,35,21,33,21,254,0,58
2025-07-21 14:19:00+00:00,63,254,16,19,35,21,33,21,254,0,58
2025-07-21 15:19:00+00:00,63,254,16,19,35,21,34,21,254,0,58
2025-07-21 16:19:00+00:00,63,254,17,20,35,21,35,22,254,0,58
2025-07-21 17:19:00+00:00,63,254,17,20,35,21,36,22,254,0,58
2025-07-21 18:19:00+00:00,63,254,17,20,35,21,38,22,254,0,58
2025-07-21 19:19:00+00:00,64,254,18,20,35,21,40,22,254,0,58
2025-07-21 20:19:00+00:00,64,254,18,20,36,21,42,23,254,0,58
2025-07-21 21:19:00+00:00,65,254,19,21,37,22,45,23,254,0,58
2025-07-21 22:19:00+00:00,65,254,20,21,38,22,47,23,254,0,58
2025-07-21 23:19:00+00:00,66,254,21,21,39,22,50,24,254,0,58
2025-07-22 00:19:00+00:00,66,254,22,21,40,22,52,24,254,0,58
2025-07-22 01:19:00+00:00,66,254,23,21,41,22,54,23,254,0,58
2025-07-22 02:19:00+00:00,65,254,23,21,42,22,56,23,254,0,58
2025-07-22 03:19:00+00:00,65,254,24,21,42,22,58,23,254,0,58
2025-07-22 04:19:00+00:00,65,254,25,21,43,22,59,23,254,0,58
2025-07-22 05:19:00+00:00,65,254,25,21,44,22,60,23,254,0,58
2025-07-22 06:19:00+00:00,64,254,25,21,43,22,60,23,254,0,58
2025-07-22 07:19:00+00:00,64,254,26,21,44,22,61,23,254,0,58
2025-07-22 08:19:00+00:00,64,254,26,21,44,22,62,23,254,0,103
2025-07-22 09:19:00+00:00,64,254,26,21,44,22,63,23,254,0,58
2025-07-22 10:19:00+00:00,63,254,27,21,44,22,63,23,254,0,58
2025-07-22 11:19:00+00:00,63,254,27,21,44,22,64,23,254,0,58
2025-07-22 12:19:00+00:00,63,254,27,21,44,22,64,22,254,0,58
2025-07-22 13:19:00+00:00,63,254,27,21,44,22,64,22,254,0,58
2025-07-22 14:19:00+00:00,63,254,27,21,44,22,65,22,254,0,58
2025-07-22 15:19:00+00:00,63,254,28,21,44,22,65,23,254,0,58
2025-07-22 16:19:00+00:00,63,254,28,21,44,22,65,23,254,0,58
2025-07-22 17:19:00+00:00,63,254,28,21,44,22,66,23,254,0,58
2025-07-22 18:19:00+00:00,64,254,29,22,44,22,66,23,254,0,58
2025-07-22 19:19:00+00:00,64,254,29,22,45,22,67,24,254,0,58
2025-07-22 20:19:00+00:00,65,254,30,22,46,23,68,24,254,0,58
2025-07-22 21:19:00+00:00,66,254,20,22,45,22,24,24,254,86,58
2025-07-22 22:19:00+00:00,67,254,13,21,44,22,18,24,254,0,58
2025-07-22 23:19:00+00:00,67,254,11,20,41,22,16,24,254,0,58
2025-07-23 00:19:00+00:00,68,254,11,19,41,23,17,24,254,0,58
2025-07-23 01:19:00+00:00,67,254,10,19,39,23,18,24,254,0,58
2025-07-23 02:19:00+00:00,67,254,10,18,38,23,19,24,254,0,58
2025-07-23 03:19:00+00:00,67,254,11,18,37,23,20,24,254,0,58
2025-07-23 04:19:00+00:00,67,254,11,18,37,23,22,24,254,0,58
2025-07-23 05:19:00+00:00,66,254,11,18,36,22,22,23,254,0,58
2025-07-23 06:19:00+00:00,66,254,11,18,36,22,23,23,254,0,58
2025-07-23 07:19:00+00:00,65,254,11,18,36,22,24,23,254,0,58
2025-07-23 08:19:00+00:00,65,254,12,18,35,22,25,23,254,0,103
2025-07-23 09:19:00+00:00,64,254,12,18,35,22,25,23,254,0,58
2025-07-23 10:19:00+00:00,64,254,12,18,35,22,25,22,254,0,58
2025-07-23 11:19:00+00:00,63,254,12,18,35,22,26,23,254,0,58
2025-07-23 12:19:00+00:00,63,254,13,18,35,22,26,22,254,0,58
2025-07-23 13:19:00+00:00,62,254,13,18,34,21,27,22,254,0,58
2025-07-23 14:19:00+00:00,62,254,13,18,34,21,27,22,254,0,58
2025-07-23 15:19:00+00:00,62,254,13,18,34,21,28,22,254,0,58
2025-07-23 16:19:00+00:00,62,254,14,18,34,21,29,23,254,0,58
2025-07-23 17:19:00+00:00,63,254,14,18,34,22,31,23,254,0,58
2025-07-23 18:19:00+00:00,63,254,15,19,34,22,33,23,254,0,58
2025-07-23 19:19:00+00:00,64,254,15,19,34,22,35,24,254,0,58
2025-07-23 20:19:00+00:00,65,254,16,19,35,23,37,24,254,0,58
2025-07-23 21:19:00+00:00,66,254,17,20,35,23,39,24,254,0,58
2025-07-23 22:19:00+00:00,66,254,17,20,35,23,41,25,254,0,58
2025-07-23 23:19:00+00:00,67,254,18,20,37,24,44,25,254,0,58
2025-07-24 00:19:00+00:00,67,254,19,20,37,24,46,25,254,0,58
2025-07-24 01:19:00+00:00,67,254,20,20,38,24,48,25,254,0,58
2025-07-24 02:19:00+00:00,67,254,21,20,39,24,50,25,254,0,58
2025-07-24 03:19:00+00:00,67,254,21,20,40,24,52,25,254,0,58
2025-07-24 04:19:00+00:00,66,254,21,20,40,23,53,24,254,0,58
2025-07-24 05:19:00+00:00,66,254,22,20,41,23,54,24,254,0,58
2025-07-24 06:19:00+00:00,65,254,22,20,41,23,55,24,254,0,58
2025-07-24 07:19:00+00:00,65,254,23,20,42,23,56,24,254,0,58
2025-07-24 08:19:00+00:00,64,254,23,20,41,23,56,23,254,0,103
2025-07-24 09:19:00+00:00,64,254,23,20,41,23,57,23,254,0,58
2025-07-24 10:19:00+00:00,63,254,23,20,41,23,57,23,254,0,58
2025-07-24 11:19:00+00:00,63,254,23,20,42,22,58,23,254,0,58
2025-07-24 12:19:00+00:00,62,254,23,20,41,22,57,23,254,0,58
2025-07-24 13:19:00+00:00,62,254,24,20,41,22,57,23,254,0,58
2025-07-24 14:19:00+00:00,61,254,24,20,41,22,58,23,254,0,58
2025-07-24 15:19:00+00:00,61,254,24,20,42,22,58,23,254,0,58
2025-07-24 16:19:00+00:00,62,254,25,20,42,22,59,23,254,0,58
2025-07-24 17:19:00+00:00,62,254,25,20,42,23,60,24,254,0,58
2025-07-24 18:19:00+00:00,63,254,26,21,43,23,61,25,254,0,58
2025-07-24 19:19:00+00:00,64,254,26,21,43,23,62,25,254,0,58
2025-07-24 20:19:00+00:00,65,254,27,22,44,24,64,26,254,0,58
2025-07-24 21:20:00+00:00,66,254,29,22,45,24,65,26,254,0,58
2025-07-24 22:20:00+00:00,67,254,30,23,47,25,67,27,254,84,58
2025-07-24 23:20:00+00:00,67,254,17,21,48,24,33,26,254,1,58
2025-07-25 00:20:00+00:00,67,254,13,18,48,24,17,25,254,0,58
2025-07-25 01:20:00+00:00,68,254,12,17,49,24,16,25,254,0,58
2025-07-25 02:20:00+00:00,68,254,11,17,48,24,16,25,254,0,58
2025-07-25 03:20:00+00:00,67,254,11,17,46,24,17,24,254,0,58
2025-07-25 04:20:00+00:00,67,254,11,17,45,24,17,24,254,0,58
2025-07-25 05:20:00+00:00,67,254,11,17,44,24,18,24,254,0,58
2025-07-25 06:20:00+00:00,66,254,11,17,43,23,18,24,254,0,58
2025-07-25 07:20:00+00:00,66,254,11,17,42,23,19,24,254,0,58
2025-07-25 08:20:00+00:00,65,254,12,17,41,23,20,23,254,0,103
2025-07-25 09:20:00+00:00,65,254,12,17,41,23,20,23,254,0,58
2025-07-25 10:20:00+00:00,64,254,12,17,40,23,20,23,254,0,58
2025-07-25 11:20:00+00:00,64,254,12,17,39,22,21,23,254,0,58
2025-07-25 12:20:00+00:00,63,254,12,17,39,22,21,23,254,0,58
2025-07-25 13:20:00+00:00,63,254,13,17,38,22,22,23,254,0,58
2025-07-25 14:20:00+00:00,63,254,13,17,38,22,22,23,254,0,58
2025-07-25 15:20:00+00:00,63,254,13,17,38,22,23,23,254,0,58
2025-07-25 16:20:00+00:00,63,254,13,17,37,23,24,23,254,0,58
2025-07-25 17:20:00+00:00,64,254,14,17,37,23,25,23,254,0,58
2025-07-25 18:20:00+00:00,64,254,14,18,36,23,26,23,254,0,58
2025-07-25 19:20:00+00:00,65,254,15,18,36,23,28,24,254,0,58
2025-07-25 20:20:00+00:00,66,254,15,19,36,24,30,24,254,0,58
2025-07-25 21:20:00+00:00,67,254,16,19,37,24,32,25,254,0,58
2025-07-25 22:20:00+00:00,68,254,17,20,37,25,34,26,254,0,58
2025-07-25 23:20:00+00:00,68,254,18,20,38,25,36,26,254,0,58
2025-07-26 00:20:00+00:00,68,254,18,20,38,25,38,26,254,0,58
2025-07-26 01:20:00+00:00,68,254,19,20,38,25,40,26,254,0,58
2025-07-26 02:20:00+00:00,68,254,20,20,39,25,42,25,254,0,58
2025-07-26 03:20:00+00:00,67,254,20,20,39,25,42,25,254,0,58
2025-07-26 04:20:00+00:00,67,254,21,20,39,25,43,25,254,0,58
2025-07-26 05:20:00+00:00,67,254,21,20,39,24,44,24,254,0,58
2025-07-26 06:20:00+00:00,66,254,21,19,39,24,44,24,254,0,58
2025-07-26 07:20:00+00:00,66,254,21,20,39,24,44,24,254,0,58
2025-07-26 08:20:00+00:00,65,254,22,20,39,24,44,24,254,0,103
2025-07-26 09:20:00+00:00,65,254,22,20,40,24,45,24,254,0,58
2025-07-26 10:20:00+00:00,64,254,22,19,39,23,45,24,254,0,58
2025-07-26 11:20:00+00:00,64,254,23,20,39,23,46,23,254,0,58
2025-07-26 12:20:00+00:00,63,254,23,20,40,23,46,24,254,0,58
2025-07-26 13:20:00+00:00,63,254,23,20,40,23,47,23,254,0,58
2025-07-26 14:20:00+00:00,63,254,23,20,40,23,47,23,254,0,58
2025-07-26 15:20:00+00:00,63,254,24,20,40,23,48,23,254,0,58
2025-07-26 16:20:00+00:00,63,254,24,20,40,23,48,24,254,0,58
2025-07-26 17:20:00+00:00,63,254,24,20,40,24,49,24,254,0,58
2025-07-26 18:20:00+00:00,64,254,25,21,40,24,50,24,254,0,58
2025-07-26 19:20:00+00:00,65,254,26,21,41,24,52,25,254,0,58
2025-07-26 20:20:00+00:00,66,254,27,21,42,25,53,25,254,0,58
2025-07-26 21:20:00+00:00,67,254,28,22,43,25,56,26,254,0,58
2025-07-26 22:20:00+00:00,67,254,29,22,43,26,57,27,254,0,58
2025-07-26 23:20:00+00:00,68,254,30,23,45,26,59,27,254,0,58
2025-07-27 00:20:00+00:00,68,254,31,23,46,26,61,27,254,0,58
2025-07-27 01:20:00+00:00,68,254,32,23,46,26,62,27,254,0,58
2025-07-27 02:20:00+00:00,68,254,33,23,47,27,63,27,254,0,58
2025-07-27 03:20:00+00:00,68,254,34,23,48,27,65,27,254,0,58
2025-07-27 04:20:00+00:00,67,254,34,23,47,26,64,26,254,0,58
2025-07-27 05:20:00+00:00,67,254,35,23,48,26,66,27,254,0,58
2025-07-27 06:20:00+00:00,66,254,35,23,48,26,65,26,254,0,58
2025-07-27 07:20:00+00:00,66,254,36,23,48,26,66,26,254,0,58
2025-07-27 08:20:00+00:00,65,254,36,23,49,26,67,26,254,0,103
2025-07-27 09:20:00+00:00,65,254,37,23,49,26,68,26,254,0,58
2025-07-27 10:20:00+00:00,64,254,36,22,48,25,67,25,254,0,58
2025-07-27 11:20:00+00:00,64,254,37,22,49,25,67,25,254,0,58
2025-07-27 12:20:00+00:00,64,254,37,22,49,25,68,25,254,0,58
2025-07-27 13:20:00+00:00,63,254,38,23,49,25,69,25,254,0,58
2025-07-27 14:20:00+00:00,63,254,38,23,49,25,69,25,254,0,58
2025-07-27 15:20:00+00:00,63,254,38,23,50,25,70,25,254,0,58
2025-07-27 16:20:00+00:00,63,254,39,23,50,25,70,26,254,0,58
2025-07-27 17:20:00+00:00,64,254,39,23,50,26,71,26,254,0,58
2025-07-27 18:20:00+00:00,65,254,41,24,20,26,32,27,254,82,58
2025-07-27 19:20:00+00:00,65,254,36,24,18,26,16,27,254,0,58
2025-07-27 20:20:00+00:00,66,254,29,24,17,26,15,27,254,0,58
2025-07-27 21:20:00+00:00,66,254,24,24,17,26,16,27,254,0,58
2025-07-27 22:20:00+00:00,67,254,22,25,17,26,18,27,254,0,58
2025-07-27 23:20:00+00:00,67,254,21,25,18,26,20,27,254,0,58
2025-07-28 00:20:00+00:00,68,254,21,25,19,27,22,27,254,0,58
2025-07-28 01:20:00+00:00,68,254,22,25,19,27,25,27,254,0,58
2025-07-28 02:20:00+00:00,67,254,21,24,20,26,26,27,254,0,58
2025-07-28 03:20:00+00:00,67,254,22,24,20,26,28,27,254,0,58
2025-07-28 04:20:00+00:00,67,254,22,24,21,26,29,26,254,0,58
2025-07-28 05:20:00+00:00,67,254,22,23,22,26,30,26,254,0,58
2025-07-28 06:20:00+00:00,66,254,22,23,22,25,30,26,254,0,58
2025-07-28 07:20:00+00:00,66,254,22,23,22,25,31,25,254,0,58
2025-07-28 08:20:00+00:00,66,254,22,23,23,25,32,25,254,0,103
2025-07-28 09:20:00+00:00,65,254,22,23,23,25,33,25,254,0,58
2025-07-28 10:20:00+00:00,65,254,22,23,24,25,33,25,254,0,58
2025-07-28 11:20:00+00:00,64,254,22,22,24,24,33,24,254,0,58
2025-07-28 12:20:00+00:00,64,254,22,22,24,24,34,24,254,0,58
2025-07-28 13:20:00+00:00,64,254,22,22,24,24,34,24,254,0,58
2025-07-28 14:20:00+00:00,63,254,23,22,25,24,35,24,254,0,58
2025-07-28 15:20:00+00:00,63,254,23,22,25,24,36,24,254,0,58
2025-07-28 16:20:00+00:00,63,254,23,22,25,24,37,25,254,0,58
2025-07-28 17:20:00+00:00,64,254,24,23,26,24,38,25,254,0,58
2025-07-28 18:20:00+00:00,64,254,24,23,26,25,39,25,254,0,58
2025-07-28 19:20:00+00:00,65,254,25,24,27,25,41,26,254,0,58
2025-07-28 20:20:00+00:00,66,254,25,24,27,25,43,26,254,0,58
2025-07-28 21:20:00+00:00,67,254,27,24,28,26,45,27,254,0,58
2025-07-28 22:20:00+00:00,68,254,28,25,29,27,48,28,254,0,58
2025-07-28 23:20:00+00:00,68,254,29,25,30,27,49,28,254,0,58
2025-07-29 00:20:00+00:00,69,254,30,25,31,27,51,28,254,0,58
2025-07-29 01:20:00+00:00,69,254,31,26,32,28,53,28,254,0,58
2025-07-29 02:20:00+00:00,68,254,32,26,33,28,55,28,254,0,58
2025-07-29 03:20:00+00:00,68,254,33,26,34,28,57,28,254,0,58
2025-07-29 04:20:00+00:00,68,254,34,26,35,27,59,27,254,0,58
2025-07-29 05:20:00+00:00,67,254,34,25,36,27,59,27,254,0,58
2025-07-29 06:20:00+00:00,67,254,35,25,36,27,60,27,254,0,58
2025-07-29 07:20:00+00:00,66,254,35,25,37,26,60,26,254,0,58
2025-07-29 08:20:00+00:00,66,254,35,25,38,26,61,26,254,0,103
2025-07-29 09:20:00+00:00,66,254,36,25,38,26,62,26,254,0,58
2025-07-29 10:20:00+00:00,65,254,36,25,39,26,63,26,254,0,58
2025-07-29 11:20:00+00:00,65,254,37,25,40,26,64,26,254,0,58
2025-07-29 12:20:00+00:00,65,254,37,25,40,26,64,26,254,0,58
2025-07-29 13:20:00+00:00,64,254,36,24,40,26,64,26,254,0,58
2025-07-29 14:20:00+00:00,64,254,37,24,41,26,64,26,254,0,58
2025-07-29 15:20:00+00:00,64,254,37,24,41,26,65,26,254,0,58
2025-07-29 16:20:00+00:00,64,254,38,25,42,26,66,26,254,0,58
2025-07-29 17:20:00+00:00,65,254,39,26,43,27,67,27,254,0,58
2025-07-29 18:20:00+00:00,66,254,40,26,43,27,68,27,254,0,58
2025-07-29 19:20:00+00:00,66,254,42,27,44,27,68,28,254,0,58
2025-07-29 20:20:00+00:00,67,254,44,28,45,28,70,29,254,0,58
2025-07-29 21:20:00+00:00,68,254,46,29,47,29,72,30,254,0,58
2025-07-29 22:20:00+00:00,69,254,47,30,48,29,72,31,254,0,58
2025-07-29 23:20:00+00:00,69,254,48,30,48,30,73,31,254,0,58
2025-07-30 00:20:00+00:00,69,254,45,30,40,29,73,31,254,75,58
2025-07-30 01:20:00+00:00,69,254,29,30,29,28,70,31,254,0,58
2025-07-30 02:20:00+00:00,69,254,19,29,25,28,61,30,254,0,58
2025-07-30 03:20:00+00:00,69,254,16,29,23,28,47,30,254,0,58
2025-07-30 04:20:00+00:00,68,254,15,28,22,28,35,30,254,0,58
2025-07-30 05:20:00+00:00,68,254,15,28,21,28,31,29,254,0,58
2025-07-30 06:20:00+00:00,68,254,15,27,21,27,30,29,254,0,58
2025-07-30 07:20:00+00:00,67,254,15,26,21,27,29,28,254,0,58
2025-07-30 08:20:00+00:00,67,254,15,26,21,27,29,28,254,0,103
2025-07-30 09:20:00+00:00,67,254,16,26,21,26,29,28,254,0,58
2025-07-30 10:20:00+00:00,66,254,16,25,21,26,29,27,254,0,58
2025-07-30 11:20:00+00:00,66,254,16,25,21,26,30,27,254,0,58
2025-07-30 12:20:00+00:00,65,254,16,25,22,26,30,27,254,0,58
2025-07-30 13:20:00+00:00,65,254,16,24,22,25,30,27,254,0,58
2025-07-30 14:20:00+00:00,64,254,16,24,22,25,30,26,254,0,58
2025-07-30 15:20:00+00:00,64,254,17,24,22,25,31,26,254,0,58
2025-07-30 16:20:00+00:00,64,254,17,24,22,25,32,26,254,0,58
2025-07-30 17:20:00+00:00,65,254,18,24,23,25,34,27,254,0,58
2025-07-30 18:20:00+00:00,65,254,18,25,23,26,35,27,254,0,58
2025-07-30 19:20:00+00:00,66,254,19,25,24,26,36,27,254,0,58
2025-07-30 20:20:00+00:00,67,254,20,26,24,27,38,28,254,0,58
2025-07-30 21:20:00+00:00,67,254,20,26,25,27,40,28,254,0,58
2025-07-30 22:20:00+00:00,68,254,21,27,26,27,42,29,254,0,58
2025-07-30 23:20:00+00:00,69,254,22,27,27,28,43,29,254,0,58
2025-07-31 00:20:00+00:00,69,254,22,27,27,28,45,29,254,0,58
2025-07-31 01:20:00+00:00,69,254,23,27,28,28,47,29,254,0,58
2025-07-31 02:20:00+00:00,69,254,24,27,29,28,48,29,254,0,58
2025-07-31 03:20:00+00:00,69,254,25,27,30,28,50,29,254,0,58
2025-07-31 04:20:00+00:00,69,254,26,27,30,28,51,29,254,0,58
2025-07-31 05:20:00+00:00,68,254,26,27,31,28,53,29,254,0,58
2025-07-31 06:20:00+00:00,68,254,27,27,32,28,54,28,254,0,58
2025-07-31 07:20:00+00:00,67,254,27,26,32,27,54,28,254,0,58
2025-07-31 08:20:00+00:00,67,254,28,26,33,27,55,28,254,0,103
2025-07-31 09:20:00+00:00,67,254,28,26,33,27,56,28,254,0,58
2025-07-31 10:20:00+00:00,66,254,28,26,33,26,56,27,254,0,58
2025-07-31 11:20:00+00:00,66,254,29,26,34,26,57,27,254,0,58
2025-07-31 12:20:00+00:00,66,254,29,26,34,26,57,27,254,0,58
2025-07-31 13:20:00+00:00,65,254,30,26,34,26,58,27,254,0,58
2025-07-31 14:20:00+00:00,65,254,30,26,35,26,58,27,254,0,58
2025-07-31 15:20:00+00:00,65,254,30,26,35,26,59,27,254,0,58
2025-07-31 16:20:00+00:00,65,254,31,27,36,27,60,27,254,0,58
2025-07-31 17:20:00+00:00,65,254,32,27,36,27,60,28,254,0,58
2025-07-31 18:20:00+00:00,66,254,33,28,37,27,61,28,254,0,58
2025-07-31 19:20:00+00:00,66,254,34,28,37,28,62,29,254,0,58
2025-07-31 20:20:00+00:00,67,254,36,30,39,29,64,30,254,0,58
2025-07-31 21:20:00+00:00,68,254,39,31,40,30,67,32,254,0,58
2025-07-31 22:20:00+00:00,68,254,41,32,41,30,68,32,254,0,58
2025-07-31 23:20:00+00:00,68,254,43,32,43,31,69,32,254,0,58
2025-08-01 00:20:00+00:00,67,254,44,32,43,30,68,32,254,0,58
2025-08-01 01:20:00+00:00,67,254,46,32,45,31,70,32,254,0,58
2025-08-01 02:20:00+00:00,67,254,47,32,46,31,71,31,254,0,58
2025-08-01 03:20:00+00:00,67,254,48,32,47,31,72,31,254,0,58
2025-08-01 04:20:00+00:00,66,254,48,31,48,30,72,30,254,0,58
2025-08-01 05:20:00+00:00,66,254,49,31,48,30,72,30,254,0,58
2025-08-01 06:20:00+00:00,66,254,49,31,49,30,73,30,254,0,58
2025-08-01 07:20:00+00:00,65,254,49,30,50,30,74,30,254,0,58
2025-08-01 08:20:00+00:00,65,254,49,30,50,29,74,30,254,0,103
2025-08-01 09:20:00+00:00,65,254,50,30,51,29,75,29,254,0,58
2025-08-01 10:20:00+00:00,63,254,44,30,50,29,74,17,254,75,58
2025-08-01 11:21:00+00:00,63,254,35,29,50,28,75,21,254,1,58
2025-08-01 12:21:00+00:00,63,254,31,29,50,28,74,24,254,0,58
2025-08-01 13:21:00+00:00,63,254,30,28,49,28,72,24,254,0,58
2025-08-01 14:21:00+00:00,63,254,29,28,48,28,68,25,254,0,58
2025-08-01 15:21:00+00:00,62,254,29,27,47,27,63,25,254,0,58
2025-08-01 16:21:00+00:00,63,254,29,27,47,27,60,25,254,0,58
2025-08-01 17:21:00+00:00,63,254,29,27,46,27,56,25,254,0,58
2025-08-01 18:21:00+00:00,63,254,30,27,45,28,52,25,254,0,58
2025-08-01 19:21:00+00:00,64,254,30,28,45,28,49,26,254,0,58
2025-08-01 20:21:00+00:00,65,254,31,28,45,29,47,27,254,0,58
2025-08-01 21:21:00+00:00,65,254,31,29,44,29,46,27,254,0,58
2025-08-01 22:21:00+00:00,66,254,32,29,44,29,46,27,254,0,58
2025-08-01 23:21:00+00:00,66,254,32,29,44,30,47,27,254,0,58
2025-08-02 00:21:00+00:00,67,254,33,30,45,30,48,28,254,0,58
2025-08-02 01:21:00+00:00,67,254,34,30,45,31,49,28,254,0,58
2025-08-02 02:21:00+00:00,67,254,35,30,45,31,50,28,254,0,58
2025-08-02 03:21:00+00:00,67,254,35,29,45,30,50,28,254,0,58
2025-08-02 04:21:00+00:00,66,254,34,29,45,29,50,27,254,0,58
2025-08-02 05:21:00+00:00,66,254,34,28,45,29,50,27,254,0,58
2025-08-02 06:21:00+00:00,66,254,35,28,45,29,51,27,254,0,58
2025-08-02 07:21:00+00:00,65,254,35,28,45,29,51,27,254,0,58
2025-08-02 08:21:00+00:00,65,254,35,28,45,29,52,26,254,0,103
2025-08-02 09:21:00+00:00,65,254,35,28,45,29,52,26,254,0,58
2025-08-02 10:21:00+00:00,65,254,35,28,45,28,52,26,254,0,58
2025-08-02 11:21:00+00:00,65,254,35,28,45,28,52,26,254,0,58
2025-08-02 12:21:00+00:00,64,254,34,27,44,28,52,26,254,0,58
2025-08-02 13:21:00+00:00,64,254,34,27,44,28,52,26,254,0,58
2025-08-02 14:21:00+00:00,64,254,35,27,44,28,52,26,254,0,58
2025-08-02 15:21:00+00:00,64,254,35,27,44,28,52,26,254,0,58
2025-08-02 16:21:00+00:00,64,254,35,28,44,28,53,26,254,0,58
2025-08-02 17:21:00+00:00,64,254,36,28,44,28,54,26,254,0,58
2025-08-02 18:21:00+00:00,65,254,38,29,45,29,55,27,254,0,58
2025-08-02 19:22:00+00:00,65,254,39,30,46,30,56,28,254,0,58
2025-08-02 20:22:00+00:00,66,254,41,31,47,30,58,29,254,0,58
2025-08-02 21:22:00+00:00,66,254,42,32,48,31,59,29,254,0,58
2025-08-02 22:22:00+00:00,66,254,45,32,49,31,61,30,254,0,58
2025-08-02 23:22:00+00:00,66,254,47,33,50,32,62,31,254,0,58
2025-08-03 00:22:00+00:00,66,254,49,33,51,32,64,31,254,0,58
2025-08-03 01:22:00+00:00,66,254,50,34,51,33,66,32,254,0,58
2025-08-03 02:22:00+00:00,66,254,52,34,52,33,67,32,254,0,58
2025-08-03 03:22:00+00:00,66,254,52,34,52,33,68,31,254,0,58
2025-08-03 04:22:00+00:00,66,254,53,33,53,33,69,31,254,0,58
2025-08-03 05:22:00+00:00,65,254,53,33,53,33,70,31,254,0,58
2025-08-03 06:22:00+00:00,65,254,53,33,53,33,71,31,254,0,58
2025-08-03 07:22:00+00:00,65,254,53,33,54,32,72,30,254,0,58
2025-08-03 08:22:00+00:00,64,254,52,32,54,31,71,30,254,0,103
2025-08-03 09:22:00+00:00,63,254,52,32,54,31,72,30,254,0,58
2025-08-03 10:22:00+00:00,63,254,52,32,54,31,73,29,254,0,58
2025-08-03 11:22:00+00:00,63,254,52,31,55,31,73,29,254,0,58
2025-08-03 12:22:00+00:00,60,254,47,30,53,25,71,28,254,60,58
2025-08-03 13:22:00+00:00,60,254,38,30,53,24,61,27,254,4,58
2025-08-03 14:22:00+00:00,60,254,31,29,52,23,32,27,254,0,58
2025-08-03 15:22:00+00:00,60,254,28,28,51,23,23,26,254,0,58
2025-08-03 16:22:00+00:00,61,254,27,28,51,24,22,27,254,0,58
2025-08-03 17:22:00+00:00,61,254,27,28,49,24,21,27,254,0,58
2025-08-03 18:22:00+00:00,62,254,27,27,48,24,22,27,254,0,58
2025-08-03 19:22:00+00:00,62,254,27,27,46,25,23,27,254,0,58
2025-08-03 20:22:00+00:00,63,254,27,28,46,26,25,28,254,0,58
2025-08-03 21:22:00+00:00,64,254,27,28,45,26,27,28,254,0,58
2025-08-03 22:22:00+00:00,64,254,28,28,44,26,28,28,254,0,58
2025-08-03 23:22:00+00:00,65,254,28,28,43,27,30,28,254,0,58
2025-08-04 00:22:00+00:00,66,254,28,28,43,27,31,28,254,0,58
2025-08-04 01:22:00+00:00,66,254,29,28,42,28,32,28,254,0,58
2025-08-04 02:22:00+00:00,66,254,29,28,42,27,32,28,254,0,58
2025-08-04 03:22:00+00:00,66,254,29,28,41,27,33,28,254,0,58
2025-08-04 04:22:00+00:00,66,254,29,28,41,27,33,28,254,0,58
2025-08-04 05:22:00+00:00,65,254,29,28,41,27,34,28,254,0,58
2025-08-04 06:22:00+00:00,65,254,29,27,41,27,34,27,254,0,58
2025-08-04 07:22:00+00:00,65,254,30,28,41,27,35,27,254,0,58
2025-08-04 08:22:00+00:00,64,254,29,27,40,27,35,27,254,0,103
2025-08-04 09:22:00+00:00,64,254,30,27,40,27,35,27,254,0,58
2025-08-04 10:22:00+00:00,64,254,30,27,40,27,36,27,254,0,58
2025-08-04 11:22:00+00:00,63,254,30,27,40,27,36,27,254,0,58
2025-08-04 12:22:00+00:00,63,254,30,27,40,27,37,26,254,0,58
2025-08-04 13:22:00+00:00,63,254,30,27,40,27,37,26,254,0,58
2025-08-04 14:22:00+00:00,62,254,30,26,39,26,37,26,254,0,58
2025-08-04 15:23:00+00:00,62,254,30,26,39,26,37,26,254,0,58
2025-08-04 16:23:00+00:00,62,254,31,26,39,26,38,26,254,0,58
2025-08-04 17:23:00+00:00,63,254,32,27,40,27,39,27,254,0,58
2025-08-04 18:23:00+00:00,63,254,32,28,40,28,40,27,254,0,58
2025-08-04 19:23:00+00:00,63,254,33,28,41,28,42,28,254,0,58
2025-08-04 20:23:00+00:00,63,254,34,29,41,28,43,28,254,0,58
2025-08-04 21:23:00+00:00,64,254,36,30,42,29,45,29,254,0,58
2025-08-04 22:23:00+00:00,64,254,37,30,42,30,47,29,254,0,58
2025-08-04 23:23:00+00:00,64,254,39,31,43,30,49,29,254,0,58
2025-08-05 00:23:00+00:00,65,254,41,32,45,32,52,30,254,0,58
2025-08-05 01:25:00+00:00,65,254,43,32,46,32,54,30,254,0,58
2025-08-05 02:25:00+00:00,65,254,44,32,48,33,55,30,254,0,58
2025-08-05 03:25:00+00:00,64,254,44,31,48,33,56,29,254,0,58
2025-08-05 04:25:00+00:00,64,254,45,31,49,33,57,29,254,0,58
2025-08-05 05:25:00+00:00,64,254,46,31,50,32,58,29,254,0,58
2025-08-05 06:25:00+00:00,63,254,46,31,51,32,59,29,254,0,58
2025-08-05 07:25:00+00:00,63,254,47,31,51,32,60,29,254,0,58
2025-08-05 08:25:00+00:00,62,254,46,30,51,31,60,28,254,0,103
2025-08-05 09:25:00+00:00,62,254,46,30,52,31,61,28,254,0,58
2025-08-05 10:25:00+00:00,62,254,46,30,52,31,61,28,254,0,58
2025-08-05 11:25:00+00:00,61,254,47,30,53,31,62,28,254,0,58
2025-08-05 12:25:00+00:00,61,254,47,30,53,30,63,28,254,0,58
2025-08-05 13:25:00+00:00,60,254,46,29,53,30,62,27,254,0,58
2025-08-05 14:25:00+00:00,59,254,44,29,53,22,22,11,254,14,58
2025-08-05 15:25:00+00:00,59,254,35,27,51,20,17,10,254,16,58
2025-08-05 16:25:00+00:00,59,254,29,25,49,20,15,11,254,10,58
2025-08-05 17:25:00+00:00,60,254,25,24,46,21,14,13,254,6,58
2025-08-05 18:25:00+00:00,60,254,22,23,43,21,15,17,254,5,58
2025-08-05 19:25:00+00:00,61,254,21,23,41,22,16,20,254,4,58
2025-08-05 20:25:00+00:00,62,254,21,23,39,23,17,21,254,1,58
2025-08-05 21:25:00+00:00,63,254,21,23,38,24,19,22,254,1,58
2025-08-05 22:25:00+00:00,63,254,21,23,36,24,20,23,254,0,58
2025-08-05 23:25:00+00:00,64,254,21,23,35,25,22,23,254,0,58
2025-08-06 00:25:00+00:00,64,254,21,23,34,25,23,23,254,0,58
2025-08-06 01:25:00+00:00,64,254,21,23,34,26,24,23,254,0,58
2025-08-06 02:25:00+00:00,65,254,22,23,34,26,26,24,254,0,58
2025-08-06 03:25:00+00:00,64,254,22,23,33,26,26,23,254,0,58
2025-08-06 04:25:00+00:00,64,254,22,23,33,26,26,23,254,0,58
2025-08-06 05:25:00+00:00,64,254,22,23,33,26,27,23,254,0,58
2025-08-06 06:25:00+00:00,63,254,22,23,33,26,27,23,254,0,58
2025-08-06 07:25:00+00:00,63,254,22,23,33,26,27,23,254,0,58
2025-08-06 08:25:00+00:00,62,254,22,22,33,25,27,23,254,0,103
2025-08-06 09:25:00+00:00,62,254,22,22,33,25,27,23,254,0,58
2025-08-06 10:25:00+00:00,61,254,22,22,33,25,28,23,254,0,58
2025-08-06 11:25:00+00:00,61,254,23,22,33,25,28,23,254,0,58
2025-08-06 12:25:00+00:00,61,254,23,22,34,25,28,23,254,0,58
2025-08-06 13:25:00+00:00,60,254,23,22,33,25,28,22,254,0,58
2025-08-06 14:25:00+00:00,60,254,23,22,34,25,28,22,254,0,58
2025-08-06 15:25:00+00:00,60,254,23,22,34,25,28,22,254,0,58
2025-08-06 16:25:00+00:00,60,254,23,22,34,25,29,23,254,0,58
2025-08-06 17:26:00+00:00,60,254,23,22,34,25,30,23,254,0,58
2025-08-06 18:26:00+00:00,61,254,24,23,34,26,31,24,254,0,58
2025-08-06 19:26:00+00:00,62,254,24,23,34,26,32,24,254,0,58
2025-08-06 20:26:00+00:00,62,254,25,24,35,27,34,25,254,0,58
2025-08-06 21:26:00+00:00,63,254,26,24,35,28,36,25,254,0,58
2025-08-06 22:26:00+00:00,64,254,27,25,36,28,37,26,254,0,58
2025-08-06 23:26:00+00:00,64,254,27,25,37,29,39,26,254,0,58
2025-08-07 00:26:00+00:00,64,254,28,26,37,30,40,27,254,0,58
2025-08-07 01:26:00+00:00,64,254,29,26,38,30,42,27,254,0,58
2025-08-07 02:26:00+00:00,64,254,30,26,39,31,43,27,254,0,58
2025-08-07 03:26:00+00:00,64,254,31,26,40,31,45,27,254,0,58
2025-08-07 04:26:00+00:00,64,254,32,26,41,31,46,27,254,0,58
2025-08-07 05:26:00+00:00,64,254,32,26,42,31,47,26,254,0,58
2025-08-07 06:26:00+00:00,64,254,33,26,43,31,48,26,254,0,58
2025-08-07 07:26:00+00:00,63,254,33,26,44,31,48,26,254,0,58
2025-08-07 08:26:00+00:00,63,254,34,26,44,31,49,26,254,0,103
2025-08-07 09:26:00+00:00,63,254,34,26,45,31,50,26,254,0,58
2025-08-07 10:26:00+00:00,62,254,34,25,45,30,49,26,254,0,58
2025-08-07 11:26:00+00:00,62,254,34,25,45,30,50,26,254,0,58
2025-08-07 12:26:00+00:00,62,254,34,25,46,30,50,26,254,0,58
2025-08-07 13:26:00+00:00,61,254,35,25,46,30,51,26,254,0,58
2025-08-07 14:26:00+00:00,61,254,35,26,47,30,51,26,254,0,58
2025-08-07 15:26:00+00:00,61,254,36,26,47,31,51,26,254,0,58
2025-08-07 16:26:00+00:00,61,254,34,26,47,26,27,4,254,8,58
2025-08-07 17:26:00+00:00,61,254,24,26,47,25,8,9,254,3,58
2025-08-07 18:26:00+00:00,62,254,20,25,45,25,8,12,254,4,58
2025-08-07 19:26:00+00:00,62,254,19,25,43,25,9,16,254,2,58
2025-08-07 20:26:00+00:00,63,254,19,25,42,26,11,19,254,3,58
2025-08-07 21:26:00+00:00,63,254,20,25,41,27,12,21,254,4,58
2025-08-07 22:26:00+00:00,64,254,20,25,40,28,14,21,254,7,58
2025-08-07 23:26:00+00:00,64,254,21,25,39,28,16,22,254,9,58
2025-08-08 00:26:00+00:00,64,254,21,25,38,29,18,22,254,7,58
2025-08-08 01:26:00+00:00,64,254,22,25,38,29,19,22,254,12,58
2025-08-08 02:26:00+00:00,64,254,22,25,38,30,21,22,254,1,58
2025-08-08 03:26:00+00:00,64,254,23,25,38,30,22,22,254,0,58
2025-08-08 04:26:00+00:00,64,254,23,25,38,29,22,22,254,0,58
2025-08-08 05:26:00+00:00,63,254,24,25,39,29,23,22,254,0,58
2025-08-08 06:26:00+00:00,63,254,24,25,39,29,23,22,254,0,58
2025-08-08 07:26:00+00:00,63,254,25,25,39,29,24,22,254,0,58
2025-08-08 08:26:00+00:00,62,254,24,24,39,28,24,22,254,0,103
2025-08-08 09:26:00+00:00,62,254,25,24,39,28,24,22,254,0,58
2025-08-08 10:26:00+00:00,61,254,25,24,39,28,25,22,254,0,58
2025-08-08 11:26:00+00:00,61,254,25,24,39,28,25,22,254,0,58
2025-08-08 12:26:00+00:00,61,254,26,24,40,28,25,22,254,0,58
2025-08-08 13:26:00+00:00,60,254,26,24,39,27,25,22,254,0,58
2025-08-08 14:26:00+00:00,60,254,26,24,39,27,26,22,254,0,58
2025-08-08 15:26:00+00:00,59,254,26,24,40,27,26,22,254,0,58
2025-08-08 16:26:00+00:00,59,254,27,24,40,28,27,22,254,0,58
2025-08-08 17:26:00+00:00,59,254,27,24,40,28,28,22,254,0,58
2025-08-08 18:26:00+00:00,60,254,28,25,40,29,29,23,254,0,58
2025-08-08 19:26:00+00:00,60,254,29,25,41,29,31,23,254,0,58
2025-08-08 20:26:00+00:00,61,254,30,26,42,30,32,24,254,0,58
2025-08-08 21:26:00+00:00,61,254,31,26,43,31,34,25,254,0,58
2025-08-08 22:26:00+00:00,62,254,32,27,43,32,35,25,254,0,58
2025-08-08 23:26:00+00:00,62,254,33,27,44,32,37,25,254,0,58
2025-08-09 00:26:00+00:00,62,254,34,27,45,33,38,25,254,0,58
2025-08-09 01:26:00+00:00,62,254,35,28,46,33,40,25,254,0,58
2025-08-09 02:26:00+00:00,62,254,36,28,47,34,41,25,254,0,58
2025-08-09 03:26:00+00:00,62,254,37,28,48,34,42,25,254,0,58
2025-08-09 04:26:00+00:00,62,254,38,28,49,34,43,25,254,0,58
2025-08-09 05:26:00+00:00,61,254,38,28,50,33,43,25,254,0,58
2025-08-09 06:26:00+00:00,61,254,39,28,51,33,44,25,254,0,58
2025-08-09 07:26:00+00:00,60,254,38,27,50,32,43,25,254,0,58
2025-08-09 08:26:00+00:00,60,254,39,27,51,32,43,25,254,0,103
2025-08-09 09:26:00+00:00,60,254,39,27,52,32,44,25,254,0,58
2025-08-09 10:26:00+00:00,59,254,39,27,52,32,44,25,254,0,58
2025-08-09 11:26:00+00:00,59,254,39,27,52,32,44,25,254,0,58
2025-08-09 12:26:00+00:00,59,254,40,27,53,32,44,25,254,0,58
2025-08-09 13:26:00+00:00,59,254,40,27,53,32,44,25,254,0,58
2025-08-09 14:26:00+00:00,58,254,40,27,53,31,44,25,254,0,58
2025-08-09 15:26:00+00:00,58,254,40,27,53,31,44,25,254,0,58
2025-08-09 16:26:00+00:00,58,254,40,27,53,32,45,25,254,0,58
2025-08-09 17:26:00+00:00,59,254,42,28,54,33,46,25,254,0,58
2025-08-09 18:26:00+00:00,62,254,43,28,55,34,47,19,254,3,58
2025-08-09 19:26:00+00:00,61,254,40,25,55,33,34,2,254,4,58
2025-08-09 20:26:00+00:00,61,254,35,24,54,32,22,6,254,9,58
2025-08-09 21:26:00+00:00,62,254,31,24,52,31,19,11,254,9,58
2025-08-09 22:26:00+00:00,62,254,28,24,51,31,18,15,254,11,58
2025-08-09 23:26:00+00:00,62,254,27,24,49,31,19,18,254,9,58
2025-08-10 00:26:00+00:00,63,254,27,24,48,32,20,20,254,7,58
2025-08-10 01:26:00+00:00,63,254,27,24,47,32,21,20,254,4,58
2025-08-10 02:26:00+00:00,62,254,26,24,45,32,21,21,254,3,58
2025-08-10 03:26:00+00:00,62,254,26,24,44,32,22,21,254,0,58
2025-08-10 04:26:00+00:00,62,254,26,24,44,31,22,21,254,0,58
2025-08-10 05:26:00+00:00,62,254,26,24,43,31,22,21,254,0,58
2025-08-10 06:26:00+00:00,62,254,26,24,42,31,22,21,254,0,58
2025-08-10 07:26:00+00:00,62,254,26,24,42,31,23,21,254,0,58
2025-08-10 08:26:00+00:00,61,254,26,24,41,30,23,21,254,0,103
2025-08-10 09:26:00+00:00,61,254,26,24,41,30,23,21,254,0,58
2025-08-10 10:26:00+00:00,60,254,25,24,40,30,23,21,254,0,58
2025-08-10 11:26:00+00:00,60,254,25,24,40,29,23,21,254,0,58
2025-08-10 12:26:00+00:00,60,254,25,24,39,29,23,21,254,0,58
2025-08-10 13:26:00+00:00,59,254,25,24,39,29,23,21,254,0,58
2025-08-10 14:26:00+00:00,59,254,25,24,39,29,24,21,254,0,58
2025-08-10 15:26:00+00:00,59,254,26,24,39,29,24,22,254,0,58
2025-08-10 16:26:00+00:00,59,254,26,24,39,29,24,22,254,0,58
2025-08-10 17:27:00+00:00,59,254,26,24,39,30,25,22,254,0,58
2025-08-10 18:27:00+00:00,60,254,26,24,38,30,26,22,254,0,58
2025-08-10 19:27:00+00:00,60,254,27,24,38,31,27,23,254,0,58
2025-08-10 20:27:00+00:00,61,254,28,25,39,32,29,24,254,0,58
2025-08-10 21:27:00+00:00,62,254,28,26,39,32,30,24,254,0,58
2025-08-10 22:27:00+00:00,63,254,29,27,40,34,32,25,254,0,58
2025-08-10 23:27:00+00:00,63,254,30,27,41,34,33,25,254,0,58
2025-08-11 00:27:00+00:00,63,254,30,27,42,35,35,26,254,0,58
2025-08-11 01:27:00+00:00,64,254,31,27,42,35,36,26,254,0,58
2025-08-11 02:27:00+00:00,64,254,31,27,43,35,37,26,254,0,58
2025-08-11 03:27:00+00:00,63,254,32,27,44,35,38,26,254,0,58
2025-08-11 04:27:00+00:00,63,254,32,27,44,35,38,26,254,0,58
2025-08-11 05:27:00+00:00,63,254,33,27,45,34,39,26,254,0,58
2025-08-11 06:27:00+00:00,63,254,33,27,45,34,39,26,254,0,58
2025-08-11 07:27:00+00:00,63,254,33,27,46,34,39,25,254,0,58
2025-08-11 08:27:00+00:00,63,254,33,27,46,34,39,25,254,0,103
2025-08-11 09:27:00+00:00,63,254,34,27,47,33,40,25,254,0,58
2025-08-11 10:27:00+00:00,62,254,33,27,46,33,39,25,254,0,58
2025-08-11 11:27:00+00:00,62,254,34,27,46,32,39,25,254,0,58
2025-08-11 12:27:00+00:00,62,254,34,27,46,32,39,25,254,0,58
2025-08-11 13:27:00+00:00,62,254,34,27,47,32,39,25,254,0,58
2025-08-11 14:27:00+00:00,61,254,34,27,47,32,39,25,254,0,58
2025-08-11 15:27:00+00:00,61,254,35,27,47,32,40,25,254,0,58
2025-08-11 16:27:00+00:00,61,254,35,27,47,32,40,25,254,0,58
2025-08-11 17:27:00+00:00,62,254,36,27,48,33,41,25,254,0,58
2025-08-11 18:27:00+00:00,62,254,36,27,48,34,42,26,254,0,58
2025-08-11 19:27:00+00:00,63,254,38,28,49,35,44,27,254,0,58
2025-08-11 20:27:00+00:00,64,254,39,29,49,36,45,27,254,0,58
2025-08-11 21:27:00+00:00,65,254,41,30,51,37,47,28,254,0,58
2025-08-11 22:27:00+00:00,65,254,42,31,52,38,49,29,254,0,58
2025-08-11 23:27:00+00:00,65,254,44,31,53,38,50,30,254,0,58
2025-08-12 00:27:00+00:00,66,254,45,32,54,39,52,30,254,0,58
2025-08-12 01:27:00+00:00,66,254,47,33,55,40,54,30,254,0,58
2025-08-12 02:27:00+00:00,66,254,48,33,56,40,56,30,254,0,58
2025-08-12 03:27:00+00:00,65,254,49,33,57,41,57,30,254,0,58
2025-08-12 04:27:00+00:00,65,254,50,33,57,41,58,30,254,0,58
2025-08-12 05:27:00+00:00,65,254,51,32,57,41,59,30,254,0,58
2025-08-12 06:27:00+00:00,64,254,50,32,57,40,59,29,254,0,58
2025-08-12 07:27:00+00:00,64,254,50,32,57,39,59,29,254,0,58
2025-08-12 08:27:00+00:00,63,254,50,31,58,39,60,29,254,0,103
2025-08-12 09:27:00+00:00,63,254,51,31,58,39,61,29,254,0,58
2025-08-12 10:27:00+00:00,62,254,50,31,58,38,60,28,254,0,58
2025-08-12 11:27:00+00:00,62,254,50,31,58,37,61,28,254,0,58
2025-08-12 12:27:00+00:00,61,254,51,31,59,37,61,28,254,0,58
2025-08-12 13:27:00+00:00,61,254,51,31,59,37,61,28,254,0,58
2025-08-12 14:27:00+00:00,60,254,50,30,58,36,60,28,254,0,58
2025-08-12 15:27:00+00:00,60,254,50,30,59,36,60,28,254,0,58
2025-08-12 16:27:00+00:00,61,254,52,31,60,37,62,29,254,0,58
2025-08-12 17:27:00+00:00,61,254,53,32,60,38,62,29,254,0,58
2025-08-12 18:27:00+00:00,62,254,54,32,60,40,63,30,254,0,58
2025-08-12 19:27:00+00:00,63,254,56,34,61,41,65,31,254,0,58
2025-08-12 20:27:00+00:00,64,254,57,35,61,42,66,32,254,0,58
2025-08-12 21:27:00+00:00,65,254,59,36,61,43,68,33,254,0,58
2025-08-12 22:27:00+00:00,65,254,60,37,61,44,68,34,254,0,58
2025-08-12 23:27:00+00:00,66,254,60,38,61,45,69,34,254,0,58
2025-08-13 00:27:00+00:00,67,254,60,39,61,46,60,29,254,6,58
2025-08-13 01:27:00+00:00,68,254,57,39,62,47,20,31,254,2,58
2025-08-13 02:27:00+00:00,67,254,52,38,60,46,16,32,254,4,58
2025-08-13 03:27:00+00:00,67,254,47,38,60,46,15,32,254,2,58
2025-08-13 04:27:00+00:00,67,254,43,37,60,45,15,31,254,1,58
2025-08-13 05:27:00+00:00,66,254,39,36,59,44,15,31,254,2,58
2025-08-13 06:27:00+00:00,66,254,36,36,59,44,16,30,254,1,58
2025-08-13 07:27:00+00:00,66,254,34,35,60,43,17,30,254,1,58
2025-08-13 08:27:00+00:00,65,254,33,35,60,43,17,30,254,2,103
2025-08-13 09:27:00+00:00,65,254,32,35,60,42,18,30,254,0,58
2025-08-13 10:27:00+00:00,64,254,31,34,59,41,18,29,254,1,58
2025-08-13 11:27:00+00:00,64,254,30,33,59,41,19,29,254,0,58
2025-08-13 12:27:00+00:00,64,254,30,33,59,40,19,29,254,2,58
2025-08-13 13:27:00+00:00,63,254,30,33,59,40,20,29,254,0,58
2025-08-13 14:27:00+00:00,63,254,29,33,59,40,20,29,254,0,58
2025-08-13 15:27:00+00:00,63,254,29,32,59,39,21,29,254,1,58
2025-08-13 16:27:00+00:00,63,254,29,32,59,39,21,29,254,0,58
2025-08-13 17:27:00+00:00,63,254,30,32,59,39,22,29,254,2,58
2025-08-13 18:27:00+00:00,64,254,30,33,58,40,24,29,254,3,58
2025-08-13 19:27:00+00:00,64,254,31,34,58,41,26,30,254,5,58
2025-08-13 20:27:00+00:00,65,254,32,35,59,42,28,31,254,6,58
2025-08-13 21:27:00+00:00,65,254,33,36,59,43,30,31,254,3,58
2025-08-13 22:27:00+00:00,66,254,35,37,59,45,32,31,254,1,58
2025-08-13 23:27:00+00:00,66,254,36,38,60,46,34,32,254,1,58
2025-08-14 00:27:00+00:00,66,254,37,38,60,46,35,32,254,0,58
2025-08-14 01:27:00+00:00,66,254,39,39,60,47,37,32,254,0,58
2025-08-14 02:27:00+00:00,66,254,40,39,60,48,38,31,254,0,58
2025-08-14 03:27:00+00:00,66,254,41,38,60,48,39,31,254,1,58
2025-08-14 04:27:00+00:00,65,254,42,38,60,48,40,31,254,0,58
2025-08-14 05:27:00+00:00,65,254,42,37,60,47,40,31,254,0,58
2025-08-14 06:27:00+00:00,65,254,43,37,60,47,41,31,254,0,58
2025-08-14 07:27:00+00:00,64,254,43,36,60,46,41,30,254,0,58
2025-08-14 08:27:00+00:00,64,254,43,36,60,45,41,30,254,0,103
2025-08-14 09:27:00+00:00,63,254,43,36,60,45,41,30,254,0,58
2025-08-14 10:27:00+00:00,63,254,43,35,61,45,41,30,254,0,58
2025-08-14 11:27:00+00:00,63,254,44,35,61,44,42,30,254,0,58
2025-08-14 12:27:00+00:00,62,254,43,35,60,43,41,29,254,0,58
2025-08-14 13:27:00+00:00,62,254,44,34,61,43,42,29,254,0,58
2025-08-14 14:27:00+00:00,62,254,44,34,61,43,42,29,254,0,58
2025-08-14 15:27:00+00:00,62,254,44,35,61,42,43,29,254,0,58
2025-08-14 16:27:00+00:00,62,254,45,35,61,43,43,30,254,0,58
2025-08-14 17:27:00+00:00,62,254,46,36,62,43,44,30,254,0,58
2025-08-14 18:27:00+00:00,63,254,48,37,63,45,46,31,254,0,58
2025-08-14 19:27:00+00:00,63,254,49,38,63,46,48,32,254,0,58
2025-08-14 20:27:00+00:00,64,254,51,39,62,47,49,33,254,0,58
2025-08-14 21:27:00+00:00,64,254,53,40,62,48,51,33,254,0,58
2025-08-14 22:27:00+00:00,64,254,56,41,62,49,53,34,254,0,58
2025-08-14 23:27:00+00:00,65,254,59,43,63,50,56,35,254,0,58
2025-08-15 00:27:00+00:00,65,254,61,44,63,51,58,36,254,0,58
2025-08-15 01:27:00+00:00,65,254,62,44,63,52,60,36,254,0,58
2025-08-15 02:27:00+00:00,64,254,62,44,62,51,60,31,254,0,58
2025-08-15 03:27:00+00:00,64,254,60,44,62,51,61,21,254,0,58
2025-08-15 04:27:00+00:00,64,254,54,43,62,51,62,23,254,1,58
2025-08-15 05:27:00+00:00,64,254,48,42,62,51,62,24,254,0,58
2025-08-15 06:27:00+00:00,64,254,42,41,63,50,62,25,254,0,58
2025-08-15 07:27:00+00:00,63,254,37,40,63,50,62,26,254,0,58
2025-08-15 08:27:00+00:00,63,254,34,39,64,49,62,26,254,0,103
2025-08-15 09:27:00+00:00,62,254,31,37,63,48,60,26,254,0,58
2025-08-15 10:27:00+00:00,62,254,30,37,63,48,60,26,254,0,58
2025-08-15 11:27:00+00:00,62,254,29,36,63,47,59,26,254,0,58
2025-08-15 12:27:00+00:00,61,254,28,35,64,47,58,26,254,0,58
2025-08-15 13:27:00+00:00,61,254,28,35,64,46,57,26,254,0,58
2025-08-15 14:27:00+00:00,61,254,28,34,63,46,56,26,254,0,58
2025-08-15 15:27:00+00:00,61,254,28,34,63,46,56,26,254,0,58
2025-08-15 16:27:00+00:00,61,254,28,34,63,45,55,26,254,0,58
2025-08-15 17:28:00+00:00,61,254,28,34,63,45,54,26,254,1,58
2025-08-15 18:28:00+00:00,62,254,28,34,62,45,54,26,254,4,58
2025-08-15 19:28:00+00:00,62,254,29,34,62,46,54,27,254,73,58
2025-08-15 20:28:00+00:00,63,254,30,35,62,47,55,28,254,0,58
2025-08-15 21:28:00+00:00,63,254,30,36,62,47,55,28,254,0,58
2025-08-15 22:28:00+00:00,64,254,31,36,61,48,56,29,254,0,58
2025-08-15 23:28:00+00:00,65,254,32,37,62,49,58,30,254,0,58
2025-08-16 00:28:00+00:00,65,254,33,37,61,50,59,30,254,0,58
2025-08-16 01:28:00+00:00,65,254,34,37,61,51,60,30,254,0,58
2025-08-16 02:28:00+00:00,65,254,34,37,61,51,60,30,254,0,58
2025-08-16 03:28:00+00:00,65,254,34,36,61,51,60,30,254,0,58
2025-08-16 04:28:00+00:00,65,254,35,36,61,51,60,30,254,0,58
2025-08-16 05:28:00+00:00,64,254,34,35,60,49,59,29,254,0,58
2025-08-16 06:28:00+00:00,64,254,35,35,60,49,59,29,254,0,58
2025-08-16 07:29:00+00:00,64,254,35,35,60,49,59,29,254,0,58
2025-08-16 08:29:00+00:00,63,254,35,35,60,48,59,29,254,0,103
2025-08-16 09:29:00+00:00,63,254,36,34,60,48,59,29,254,0,58
2025-08-16 10:29:00+00:00,63,254,36,34,60,47,58,29,254,0,58
2025-08-16 11:29:00+00:00,63,254,36,34,61,47,58,29,254,0,58
2025-08-16 12:29:00+00:00,62,254,36,34,60,46,57,28,254,0,58
2025-08-16 13:29:00+00:00,62,254,36,33,60,46,57,28,254,0,58
2025-08-16 14:29:00+00:00,61,254,36,33,60,45,57,28,254,0,58
2025-08-16 15:29:00+00:00,61,254,36,33,60,45,56,28,254,0,58
2025-08-16 16:29:00+00:00,61,254,36,33,60,45,57,28,254,0,58
2025-08-16 17:29:00+00:00,62,254,37,33,60,45,57,28,254,0,58
2025-08-16 18:29:00+00:00,62,254,37,34,60,45,57,29,254,0,58
2025-08-16 19:29:00+00:00,63,254,39,35,61,46,59,29,254,0,58
2025-08-16 20:29:00+00:00,63,254,39,35,60,47,60,30,254,0,58
2025-08-16 21:29:00+00:00,64,254,40,36,60,48,61,30,254,0,58
2025-08-16 22:29:00+00:00,64,254,42,37,60,49,62,31,254,0,58
2025-08-16 23:29:00+00:00,64,254,43,37,61,50,63,31,254,0,58
2025-08-17 00:29:00+00:00,64,254,44,38,61,51,64,32,254,0,58
2025-08-17 01:29:00+00:00,65,254,46,39,62,52,65,32,254,0,58
2025-08-17 02:29:00+00:00,64,254,47,38,62,52,65,32,254,0,58
2025-08-17 03:29:00+00:00,64,254,48,38,62,52,66,32,254,0,58
2025-08-17 04:29:00+00:00,64,254,48,38,62,52,66,32,254,6,58
2025-08-17 05:29:00+00:00,64,254,49,37,62,50,57,21,254,37,58
2025-08-17 06:29:00+00:00,64,254,47,37,63,48,27,22,254,12,58
2025-08-17 07:29:00+00:00,63,254,45,36,63,48,21,23,254,5,58
2025-08-17 08:29:00+00:00,63,254,44,35,63,47,19,24,254,3,103
2025-08-17 09:29:00+00:00,63,254,42,34,64,47,18,24,254,2,58
2025-08-17 10:29:00+00:00,63,254,41,33,64,46,18,24,254,1,58
2025-08-17 11:29:00+00:00,62,254,39,32,63,45,18,24,254,3,58
2025-08-17 12:29:00+00:00,62,254,38,31,63,45,18,24,254,1,58
2025-08-17 13:29:00+00:00,62,254,37,30,63,45,19,24,254,0,58
2025-08-17 14:29:00+00:00,62,254,36,30,63,45,19,24,254,1,58
2025-08-17 15:29:00+00:00,62,254,35,30,62,44,20,24,254,1,58
2025-08-17 16:29:00+00:00,62,254,34,29,62,44,20,24,254,1,58
2025-08-17 17:29:00+00:00,62,254,34,29,62,44,22,25,254,2,58
2025-08-17 18:29:00+00:00,63,254,34,30,63,45,23,25,254,2,58
2025-08-17 19:29:00+00:00,63,254,34,30,62,46,24,26,254,0,58
2025-08-17 20:29:00+00:00,63,254,34,30,62,46,26,26,254,0,58
2025-08-17 21:29:00+00:00,64,254,35,30,61,47,27,26,254,0,58
2025-08-17 22:29:00+00:00,64,254,35,30,61,47,28,27,254,0,58
2025-08-17 23:29:00+00:00,65,254,36,31,62,49,30,27,254,0,58
2025-08-18 00:29:00+00:00,65,254,36,31,61,49,31,27,254,0,58
2025-08-18 01:29:00+00:00,65,254,36,31,61,49,32,27,254,0,58
2025-08-18 02:29:00+00:00,65,254,36,30,61,49,32,27,254,0,58
2025-08-18 03:29:00+00:00,65,254,36,30,60,49,32,27,254,0,58
2025-08-18 04:29:00+00:00,65,254,36,30,60,49,33,27,254,0,58
2025-08-18 05:29:00+00:00,64,254,35,30,59,48,32,26,254,0,58
2025-08-18 06:29:00+00:00,64,254,35,29,59,48,32,26,254,0,58
2025-08-18 07:29:00+00:00,64,254,35,29,59,47,32,26,254,0,58
2025-08-18 08:29:00+00:00,63,254,35,29,60,47,33,26,254,0,103
2025-08-18 09:29:00+00:00,63,254,35,29,60,46,33,26,254,0,58
2025-08-18 10:29:00+00:00,62,254,35,28,59,45,32,26,254,0,58
2025-08-18 11:29:00+00:00,62,254,35,28,59,45,33,26,254,0,58
2025-08-18 12:29:00+00:00,62,254,35,28,59,45,33,26,254,0,58
2025-08-18 13:30:00+00:00,61,254,35,28,59,44,33,26,254,0,58
2025-08-18 14:30:00+00:00,61,254,35,28,60,44,33,26,254,0,58
2025-08-18 15:30:00+00:00,61,254,35,28,60,44,33,26,254,0,58
2025-08-18 16:30:00+00:00,61,254,35,28,60,44,34,26,254,0,58
2025-08-18 17:30:00+00:00,62,254,35,28,59,44,34,26,254,0,58
2025-08-18 18:30:00+00:00,62,254,36,28,59,44,35,27,254,0,58
2025-08-18 19:30:00+00:00,63,254,37,29,60,45,37,27,254,0,58
2025-08-18 20:30:00+00:00,64,254,37,29,60,46,38,28,254,0,58
2025-08-18 21:30:00+00:00,64,254,38,30,59,47,39,28,254,0,58
2025-08-18 22:30:00+00:00,65,254,39,30,60,49,41,29,254,0,58
2025-08-18 23:30:00+00:00,66,254,39,30,60,49,42,29,254,0,58
2025-08-19 00:30:00+00:00,67,254,40,31,61,51,43,29,254,0,58
2025-08-19 01:30:00+00:00,67,254,40,31,60,52,44,29,254,0,58
2025-08-19 02:30:00+00:00,67,254,40,31,60,52,45,29,254,0,58
2025-08-19 03:30:00+00:00,67,254,40,31,60,52,45,29,254,0,58
2025-08-19 04:30:00+00:00,67,254,40,31,61,52,46,29,254,0,58
2025-08-19 05:30:00+00:00,66,254,40,30,60,51,45,28,254,0,58
2025-08-19 06:30:00+00:00,66,254,40,30,60,50,46,28,254,0,58
2025-08-19 07:30:00+00:00,64,254,39,29,59,49,30,23,254,5,58
2025-08-19 08:30:00+00:00,64,254,38,29,59,48,6,22,254,2,103
2025-08-19 09:30:00+00:00,64,254,36,29,59,47,6,23,254,2,58
2025-08-19 10:30:00+00:00,64,254,34,28,60,46,7,23,254,1,58
2025-08-19 11:30:00+00:00,63,254,32,27,60,45,8,23,254,1,58
2025-08-19 12:30:00+00:00,63,254,31,27,60,44,10,24,254,1,58
2025-08-19 13:30:00+00:00,62,254,29,26,59,42,9,23,254,0,58
2025-08-19 14:30:00+00:00,62,254,28,25,59,41,10,23,254,1,58
2025-08-19 15:30:00+00:00,62,254,27,24,59,40,11,23,254,1,58
2025-08-19 16:30:00+00:00,62,254,26,24,59,39,11,23,254,1,58
2025-08-19 17:30:00+00:00,62,254,25,24,59,39,12,23,254,1,58
2025-08-19 18:30:00+00:00,63,254,26,24,59,39,14,24,254,2,58
2025-08-19 19:30:00+00:00,64,254,25,24,59,39,15,24,254,3,58
2026-04-20 15:48:00+00:00,254,254,254,254,254,254,254,254,254,0,64
2026-04-22 19:20:00+00:00,254,254,5,6,5,8,6,5,254,0,64
2026-04-22 20:20:00+00:00,254,254,9,11,5,8,6,4,254,0,64
2026-04-22 21:20:00+00:00,254,254,9,7,5,8,6,4,254,0,64
2026-04-22 22:20:00+00:00,254,254,10,8,5,8,7,3,254,0,64
2026-04-22 23:20:00+00:00,254,254,9,12,6,8,6,3,254,0,64
2026-04-23 00:20:00+00:00,254,254,8,14,6,8,6,9,254,0,64
2026-04-23 01:20:00+00:00,254,254,11,14,9,8,6,7,254,0,64
2026-04-23 02:20:00+00:00,254,254,11,16,11,9,7,4,254,0,64
2026-04-23 03:20:00+00:00,254,254,12,18,12,9,7,5,254,0,64
2026-04-23 04:20:00+00:00,254,254,13,20,13,10,7,6,254,0,64
2026-04-23 05:20:00+00:00,254,254,14,23,14,10,8,6,254,0,64
2026-04-23 06:20:00+00:00,254,254,15,25,15,10,8,7,254,0,64
2026-04-23 07:20:00+00:00,254,254,16,28,15,10,9,8,254,0,64
2026-04-23 08:20:00+00:00,254,254,17,32,16,11,9,9,254,0,103
2026-04-23 09:20:00+00:00,254,254,18,36,17,11,9,10,254,0,64
2026-04-23 10:20:00+00:00,254,254,19,40,18,11,9,11,254,0,64
2026-04-23 11:20:00+00:00,254,254,20,44,18,11,9,11,254,0,64
2026-04-23 12:20:00+00:00,254,254,21,50,19,11,10,11,254,0,64
2026-04-23 13:20:00+00:00,254,254,22,56,20,11,10,12,254,0,64
2026-04-23 14:20:00+00:00,254,254,23,60,21,11,10,12,254,0,64
2026-04-23 15:29:00+00:00,254,254,24,65,22,11,10,12,254,0,64
2026-04-23 16:29:00+00:00,254,254,24,69,22,11,9,13,254,0,64
2026-04-23 17:29:00+00:00,254,254,254,254,254,254,254,254,254,0,64
2026-04-23 18:29:00+00:00,254,254,254,254,254,254,254,254,254,0,64
2026-04-23 19:29:00+00:00,254,254,254,254,254,254,254,254,254,0,64
2026-04-23 20:29:00+00:00,254,254,254,254,254,254,254,254,254,0,64
2026-04-23 21:29:00+00:00,254,254,254,254,254,254,254,254,254,0,64
2026-04-23 22:29:00+00:00,254,254,254,254,254,254,254,254,254,0,64
2026-04-23 23:29:00+00:00,254,254,254,254,254,254,254,254,254,0,64
2026-04-24 00:29:00+00:00,254,254,254,254,254,254,254,254,254,0,64
2026-04-24 01:29:00+00:00,254,254,254,254,254,254,254,254,254,0,64
2026-04-24 02:29:00+00:00,254,254,254,254,254,254,254,254,254,0,64
2026-04-24 03:29:00+00:00,254,254,254,254,254,254,254,254,254,0,64
2026-04-24 04:29:00+00:00,254,254,254,254,254,254,254,254,254,0,64
2026-04-24 05:29:00+00:00,254,254,254,254,254,254,254,254,254,0,64
2026-04-24 06:29:00+00:00,254,254,254,254,254,254,254,254,254,0,64
2026-04-24 07:29:00+00:00,254,254,254,254,254,254,254,254,254,0,64
2026-04-24 08:29:00+00:00,254,254,254,254,254,254,254,254,254,0,103
2026-04-24 09:29:00+00:00,254,254,254,254,254,254,254,254,254,0,64
2026-04-24 10:29:00+00:00,254,254,254,254,254,254,254,254,254,0,64
2026-04-24 11:29:00+00:00,254,254,254,254,254,254,254,254,254,0,64
2026-04-24 12:29:00+00:00,254,254,254,254,254,254,254,254,254,0,64
2026-04-24 13:29:00+00:00,254,254,254,254,254,254,254,254,254,0,64
2026-04-24 14:29:00+00:00,254,254,254,254,254,254,254,254,254,0,64
2026-04-24 15:29:00+00:00,254,254,254,254,254,254,254,254,254,0,64
2026-04-24 16:29:00+00:00,254,254,254,254,254,254,254,254,254,0,64
2026-04-24 17:29:00+00:00,254,254,254,254,254,254,254,254,254,0,64
2026-04-24 18:29:00+00:00,254,254,254,254,254,254,254,254,254,0,64
2026-04-24 19:29:00+00:00,254,254,254,254,254,254,254,254,254,0,64
2026-04-24 20:29:00+00:00,254,254,254,254,254,254,254,254,254,0,64
2026-04-24 21:29:00+00:00,254,254,254,254,254,254,254,254,254,0,64
2026-04-24 22:29:00+00:00,254,254,254,254,254,254,254,254,254,0,64
2026-04-24 23:29:00+00:00,254,254,254,254,254,254,254,254,254,0,64
2026-04-25 00:29:00+00:00,254,254,254,254,254,254,254,254,254,0,64
2026-04-25 01:29:00+00:00,254,254,254,254,254,254,254,254,254,0,64
2026-04-25 02:29:00+00:00,254,254,254,254,254,254,254,254,254,0,64
2026-04-25 03:29:00+00:00,254,254,254,254,254,254,254,254,254,0,64
2026-04-25 04:29:00+00:00,254,254,254,254,254,254,254,254,254,0,64
2026-04-25 05:29:00+00:00,254,254,254,254,254,254,254,254,254,0,64
2026-04-25 06:29:00+00:00,254,254,254,254,254,254,254,254,254,0,64
2026-04-25 07:29:00+00:00,254,254,254,254,254,254,254,254,254,0,64
2026-04-25 08:29:00+00:00,254,254,254,254,254,254,254,254,254,0,103
2026-04-25 09:29:00+00:00,254,254,254,254,254,254,254,254,254,0,64
2026-04-25 10:29:00+00:00,254,254,254,254,254,254,254,254,254,0,64
2026-04-25 11:29:00+00:00,254,254,254,254,254,254,254,254,254,0,64
2026-04-25 12:29:00+00:00,254,254,254,254,254,254,254,254,254,0,64
2026-04-25 13:29:00+00:00,254,254,254,254,254,254,254,254,254,0,64
2026-04-25 14:29:00+00:00,254,254,254,254,254,254,254,254,254,0,64
2026-04-25 15:29:00+00:00,254,254,254,254,254,254,254,254,254,0,64
2026-04-25 16:29:00+00:00,254,254,254,254,254,254,254,254,254,0,64
2026-04-25 17:29:00+00:00,254,254,254,254,254,254,254,254,254,0,64
2026-04-25 18:29:00+00:00,254,254,254,254,254,254,254,254,254,0,64
2026-04-25 19:29:00+00:00,254,254,254,254,254,254,254,254,254,0,64
2026-04-25 20:29:00+00:00,254,254,254,254,254,254,254,254,254,0,64
2026-04-25 21:29:00+00:00,254,254,254,254,254,254,254,254,254,0,64
2026-04-25 22:29:00+00:00,254,254,254,254,254,254,254,254,254,0,64
2026-04-25 23:29:00+00:00,254,254,254,254,254,254,254,254,254,0,64
2026-04-26 00:29:00+00:00,254,254,254,254,254,254,254,254,254,0,64
2026-04-26 01:29:00+00:00,254,254,254,254,254,254,254,254,254,0,64
2026-04-26 02:29:00+00:00,254,254,254,254,254,254,254,254,254,0,64
2026-04-26 03:29:00+00:00,254,254,254,254,254,254,254,254,254,0,64
2026-04-26 04:29:00+00:00,254,254,254,254,254,254,254,254,254,0,64
2026-04-26 05:29:00+00:00,254,254,254,254,254,254,254,254,254,0,64
2026-04-26 06:29:00+00:00,254,254,254,254,254,254,254,254,254,0,64
2026-04-26 07:29:00+00:00,254,254,254,254,254,254,254,254,254,0,64
2026-04-26 08:29:00+00:00,254,254,254,254,254,254,254,254,254,0,103
2026-04-26 09:29:00+00:00,254,254,254,254,254,254,254,254,254,0,64
2026-04-26 10:29:00+00:00,254,254,254,254,254,254,254,254,254,0,64
2026-04-26 11:29:00+00:00,254,254,254,254,254,254,254,254,254,0,64
2026-04-26 12:29:00+00:00,254,254,254,254,254,254,254,254,254,0,64
2026-04-26 13:29:00+00:00,254,254,254,254,254,254,254,254,254,0,64
2026-04-26 14:29:00+00:00,254,254,254,254,254,254,254,254,254,0,64
2026-04-26 15:29:00+00:00,254,254,254,254,254,254,254,254,254,0,64
2026-04-26 16:29:00+00:00,254,254,254,254,254,254,254,254,254,0,64
2026-04-26 17:29:00+00:00,254,254,254,254,254,254,254,254,254,0,64
2026-04-26 18:29:00+00:00,254,254,254,254,254,254,254,254,254,0,64
2026-04-26 19:29:00+00:00,254,254,254,254,254,254,254,254,254,0,64
2026-04-26 20:29:00+00:00,254,254,254,254,254,254,254,254,254,0,64
2026-04-26 21:29:00+00:00,254,254,254,254,254,254,254,254,254,0,64
2026-04-26 22:29:00+00:00,254,254,254,254,254,254,254,254,254,0,64
2026-04-26 23:29:00+00:00,254,254,254,254,254,254,254,254,254,0,64
2026-04-27 00:29:00+00:00,254,254,254,254,254,254,254,254,254,0,64
2026-04-27 01:29:00+00:00,254,254,254,254,254,254,254,254,254,0,64
2026-04-27 02:29:00+00:00,254,254,254,254,254,254,254,254,254,0,64
2026-04-27 03:29:00+00:00,254,254,254,254,254,254,254,254,254,0,64
2026-04-27 04:29:00+00:00,254,254,254,254,254,254,254,254,254,0,64
2026-04-27 05:29:00+00:00,254,254,254,254,254,254,254,254,254,0,64
2026-04-27 06:29:00+00:00,254,254,254,254,254,254,254,254,254,0,64
2026-04-27 07:29:00+00:00,254,254,254,254,254,254,254,254,254,0,64
2026-04-27 08:29:00+00:00,254,254,254,254,254,254,254,254,254,0,103
2026-04-27 09:29:00+00:00,254,254,254,254,254,254,254,254,254,0,64
2026-04-27 10:29:00+00:00,254,254,254,254,254,254,254,254,254,0,64
2026-04-27 11:29:00+00:00,254,254,254,254,254,254,254,254,254,0,64
2026-04-27 12:29:00+00:00,254,254,254,254,254,254,254,254,254,0,64
2026-04-27 13:29:00+00:00,254,254,254,254,254,254,254,254,254,0,64
2026-04-27 14:29:00+00:00,254,254,254,254,254,254,254,254,254,0,64
2026-04-27 15:29:00+00:00,254,254,254,254,254,254,254,254,254,0,64
2026-04-27 16:29:00+00:00,254,254,254,254,254,254,254,254,254,0,64
2026-04-27 17:29:00+00:00,254,254,254,254,254,254,254,254,254,0,64
2026-04-27 18:29:00+00:00,254,254,254,254,254,254,254,254,254,0,64
2026-04-27 19:29:00+00:00,254,254,254,254,254,254,254,254,254,0,64
2026-04-27 20:29:00+00:00,254,254,254,254,254,254,254,254,254,0,64
2026-04-27 21:29:00+00:00,254,254,254,254,254,254,254,254,254,0,64
2026-04-27 22:29:00+00:00,254,254,254,254,254,254,254,254,254,0,63
2026-04-27 23:29:00+00:00,254,254,254,254,254,254,254,254,254,0,63
2026-04-28 00:29:00+00:00,254,254,254,254,254,254,254,254,254,0,63
2026-04-28 01:29:00+00:00,254,254,254,254,254,254,254,254,254,0,63
2026-04-28 02:29:00+00:00,254,254,254,254,254,254,254,254,254,0,63
2026-04-28 03:29:00+00:00,254,254,254,254,254,254,254,254,254,0,64
2026-04-28 04:29:00+00:00,254,254,254,254,254,254,254,254,254,0,64
2026-04-28 05:29:00+00:00,254,254,254,254,254,254,254,254,254,0,64
2026-04-28 06:29:00+00:00,254,254,254,254,254,254,254,254,254,0,64
2026-04-28 07:29:00+00:00,254,254,254,254,254,254,254,254,254,0,64
2026-04-28 08:29:00+00:00,254,254,254,254,254,254,254,254,254,0,103
2026-04-28 09:29:00+00:00,254,254,254,254,254,254,254,254,254,0,64
2026-04-28 10:29:00+00:00,254,254,254,254,254,254,254,254,254,0,64
2026-04-28 11:29:00+00:00,254,254,254,254,254,254,254,254,254,0,64
2026-04-28 12:29:00+00:00,254,254,254,254,254,254,254,254,254,0,64
2026-04-28 13:29:00+00:00,254,254,254,254,254,254,254,254,254,0,64
2026-04-28 14:29:00+00:00,254,254,254,254,254,254,254,254,254,0,64
2026-04-28 15:29:00+00:00,254,254,254,254,254,254,254,254,254,0,63
2026-04-28 16:29:00+00:00,254,254,254,254,254,254,254,254,254,0,64
2026-04-28 17:29:00+00:00,254,254,254,254,254,254,254,254,254,0,63
2026-04-28 18:29:00+00:00,254,254,254,254,254,254,254,254,254,0,63
2026-04-28 19:29:00+00:00,254,254,254,254,254,254,254,254,254,0,63
2026-04-28 20:29:00+00:00,254,254,254,254,254,254,254,254,254,0,63
2026-04-28 21:29:00+00:00,254,254,254,254,254,254,254,254,254,0,63
2026-04-28 22:29:00+00:00,254,254,254,254,254,254,254,254,254,0,63
2026-04-28 23:29:00+00:00,254,254,254,254,254,254,254,254,254,0,63
2026-04-29 00:29:00+00:00,254,254,254,254,254,254,254,254,254,0,63
2026-04-29 01:29:00+00:00,254,254,254,254,254,254,254,254,254,0,63
2026-04-29 02:29:00+00:00,254,254,254,254,254,254,254,254,254,0,63
2026-04-29 03:29:00+00:00,254,254,254,254,254,254,254,254,254,0,63
2026-04-29 04:29:00+00:00,254,254,254,254,254,254,254,254,254,0,63
2026-04-29 05:29:00+00:00,254,254,254,254,254,254,254,254,254,0,63
2026-04-29 06:29:00+00:00,254,254,254,254,254,254,254,254,254,0,63
2026-04-29 07:29:00+00:00,254,254,254,254,254,254,254,254,254,0,63
2026-04-29 08:29:00+00:00,254,254,254,254,254,254,254,254,254,0,103
2026-04-29 09:29:00+00:00,254,254,254,254,254,254,254,254,254,0,63
2026-04-29 10:29:00+00:00,254,254,254,254,254,254,254,254,254,0,63
2026-04-29 11:29:00+00:00,254,254,254,254,254,254,254,254,254,0,63
2026-04-29 12:29:00+00:00,254,254,254,254,254,254,254,254,254,0,63
2026-04-29 13:29:00+00:00,254,254,254,254,254,254,254,254,254,0,63
2026-04-29 14:29:00+00:00,254,254,254,254,254,254,254,254,254,0,63
2026-04-29 15:29:00+00:00,254,254,254,254,254,254,254,254,254,0,63
2026-04-29 16:29:00+00:00,254,254,254,254,254,254,254,254,254,0,63
2026-04-29 17:29:00+00:00,254,254,254,254,254,254,254,254,254,0,63
2026-04-29 18:29:00+00:00,254,254,254,254,254,254,254,254,254,0,63
2026-04-29 19:29:00+00:00,254,254,254,254,254,254,254,254,254,0,63
2026-04-29 20:29:00+00:00,254,254,254,254,254,254,254,254,254,0,63
2026-04-29 21:29:00+00:00,254,254,254,254,254,254,254,254,254,0,63
2026-04-29 22:29:00+00:00,254,254,254,254,254,254,254,254,254,0,63
2026-04-29 23:29:00+00:00,254,254,254,254,254,254,254,254,254,0,63
2026-04-30 00:29:00+00:00,254,254,254,254,254,254,254,254,254,0,63
2026-04-30 01:29:00+00:00,254,254,254,254,254,254,254,254,254,0,63
2026-04-30 02:29:00+00:00,254,254,254,254,254,254,254,254,254,0,63
2026-04-30 03:29:00+00:00,254,254,254,254,254,254,254,254,254,0,63
2026-04-30 04:29:00+00:00,254,254,254,254,254,254,254,254,254,0,63
2026-04-30 05:29:00+00:00,254,254,254,254,254,254,254,254,254,0,63
2026-04-30 06:29:00+00:00,254,254,254,254,254,254,254,254,254,0,63
2026-04-30 07:29:00+00:00,254,254,254,254,254,254,254,254,254,0,63
2026-04-30 08:29:00+00:00,254,254,254,254,254,254,254,254,254,0,103
2026-04-30 09:29:00+00:00,254,254,254,254,254,254,254,254,254,0,63
2026-04-30 10:29:00+00:00,254,254,254,254,254,254,254,254,254,0,63
2026-04-30 11:29:00+00:00,254,254,254,254,254,254,254,254,254,0,63
2026-04-30 12:29:00+00:00,254,254,254,254,254,254,254,254,254,0,63
2026-04-30 13:29:00+00:00,254,254,254,254,254,254,254,254,254,0,63
2026-04-30 14:29:00+00:00,254,254,254,254,254,254,254,254,254,0,63
2026-04-30 15:29:00+00:00,254,254,254,254,254,254,254,254,254,0,63
2026-04-30 16:29:00+00:00,254,254,254,254,254,254,254,254,254,0,63
2026-04-30 17:29:00+00:00,254,254,254,254,254,254,254,254,254,0,63
2026-04-30 18:29:00+00:00,254,254,254,254,254,254,254,254,254,0,63
2026-04-30 19:36:00+00:00,254,254,254,254,254,254,254,254,254,0,63
2026-05-01 21:01:00+00:00,95,254,0,0,0,0,0,0,254,0,63
2026-05-01 22:03:00+00:00,65,254,1,0,0,3,0,3,254,11,63
2026-05-01 23:03:00+00:00,66,254,4,0,0,6,0,4,254,0,63
2026-05-02 00:03:00+00:00,66,254,10,0,5,9,0,4,254,0,63
2026-05-02 01:03:00+00:00,67,254,10,0,8,10,1,5,254,0,63
2026-05-02 02:03:00+00:00,67,254,11,0,10,11,3,6,254,0,63
2026-05-02 03:03:00+00:00,66,254,11,1,10,11,4,7,254,0,63
2026-05-02 04:03:00+00:00,66,254,11,3,10,11,5,8,254,0,63
2026-05-02 05:03:00+00:00,65,254,11,4,10,11,7,9,254,0,63
2026-05-02 06:03:00+00:00,64,254,11,5,10,11,8,9,254,0,63
2026-05-02 07:03:00+00:00,63,254,11,6,10,11,9,10,254,0,63
2026-05-02 08:03:00+00:00,62,254,11,6,10,11,9,10,254,0,103
2026-05-02 09:03:00+00:00,61,254,11,7,11,11,10,10,254,0,63
2026-05-02 10:03:00+00:00,60,254,11,7,11,11,10,10,254,56,63
2026-05-02 11:03:00+00:00,57,254,11,1,9,11,3,9,254,7,63
2026-05-02 12:03:00+00:00,57,254,11,1,7,11,0,9,254,0,63
2026-05-02 13:03:00+00:00,57,254,11,3,5,10,0,9,254,0,63
2026-05-02 14:03:00+00:00,56,254,10,3,5,10,0,9,254,0,63
2026-05-02 15:03:00+00:00,56,254,10,3,4,10,0,9,254,0,63
2026-05-02 16:03:00+00:00,56,254,10,5,4,10,0,9,254,0,63
2026-05-02 17:03:00+00:00,56,254,10,2,4,10,0,9,254,0,63
2026-05-02 18:03:00+00:00,57,254,11,5,4,10,0,8,254,0,63
2026-05-02 19:03:00+00:00,58,254,11,9,5,10,0,7,254,0,63
2026-05-02 20:03:00+00:00,60,254,10,6,5,10,0,7,254,0,63
2026-05-02 21:03:00+00:00,61,254,10,4,5,10,0,8,254,0,63
2026-05-02 22:03:00+00:00,63,254,10,9,6,10,0,8,254,0,63
2026-05-02 23:03:00+00:00,64,254,10,10,6,10,7,8,254,0,63
2026-05-03 00:03:00+00:00,64,254,10,11,6,10,7,7,254,0,63
2026-05-03 01:03:00+00:00,64,254,10,11,6,10,7,8,254,0,63
2026-05-03 02:03:00+00:00,64,254,10,9,7,10,3,8,254,0,63
2026-05-03 03:03:00+00:00,64,254,10,10,7,10,0,9,254,0,63
2026-05-03 04:03:00+00:00,63,254,10,3,7,10,2,7,254,0,63
2026-05-03 05:03:00+00:00,62,254,10,3,8,10,3,7,254,0,63
2026-05-03 06:03:00+00:00,62,254,10,4,8,10,0,7,254,0,63
2026-05-03 07:03:00+00:00,61,254,10,4,9,10,0,7,254,0,63
2026-05-03 08:03:00+00:00,60,254,10,4,9,10,1,7,254,0,103
2026-05-03 09:03:00+00:00,59,254,10,4,9,10,1,7,254,0,63
2026-05-03 10:03:00+00:00,59,254,10,5,9,10,1,7,254,0,63
2026-05-03 11:03:00+00:00,58,254,10,5,9,10,2,7,254,0,63
2026-05-03 12:03:00+00:00,57,254,10,5,9,10,2,7,254,0,63
2026-05-03 13:03:00+00:00,56,254,10,5,9,10,2,7,254,0,63
2026-05-03 14:03:00+00:00,56,254,10,6,9,10,3,8,254,0,63
2026-05-03 15:03:00+00:00,56,254,10,7,9,10,3,9,254,0,63
2026-05-03 16:03:00+00:00,56,254,10,9,9,10,3,9,254,0,63
2026-05-03 17:03:00+00:00,56,254,10,9,9,10,4,9,254,0,63
2026-05-03 18:03:00+00:00,57,254,10,9,9,10,4,9,254,0,63
2026-05-03 19:03:00+00:00,58,254,10,9,9,10,4,9,254,0,63
2026-05-03 20:03:00+00:00,60,254,10,10,9,10,4,9,254,0,63
2026-05-03 21:03:00+00:00,62,254,11,10,9,11,4,9,254,0,63
2026-05-03 22:03:00+00:00,63,254,11,6,9,11,4,9,254,0,63
2026-05-03 23:03:00+00:00,64,254,11,6,9,11,4,9,254,0,63
2026-05-04 00:03:00+00:00,65,254,11,6,9,11,4,10,254,0,63
2026-05-04 01:03:00+00:00,66,254,11,6,9,11,4,10,254,0,63
2026-05-04 02:03:00+00:00,66,254,11,6,9,11,4,10,254,0,63
2026-05-04 03:03:00+00:00,66,254,11,5,9,11,4,9,254,0,63
2026-05-04 04:03:00+00:00,65,254,11,6,10,11,4,9,254,0,63
2026-05-04 05:03:00+00:00,65,254,11,6,10,11,4,9,254,0,63
2026-05-04 06:03:00+00:00,64,254,10,6,10,10,4,9,254,0,63
2026-05-04 07:03:00+00:00,63,254,10,7,10,10,4,9,254,0,63
2026-05-04 08:03:00+00:00,62,254,10,6,10,10,5,9,254,0,103
2026-05-04 09:03:00+00:00,62,254,10,7,10,10,5,9,254,0,63
2026-05-04 10:03:00+00:00,61,254,10,7,10,10,6,9,254,0,63
2026-05-04 11:03:00+00:00,60,254,10,7,10,10,6,9,254,0,63
2026-05-04 12:03:00+00:00,60,254,10,7,10,10,6,9,254,0,63
2026-05-04 13:03:00+00:00,59,254,10,8,10,10,6,9,254,0,63
2026-05-04 14:03:00+00:00,58,254,10,8,10,10,7,9,254,0,63
2026-05-04 15:03:00+00:00,58,254,10,8,10,10,7,9,254,0,63
2026-05-04 16:03:00+00:00,58,254,10,8,10,10,7,9,254,0,63
2026-05-04 17:03:00+00:00,59,254,10,8,10,10,8,9,254,0,63
2026-05-04 18:03:00+00:00,60,254,10,9,10,10,8,9,254,0,63
2026-05-04 19:03:00+00:00,61,254,11,9,10,11,8,9,254,0,63
2026-05-04 20:03:00+00:00,63,254,11,9,10,11,8,10,254,0,63
2026-05-04 21:03:00+00:00,65,254,11,8,10,11,8,10,254,0,63
2026-05-04 22:04:00+00:00,66,254,11,8,10,11,9,10,254,0,63
2026-05-04 23:04:00+00:00,68,254,11,8,10,11,9,10,254,0,63
2026-05-05 00:04:00+00:00,69,254,11,8,11,11,9,10,254,0,63
2026-05-05 01:04:00+00:00,69,254,11,8,10,11,8,10,254,0,63
2026-05-05 02:04:00+00:00,69,254,11,8,10,11,8,10,254,0,63
2026-05-05 03:04:00+00:00,69,254,11,8,10,11,8,10,254,0,63
2026-05-05 04:04:00+00:00,68,254,11,8,10,11,8,10,254,0,63
2026-05-05 05:04:00+00:00,67,254,11,8,10,11,8,10,254,0,63
2026-05-05 06:04:00+00:00,67,254,11,8,10,11,8,10,254,0,63
2026-05-05 07:04:00+00:00,66,254,10,8,10,11,8,10,254,0,63
2026-05-05 08:04:00+00:00,65,254,10,9,10,11,9,10,254,0,103
2026-05-05 09:04:00+00:00,65,254,10,9,10,11,9,10,254,0,63
2026-05-05 10:04:00+00:00,64,254,10,9,10,10,9,9,254,0,63
2026-05-05 11:04:00+00:00,64,254,10,9,10,10,9,9,254,0,63
2026-05-05 12:04:00+00:00,63,254,10,9,10,10,9,9,254,0,63
2026-05-05 13:04:00+00:00,62,254,10,9,10,10,9,9,254,0,63
2026-05-05 14:04:00+00:00,62,254,10,9,10,10,9,9,254,0,63
2026-05-05 15:04:00+00:00,61,254,10,11,10,10,9,9,254,0,63
2026-05-05 16:04:00+00:00,61,254,10,10,10,10,10,9,254,0,63
2026-05-05 17:04:00+00:00,62,254,10,9,10,10,10,9,254,0,63
2026-05-05 18:04:00+00:00,63,254,11,10,10,11,10,10,254,0,63
2026-05-05 19:04:00+00:00,64,254,11,10,10,11,10,10,254,0,63
2026-05-05 20:04:00+00:00,66,254,11,10,10,11,10,10,254,0,63
2026-05-05 21:04:00+00:00,67,254,11,13,11,11,10,10,254,0,63
2026-05-05 22:04:00+00:00,69,254,11,11,11,11,10,10,254,0,63
2026-05-05 23:04:00+00:00,70,254,11,12,11,11,11,10,254,0,63
2026-05-06 00:04:00+00:00,71,254,11,10,11,11,11,10,254,0,63
2026-05-06 01:04:00+00:00,71,254,11,10,11,11,10,10,254,0,63
2026-05-06 02:04:00+00:00,71,254,11,10,11,11,10,10,254,0,63
2026-05-06 03:04:00+00:00,70,254,11,10,11,11,10,10,254,0,63
2026-05-06 04:04:00+00:00,70,254,11,10,11,11,10,10,254,0,63
2026-05-06 05:04:00+00:00,69,254,11,10,11,11,10,10,254,0,63
2026-05-06 06:04:00+00:00,68,254,11,13,11,11,10,10,254,0,63
2026-05-06 07:04:00+00:00,67,254,11,11,11,11,10,10,254,0,63
2026-05-06 08:05:00+00:00,66,254,10,12,11,11,10,10,254,0,103
2026-05-06 09:05:00+00:00,66,254,10,11,11,11,10,10,254,0,63
2026-05-06 10:05:00+00:00,65,254,10,13,11,11,10,10,254,0,63
2026-05-06 11:05:00+00:00,64,254,10,11,11,10,10,10,254,0,63
2026-05-06 12:05:00+00:00,63,254,10,10,11,11,10,10,254,0,63
2026-05-06 13:05:00+00:00,62,254,10,10,11,10,10,10,254,0,63
2026-05-06 14:05:00+00:00,61,254,10,10,11,10,10,10,254,0,63
2026-05-06 15:05:00+00:00,61,254,10,10,11,10,10,10,254,0,63
2026-05-06 16:05:00+00:00,61,254,10,10,11,10,10,10,254,0,63
2026-05-06 17:05:00+00:00,61,254,10,10,11,10,10,10,254,0,63
2026-05-06 18:05:00+00:00,62,254,10,10,11,11,10,10,254,0,63
2026-05-06 19:05:00+00:00,63,254,11,10,11,11,11,10,254,0,63
2026-05-06 20:05:00+00:00,64,254,11,10,11,11,11,10,254,0,63
2026-05-06 21:05:00+00:00,66,254,11,10,11,11,11,10,254,0,63
2026-05-06 22:05:00+00:00,68,254,11,11,11,11,11,11,254,0,63
2026-05-06 23:05:00+00:00,70,254,11,11,11,12,11,11,254,0,63
2026-05-07 00:05:00+00:00,71,254,11,11,11,11,11,11,254,0,63
2026-05-07 01:05:00+00:00,71,254,11,11,11,11,11,11,254,0,63
2026-05-07 02:05:00+00:00,71,254,11,10,11,11,11,11,254,0,63
2026-05-07 03:05:00+00:00,71,254,11,10,11,11,11,11,254,0,63
2026-05-07 04:05:00+00:00,70,254,11,10,11,11,11,11,254,0,63
2026-05-07 05:05:00+00:00,70,254,11,10,11,11,11,11,254,0,63
2026-05-07 06:05:00+00:00,69,254,11,10,11,11,11,10,254,0,63
2026-05-07 07:05:00+00:00,68,254,11,10,11,11,11,10,254,0,63
2026-05-07 08:05:00+00:00,68,254,11,10,11,11,11,10,254,12,103
2026-05-07 09:05:00+00:00,66,254,11,9,11,11,10,10,254,52,63
2026-05-07 10:06:00+00:00,65,254,11,7,10,11,7,10,254,0,63
2026-05-07 11:06:00+00:00,64,254,10,6,10,11,5,10,254,0,63
2026-05-07 12:06:00+00:00,64,254,10,5,10,10,2,10,254,0,63
2026-05-07 13:06:00+00:00,63,254,10,5,9,10,1,10,254,0,63
2026-05-07 14:06:00+00:00,62,254,10,5,9,10,1,10,254,0,63
2026-05-07 15:06:00+00:00,62,254,10,5,8,10,1,10,254,0,63
2026-05-07 16:06:00+00:00,62,254,10,5,8,10,2,10,254,0,63
2026-05-07 17:06:00+00:00,62,254,10,5,8,10,2,10,254,0,63
2026-05-07 18:06:00+00:00,63,254,10,5,8,10,2,10,254,0,63
2026-05-07 19:06:00+00:00,64,254,10,6,8,10,2,10,254,0,63
2026-05-07 20:06:00+00:00,65,254,10,6,8,10,2,10,254,0,63
2026-05-07 21:06:00+00:00,65,254,10,5,8,10,2,10,254,0,63
2026-05-07 22:06:00+00:00,66,254,10,6,9,10,2,10,254,0,63
2026-05-07 23:06:00+00:00,67,254,10,6,8,10,3,10,254,0,63
2026-05-08 00:06:00+00:00,67,254,10,6,8,10,3,10,254,0,63
2026-05-08 01:06:00+00:00,67,254,10,6,8,10,3,10,254,0,63
2026-05-08 02:06:00+00:00,67,254,10,6,9,10,3,10,254,0,63
2026-05-08 03:06:00+00:00,66,254,10,6,9,10,3,10,254,0,63
2026-05-08 04:06:00+00:00,66,254,10,6,9,10,3,10,254,0,63
2026-05-08 05:06:00+00:00,65,254,10,7,9,10,3,10,254,0,63
2026-05-08 06:06:00+00:00,64,254,10,7,9,10,3,10,254,0,63
2026-05-08 07:06:00+00:00,64,254,10,7,9,10,4,10,254,0,63
2026-05-08 08:06:00+00:00,63,254,10,7,9,10,4,10,254,0,103
2026-05-08 09:06:00+00:00,62,254,10,7,9,10,4,10,254,0,63
2026-05-08 10:06:00+00:00,62,254,10,7,9,10,4,10,254,0,63
2026-05-08 11:06:00+00:00,61,254,10,8,10,10,5,10,254,0,63
2026-05-08 12:06:00+00:00,61,254,10,8,10,10,5,10,254,0,63
2026-05-08 13:06:00+00:00,60,254,10,8,10,10,5,9,254,0,63
2026-05-08 14:06:00+00:00,59,254,10,9,10,10,6,9,254,0,63
2026-05-08 15:06:00+00:00,59,254,10,9,10,10,6,9,254,0,63
2026-05-08 16:06:00+00:00,59,254,10,9,10,10,6,9,254,0,63
2026-05-08 17:06:00+00:00,59,254,10,9,10,10,7,10,254,0,63
2026-05-08 18:06:00+00:00,60,254,10,9,10,10,7,10,254,0,63
2026-05-08 19:06:00+00:00,62,254,10,9,10,10,8,10,254,0,63
2026-05-08 20:06:00+00:00,63,254,10,9,10,10,10,10,254,0,63
2026-05-08 21:06:00+00:00,65,254,10,10,10,11,9,10,254,0,63
2026-05-08 22:06:00+00:00,66,254,10,9,10,11,9,10,254,0,63
2026-05-08 23:06:00+00:00,67,254,10,10,10,11,10,10,254,0,63
2026-05-09 00:06:00+00:00,68,254,11,10,10,11,10,10,254,0,63
2026-05-09 01:06:00+00:00,68,254,10,10,10,11,10,10,254,0,63
2026-05-09 02:06:00+00:00,68,254,10,10,10,11,10,10,254,0,63
2026-05-09 03:06:00+00:00,68,254,10,10,10,11,9,10,254,0,63
2026-05-09 04:06:00+00:00,68,254,10,10,10,11,9,10,254,0,63
2026-05-09 05:06:00+00:00,67,254,10,10,10,11,9,10,254,0,63
2026-05-09 06:06:00+00:00,66,254,10,9,10,10,9,10,254,0,63
2026-05-09 07:06:00+00:00,66,254,10,10,10,10,9,10,254,0,63
2026-05-09 08:06:00+00:00,65,254,10,10,10,10,9,10,254,0,103
2026-05-09 09:06:00+00:00,64,254,10,10,10,10,9,10,254,0,63
2026-05-09 10:06:00+00:00,63,254,10,10,10,10,9,10,254,0,63
2026-05-09 11:06:00+00:00,63,254,10,10,10,10,9,10,254,0,63
2026-05-09 12:06:00+00:00,62,254,10,10,10,10,9,10,254,0,63
2026-05-09 13:06:00+00:00,61,254,10,10,10,10,9,10,254,0,63
2026-05-09 14:06:00+00:00,61,254,10,10,10,10,10,10,254,0,63
2026-05-09 15:06:00+00:00,60,254,10,10,10,10,9,9,254,0,63
2026-05-09 16:06:00+00:00,60,254,10,10,10,10,10,10,254,0,63
2026-05-09 17:06:00+00:00,61,254,10,10,10,10,10,10,254,0,63
2026-05-09 18:06:00+00:00,62,254,10,10,10,10,10,10,254,0,63
2026-05-09 19:06:00+00:00,63,254,10,10,11,11,10,10,254,0,63
2026-05-09 20:06:00+00:00,64,254,10,10,11,11,11,10,254,0,63
2026-05-09 21:06:00+00:00,66,254,10,10,11,11,11,10,254,0,62
2026-05-09 22:06:00+00:00,68,254,11,10,11,11,11,11,254,0,62
2026-05-09 23:06:00+00:00,69,254,11,10,11,11,11,10,254,0,62
2026-05-10 00:06:00+00:00,70,254,11,11,11,11,12,11,254,0,62
2026-05-10 01:06:00+00:00,70,254,11,11,11,11,12,11,254,0,63
2026-05-10 02:06:00+00:00,70,254,11,11,11,11,11,11,254,0,63
2026-05-10 03:06:00+00:00,70,254,11,10,11,11,11,11,254,0,63
2026-05-10 04:06:00+00:00,69,254,10,10,11,11,11,10,254,0,63
2026-05-10 05:06:00+00:00,68,254,10,10,11,11,11,10,254,0,63
2026-05-10 06:06:00+00:00,68,254,11,10,11,11,11,10,254,0,63
2026-05-10 07:06:00+00:00,67,254,10,10,11,11,11,10,254,0,63
2026-05-10 08:06:00+00:00,66,254,10,10,11,11,11,10,254,0,103
2026-05-10 09:06:00+00:00,65,254,10,10,11,11,11,10,254,0,63
2026-05-10 10:06:00+00:00,64,254,10,10,11,10,11,10,254,0,63
2026-05-10 11:06:00+00:00,63,254,10,10,11,10,11,10,254,0,63
2026-05-10 12:06:00+00:00,62,254,10,10,11,10,11,10,254,0,63
2026-05-10 13:06:00+00:00,62,254,10,10,11,10,11,10,254,0,63
2026-05-10 14:06:00+00:00,61,254,10,10,11,10,11,10,254,0,63
2026-05-10 15:06:00+00:00,60,254,10,10,11,10,11,10,254,0,63
2026-05-10 16:06:00+00:00,60,254,10,10,11,10,11,10,254,0,62
2026-05-10 17:06:00+00:00,61,254,10,10,11,10,11,10,254,0,62
2026-05-10 18:06:00+00:00,62,254,10,11,11,10,11,10,254,0,62
2026-05-10 19:06:00+00:00,63,254,10,11,11,11,12,10,254,0,62
2026-05-10 20:06:00+00:00,65,254,10,11,11,11,12,10,254,0,62
2026-05-10 21:06:00+00:00,67,254,11,11,12,11,13,11,254,0,62
2026-05-10 22:06:00+00:00,69,254,11,11,12,11,13,11,254,0,62
2026-05-10 23:06:00+00:00,70,254,11,11,12,11,14,11,254,0,62
2026-05-11 00:06:00+00:00,71,254,11,11,12,11,14,11,254,0,62
2026-05-11 01:06:00+00:00,72,254,11,11,12,12,14,11,254,0,62
2026-05-11 02:06:00+00:00,72,254,11,11,12,12,14,11,254,0,62
2026-05-11 03:06:00+00:00,72,254,11,11,12,11,14,11,254,0,63
2026-05-11 04:06:00+00:00,72,254,11,11,12,11,14,11,254,0,63
2026-05-11 05:06:00+00:00,71,254,11,11,12,11,13,11,254,0,63
2026-05-11 06:06:00+00:00,70,254,11,11,12,11,13,11,254,0,63
2026-05-11 07:06:00+00:00,69,254,11,11,12,11,13,11,254,0,63
2026-05-11 08:06:00+00:00,68,254,11,11,12,11,13,11,254,0,103
2026-05-11 09:06:00+00:00,68,254,11,11,12,11,13,11,254,0,63
2026-05-11 10:06:00+00:00,67,254,11,11,12,11,13,11,254,0,63
2026-05-11 11:06:00+00:00,66,254,10,11,12,11,13,10,254,0,63
2026-05-11 12:06:00+00:00,66,254,11,11,12,11,13,10,254,0,63
2026-05-11 13:06:00+00:00,65,254,11,11,12,11,13,10,254,0,63
2026-05-11 14:06:00+00:00,65,254,11,11,12,11,13,10,254,0,63
2026-05-11 15:06:00+00:00,64,254,10,11,12,11,13,10,254,0,63
2026-05-11 16:06:00+00:00,64,254,11,11,12,11,14,10,254,0,62
2026-05-11 17:06:00+00:00,65,254,11,11,12,11,14,11,254,0,62
2026-05-11 18:06:00+00:00,66,254,11,11,12,11,15,11,254,0,62
2026-05-11 19:06:00+00:00,67,254,11,12,13,11,16,11,254,0,62
2026-05-11 20:06:00+00:00,69,254,11,12,13,11,17,11,254,0,62
2026-05-11 21:06:00+00:00,70,254,11,12,13,12,18,11,254,0,62
2026-05-11 22:06:00+00:00,72,254,12,12,14,12,19,11,254,0,62
2026-05-11 23:06:00+00:00,73,254,12,12,14,12,19,11,254,0,62
2026-05-12 00:06:00+00:00,74,254,12,13,14,12,20,12,254,0,62
2026-05-12 01:06:00+00:00,74,254,12,13,14,12,20,12,254,0,62
2026-05-12 02:06:00+00:00,74,254,12,13,14,12,20,12,254,0,62
2026-05-12 03:06:00+00:00,74,254,12,12,14,12,20,12,254,0,62
2026-05-12 04:06:00+00:00,73,254,11,12,13,12,19,11,254,0,63
2026-05-12 05:06:00+00:00,73,254,11,12,13,12,18,11,254,0,63
2026-05-12 06:06:00+00:00,72,254,11,12,13,12,18,11,254,0,63
2026-05-12 07:06:00+00:00,71,254,11,12,13,11,18,11,254,0,63
2026-05-12 08:06:00+00:00,70,254,11,12,13,11,18,11,254,0,103
2026-05-12 09:06:00+00:00,69,254,11,12,13,11,17,11,254,0,63
2026-05-12 10:07:00+00:00,69,254,11,12,13,11,17,11,254,0,63
2026-05-12 11:07:00+00:00,68,254,11,12,13,11,17,11,254,0,63
2026-05-12 12:07:00+00:00,67,254,11,12,13,11,17,11,254,0,63
2026-05-12 13:07:00+00:00,66,254,11,12,13,11,17,11,254,0,63
2026-05-12 14:07:00+00:00,66,254,11,12,13,11,17,11,254,0,62
2026-05-12 15:07:00+00:00,65,254,11,12,13,11,18,11,254,0,62
2026-05-12 16:07:00+00:00,65,254,11,12,13,11,19,11,254,0,62
2026-05-12 17:07:00+00:00,65,254,11,12,14,11,20,11,254,0,62
2026-05-12 18:07:00+00:00,66,254,11,13,14,11,21,11,254,0,62
2026-05-12 19:07:00+00:00,68,254,11,13,15,11,23,11,254,0,62
2026-05-12 20:07:00+00:00,70,254,12,13,15,12,25,12,254,0,62
2026-05-12 21:07:00+00:00,71,254,12,13,15,12,27,12,254,0,62
2026-05-12 22:07:00+00:00,73,254,12,14,16,12,29,12,254,0,62
2026-05-12 23:07:00+00:00,75,254,12,14,16,12,32,12,254,0,62
2026-05-13 00:07:00+00:00,76,254,12,14,17,12,35,12,254,0,62
2026-05-13 01:07:00+00:00,76,254,12,14,17,12,36,12,254,0,62
2026-05-13 02:07:00+00:00,76,254,12,14,17,12,38,12,254,0,62
2026-05-13 03:07:00+00:00,76,254,12,14,16,12,36,12,254,0,62
2026-05-13 04:07:00+00:00,76,254,12,14,16,12,35,12,254,0,62
2026-05-13 05:07:00+00:00,75,254,12,14,16,12,33,12,254,0,62
2026-05-13 06:07:00+00:00,75,254,12,14,16,12,33,12,254,0,62
2026-05-13 07:07:00+00:00,74,254,12,14,16,12,32,12,254,0,63
2026-05-13 08:07:00+00:00,73,254,12,14,14,12,31,12,254,71,103
2026-05-13 09:07:00+00:00,72,254,12,14,12,12,29,12,254,0,63
2026-05-13 10:07:00+00:00,71,254,11,14,11,11,26,11,254,0,63
2026-05-13 11:07:00+00:00,70,254,11,14,11,11,24,11,254,0,63
2026-05-13 12:07:00+00:00,69,254,11,13,11,11,22,11,254,0,63
2026-05-13 13:07:00+00:00,68,254,11,14,11,11,20,11,254,0,63
2026-05-13 14:07:00+00:00,68,254,11,14,11,11,19,11,254,0,62
2026-05-13 15:07:00+00:00,67,254,11,13,10,11,18,11,254,0,62
2026-05-13 16:07:00+00:00,67,254,11,14,10,11,18,11,254,0,62
2026-05-13 17:07:00+00:00,67,254,11,14,11,11,18,11,254,0,62
2026-05-13 18:07:00+00:00,67,254,11,14,11,11,18,11,254,0,62
2026-05-13 19:07:00+00:00,68,254,12,14,11,11,19,11,254,0,62
2026-05-13 20:07:00+00:00,68,254,12,14,11,11,19,12,254,0,62
2026-05-13 21:07:00+00:00,68,254,12,14,11,12,20,12,254,0,62
2026-05-13 22:07:00+00:00,68,254,12,14,11,12,21,12,254,0,62
2026-05-13 23:07:00+00:00,68,254,12,14,12,12,22,12,254,0,62
2026-05-14 00:07:00+00:00,68,254,12,14,12,12,23,12,254,0,62
2026-05-14 01:07:00+00:00,67,254,12,14,12,11,23,11,254,0,62
2026-05-14 02:07:00+00:00,67,254,12,14,12,11,23,12,254,0,62
2026-05-14 03:07:00+00:00,67,254,12,14,12,11,23,11,254,0,62
2026-05-14 04:07:00+00:00,66,254,11,14,11,11,22,11,254,0,62
2026-05-14 05:07:00+00:00,65,254,11,14,12,11,22,11,254,0,62
2026-05-14 06:07:00+00:00,65,254,12,14,12,11,22,11,254,0,63
2026-05-14 07:07:00+00:00,64,254,11,14,12,11,22,11,254,0,63
2026-05-14 08:07:00+00:00,63,254,11,14,12,11,22,11,254,0,103
2026-05-14 09:07:00+00:00,62,254,11,14,12,11,21,11,254,0,62
2026-05-14 10:07:00+00:00,62,254,11,14,12,11,21,11,254,0,63
2026-05-14 11:07:00+00:00,61,254,11,14,12,11,21,11,254,0,63
2026-05-14 12:07:00+00:00,61,254,11,14,12,11,21,11,254,0,62
2026-05-14 13:07:00+00:00,60,254,11,14,12,11,21,11,254,0,62
2026-05-14 14:07:00+00:00,59,254,11,14,12,11,21,11,254,0,62
2026-05-14 15:07:00+00:00,59,254,11,14,12,11,22,11,254,0,62
2026-05-14 16:07:00+00:00,59,254,11,14,12,11,23,11,254,0,62
2026-05-14 17:07:00+00:00,59,254,12,14,12,11,24,11,254,0,62
2026-05-14 18:07:00+00:00,60,254,12,14,12,11,25,11,254,0,62
2026-05-14 19:07:00+00:00,61,254,12,15,12,11,27,11,254,0,62
2026-05-14 20:07:00+00:00,63,254,12,15,13,12,30,12,254,0,62
2026-05-14 21:07:00+00:00,65,254,12,16,13,12,34,12,254,0,62
2026-05-14 22:07:00+00:00,66,254,12,16,13,12,37,12,254,0,62
2026-05-14 23:07:00+00:00,67,254,12,16,14,12,40,12,254,0,62
2026-05-15 00:07:00+00:00,68,254,13,16,14,12,42,12,254,0,62
2026-05-15 01:07:00+00:00,69,254,13,16,14,12,43,12,254,0,62
2026-05-15 02:07:00+00:00,69,254,13,16,14,12,43,12,254,0,62
2026-05-15 03:07:00+00:00,69,254,12,16,14,12,43,12,254,0,62
2026-05-15 04:07:00+00:00,69,254,12,16,14,12,42,12,254,0,62
2026-05-15 05:07:00+00:00,68,254,12,16,14,12,41,12,254,0,62
2026-05-15 06:07:00+00:00,67,254,12,16,13,12,39,12,254,0,62
2026-05-15 07:07:00+00:00,66,254,12,15,13,12,38,12,254,0,62
2026-05-15 08:07:00+00:00,66,254,12,15,13,12,38,12,254,0,103
2026-05-15 09:07:00+00:00,65,254,12,16,13,12,38,12,254,0,62
2026-05-15 10:07:00+00:00,64,254,12,15,13,11,37,12,254,0,62
2026-05-15 11:07:00+00:00,64,254,12,16,13,11,37,12,254,0,62
2026-05-15 12:07:00+00:00,63,254,12,16,13,11,37,12,254,0,62
2026-05-15 13:07:00+00:00,62,254,12,16,13,11,37,12,254,0,62
2026-05-15 14:07:00+00:00,62,254,12,16,14,11,38,12,254,0,62
2026-05-15 15:07:00+00:00,61,254,12,16,14,11,40,12,254,0,62
2026-05-15 16:07:00+00:00,61,254,12,17,14,11,43,12,254,0,62
2026-05-15 17:07:00+00:00,62,254,12,17,14,11,45,12,254,0,62
2026-05-15 18:07:00+00:00,62,254,12,17,14,11,47,12,254,0,62
2026-05-15 19:07:00+00:00,63,254,12,18,15,12,49,12,254,0,62
2026-05-15 20:07:00+00:00,65,254,13,19,16,12,51,12,254,0,62
2026-05-15 21:07:00+00:00,66,254,13,19,16,12,52,12,254,0,62
2026-05-15 22:07:00+00:00,68,254,13,20,17,12,55,13,254,0,62
2026-05-15 23:07:00+00:00,69,254,13,20,17,12,56,13,254,0,62
2026-05-16 00:07:00+00:00,70,254,13,21,18,12,57,13,254,0,62
2026-05-16 01:07:00+00:00,70,254,13,21,18,12,57,13,254,0,62
2026-05-16 02:07:00+00:00,70,254,13,21,17,12,58,13,254,0,62
2026-05-16 03:07:00+00:00,70,254,13,20,17,12,58,13,254,0,62
2026-05-16 04:07:00+00:00,69,254,13,20,17,12,57,13,254,0,62
2026-05-16 05:07:00+00:00,69,254,13,20,16,12,57,13,254,0,62
2026-05-16 06:07:00+00:00,68,254,13,20,17,12,57,13,254,0,62
2026-05-16 07:07:00+00:00,67,254,13,19,16,12,57,13,254,0,62
2026-05-16 08:07:00+00:00,66,254,12,19,16,12,56,12,254,0,103
2026-05-16 09:07:00+00:00,65,254,12,19,16,12,56,12,254,0,62
2026-05-16 10:07:00+00:00,65,254,12,19,16,12,56,12,254,0,62
2026-05-16 11:07:00+00:00,64,254,12,19,16,12,56,12,254,0,62
2026-05-16 12:07:00+00:00,64,254,12,19,16,12,56,12,254,0,62
2026-05-16 13:07:00+00:00,63,254,12,20,16,12,57,12,254,0,62
2026-05-16 14:07:00+00:00,63,254,12,20,17,12,58,12,254,0,62
2026-05-16 15:07:00+00:00,62,254,12,20,17,12,58,12,254,0,62
2026-05-16 16:07:00+00:00,62,254,12,21,17,12,59,12,254,0,62
2026-05-16 17:07:00+00:00,62,254,12,22,18,12,60,12,254,0,62
2026-05-16 18:07:00+00:00,62,254,12,22,18,12,60,12,254,0,62
2026-05-16 19:07:00+00:00,63,254,13,23,19,12,61,13,254,0,62
2026-05-16 20:07:00+00:00,64,254,13,24,19,12,62,13,254,0,62
2026-05-16 21:07:00+00:00,65,254,13,25,20,12,63,13,254,0,62
2026-05-16 22:07:00+00:00,66,254,13,26,20,12,63,13,254,0,62
2026-05-16 23:07:00+00:00,66,254,13,26,21,12,63,13,254,0,62
2026-05-17 00:07:00+00:00,67,254,13,27,21,12,64,13,254,0,62
2026-05-17 01:07:00+00:00,67,254,13,27,21,12,64,13,254,0,62
2026-05-17 02:07:00+00:00,67,254,13,27,21,12,65,13,254,0,62
2026-05-17 03:07:00+00:00,67,254,13,27,20,12,65,13,254,0,62
2026-05-17 04:07:00+00:00,66,254,13,26,20,12,65,13,254,0,62
2026-05-17 05:07:00+00:00,66,254,13,26,20,12,65,13,254,0,62
2026-05-17 06:07:00+00:00,65,254,13,26,20,12,66,13,254,0,62
2026-05-17 07:07:00+00:00,64,254,13,25,20,12,66,13,254,0,62
2026-05-17 08:07:00+00:00,63,254,13,25,20,12,67,13,254,0,103
2026-05-17 09:07:00+00:00,63,254,13,25,20,12,67,13,254,0,62
2026-05-17 10:07:00+00:00,62,254,13,25,20,12,67,13,254,0,62
2026-05-17 11:07:00+00:00,61,254,13,25,20,12,68,13,254,0,62
2026-05-17 12:07:00+00:00,61,254,13,25,20,12,69,13,254,0,62
2026-05-17 13:07:00+00:00,60,254,13,25,20,12,68,13,254,0,62
2026-05-17 14:07:00+00:00,60,254,13,26,20,12,69,13,254,0,62
2026-05-17 15:07:00+00:00,59,254,13,26,20,12,70,13,254,0,62
2026-05-17 16:07:00+00:00,59,254,13,27,21,12,71,13,254,0,62
2026-05-17 17:07:00+00:00,59,254,13,29,22,12,71,13,254,0,62
2026-05-17 18:07:00+00:00,59,254,13,30,22,12,72,13,254,0,62
2026-05-17 19:07:00+00:00,60,254,13,31,23,12,73,13,254,0,62
2026-05-17 20:07:00+00:00,61,254,14,32,23,12,75,13,254,0,62
2026-05-17 21:07:00+00:00,62,254,14,33,24,12,75,13,254,0,62
2026-05-17 22:07:00+00:00,63,254,14,34,24,13,77,14,254,0,62
2026-05-17 23:07:00+00:00,63,254,14,35,25,13,78,14,254,0,62
2026-05-18 00:07:00+00:00,64,254,14,36,25,13,78,14,254,0,62
2026-05-18 01:07:00+00:00,64,254,14,36,25,13,79,14,254,0,62
2026-05-18 02:07:00+00:00,64,254,14,36,25,13,80,14,254,0,62
2026-05-18 03:07:00+00:00,64,254,14,35,24,13,81,14,254,0,62
2026-05-18 04:07:00+00:00,63,254,14,35,24,13,82,14,254,0,62
2026-05-18 05:07:00+00:00,63,254,14,35,24,12,84,14,254,0,62
2026-05-18 06:07:00+00:00,62,254,14,34,24,12,83,14,254,0,62
2026-05-18 07:07:00+00:00,61,254,14,33,24,12,85,14,254,0,62
2026-05-18 08:07:00+00:00,61,254,14,33,24,12,86,14,254,0,103
2026-05-18 09:07:00+00:00,60,254,14,33,23,12,85,13,254,0,62
2026-05-18 10:07:00+00:00,60,254,14,33,24,12,86,13,254,0,62
2026-05-18 11:07:00+00:00,59,254,14,33,24,12,87,13,254,0,62
2026-05-18 12:07:00+00:00,59,254,14,33,24,12,89,13,254,0,62
2026-05-18 13:07:00+00:00,58,254,13,33,24,12,88,13,254,0,62
2026-05-18 14:07:00+00:00,57,254,13,33,24,12,87,13,254,0,62
2026-05-18 15:07:00+00:00,57,254,13,35,24,12,88,13,254,0,62
2026-05-18 16:07:00+00:00,57,254,14,37,25,12,89,13,254,0,62
2026-05-18 17:07:00+00:00,57,254,14,38,26,12,90,13,254,0,62
2026-05-18 18:07:00+00:00,58,254,14,40,27,12,93,14,254,0,62
2026-05-18 19:07:00+00:00,59,254,14,42,29,13,95,14,254,0,62
2026-05-18 20:07:00+00:00,61,254,15,44,30,13,98,15,254,0,62
2026-05-18 21:07:00+00:00,62,254,15,45,31,13,98,15,254,0,62
2026-05-18 22:07:00+00:00,63,254,15,47,32,13,101,15,254,0,62
2026-05-18 23:07:00+00:00,64,254,15,48,34,13,101,15,254,0,62
2026-05-19 00:07:00+00:00,65,254,16,49,35,14,104,15,254,0,62
2026-05-19 01:07:00+00:00,65,254,16,50,36,14,105,16,254,0,62
2026-05-19 02:07:00+00:00,65,254,16,50,36,14,107,16,254,0,62
2026-05-19 03:07:00+00:00,65,254,16,50,36,13,108,15,254,0,62
2026-05-19 04:07:00+00:00,65,254,15,50,35,13,110,15,254,0,62
2026-05-19 05:07:00+00:00,64,254,15,49,34,13,110,15,254,0,62
2026-05-19 06:07:00+00:00,64,254,15,49,34,13,111,15,254,0,62
2026-05-19 07:07:00+00:00,63,254,15,48,34,13,113,15,254,0,62
2026-05-19 08:07:00+00:00,62,254,15,47,33,13,112,15,254,0,103
2026-05-19 09:07:00+00:00,62,254,15,47,33,13,114,15,254,0,62
2026-05-19 10:07:00+00:00,61,254,15,47,33,13,116,15,254,0,62
2026-05-19 11:07:00+00:00,60,254,14,46,33,13,115,14,254,0,62
2026-05-19 12:07:00+00:00,60,254,15,47,33,13,116,14,254,0,62
2026-05-19 13:07:00+00:00,59,254,15,47,33,13,118,14,254,0,62
2026-05-19 14:07:00+00:00,59,254,15,47,33,13,120,14,254,0,62
2026-05-19 15:07:00+00:00,58,254,15,48,33,13,119,14,254,0,62
2026-05-19 16:07:00+00:00,58,254,15,50,35,13,120,15,254,0,62
2026-05-19 17:07:00+00:00,58,254,15,52,37,13,121,15,254,0,62
2026-05-19 18:07:00+00:00,59,254,15,53,38,13,123,15,254,0,62
2026-05-19 19:07:00+00:00,61,254,16,53,18,13,115,16,254,63,62
2026-05-19 20:07:00+00:00,62,254,16,53,12,13,98,16,254,0,62
2026-05-19 21:07:00+00:00,63,254,16,53,12,14,83,16,254,0,62
2026-05-19 22:07:00+00:00,64,254,16,53,12,14,68,16,254,0,62
2026-05-19 23:07:00+00:00,64,254,16,53,12,14,55,16,254,0,62
2026-05-20 00:07:00+00:00,65,254,17,53,13,14,44,16,254,0,62
2026-05-20 01:07:00+00:00,65,254,16,52,13,14,38,16,254,0,62
2026-05-20 02:07:00+00:00,65,254,16,51,13,14,36,16,254,0,62
2026-05-20 03:07:00+00:00,64,254,16,50,13,14,34,16,254,0,62
2026-05-20 04:07:00+00:00,64,254,16,49,14,14,34,16,254,0,62
2026-05-20 05:07:00+00:00,63,254,16,48,14,14,34,15,254,0,62
2026-05-20 06:07:00+00:00,62,254,15,47,14,13,33,15,254,0,62
2026-05-20 07:07:00+00:00,62,254,15,46,14,13,34,15,254,0,62
2026-05-20 08:07:00+00:00,61,254,15,46,14,13,34,15,254,0,103
2026-05-20 09:07:00+00:00,60,254,15,45,14,13,34,15,254,0,62
2026-05-20 10:07:00+00:00,59,254,15,44,14,13,34,15,254,0,62
2026-05-20 11:07:00+00:00,59,254,15,44,14,13,35,15,254,0,62
2026-05-20 12:07:00+00:00,58,254,15,43,14,13,35,15,254,0,62
2026-05-20 13:07:00+00:00,57,254,15,42,14,13,34,15,254,0,62
2026-05-20 14:07:00+00:00,57,254,15,42,14,13,35,15,254,0,62
2026-05-20 15:07:00+00:00,56,254,15,43,15,13,35,15,254,0,62
2026-05-20 16:07:00+00:00,56,254,15,43,15,13,36,15,254,0,62
2026-05-20 17:07:00+00:00,56,254,15,44,15,13,37,15,254,0,62
2026-05-20 18:07:00+00:00,57,254,16,45,16,13,37,15,254,0,62
2026-05-20 19:07:00+00:00,59,254,16,47,17,14,40,16,254,0,62
2026-05-20 20:07:00+00:00,60,254,16,49,18,14,42,17,254,0,62
2026-05-20 21:07:00+00:00,62,254,17,52,20,14,45,17,254,0,62
2026-05-20 22:07:00+00:00,62,254,17,53,21,14,47,17,254,0,62
2026-05-20 23:07:00+00:00,63,254,18,55,24,15,50,18,254,0,62
2026-05-21 00:07:00+00:00,64,254,18,55,26,15,52,18,254,0,62
2026-05-21 01:07:00+00:00,64,254,18,54,28,15,55,18,254,0,62
2026-05-21 02:07:00+00:00,64,254,18,55,30,15,57,18,254,0,62
2026-05-21 03:07:00+00:00,64,254,17,55,30,15,58,17,254,0,62
2026-05-21 04:07:00+00:00,64,254,17,55,30,15,59,17,254,0,62
2026-05-21 05:07:00+00:00,64,254,17,55,30,14,61,17,254,0,62
2026-05-21 06:07:00+00:00,63,254,17,55,29,14,62,17,254,0,62
2026-05-21 07:07:00+00:00,63,254,17,55,29,14,64,17,254,0,62
2026-05-21 08:07:00+00:00,62,254,17,54,29,14,64,17,254,0,103
2026-05-21 09:07:00+00:00,61,254,17,54,29,14,66,17,254,0,62
2026-05-21 10:07:00+00:00,61,254,17,54,29,14,67,17,254,0,62
2026-05-21 11:07:00+00:00,61,254,17,55,30,14,69,17,254,0,62
2026-05-21 12:07:00+00:00,60,254,17,54,30,14,69,16,254,0,62
2026-05-21 13:07:00+00:00,60,254,17,55,30,14,70,17,254,0,62
2026-05-21 14:07:00+00:00,59,254,17,56,31,14,72,17,254,0,62
2026-05-21 15:07:00+00:00,59,254,17,57,32,14,73,17,254,0,62
2026-05-21 16:07:00+00:00,59,254,17,58,34,14,75,18,254,0,62
2026-05-21 17:07:00+00:00,59,254,18,58,36,14,76,18,254,0,62
2026-05-21 18:07:00+00:00,60,254,18,58,38,15,77,19,254,0,62
2026-05-21 19:07:00+00:00,61,254,19,59,40,15,79,19,254,0,62
2026-05-21 20:07:00+00:00,62,254,19,59,41,15,80,20,254,0,62
2026-05-21 21:07:00+00:00,64,254,20,59,43,16,82,20,254,0,62
2026-05-21 22:07:00+00:00,65,254,20,60,44,16,84,21,254,0,62
2026-05-21 23:07:00+00:00,66,254,21,60,45,16,85,21,254,0,62
2026-05-22 00:07:00+00:00,66,254,21,60,46,16,86,21,254,0,62
2026-05-22 01:07:00+00:00,67,254,21,61,48,17,89,22,254,0,62
2026-05-22 02:07:00+00:00,67,254,21,62,48,17,90,21,254,0,62
2026-05-22 03:07:00+00:00,67,254,21,62,49,17,91,21,254,0,62
2026-05-22 04:07:00+00:00,67,254,21,63,49,16,93,20,254,0,62
2026-05-22 05:07:00+00:00,66,254,20,62,49,16,93,20,254,0,62
2026-05-22 06:07:00+00:00,66,254,20,63,49,16,94,19,254,0,62
2026-05-22 07:07:00+00:00,65,254,19,62,49,16,92,19,254,13,62
2026-05-22 08:07:00+00:00,62,254,19,14,3,13,0,17,254,70,103
2026-05-22 09:07:00+00:00,62,254,18,10,1,12,0,16,254,0,62
2026-05-22 10:07:00+00:00,61,254,18,9,1,12,0,15,254,0,62
2026-05-22 11:07:00+00:00,61,254,18,9,2,12,0,15,254,0,62
2026-05-22 12:07:00+00:00,60,254,18,9,3,11,0,14,254,0,62
2026-05-22 13:07:00+00:00,59,254,17,9,3,11,0,14,254,0,62
2026-05-22 14:07:00+00:00,59,254,17,9,4,11,1,14,254,0,62
2026-05-22 15:07:00+00:00,58,254,17,9,4,11,1,14,254,0,62
2026-05-22 16:07:00+00:00,58,254,17,9,5,11,2,15,254,0,62
2026-05-22 17:07:00+00:00,58,254,17,9,6,12,4,15,254,0,62
2026-05-22 18:07:00+00:00,59,254,17,10,7,12,7,15,254,0,62
2026-05-22 19:07:00+00:00,60,254,17,10,8,12,9,15,254,0,62
2026-05-22 20:07:00+00:00,61,254,17,10,9,12,11,15,254,0,62
2026-05-22 21:07:00+00:00,62,254,17,10,10,12,12,15,254,0,62
2026-05-22 22:07:00+00:00,64,254,18,11,10,13,13,16,254,0,62
2026-05-22 23:07:00+00:00,64,254,18,11,11,13,14,16,254,0,62
2026-05-23 00:07:00+00:00,65,254,18,11,11,13,15,16,254,0,62
2026-05-23 01:07:00+00:00,65,254,18,11,12,13,15,16,254,0,62
2026-05-23 02:07:00+00:00,65,254,18,11,12,13,16,16,254,0,62
2026-05-23 03:07:00+00:00,65,254,17,11,12,13,16,16,254,0,62
2026-05-23 04:07:00+00:00,65,254,17,12,12,13,16,16,254,0,62
2026-05-23 05:07:00+00:00,64,254,17,11,12,13,16,15,254,0,62
2026-05-23 06:07:00+00:00,64,254,17,12,12,13,16,15,254,0,62
2026-05-23 07:07:00+00:00,63,254,17,12,12,13,16,15,254,0,62
2026-05-23 08:07:00+00:00,62,254,16,11,12,13,16,15,254,0,103
2026-05-23 09:07:00+00:00,62,254,16,12,12,13,16,15,254,0,62
2026-05-23 10:07:00+00:00,61,254,16,12,12,13,16,15,254,0,62
2026-05-23 11:07:00+00:00,60,254,16,12,12,13,16,15,254,0,62
2026-05-23 12:07:00+00:00,60,254,16,12,12,13,16,15,254,0,62
2026-05-23 13:07:00+00:00,59,254,16,12,12,13,16,15,254,0,62
2026-05-23 14:07:00+00:00,59,254,16,12,12,13,17,15,254,0,62
2026-05-23 15:07:00+00:00,58,254,16,12,12,13,17,15,254,0,62
2026-05-23 16:07:00+00:00,58,254,16,12,12,13,18,15,254,0,62
2026-05-23 17:07:00+00:00,58,254,16,12,13,13,19,16,254,0,62
2026-05-23 18:07:00+00:00,59,254,17,13,13,13,20,16,254,0,62
2026-05-23 19:07:00+00:00,60,254,17,13,14,13,22,16,254,0,62
2026-05-23 20:07:00+00:00,62,254,18,14,14,14,24,17,254,0,62
2026-05-23 21:07:00+00:00,63,254,18,14,15,14,27,18,254,0,62
2026-05-23 22:07:00+00:00,64,254,19,15,16,14,30,18,254,0,62
2026-05-23 23:07:00+00:00,65,254,19,16,17,14,33,19,254,0,62
2026-05-24 00:07:00+00:00,66,254,19,16,18,14,36,19,254,0,62
2026-05-24 01:07:00+00:00,66,254,19,17,19,14,38,18,254,0,62
2026-05-24 02:07:00+00:00,67,254,19,17,19,15,42,18,254,0,62
2026-05-24 03:07:00+00:00,67,254,19,17,19,15,44,18,254,0,62
2026-05-24 04:07:00+00:00,67,254,18,18,19,14,46,18,254,0,62
2026-05-24 05:07:00+00:00,66,254,18,17,18,14,48,18,254,0,62
2026-05-24 06:07:00+00:00,66,254,18,17,18,14,49,17,254,0,62
2026-05-24 07:07:00+00:00,66,254,18,17,18,14,51,17,254,0,62
2026-05-24 08:07:00+00:00,65,254,18,18,18,14,52,17,254,0,103
2026-05-24 09:07:00+00:00,65,254,18,18,18,14,53,17,254,0,62
2026-05-24 10:07:00+00:00,64,254,17,17,18,14,54,17,254,0,62
2026-05-24 11:07:00+00:00,64,254,17,18,18,14,55,17,254,0,62
2026-05-24 12:07:00+00:00,64,254,17,18,18,14,56,17,254,0,62
2026-05-24 13:07:00+00:00,63,254,17,18,18,14,56,17,254,0,62
2026-05-24 14:07:00+00:00,63,254,17,18,18,14,57,17,254,0,62
2026-05-24 15:07:00+00:00,62,254,17,18,18,14,57,17,254,0,62
2026-05-24 16:07:00+00:00,62,254,18,19,19,14,58,18,254,0,62
2026-05-24 17:07:00+00:00,62,254,19,20,20,14,59,19,254,0,62
2026-05-24 18:07:00+00:00,63,254,20,22,22,15,61,20,254,0,62
2026-05-24 19:07:00+00:00,64,254,21,23,24,15,62,21,254,0,62
2026-05-24 20:07:00+00:00,65,254,22,26,27,16,63,22,254,0,62
2026-05-24 21:07:00+00:00,66,254,23,28,30,16,63,23,254,0,62
2026-05-24 22:07:00+00:00,68,254,24,32,33,17,66,24,254,0,62
2026-05-24 23:07:00+00:00,69,254,25,35,36,18,67,25,254,0,62
2026-05-25 00:07:00+00:00,69,254,25,37,39,18,67,25,254,0,62
2026-05-25 01:07:00+00:00,69,254,25,40,40,18,68,25,254,0,62
2026-05-25 02:07:00+00:00,70,254,26,42,42,18,70,25,254,0,62
2026-05-25 03:07:00+00:00,70,254,26,43,43,18,71,25,254,0,62
2026-05-25 04:07:00+00:00,70,254,25,44,43,18,72,24,254,0,62
2026-05-25 05:07:00+00:00,70,254,24,44,43,17,73,23,254,0,62
2026-05-25 06:07:00+00:00,69,254,23,44,42,17,73,23,254,0,62
2026-05-25 07:07:00+00:00,69,254,23,44,41,17,74,22,254,0,62
2026-05-25 08:07:00+00:00,68,254,23,44,41,17,75,22,254,0,103
2026-05-25 09:07:00+00:00,67,254,22,43,39,16,75,21,254,0,62
2026-05-25 10:07:00+00:00,67,254,22,43,39,16,76,21,254,0,62
2026-05-25 11:07:00+00:00,66,254,22,42,38,16,76,21,254,0,62
2026-05-25 12:07:00+00:00,63,254,21,13,11,16,0,18,254,94,62
2026-05-25 13:07:00+00:00,63,254,14,2,0,10,0,11,254,0,62
2026-05-25 14:07:00+00:00,63,254,12,2,0,4,1,10,254,0,62
2026-05-25 15:07:00+00:00,63,254,11,2,1,2,1,9,254,0,62
2026-05-25 16:07:00+00:00,63,254,10,3,1,3,1,9,254,0,62
2026-05-25 17:07:00+00:00,63,254,10,2,1,3,1,9,254,0,62
2026-05-25 18:07:00+00:00,64,254,10,3,1,4,1,9,254,0,62
2026-05-25 19:07:00+00:00,64,254,10,3,1,4,2,10,254,0,62
2026-05-25 20:07:00+00:00,66,254,10,3,2,5,3,10,254,0,62
2026-05-25 21:07:00+00:00,67,254,10,4,4,6,6,10,254,1,62
2026-05-25 22:07:00+00:00,67,254,10,4,5,6,7,10,254,0,62
2026-05-25 23:07:00+00:00,68,254,11,6,7,7,10,11,254,0,62
2026-05-26 00:07:00+00:00,68,254,11,6,9,8,11,11,254,0,62
2026-05-26 01:07:00+00:00,68,254,11,8,10,8,11,11,254,0,62
2026-05-26 02:07:00+00:00,68,254,11,9,10,9,11,11,254,0,62
2026-05-26 03:07:00+00:00,68,254,11,10,11,9,12,11,254,0,62
2026-05-26 04:07:00+00:00,68,254,11,10,11,10,12,11,254,0,62
2026-05-26 05:07:00+00:00,67,254,11,10,11,10,11,11,254,0,62
2026-05-26 06:07:00+00:00,67,254,11,10,11,10,11,11,254,0,62
2026-05-26 07:07:00+00:00,67,254,11,10,11,10,12,11,254,0,62
2026-05-26 08:07:00+00:00,66,254,11,10,11,10,11,11,254,0,103
2026-05-26 09:07:00+00:00,66,254,11,10,11,10,12,11,254,0,62
2026-05-26 10:07:00+00:00,65,254,11,10,11,10,12,11,254,0,62
2026-05-26 11:07:00+00:00,65,254,11,10,11,10,12,11,254,0,62
2026-05-26 12:07:00+00:00,64,254,11,10,11,10,12,11,254,0,62
2026-05-26 13:07:00+00:00,64,254,11,10,11,10,12,11,254,0,62
2026-05-26 14:07:00+00:00,63,254,11,10,11,10,12,11,254,0,62
2026-05-26 15:07:00+00:00,63,254,11,11,12,10,13,11,254,0,62
2026-05-26 16:07:00+00:00,62,254,11,11,12,10,13,11,254,0,62
2026-05-26 17:07:00+00:00,62,254,11,11,12,10,14,12,254,0,62
2026-05-26 18:07:00+00:00,62,254,11,11,12,11,14,12,254,0,62
2026-05-26 19:07:00+00:00,62,254,11,12,13,11,15,12,254,0,62
2026-05-26 20:07:00+00:00,63,254,12,12,14,11,17,13,254,0,62
2026-05-26 21:07:00+00:00,63,254,12,13,14,11,18,13,254,0,62
2026-05-26 22:07:00+00:00,63,254,12,13,14,12,20,14,254,0,62
2026-05-26 23:07:00+00:00,63,254,13,13,15,12,21,14,254,0,62
2026-05-27 00:07:00+00:00,63,254,13,14,15,12,23,14,254,0,62
2026-05-27 01:07:00+00:00,64,254,13,14,16,12,24,14,254,0,62
2026-05-27 02:07:00+00:00,64,254,13,14,15,12,26,14,254,0,62
2026-05-27 03:07:00+00:00,63,254,13,14,15,12,26,14,254,0,62
2026-05-27 04:07:00+00:00,63,254,13,14,15,12,27,14,254,0,62
2026-05-27 05:07:00+00:00,63,254,13,14,15,12,27,14,254,0,62
2026-05-27 06:07:00+00:00,62,254,12,14,15,12,27,14,254,0,62
2026-05-27 07:07:00+00:00,62,254,12,14,15,12,27,14,254,0,62
2026-05-27 08:07:00+00:00,62,254,12,14,15,12,27,14,254,0,103
2026-05-27 09:07:00+00:00,61,254,12,14,15,12,27,14,254,0,62
2026-05-27 10:07:00+00:00,61,254,12,14,15,12,28,14,254,0,62
2026-05-27 11:07:00+00:00,61,254,13,14,15,12,28,14,254,0,62
2026-05-27 12:07:00+00:00,61,254,13,14,15,12,28,14,254,0,62
2026-05-27 13:07:00+00:00,60,254,12,14,15,12,27,13,254,0,62
2026-05-27 14:07:00+00:00,60,254,12,14,15,12,27,14,254,0,62
2026-05-27 15:07:00+00:00,60,254,13,14,15,12,28,14,254,0,62
2026-05-27 16:07:00+00:00,60,254,13,14,16,12,28,14,254,0,62
2026-05-27 17:07:00+00:00,60,254,13,14,16,12,29,14,254,0,62
2026-05-27 18:07:00+00:00,60,254,13,15,16,13,30,15,254,0,62
2026-05-27 19:07:00+00:00,61,254,14,15,17,13,31,16,254,0,62
2026-05-27 20:07:00+00:00,62,254,14,16,18,13,33,17,254,0,62
2026-05-27 21:07:00+00:00,63,254,15,17,19,14,35,18,254,0,62
2026-05-27 22:07:00+00:00,64,254,15,18,20,14,37,19,254,0,62
2026-05-27 23:07:00+00:00,64,254,16,18,21,14,40,19,254,0,62
2026-05-28 00:07:00+00:00,65,254,16,19,22,15,42,20,254,0,62
2026-05-28 01:07:00+00:00,66,254,16,19,22,15,45,19,254,0,62
2026-05-28 02:07:00+00:00,66,254,16,19,22,15,47,18,254,0,62
2026-05-28 03:07:00+00:00,66,254,16,19,22,15,49,18,254,0,62
2026-05-28 04:07:00+00:00,66,254,16,19,21,15,50,18,254,0,62
2026-05-28 05:07:00+00:00,66,254,16,19,21,15,52,18,254,0,62
2026-05-28 06:07:00+00:00,65,254,15,19,21,15,53,18,254,0,62
2026-05-28 07:07:00+00:00,65,254,15,19,21,15,54,18,254,0,62
2026-05-28 08:07:00+00:00,65,254,15,19,21,15,55,18,254,0,103
2026-05-28 09:07:00+00:00,65,254,15,19,21,15,56,18,254,0,62
2026-05-28 10:07:00+00:00,65,254,15,19,21,15,57,18,254,0,62
2026-05-28 11:07:00+00:00,64,254,15,19,21,14,57,17,254,0,62
2026-05-28 12:07:00+00:00,64,254,15,19,21,14,58,17,254,0,62
2026-05-28 13:07:00+00:00,63,254,15,19,21,14,58,17,254,0,62
2026-05-28 14:07:00+00:00,63,254,15,19,21,14,59,17,254,0,62
2026-05-28 15:07:00+00:00,63,254,15,19,21,14,60,18,254,0,62
2026-05-28 16:07:00+00:00,63,254,16,20,22,15,60,19,254,0,62
2026-05-28 17:07:00+00:00,63,254,16,21,23,15,61,21,254,0,62
2026-05-28 18:07:00+00:00,63,254,18,22,25,16,62,23,254,0,62
2026-05-28 19:07:00+00:00,64,254,18,23,27,16,63,25,254,0,62
2026-05-28 20:07:00+00:00,68,254,20,3,1,16,2,22,254,84,62
2026-05-28 21:07:00+00:00,67,254,18,3,1,11,2,15,254,1,62
2026-05-28 22:07:00+00:00,67,254,17,3,2,10,2,13,254,0,62
2026-05-28 23:07:00+00:00,66,254,16,3,1,9,2,13,254,0,62
2026-05-29 00:07:00+00:00,66,254,15,4,2,10,3,13,254,0,62
2026-05-29 01:07:00+00:00,66,254,15,4,2,10,3,13,254,0,62
2026-05-29 02:07:00+00:00,66,254,15,4,2,10,4,13,254,0,62
2026-05-29 03:07:00+00:00,66,254,15,5,4,10,5,12,254,0,62
2026-05-29 04:07:00+00:00,65,254,14,5,3,10,6,12,254,0,62
2026-05-29 05:07:00+00:00,65,254,14,5,3,10,8,12,254,0,62
2026-05-29 06:07:00+00:00,65,254,14,6,4,10,8,12,254,0,62
2026-05-29 07:07:00+00:00,64,254,14,6,4,10,9,12,254,0,62
2026-05-29 08:07:00+00:00,63,254,14,7,10,10,10,12,254,0,103
2026-05-29 09:07:00+00:00,63,254,14,7,6,10,10,12,254,0,62
2026-05-29 10:07:00+00:00,62,254,14,8,7,10,10,12,254,0,62
2026-05-29 11:07:00+00:00,62,254,14,8,8,10,10,12,254,0,62
2026-05-29 12:07:00+00:00,61,254,14,9,9,10,10,12,254,0,62
2026-05-29 13:07:00+00:00,61,254,14,9,9,10,11,13,254,0,62
2026-05-29 14:07:00+00:00,61,254,14,9,10,10,11,13,254,0,62
2026-05-29 15:07:00+00:00,60,254,14,10,10,10,11,13,254,0,62
2026-05-29 16:07:00+00:00,60,254,14,10,10,11,11,14,254,0,62
2026-05-29 17:07:00+00:00,60,254,14,10,10,11,12,14,254,0,62
2026-05-29 18:07:00+00:00,61,254,15,11,11,11,13,15,254,0,62
2026-05-29 19:07:00+00:00,61,254,16,11,12,12,14,16,254,0,62
2026-05-29 20:07:00+00:00,62,254,16,12,12,12,16,16,254,0,62
2026-05-29 21:07:00+00:00,63,254,17,12,13,13,17,17,254,0,62
2026-05-29 22:07:00+00:00,64,254,18,13,14,13,19,18,254,0,62
2026-05-29 23:07:00+00:00,64,254,18,13,14,13,20,18,254,0,62
2026-05-30 00:07:00+00:00,65,254,18,13,14,13,21,18,254,0,62
2026-05-30 01:07:00+00:00,64,254,18,13,14,13,22,17,254,0,62
2026-05-30 02:07:00+00:00,64,254,18,13,14,13,23,17,254,0,62
2026-05-30 03:07:00+00:00,64,254,17,13,14,13,24,17,254,0,62
2026-05-30 04:07:00+00:00,64,254,17,14,14,13,24,16,254,0,62
2026-05-30 05:07:00+00:00,64,254,17,14,14,13,24,16,254,0,62
2026-05-30 06:07:00+00:00,63,254,17,14,14,13,24,16,254,0,62
2026-05-30 07:07:00+00:00,63,254,17,14,14,13,25,16,254,0,62
2026-05-30 08:07:00+00:00,62,254,17,13,14,13,24,16,254,0,103
2026-05-30 09:07:00+00:00,62,254,17,14,14,13,24,16,254,0,62
2026-05-30 10:07:00+00:00,62,254,17,14,14,13,25,16,254,0,62
2026-05-30 11:07:00+00:00,61,254,17,14,14,13,25,16,254,0,62
2026-05-30 12:07:00+00:00,61,254,17,14,14,13,25,16,254,0,62
2026-05-30 13:07:00+00:00,60,254,16,14,14,13,25,16,254,0,62
2026-05-30 14:07:00+00:00,60,254,17,14,14,13,25,17,254,0,62
2026-05-30 15:07:00+00:00,60,254,17,14,14,13,25,17,254,0,62
2026-05-30 16:07:00+00:00,60,254,18,14,15,14,26,18,254,0,62
2026-05-30 17:07:00+00:00,60,254,18,15,15,14,27,19,254,0,62
2026-05-30 18:07:00+00:00,60,254,20,15,16,14,28,20,254,0,62
2026-05-30 19:07:00+00:00,60,254,21,16,17,15,30,22,254,0,62
2026-05-30 20:07:00+00:00,61,254,23,16,18,16,33,24,254,0,62
2026-05-30 21:07:00+00:00,62,254,24,17,19,17,35,26,254,0,61
2026-05-30 22:07:00+00:00,62,254,26,18,20,17,37,28,254,0,61
2026-05-30 23:07:00+00:00,63,254,27,19,22,18,41,30,254,0,61
2026-05-31 00:07:00+00:00,63,254,28,20,23,18,43,30,254,0,62
2026-05-31 01:07:00+00:00,64,254,29,21,24,19,46,30,254,0,61
2026-05-31 02:07:00+00:00,64,254,29,22,24,18,49,29,254,0,62
2026-05-31 03:07:00+00:00,64,254,28,23,24,18,51,27,254,0,62
2026-05-31 04:07:00+00:00,64,254,27,23,23,18,53,26,254,0,62
2026-05-31 05:07:00+00:00,64,254,26,23,23,18,56,25,254,0,62
2026-05-31 06:07:00+00:00,63,254,25,23,23,17,57,25,254,0,62
2026-05-31 07:07:00+00:00,63,254,25,23,23,17,59,24,254,0,62
2026-05-31 08:07:00+00:00,62,254,24,23,22,17,60,24,254,0,103
2026-05-31 09:07:00+00:00,62,254,24,23,22,17,61,24,254,0,62
2026-05-31 10:07:00+00:00,62,254,24,23,22,17,62,24,254,0,62
2026-05-31 11:07:00+00:00,61,254,23,23,22,17,64,24,254,0,62
2026-05-31 12:07:00+00:00,61,254,24,23,22,17,65,24,254,0,62
2026-05-31 13:07:00+00:00,60,254,23,23,22,17,65,24,254,0,62
2026-05-31 14:07:00+00:00,60,254,24,23,22,17,65,24,254,0,62
2026-05-31 15:07:00+00:00,59,254,25,24,23,17,67,27,254,0,62
2026-05-31 16:07:00+00:00,59,254,27,25,24,18,68,29,254,0,62
2026-05-31 17:07:00+00:00,59,254,29,26,25,19,69,31,254,0,62
2026-05-31 18:07:00+00:00,60,254,31,28,27,21,70,34,254,0,61
2026-05-31 19:07:00+00:00,60,254,32,30,30,22,70,37,254,0,61
2026-05-31 20:07:00+00:00,61,254,34,33,33,24,72,42,254,0,61
2026-05-31 21:07:00+00:00,62,254,36,35,36,25,73,46,254,0,61
2026-05-31 22:07:00+00:00,63,254,38,39,40,27,75,52,254,0,61
2026-05-31 23:07:00+00:00,64,254,40,42,43,27,75,56,254,0,61
2026-06-01 00:07:00+00:00,64,254,42,45,46,28,75,60,254,0,61
2026-06-01 01:07:00+00:00,64,254,43,48,48,28,75,63,254,0,61
2026-06-01 02:07:00+00:00,65,254,44,51,51,28,77,66,254,0,61
2026-06-01 03:07:00+00:00,65,254,45,52,52,27,78,65,254,0,62
2026-06-01 04:07:00+00:00,64,254,43,52,52,26,77,61,254,0,62
2026-06-01 05:07:00+00:00,59,254,39,12,45,24,5,54,254,90,62
2026-06-01 06:07:00+00:00,60,254,26,4,3,14,4,15,254,6,62
2026-06-01 07:07:00+00:00,61,254,18,4,3,11,4,12,254,0,62
2026-06-01 08:07:00+00:00,61,254,15,5,3,9,4,11,254,0,103
2026-06-01 09:07:00+00:00,61,254,13,5,3,8,4,10,254,0,62
2026-06-01 10:07:00+00:00,60,254,12,5,3,7,4,10,254,0,62
2026-06-01 11:07:00+00:00,60,254,11,5,3,8,4,9,254,0,62
2026-06-01 12:07:00+00:00,59,254,11,5,4,8,4,9,254,0,62
2026-06-01 13:07:00+00:00,59,254,11,5,4,9,4,9,254,0,62
2026-06-01 14:07:00+00:00,59,254,11,6,4,9,4,9,254,0,61
2026-06-01 15:07:00+00:00,59,254,11,6,4,9,4,10,254,0,61
2026-06-01 16:07:00+00:00,59,254,11,6,5,9,5,10,254,0,61
2026-06-01 17:07:00+00:00,59,254,11,7,5,10,6,10,254,0,61
2026-06-01 18:07:00+00:00,59,254,11,7,7,10,6,11,254,0,61
2026-06-01 19:07:00+00:00,60,254,12,8,9,10,8,12,254,0,61
2026-06-01 20:07:00+00:00,61,254,12,9,10,11,10,13,254,0,61
2026-06-01 21:07:00+00:00,62,254,12,10,11,11,11,14,254,0,61
2026-06-01 22:07:00+00:00,63,254,13,11,12,11,12,15,254,0,61
2026-06-01 23:07:00+00:00,63,254,13,11,13,12,13,15,254,0,61
2026-06-02 00:07:00+00:00,64,254,13,11,13,12,13,15,254,0,61
2026-06-02 01:07:00+00:00,64,254,13,12,13,12,14,15,254,0,61
2026-06-02 02:07:00+00:00,64,254,13,12,13,12,14,15,254,0,61
2026-06-02 03:07:00+00:00,64,254,13,12,13,12,14,14,254,0,61
2026-06-02 04:07:00+00:00,63,254,13,12,13,12,14,14,254,0,61
2026-06-02 05:07:00+00:00,63,254,13,12,13,12,14,14,254,0,62
2026-06-02 06:07:00+00:00,63,254,13,12,13,12,14,14,254,0,62
2026-06-02 07:07:00+00:00,62,254,13,12,13,12,14,13,254,0,62
2026-06-02 08:07:00+00:00,62,254,13,12,13,12,14,13,254,0,103
2026-06-02 09:07:00+00:00,61,254,13,12,13,12,14,13,254,0,62
2026-06-02 10:07:00+00:00,61,254,13,12,13,12,14,13,254,0,62
2026-06-02 11:07:00+00:00,60,254,13,12,13,12,14,13,254,0,62
2026-06-02 12:07:00+00:00,60,254,13,12,13,12,14,13,254,0,62
2026-06-02 13:07:00+00:00,59,254,13,12,14,12,14,13,254,0,62
2026-06-02 14:07:00+00:00,58,254,13,12,13,12,14,13,254,0,61
2026-06-02 15:07:00+00:00,58,254,13,12,14,12,14,13,254,0,61
2026-06-02 16:07:00+00:00,58,254,13,12,14,12,15,14,254,0,61
2026-06-02 17:07:00+00:00,58,254,13,12,14,13,15,15,254,0,61
2026-06-02 18:07:00+00:00,59,254,14,13,15,13,16,16,254,0,61
2026-06-02 19:07:00+00:00,59,254,15,13,15,14,17,17,254,0,61
2026-06-02 20:07:00+00:00,61,254,16,14,16,15,18,19,254,0,61
2026-06-02 21:07:00+00:00,62,254,16,14,16,15,19,20,254,0,61
2026-06-02 22:07:00+00:00,63,254,17,14,17,15,20,20,254,0,61
2026-06-02 23:07:00+00:00,63,254,18,15,17,16,21,22,254,0,61
2026-06-03 00:07:00+00:00,64,254,18,15,17,16,22,21,254,0,61
2026-06-03 01:07:00+00:00,64,254,18,15,18,16,22,21,254,0,61
2026-06-03 02:07:00+00:00,64,254,19,15,18,16,23,21,254,0,61
2026-06-03 03:07:00+00:00,64,254,18,15,17,16,23,20,254,0,61
2026-06-03 04:07:00+00:00,64,254,18,15,17,15,24,19,254,0,61
2026-06-03 05:07:00+00:00,63,254,18,15,17,15,24,19,254,0,61
2026-06-03 06:07:00+00:00,63,254,18,15,17,15,24,18,254,0,62
2026-06-03 07:07:00+00:00,63,254,17,16,17,15,24,18,254,0,62
2026-06-03 08:07:00+00:00,62,254,17,15,17,15,24,18,254,0,103
2026-06-03 09:07:00+00:00,61,254,17,15,17,15,24,18,254,0,62
2026-06-03 10:07:00+00:00,61,254,17,15,17,15,24,18,254,0,62
2026-06-03 11:07:00+00:00,60,254,17,15,17,15,23,17,254,0,62
2026-06-03 12:07:00+00:00,60,254,16,15,17,15,24,17,254,0,62
2026-06-03 13:07:00+00:00,59,254,17,15,17,15,24,17,254,0,61
2026-06-03 14:07:00+00:00,59,254,17,16,17,15,24,17,254,0,61
2026-06-03 15:07:00+00:00,59,254,17,16,18,15,24,18,254,0,61
2026-06-03 16:07:00+00:00,59,254,17,16,18,15,24,19,254,0,61
2026-06-03 17:07:00+00:00,59,254,18,16,18,16,25,20,254,0,61
2026-06-03 18:07:00+00:00,59,254,19,17,19,17,26,22,254,0,61
2026-06-03 19:07:00+00:00,60,254,20,17,20,18,27,24,254,0,61
2026-06-03 20:07:00+00:00,61,254,22,18,21,19,29,27,254,0,61
2026-06-03 21:07:00+00:00,62,254,23,19,22,20,31,30,254,0,61
2026-06-03 22:07:00+00:00,62,254,25,20,24,21,32,33,254,0,61
2026-06-03 23:07:00+00:00,63,254,28,21,26,22,35,37,254,0,61
2026-06-04 00:07:00+00:00,63,254,30,22,28,23,37,40,254,0,61
2026-06-04 01:07:00+00:00,64,254,31,24,30,24,39,42,254,0,61
2026-06-04 02:07:00+00:00,64,254,32,25,32,24,42,41,254,0,61
2026-06-04 03:07:00+00:00,64,254,31,26,33,23,44,39,254,0,61
2026-06-04 04:07:00+00:00,64,254,30,26,32,23,46,37,254,0,61
2026-06-04 05:07:00+00:00,64,254,29,27,32,22,48,34,254,0,61
2026-06-04 06:07:00+00:00,64,254,28,26,31,22,50,32,254,0,61
2026-06-04 07:07:00+00:00,63,254,27,27,31,21,52,31,254,0,61
2026-06-04 08:07:00+00:00,63,254,26,27,31,21,53,30,254,0,103
2026-06-04 09:07:00+00:00,63,254,26,27,30,21,54,29,254,0,61
2026-06-04 10:07:00+00:00,62,254,26,26,30,21,55,29,254,0,61
2026-06-04 11:07:00+00:00,62,254,25,26,30,21,56,29,254,0,61
2026-06-04 12:07:00+00:00,62,254,25,26,30,21,57,28,254,0,61
2026-06-04 13:07:00+00:00,62,254,25,27,30,21,58,28,254,0,61
2026-06-04 14:07:00+00:00,61,254,26,27,30,22,59,29,254,0,61
2026-06-04 15:07:00+00:00,61,254,27,28,31,23,60,32,254,0,61
2026-06-04 16:07:00+00:00,59,254,5,5,9,22,8,16,254,138,61
2026-06-04 17:07:00+00:00,59,254,7,8,11,11,9,10,254,1,61
2026-06-04 18:07:00+00:00,60,254,11,6,4,9,6,9,254,0,61
2026-06-04 19:07:00+00:00,61,254,10,9,4,8,7,10,254,0,61
2026-06-04 20:07:00+00:00,61,254,11,8,8,9,5,10,254,0,61
2026-06-04 21:07:00+00:00,62,254,12,8,7,9,11,11,254,0,61
2026-06-04 22:07:00+00:00,62,254,12,6,5,10,5,11,254,0,61
2026-06-04 23:07:00+00:00,63,254,12,8,7,10,8,12,254,0,61
2026-06-05 00:07:00+00:00,63,254,12,9,10,10,10,13,254,0,61
2026-06-05 01:07:00+00:00,64,254,13,9,10,10,10,13,254,0,61
2026-06-05 02:07:00+00:00,64,254,12,10,10,10,10,13,254,0,61
2026-06-05 03:07:00+00:00,64,254,12,10,11,10,11,12,254,0,61
2026-06-05 04:07:00+00:00,64,254,12,10,11,10,11,12,254,0,61
2026-06-05 05:07:00+00:00,63,254,12,10,11,10,11,12,254,0,61
2026-06-05 06:07:00+00:00,63,254,12,10,11,10,11,12,254,0,61
2026-06-05 07:07:00+00:00,63,254,11,10,11,10,11,12,254,0,61
2026-06-05 08:07:00+00:00,62,254,11,10,11,10,11,11,254,0,103
2026-06-05 09:07:00+00:00,61,254,11,10,11,10,11,11,254,0,61
2026-06-05 10:07:00+00:00,61,254,11,10,11,10,11,11,254,0,61
2026-06-05 11:07:00+00:00,60,254,11,10,11,10,11,11,254,0,61
2026-06-05 12:07:00+00:00,60,254,10,10,11,10,11,11,254,0,61
2026-06-05 13:07:00+00:00,60,254,11,10,11,10,11,11,254,0,61
2026-06-05 14:07:00+00:00,59,254,11,11,12,10,12,11,254,0,61
2026-06-05 15:07:00+00:00,59,254,10,11,12,10,12,11,254,0,61
2026-06-05 16:07:00+00:00,59,254,12,11,12,11,12,12,254,0,61
2026-06-05 17:07:00+00:00,59,254,12,11,12,11,13,13,254,0,61
2026-06-05 18:07:00+00:00,59,254,12,11,13,11,13,13,254,0,61
2026-06-05 19:07:00+00:00,60,254,13,12,13,11,14,14,254,0,61
2026-06-05 20:08:00+00:00,61,254,12,12,14,12,15,16,254,0,61
2026-06-05 21:08:00+00:00,62,254,13,12,14,12,16,17,254,0,61
2026-06-05 22:08:00+00:00,63,254,13,13,15,13,17,19,254,0,61
2026-06-05 23:08:00+00:00,64,254,13,13,15,13,18,20,254,0,61
2026-06-06 00:08:00+00:00,65,254,14,13,16,13,19,21,254,0,61
2026-06-06 01:08:00+00:00,65,254,15,14,16,13,20,22,254,0,61
2026-06-06 02:08:00+00:00,65,254,15,14,16,13,20,21,254,0,61
2026-06-06 03:08:00+00:00,65,254,15,14,16,13,21,20,254,0,61
2026-06-06 04:08:00+00:00,65,254,14,14,16,13,21,19,254,0,61
2026-06-06 05:08:00+00:00,65,254,14,14,16,13,21,19,254,0,61
2026-06-06 06:08:00+00:00,64,254,14,14,16,13,21,18,254,0,61
2026-06-06 07:08:00+00:00,64,254,14,14,16,13,21,17,254,0,61
2026-06-06 08:08:00+00:00,64,254,13,14,16,13,21,17,254,0,103
2026-06-06 09:08:00+00:00,63,254,13,14,16,13,21,17,254,0,61
2026-06-06 10:08:00+00:00,63,254,13,14,16,13,21,17,254,0,61
2026-06-06 11:08:00+00:00,62,254,13,14,16,12,21,17,254,0,61
2026-06-06 12:08:00+00:00,62,254,13,14,16,12,21,17,254,0,61
2026-06-06 13:08:00+00:00,62,254,13,14,16,12,21,16,254,0,61
2026-06-06 14:08:00+00:00,61,254,13,14,16,13,21,17,254,0,61
2026-06-06 15:08:00+00:00,61,254,14,14,16,13,21,17,254,0,61
2026-06-06 16:08:00+00:00,61,254,14,14,17,13,22,18,254,0,61
2026-06-06 17:08:00+00:00,61,254,15,15,17,14,22,20,254,0,61
2026-06-06 18:08:00+00:00,61,254,16,15,18,14,23,22,254,0,61
2026-06-06 19:08:00+00:00,61,254,16,16,19,15,25,24,254,0,61
2026-06-06 20:08:00+00:00,62,254,17,16,19,16,26,26,254,0,61
2026-06-06 21:08:00+00:00,62,254,18,17,20,16,28,28,254,0,61
2026-06-06 22:08:00+00:00,63,254,20,18,22,17,30,31,254,0,61
2026-06-06 23:08:00+00:00,63,254,21,19,23,18,32,33,254,0,61
2026-06-07 00:08:00+00:00,63,254,22,19,24,18,34,34,254,0,61
2026-06-07 01:08:00+00:00,63,254,23,20,25,18,36,35,254,0,61
2026-06-07 02:08:00+00:00,63,254,24,21,26,18,38,34,254,0,61
2026-06-07 03:08:00+00:00,63,254,23,21,26,18,40,32,254,0,61
2026-06-07 04:08:00+00:00,63,254,22,21,25,18,42,30,254,0,61
2026-06-07 05:08:00+00:00,63,254,22,21,25,17,43,28,254,0,61
2026-06-07 06:08:00+00:00,63,254,21,21,25,17,45,27,254,0,61
2026-06-07 07:08:00+00:00,62,254,20,21,25,17,45,26,254,0,61
2026-06-07 08:08:00+00:00,62,254,20,21,24,17,47,25,254,0,103
2026-06-07 09:08:00+00:00,62,254,20,21,24,17,48,25,254,0,61
2026-06-07 10:08:00+00:00,61,254,19,21,24,17,49,25,254,0,61
2026-06-07 11:08:00+00:00,61,254,19,21,24,17,50,24,254,0,61
2026-06-07 12:08:00+00:00,60,254,19,21,24,16,49,24,254,0,61
2026-06-07 13:08:00+00:00,60,254,18,21,24,16,50,24,254,0,61
2026-06-07 14:08:00+00:00,60,254,19,22,24,17,51,24,254,0,61
2026-06-07 15:08:00+00:00,59,254,19,22,25,17,52,25,254,0,61
2026-06-07 16:08:00+00:00,59,254,20,23,26,18,52,28,254,0,61
2026-06-07 17:08:00+00:00,59,254,21,23,27,19,53,31,254,0,61
2026-06-07 18:08:00+00:00,59,254,23,25,28,21,55,35,254,0,61
2026-06-07 19:08:00+00:00,60,254,25,26,30,23,56,40,254,0,61
2026-06-07 20:08:00+00:00,60,254,26,28,33,25,58,45,254,0,61
2026-06-07 21:08:00+00:00,61,254,29,30,36,28,60,51,254,0,61
2026-06-07 22:08:00+00:00,61,254,31,32,39,29,62,58,254,0,61
2026-06-07 23:08:00+00:00,62,254,33,34,42,31,64,63,254,0,61
2026-06-08 00:08:00+00:00,62,254,34,37,45,31,65,67,254,0,61
2026-06-08 01:08:00+00:00,63,254,35,39,48,31,68,71,254,0,61
2026-06-08 02:08:00+00:00,63,254,35,42,51,30,70,71,254,0,61
2026-06-08 03:08:00+00:00,63,254,33,43,52,29,71,69,254,0,61
2026-06-08 04:08:00+00:00,62,254,31,43,52,27,71,64,254,0,61
2026-06-08 05:08:00+00:00,62,254,30,44,52,26,72,60,254,0,61
2026-06-08 06:08:00+00:00,62,254,29,44,52,25,73,57,254,0,61
2026-06-08 07:08:00+00:00,61,254,28,43,52,25,74,54,254,0,61
2026-06-08 08:08:00+00:00,61,254,27,43,52,24,75,51,254,0,103
2026-06-08 09:08:00+00:00,61,254,27,43,52,24,76,48,254,0,61
2026-06-08 10:08:00+00:00,60,254,26,43,51,23,75,45,254,0,61
2026-06-08 11:08:00+00:00,60,254,25,43,50,23,76,43,254,0,61
2026-06-08 12:08:00+00:00,59,254,25,43,50,22,77,42,254,0,61
2026-06-08 13:08:00+00:00,59,254,25,43,50,22,77,41,254,0,61
2026-06-08 14:08:00+00:00,53,254,4,9,5,12,6,14,254,124,61
2026-06-08 15:08:00+00:00,55,254,3,6,5,9,6,9,254,0,61
2026-06-08 16:08:00+00:00,56,254,8,6,5,6,7,3,254,0,61
2026-06-08 17:08:00+00:00,56,254,10,6,5,6,10,3,254,0,61
2026-06-08 18:08:00+00:00,57,254,9,7,5,7,10,4,254,0,61
2026-06-08 19:08:00+00:00,57,254,9,7,5,7,9,5,254,0,61
2026-06-08 20:08:00+00:00,58,254,10,7,5,8,6,6,254,0,61
2026-06-08 21:08:00+00:00,58,254,9,7,6,9,6,9,254,0,61
2026-06-08 22:08:00+00:00,59,254,9,9,7,9,6,10,254,0,61
2026-06-08 23:08:00+00:00,60,254,10,7,8,9,7,10,254,0,61
2026-06-09 00:08:00+00:00,60,254,9,8,9,9,8,11,254,0,61
2026-06-09 01:08:00+00:00,61,254,9,8,10,9,9,11,254,0,61
2026-06-09 02:08:00+00:00,61,254,9,9,10,10,9,11,254,0,61
2026-06-09 03:08:00+00:00,61,254,9,9,10,10,10,11,254,0,61
2026-06-09 04:08:00+00:00,61,254,9,9,12,10,10,11,254,0,61
2026-06-09 05:08:00+00:00,61,254,9,9,11,10,10,11,254,0,61
2026-06-09 06:08:00+00:00,61,254,9,10,13,10,10,11,254,3,61
2026-06-09 07:08:00+00:00,60,254,9,9,11,10,10,10,254,3,61
2026-06-09 08:08:00+00:00,60,254,9,9,12,10,10,10,254,0,103
2026-06-09 09:08:00+00:00,60,254,9,9,11,12,10,10,254,0,61
2026-06-09 10:08:00+00:00,60,254,9,10,11,10,10,10,254,0,61
2026-06-09 11:08:00+00:00,60,254,9,10,10,10,10,10,254,0,61
2026-06-09 12:08:00+00:00,60,254,9,10,11,10,10,10,254,0,61
2026-06-09 13:08:00+00:00,59,254,9,10,11,10,10,10,254,3,61
2026-06-09 14:08:00+00:00,59,254,9,10,10,10,10,11,254,2,61
2026-06-09 15:08:00+00:00,59,254,10,10,10,10,9,11,254,0,61
2026-06-09 16:08:00+00:00,59,254,10,10,10,10,9,11,254,0,61
2026-06-09 17:08:00+00:00,59,254,10,10,10,10,9,11,254,0,61
2026-06-09 18:08:00+00:00,60,254,10,10,10,10,10,11,254,0,61
2026-06-09 19:08:00+00:00,60,254,10,10,11,11,10,12,254,0,61
2026-06-09 20:08:00+00:00,61,254,11,10,11,11,11,13,254,0,61
2026-06-09 21:08:00+00:00,61,254,11,11,12,11,12,14,254,0,61
2026-06-09 22:08:00+00:00,62,254,12,11,13,12,13,15,254,0,61
2026-06-09 23:08:00+00:00,62,254,12,11,13,12,13,17,254,0,61
2026-06-10 00:08:00+00:00,62,254,13,12,14,12,14,17,254,0,61
2026-06-10 01:08:00+00:00,62,254,13,12,14,12,14,18,254,0,61
2026-06-10 02:08:00+00:00,62,254,13,12,14,13,15,18,254,0,61
2026-06-10 03:08:00+00:00,62,254,13,12,14,13,15,17,254,0,61
2026-06-10 04:08:00+00:00,61,254,13,12,14,12,15,17,254,0,61
2026-06-10 05:08:00+00:00,61,254,13,12,14,12,15,16,254,0,61
2026-06-10 06:08:00+00:00,61,254,13,12,14,12,15,16,254,0,61
2026-06-10 07:08:00+00:00,60,254,12,12,14,12,15,16,254,0,61
2026-06-10 08:08:00+00:00,60,254,12,12,14,12,15,15,254,0,103
2026-06-10 09:08:00+00:00,60,254,12,12,14,12,15,15,254,0,61
2026-06-10 10:08:00+00:00,59,254,12,12,14,12,15,15,254,0,61
2026-06-10 11:08:00+00:00,59,254,12,12,14,12,15,15,254,0,61
2026-06-10 12:08:00+00:00,58,254,12,12,14,12,15,15,254,0,61
2026-06-10 13:08:00+00:00,58,254,12,12,14,12,15,15,254,0,61
2026-06-10 14:08:00+00:00,58,254,12,12,14,12,15,15,254,0,61
2026-06-10 15:08:00+00:00,57,254,12,12,14,12,15,15,254,0,61
2026-06-10 16:08:00+00:00,57,254,13,12,15,12,15,15,254,0,61
2026-06-10 17:08:00+00:00,57,254,13,13,15,13,16,16,254,0,61
2026-06-10 18:08:00+00:00,58,254,13,13,16,13,17,17,254,0,61
2026-06-10 19:08:00+00:00,58,254,14,13,16,14,17,18,254,0,61
2026-06-10 20:08:00+00:00,58,254,15,14,17,14,18,20,254,0,61
2026-06-10 21:08:00+00:00,59,254,16,14,18,15,19,22,254,0,61
2026-06-10 22:08:00+00:00,59,254,16,14,18,16,20,24,254,0,61
2026-06-10 23:08:00+00:00,60,254,17,15,19,16,21,26,254,0,61
2026-06-11 00:08:00+00:00,60,254,18,15,19,17,22,28,254,0,61
2026-06-11 01:08:00+00:00,60,254,19,15,20,17,23,28,254,0,61
2026-06-11 02:08:00+00:00,60,254,19,15,20,17,24,28,254,0,61
2026-06-11 03:08:00+00:00,59,254,18,16,20,16,24,26,254,0,61
2026-06-11 04:08:00+00:00,59,254,18,15,20,16,25,25,254,0,61
2026-06-11 05:08:00+00:00,59,254,18,16,20,16,25,24,254,0,61
2026-06-11 06:08:00+00:00,59,254,17,16,20,16,25,23,254,0,61
2026-06-11 07:08:00+00:00,58,254,17,15,19,15,25,22,254,0,61
2026-06-11 08:08:00+00:00,58,254,16,15,19,15,25,22,254,0,103
2026-06-11 09:08:00+00:00,58,254,16,15,19,15,25,21,254,0,61
2026-06-11 10:08:00+00:00,57,254,16,15,19,15,25,21,254,0,61
2026-06-11 11:08:00+00:00,57,254,16,15,19,15,25,21,254,0,61
2026-06-11 12:08:00+00:00,56,254,16,15,19,15,25,20,254,0,61
2026-06-11 13:08:00+00:00,56,254,16,15,19,15,25,20,254,0,61
2026-06-11 14:08:00+00:00,56,254,16,15,19,15,25,20,254,0,61
2026-06-11 15:08:00+00:00,55,254,16,15,19,15,25,20,254,0,61
2026-06-11 16:08:00+00:00,55,254,16,16,20,15,25,21,254,0,61
2026-06-11 17:08:00+00:00,55,254,16,16,20,16,25,22,254,0,61
2026-06-11 18:08:00+00:00,56,254,17,16,21,17,26,24,254,0,61
2026-06-11 19:08:00+00:00,56,254,18,17,22,17,27,26,254,0,61
2026-06-11 20:08:00+00:00,57,254,19,17,23,18,28,29,254,0,61
2026-06-11 21:08:00+00:00,58,254,21,18,24,20,30,33,254,0,61
2026-06-11 22:08:00+00:00,59,254,22,19,26,21,32,37,254,0,61
2026-06-11 23:08:00+00:00,60,254,24,19,27,22,33,41,254,0,61
2026-06-12 00:08:00+00:00,60,254,25,20,28,22,34,44,254,0,61
2026-06-12 01:08:00+00:00,61,254,25,20,30,23,37,45,254,0,61
2026-06-12 02:08:00+00:00,61,254,25,21,31,22,38,44,254,0,61
2026-06-12 03:08:00+00:00,62,254,24,21,30,21,39,41,254,0,61
2026-06-12 04:08:00+00:00,61,254,23,21,30,21,40,38,254,0,61
2026-06-12 05:08:00+00:00,61,254,22,20,30,20,41,36,254,0,61
2026-06-12 06:08:00+00:00,61,254,22,20,29,20,42,34,254,0,61
2026-06-12 07:08:00+00:00,61,254,21,20,29,20,43,32,254,0,61
2026-06-12 08:08:00+00:00,60,254,21,20,28,19,43,31,254,0,103
2026-06-12 09:08:00+00:00,60,254,20,20,28,19,44,30,254,0,61
2026-06-12 10:08:00+00:00,59,254,20,20,28,19,45,29,254,0,61
2026-06-12 11:08:00+00:00,54,254,19,14,27,18,5,27,254,60,61
2026-06-12 12:08:00+00:00,53,254,3,6,5,2,6,6,254,81,61
2026-06-12 13:08:00+00:00,54,254,9,9,5,2,11,2,254,0,61
2026-06-12 14:08:00+00:00,54,254,9,7,6,3,10,2,254,0,61
2026-06-12 15:08:00+00:00,55,254,6,9,6,3,6,3,254,0,61
2026-06-12 16:08:00+00:00,55,254,4,7,6,3,6,3,254,0,61
2026-06-12 17:08:00+00:00,56,254,6,7,6,3,11,3,254,0,61
2026-06-12 18:08:00+00:00,56,254,8,7,10,3,6,4,254,0,61
2026-06-12 19:08:00+00:00,57,254,5,7,11,4,6,5,254,0,61
2026-06-12 20:08:00+00:00,58,254,6,8,10,4,10,7,254,0,61
2026-06-12 21:08:00+00:00,59,254,10,8,12,4,7,9,254,0,61
2026-06-12 22:08:00+00:00,60,254,10,9,12,5,7,10,254,0,61
2026-06-12 23:08:00+00:00,61,254,9,9,12,5,8,12,254,0,61
2026-06-13 00:08:00+00:00,62,254,9,10,11,6,10,12,254,0,61
2026-06-13 01:08:00+00:00,62,254,10,10,12,7,10,13,254,0,61
2026-06-13 02:08:00+00:00,62,254,10,10,12,7,10,13,254,0,61
2026-06-13 03:08:00+00:00,62,254,10,10,12,7,11,13,254,0,61
2026-06-13 04:08:00+00:00,62,254,10,10,12,8,11,12,254,0,61
2026-06-13 05:08:00+00:00,62,254,10,10,12,8,11,12,254,0,61
2026-06-13 06:08:00+00:00,62,254,10,10,12,8,11,12,254,0,61
2026-06-13 07:08:00+00:00,61,254,10,10,12,9,11,12,254,0,61
2026-06-13 08:08:00+00:00,61,254,10,10,12,9,11,12,254,0,103
2026-06-13 09:08:00+00:00,61,254,10,11,13,9,11,12,254,0,61
2026-06-13 10:08:00+00:00,60,254,10,10,12,9,11,12,254,0,61
2026-06-13 11:08:00+00:00,60,254,10,11,13,9,11,12,254,0,61
2026-06-13 12:08:00+00:00,60,254,10,11,13,9,12,12,254,0,61
2026-06-13 13:08:00+00:00,59,254,10,11,13,10,13,12,254,0,61
2026-06-13 14:08:00+00:00,59,254,10,11,13,10,12,12,254,0,61
2026-06-13 15:08:00+00:00,59,254,10,11,13,10,12,12,254,0,61
2026-06-13 16:08:00+00:00,59,254,11,11,14,10,13,13,254,0,61
2026-06-13 17:08:00+00:00,59,254,11,12,14,10,14,13,254,0,61
2026-06-13 18:08:00+00:00,60,254,11,12,15,11,14,14,254,0,61
2026-06-13 19:08:00+00:00,60,254,12,12,15,11,15,15,254,0,61
2026-06-13 20:08:00+00:00,61,254,13,13,16,12,16,17,254,0,61
2026-06-13 21:08:00+00:00,62,254,13,13,17,12,17,18,254,0,61
2026-06-13 22:08:00+00:00,63,254,14,14,18,13,17,20,254,0,61
2026-06-13 23:08:00+00:00,63,254,15,14,18,13,18,21,254,0,61
2026-06-14 00:08:00+00:00,64,254,16,14,19,14,19,22,254,0,61
2026-06-14 01:08:00+00:00,64,254,16,15,19,14,19,22,254,0,61
2026-06-14 02:08:00+00:00,64,254,16,15,20,14,20,21,254,0,61
2026-06-14 03:08:00+00:00,64,254,16,15,20,14,20,21,254,0,61
2026-06-14 04:08:00+00:00,64,254,15,15,19,13,20,20,254,0,61
2026-06-14 05:08:00+00:00,63,254,15,15,19,13,20,19,254,0,61
2026-06-14 06:08:00+00:00,63,254,15,15,19,13,20,19,254,0,61
2026-06-14 07:08:00+00:00,63,254,15,15,19,13,20,18,254,0,61
2026-06-14 08:08:00+00:00,62,254,14,14,19,13,20,18,254,0,103
2026-06-14 09:08:00+00:00,62,254,14,14,19,13,20,18,254,0,61
2026-06-14 10:08:00+00:00,61,254,14,14,19,13,20,17,254,0,61
2026-06-14 11:08:00+00:00,61,254,14,14,19,13,20,17,254,0,61
2026-06-14 12:08:00+00:00,61,254,14,14,19,13,20,17,254,0,61
2026-06-14 13:08:00+00:00,60,254,14,14,18,13,20,17,254,0,61
2026-06-14 14:08:00+00:00,60,254,14,14,18,13,20,17,254,0,61
2026-06-14 15:08:00+00:00,60,254,14,14,19,13,20,17,254,0,61
2026-06-14 16:08:00+00:00,60,254,14,15,19,13,21,18,254,0,61
2026-06-14 17:08:00+00:00,61,254,15,15,20,14,21,20,254,0,61
2026-06-14 18:08:00+00:00,61,254,16,16,21,14,22,21,254,0,61
2026-06-14 19:08:00+00:00,62,254,16,16,21,15,23,23,254,0,61
2026-06-14 20:08:00+00:00,63,254,18,17,23,16,24,26,254,0,61
2026-06-14 21:08:00+00:00,64,254,19,18,24,16,26,28,254,0,61
2026-06-14 22:08:00+00:00,65,254,21,18,25,17,27,31,254,0,61
2026-06-14 23:08:00+00:00,65,254,22,19,27,18,28,33,254,0,61
2026-06-15 00:08:00+00:00,66,254,23,20,29,18,30,35,254,0,61
2026-06-15 01:08:00+00:00,66,254,24,20,30,18,31,35,254,0,61
2026-06-15 02:08:00+00:00,66,254,24,21,32,18,33,34,254,0,61
2026-06-15 03:08:00+00:00,66,254,23,21,32,18,34,32,254,0,61
2026-06-15 04:08:00+00:00,66,254,22,21,32,17,36,30,254,0,61
2026-06-15 05:08:00+00:00,65,254,21,21,31,17,37,28,254,0,61
2026-06-15 06:08:00+00:00,65,254,21,21,31,17,38,27,254,0,61
2026-06-15 07:08:00+00:00,65,254,20,21,30,16,38,26,254,0,61
2026-06-15 08:08:00+00:00,64,254,20,21,30,16,38,25,254,0,103
2026-06-15 09:08:00+00:00,63,254,19,21,29,16,39,25,254,0,61
2026-06-15 10:08:00+00:00,63,254,19,21,29,16,39,24,254,0,61
2026-06-15 11:08:00+00:00,62,254,19,20,29,16,39,24,254,0,61
2026-06-15 12:08:00+00:00,62,254,18,20,28,16,39,23,254,0,61
2026-06-15 13:08:00+00:00,62,254,18,20,28,16,39,23,254,0,61
2026-06-15 14:08:00+00:00,61,254,18,20,29,16,40,23,254,0,61
2026-06-15 15:08:00+00:00,61,254,18,21,29,16,40,24,254,0,61
2026-06-15 16:08:00+00:00,61,254,19,21,30,16,40,25,254,0,61
2026-06-15 17:08:00+00:00,62,254,20,22,31,17,41,27,254,0,61
2026-06-15 18:08:00+00:00,63,254,21,23,33,18,43,30,254,0,61
2026-06-15 19:08:00+00:00,63,254,23,24,35,19,44,34,254,0,61
2026-06-15 20:08:00+00:00,64,254,25,25,37,21,45,39,254,0,61
2026-06-15 21:08:00+00:00,65,254,27,27,41,23,47,45,254,0,61
2026-06-15 22:08:00+00:00,66,254,29,29,43,24,49,50,254,0,61
2026-06-15 23:08:00+00:00,67,254,32,32,47,26,51,56,254,0,61
2026-06-16 00:08:00+00:00,67,254,33,33,50,28,53,61,254,0,61
2026-06-16 01:08:00+00:00,67,254,34,36,52,28,55,64,254,0,61
2026-06-16 02:08:00+00:00,68,254,35,38,56,28,59,65,254,0,61
2026-06-16 03:08:00+00:00,67,254,33,39,56,26,60,61,254,0,61
2026-06-16 04:08:00+00:00,67,254,31,40,58,25,61,57,254,0,61
2026-06-16 05:08:00+00:00,67,254,30,40,59,24,63,53,254,0,61
2026-06-16 06:08:00+00:00,67,254,29,40,59,24,65,49,254,0,61
2026-06-16 07:08:00+00:00,66,254,27,39,59,23,65,45,254,0,61
2026-06-16 08:08:00+00:00,66,254,26,39,59,22,67,43,254,0,103
2026-06-16 09:08:00+00:00,65,254,26,39,59,22,68,41,254,0,61
2026-06-16 10:08:00+00:00,65,254,25,39,59,22,69,39,254,0,61
2026-06-16 11:08:00+00:00,64,254,24,38,58,21,69,37,254,0,61
2026-06-16 12:08:00+00:00,64,254,24,38,58,21,70,36,254,0,61
2026-06-16 13:08:00+00:00,63,254,24,38,58,21,71,35,254,0,61
2026-06-16 14:08:00+00:00,63,254,24,38,58,21,72,35,254,0,61
2026-06-16 15:08:00+00:00,63,254,23,38,58,21,73,34,254,0,61
2026-06-16 16:08:00+00:00,63,254,24,39,58,22,73,36,254,0,61
2026-06-16 17:08:00+00:00,64,254,26,41,60,24,74,40,254,0,61
2026-06-16 18:08:00+00:00,64,254,29,43,61,28,75,46,254,0,61
2026-06-16 19:08:00+00:00,65,254,32,47,63,32,77,56,254,0,61
2026-06-16 20:08:00+00:00,66,254,35,49,64,35,77,64,254,0,61
2026-06-16 21:08:00+00:00,67,254,38,52,66,39,79,71,254,0,61
2026-06-16 22:08:00+00:00,67,254,40,54,67,42,79,77,254,0,61
2026-06-16 23:08:00+00:00,68,254,42,57,69,46,81,83,254,0,61
2026-06-17 00:08:00+00:00,69,254,44,59,69,50,81,87,254,0,61
2026-06-17 01:08:00+00:00,69,254,46,60,69,53,82,89,254,0,61
2026-06-17 02:08:00+00:00,69,254,47,61,70,55,82,90,254,0,61
2026-06-17 03:08:00+00:00,69,254,47,62,70,57,82,91,254,0,61
2026-06-17 04:08:00+00:00,69,254,45,63,70,55,82,92,254,0,61
2026-06-17 05:08:00+00:00,69,254,43,64,71,51,83,92,254,0,61
2026-06-17 06:08:00+00:00,69,254,41,64,71,48,83,91,254,0,61
2026-06-17 07:08:00+00:00,65,254,3,5,10,43,4,43,254,150,61
2026-06-17 08:08:00+00:00,66,254,10,5,11,10,4,10,254,0,103
2026-06-17 09:08:00+00:00,66,254,3,5,10,5,4,2,254,0,61
2026-06-17 10:08:00+00:00,66,254,3,5,6,5,5,2,254,0,61
2026-06-17 11:08:00+00:00,66,254,3,6,8,5,5,2,254,0,61
2026-06-17 12:08:00+00:00,65,254,4,6,12,5,5,2,254,0,61
2026-06-17 13:08:00+00:00,65,254,4,6,8,6,5,2,254,0,61
2026-06-17 14:08:00+00:00,64,254,5,6,10,6,5,3,254,0,61
2026-06-17 15:08:00+00:00,64,254,5,6,13,6,5,3,254,0,61
2026-06-17 16:08:00+00:00,64,254,6,7,9,7,5,4,254,0,61
2026-06-17 17:08:00+00:00,64,254,6,7,14,8,5,5,254,0,61
2026-06-17 18:08:00+00:00,65,254,7,9,10,9,6,9,254,0,61
2026-06-17 19:08:00+00:00,65,254,8,10,12,10,9,10,254,0,61
2026-06-17 20:08:00+00:00,65,254,9,10,12,10,10,12,254,0,61
2026-06-17 21:08:00+00:00,66,254,10,11,13,11,11,13,254,0,61
2026-06-17 22:08:00+00:00,66,254,10,11,13,11,12,15,254,0,61
2026-06-17 23:08:00+00:00,66,254,11,12,14,12,13,17,254,0,61
2026-06-18 00:08:00+00:00,66,254,11,12,15,12,13,18,254,0,61
2026-06-18 01:08:00+00:00,66,254,12,13,15,12,14,19,254,0,61
2026-06-18 02:08:00+00:00,66,254,12,12,15,12,14,19,254,0,61
2026-06-18 03:08:00+00:00,66,254,12,12,15,12,14,18,254,0,61
2026-06-18 04:08:00+00:00,65,254,11,12,15,12,14,17,254,0,61
2026-06-18 05:08:00+00:00,65,254,11,12,15,12,14,17,254,0,61
2026-06-18 06:08:00+00:00,65,254,11,13,16,12,14,17,254,0,61
2026-06-18 07:08:00+00:00,64,254,11,12,15,12,14,16,254,0,61
2026-06-18 08:08:00+00:00,64,254,11,12,15,12,14,16,254,0,103
2026-06-18 09:08:00+00:00,64,254,11,12,15,12,14,16,254,0,61
2026-06-18 10:08:00+00:00,63,254,11,12,15,12,14,16,254,0,61
2026-06-18 11:08:00+00:00,63,254,11,12,15,12,14,15,254,0,61
2026-06-18 12:08:00+00:00,62,254,11,12,15,12,14,15,254,0,61
2026-06-18 13:08:00+00:00,62,254,11,12,15,12,14,15,254,0,61
2026-06-18 14:08:00+00:00,62,254,11,12,15,12,14,15,254,0,61
2026-06-18 15:08:00+00:00,61,254,11,12,15,12,15,15,254,0,61
2026-06-18 16:08:00+00:00,62,254,11,13,15,12,15,15,254,0,61
2026-06-18 17:08:00+00:00,62,254,12,13,16,12,16,16,254,0,61
2026-06-18 18:08:00+00:00,63,254,12,14,17,13,17,18,254,0,61
2026-06-18 19:08:00+00:00,63,254,13,14,17,14,17,19,254,0,61
2026-06-18 20:08:00+00:00,64,254,13,14,18,14,18,20,254,0,61
2026-06-18 21:08:00+00:00,65,254,14,15,19,15,19,23,254,0,61
2026-06-18 22:08:00+00:00,66,254,15,16,20,16,20,25,254,0,61
2026-06-18 23:08:00+00:00,66,254,15,16,20,17,20,27,254,0,61
2026-06-19 00:08:00+00:00,66,254,16,16,21,17,21,28,254,0,61
2026-06-19 01:08:00+00:00,66,254,16,17,21,17,21,29,254,0,61
2026-06-19 02:08:00+00:00,66,254,16,17,22,17,22,29,254,0,61
2026-06-19 03:08:00+00:00,66,254,16,17,22,17,22,27,254,0,61
2026-06-19 04:08:00+00:00,66,254,15,17,21,16,22,26,254,0,61
2026-06-19 05:08:00+00:00,66,254,15,17,21,16,22,25,254,0,61
2026-06-19 06:08:00+00:00,65,254,15,17,21,16,22,24,254,0,61
2026-06-19 07:08:00+00:00,65,254,15,17,21,16,22,23,254,0,61
2026-06-19 08:08:00+00:00,64,254,14,17,21,15,22,22,254,0,103
2026-06-19 09:08:00+00:00,64,254,14,17,21,15,22,22,254,0,61
2026-06-19 10:08:00+00:00,64,254,14,17,21,15,22,22,254,0,61
2026-06-19 11:08:00+00:00,63,254,14,17,21,15,22,21,254,0,61
2026-06-19 12:08:00+00:00,63,254,14,17,21,15,22,21,254,0,61
2026-06-19 13:08:00+00:00,62,254,14,17,21,15,22,21,254,0,61
2026-06-19 14:08:00+00:00,62,254,14,17,21,15,22,20,254,0,61
2026-06-19 15:08:00+00:00,61,254,14,17,21,15,22,20,254,0,61
2026-06-19 16:08:00+00:00,62,254,14,17,21,15,23,21,254,0,61
2026-06-19 17:08:00+00:00,62,254,15,17,22,16,23,22,254,0,61
2026-06-19 18:08:00+00:00,63,254,16,18,23,17,24,23,254,0,61
2026-06-19 19:08:00+00:00,64,254,16,19,24,17,25,25,254,0,61
2026-06-19 20:08:00+00:00,64,254,17,19,25,18,26,27,254,0,61
2026-06-19 21:08:00+00:00,65,254,17,21,26,19,27,30,254,0,61
2026-06-19 22:08:00+00:00,66,254,18,21,27,19,28,31,254,0,61
2026-06-19 23:08:00+00:00,66,254,19,22,28,20,29,33,254,0,61
2026-06-20 00:08:00+00:00,67,254,19,23,29,20,30,33,254,0,61
2026-06-20 01:08:00+00:00,67,254,18,23,29,19,31,32,254,0,61
2026-06-20 02:08:00+00:00,67,254,18,24,29,19,32,31,254,0,61
2026-06-20 03:08:00+00:00,67,254,18,24,29,19,32,31,254,0,61
2026-06-20 04:08:00+00:00,67,254,18,24,29,18,33,30,254,0,61
2026-06-20 05:08:00+00:00,67,254,17,24,29,18,33,29,254,0,61
2026-06-20 06:08:00+00:00,67,254,17,24,28,18,34,28,254,0,61
2026-06-20 07:08:00+00:00,67,254,17,24,28,18,34,28,254,0,61
2026-06-20 08:08:00+00:00,66,254,17,23,28,18,34,27,254,0,103
2026-06-20 09:08:00+00:00,66,254,17,23,28,17,34,26,254,0,61
2026-06-20 10:08:00+00:00,66,254,17,23,27,17,34,26,254,0,61
2026-06-20 11:08:00+00:00,66,254,16,23,27,17,34,26,254,0,61
2026-06-20 12:08:00+00:00,66,254,16,23,27,17,35,25,254,0,61
2026-06-20 13:08:00+00:00,66,254,16,23,27,17,35,25,254,0,61
2026-06-20 14:08:00+00:00,66,254,16,23,27,17,35,25,254,0,61
2026-06-20 15:08:00+00:00,66,254,16,23,27,17,35,25,254,0,61
2026-06-20 16:08:00+00:00,65,254,17,24,28,18,36,25,254,0,61
2026-06-20 17:08:00+00:00,65,254,17,25,29,18,36,26,254,0,61
2026-06-20 18:08:00+00:00,65,254,18,26,30,19,37,27,254,0,61
2026-06-20 19:08:00+00:00,66,254,18,27,31,20,38,29,254,0,61
2026-06-20 20:08:00+00:00,66,254,19,29,33,21,39,32,254,0,61
2026-06-20 21:08:00+00:00,66,254,20,31,35,22,40,34,254,0,61
2026-06-20 22:08:00+00:00,67,254,21,33,37,23,42,38,254,0,61
2026-06-20 23:08:00+00:00,67,254,22,35,39,24,44,40,254,0,61
2026-06-21 00:08:00+00:00,67,254,22,37,41,24,45,41,254,0,61
2026-06-21 01:08:00+00:00,67,254,22,39,43,24,47,42,254,0,61
2026-06-21 02:08:00+00:00,67,254,22,41,44,24,48,42,254,0,61
2026-06-21 03:08:00+00:00,67,254,21,42,45,23,50,41,254,0,61
2026-06-21 04:08:00+00:00,67,254,21,43,46,22,51,39,254,0,61
2026-06-21 05:08:00+00:00,67,254,21,44,46,22,52,37,254,0,61
2026-06-21 06:08:00+00:00,67,254,20,44,47,22,54,36,254,0,61
2026-06-21 07:08:00+00:00,66,254,20,43,46,21,54,35,254,0,61
2026-06-21 08:08:00+00:00,66,254,20,43,46,21,55,34,254,0,103
2026-06-21 09:08:00+00:00,66,254,19,43,45,20,56,33,254,0,61
2026-06-21 10:08:00+00:00,66,254,19,43,45,20,57,32,254,0,61
2026-06-21 11:08:00+00:00,59,254,7,9,11,19,5,15,254,135,61
2026-06-21 12:08:00+00:00,60,254,3,10,5,2,5,2,254,16,61
2026-06-21 13:08:00+00:00,61,254,3,8,5,2,5,2,254,0,61
2026-06-21 14:08:00+00:00,61,254,4,7,5,2,5,2,254,1,61
2026-06-21 15:08:00+00:00,61,254,5,7,5,3,5,2,254,0,61
2026-06-21 16:08:00+00:00,62,254,5,9,5,3,5,2,254,0,61
2026-06-21 17:08:00+00:00,63,254,5,10,5,3,6,3,254,0,61
2026-06-21 18:08:00+00:00,64,254,5,11,5,3,5,3,254,0,61
2026-06-21 19:08:00+00:00,64,254,5,11,10,3,6,4,254,0,61
2026-06-21 20:08:00+00:00,65,254,6,11,7,4,6,7,254,0,61
2026-06-21 21:08:00+00:00,66,254,7,10,10,4,6,10,254,0,61
2026-06-21 22:08:00+00:00,66,254,6,10,10,5,7,10,254,0,61
2026-06-21 23:08:00+00:00,67,254,8,11,11,6,10,11,254,0,61
2026-06-22 00:08:00+00:00,67,254,10,11,12,8,12,12,254,0,61
2026-06-22 01:08:00+00:00,67,254,10,12,13,10,11,13,254,0,61
2026-06-22 02:08:00+00:00,67,254,10,12,13,10,11,13,254,0,61
2026-06-22 03:08:00+00:00,67,254,10,11,13,10,11,13,254,0,61
2026-06-22 04:08:00+00:00,67,254,10,11,13,10,12,13,254,0,61
2026-06-22 05:08:00+00:00,67,254,10,11,13,10,12,13,254,0,61
2026-06-22 06:08:00+00:00,67,254,10,11,13,10,12,13,254,0,61
2026-06-22 07:08:00+00:00,66,254,10,12,13,10,12,13,254,0,61
2026-06-22 08:08:00+00:00,66,254,10,11,13,10,12,12,254,0,103
2026-06-22 09:08:00+00:00,65,254,10,12,13,10,12,12,254,0,61
2026-06-22 10:08:00+00:00,65,254,10,11,13,10,12,12,254,0,61
2026-06-22 11:08:00+00:00,64,254,10,12,13,10,12,12,254,0,61
2026-06-22 12:08:00+00:00,64,254,10,13,13,10,12,12,254,0,61
2026-06-22 13:08:00+00:00,63,254,10,12,13,10,12,12,254,0,61
2026-06-22 14:08:00+00:00,63,254,10,13,13,10,12,12,254,0,61
2026-06-22 15:08:00+00:00,62,254,10,14,14,10,13,12,254,0,61
2026-06-22 16:08:00+00:00,63,254,11,12,14,10,13,13,254,0,61
2026-06-22 17:08:00+00:00,63,254,11,13,15,11,14,13,254,0,61
2026-06-22 18:08:00+00:00,63,254,11,13,16,11,15,14,254,0,61
2026-06-22 19:08:00+00:00,64,254,12,14,16,12,15,15,254,0,61
2026-06-22 20:08:00+00:00,65,254,12,15,17,13,16,16,254,0,61
2026-06-22 21:08:00+00:00,65,254,13,15,18,13,17,18,254,0,61
2026-06-22 22:08:00+00:00,66,254,13,16,19,14,18,19,254,0,61
2026-06-22 23:08:00+00:00,66,254,14,17,20,14,19,21,254,0,61
2026-06-23 00:08:00+00:00,66,254,14,18,21,15,20,22,254,0,61
2026-06-23 01:08:00+00:00,66,254,15,18,21,15,20,23,254,0,61
2026-06-23 02:08:00+00:00,66,254,15,19,22,15,21,23,254,0,61
2026-06-23 03:08:00+00:00,66,254,14,19,22,15,21,22,254,0,61
2026-06-23 04:08:00+00:00,66,254,14,19,22,14,22,21,254,0,61
2026-06-23 05:08:00+00:00,66,254,14,19,22,14,22,20,254,0,61
2026-06-23 06:08:00+00:00,66,254,14,19,21,14,22,20,254,0,61
2026-06-23 07:08:00+00:00,65,254,14,19,21,14,22,19,254,0,61
2026-06-23 08:09:00+00:00,65,254,14,19,21,14,22,19,254,0,103
2026-06-23 09:09:00+00:00,64,254,13,18,21,14,21,18,254,0,61
2026-06-23 10:09:00+00:00,64,254,13,18,21,14,21,18,254,0,61
2026-06-23 11:09:00+00:00,63,254,13,18,21,14,21,18,254,0,61
2026-06-23 12:09:00+00:00,63,254,13,18,21,14,21,18,254,0,61
2026-06-23 13:09:00+00:00,62,254,13,18,21,13,21,17,254,0,61
2026-06-23 14:09:00+00:00,62,254,13,18,21,13,21,17,254,0,61
2026-06-23 15:09:00+00:00,62,254,13,18,21,14,21,17,254,0,61
2026-06-23 16:09:00+00:00,62,254,14,19,21,14,22,18,254,0,61
2026-06-23 17:09:00+00:00,62,254,14,19,22,14,22,19,254,0,61
2026-06-23 18:09:00+00:00,63,254,15,20,23,15,23,20,254,0,61
2026-06-23 19:09:00+00:00,64,254,15,21,24,15,24,22,254,0,61
2026-06-23 20:09:00+00:00,65,254,16,22,26,16,25,24,254,0,61
2026-06-23 21:09:00+00:00,65,254,17,24,27,17,26,26,254,0,61
2026-06-23 22:09:00+00:00,66,254,17,25,29,18,27,28,254,0,61
2026-06-23 23:09:00+00:00,67,254,18,27,30,19,29,30,254,0,60
2026-06-24 00:09:00+00:00,67,254,19,29,32,19,30,31,254,0,61
2026-06-24 01:09:00+00:00,68,254,19,31,33,19,32,31,254,0,61
2026-06-24 02:09:00+00:00,68,254,19,32,34,19,33,31,254,0,61
2026-06-24 03:09:00+00:00,68,254,19,33,35,19,35,31,254,0,61
2026-06-24 04:09:00+00:00,68,254,19,34,35,19,36,30,254,0,61
2026-06-24 05:09:00+00:00,68,254,18,34,35,18,37,28,254,0,61
2026-06-24 06:09:00+00:00,67,254,18,33,34,18,37,27,254,0,61
2026-06-24 07:09:00+00:00,67,254,17,33,33,17,37,26,254,0,61
2026-06-24 08:09:00+00:00,67,254,17,32,33,17,38,26,254,0,103
2026-06-24 09:09:00+00:00,66,254,17,32,32,17,38,25,254,0,61
2026-06-24 10:09:00+00:00,66,254,17,32,32,17,39,24,254,0,61
2026-06-24 11:09:00+00:00,66,254,17,32,32,17,39,24,254,0,61
2026-06-24 12:09:00+00:00,65,254,17,32,32,17,39,24,254,0,61
2026-06-24 13:09:00+00:00,65,254,16,32,32,17,40,24,254,0,61
2026-06-24 14:09:00+00:00,65,254,17,32,32,17,40,24,254,0,61
2026-06-24 15:09:00+00:00,65,254,17,33,33,17,41,24,254,0,61
2026-06-24 16:09:00+00:00,65,254,18,34,35,18,41,26,254,0,61
2026-06-24 17:09:00+00:00,65,254,18,36,36,18,42,28,254,0,61
2026-06-24 18:09:00+00:00,66,254,19,38,38,19,43,30,254,0,61
2026-06-24 19:09:00+00:00,66,254,20,40,40,20,44,33,254,0,61
2026-06-24 20:09:00+00:00,67,254,21,44,43,22,46,37,254,0,60
2026-06-24 21:09:00+00:00,68,254,23,47,46,25,49,42,254,0,61
2026-06-24 22:09:00+00:00,68,254,24,50,49,26,50,46,254,0,61
2026-06-24 23:09:00+00:00,68,254,25,52,51,28,52,50,254,0,61
2026-06-25 00:09:00+00:00,69,254,26,54,54,29,54,54,254,0,61
2026-06-25 01:09:00+00:00,69,254,27,56,55,30,56,57,254,0,61
2026-06-25 02:09:00+00:00,69,254,27,58,57,29,58,58,254,0,61
2026-06-25 03:09:00+00:00,69,254,26,59,59,28,60,57,254,0,61
2026-06-25 04:09:00+00:00,69,254,25,60,60,27,62,55,254,0,61
2026-06-25 05:09:00+00:00,69,254,25,61,61,26,64,52,254,0,61
2026-06-25 06:09:00+00:00,68,254,24,62,62,25,65,50,254,0,61
2026-06-25 07:09:00+00:00,68,254,24,63,63,25,67,48,254,0,61
2026-06-25 08:09:00+00:00,68,254,23,63,64,24,69,46,254,0,103
2026-06-25 09:09:00+00:00,63,254,3,5,11,23,4,25,254,144,61
2026-06-25 10:09:00+00:00,65,254,2,11,10,2,12,2,254,1,61
2026-06-25 11:09:00+00:00,65,254,3,10,11,2,14,2,254,0,61
2026-06-25 12:09:00+00:00,65,254,3,6,12,3,5,2,254,0,61
2026-06-25 13:09:00+00:00,65,254,3,7,13,3,5,2,254,0,61
2026-06-25 14:09:00+00:00,65,254,3,12,5,3,12,2,254,0,61
2026-06-25 15:09:00+00:00,64,254,3,8,5,3,5,2,254,0,61
2026-06-25 16:09:00+00:00,64,254,3,12,5,3,5,3,254,0,61
2026-06-25 17:09:00+00:00,65,254,5,11,6,4,6,4,254,0,61
2026-06-25 18:09:00+00:00,65,254,5,8,6,4,6,4,254,0,61
2026-06-25 19:09:00+00:00,65,254,6,13,8,4,6,6,254,0,60
2026-06-25 20:09:00+00:00,66,254,6,12,10,5,7,9,254,0,60
2026-06-25 21:09:00+00:00,67,254,8,14,15,6,9,10,254,0,60
2026-06-25 22:09:00+00:00,67,254,8,12,12,7,10,11,254,0,60
2026-06-25 23:09:00+00:00,68,254,9,15,13,9,11,12,254,0,60
2026-06-26 00:09:00+00:00,68,254,9,13,15,9,11,12,254,0,61
2026-06-26 01:09:00+00:00,69,254,10,12,13,10,11,12,254,0,60
2026-06-26 02:09:00+00:00,69,254,10,13,13,10,12,12,254,0,61
2026-06-26 03:09:00+00:00,69,254,10,13,13,10,12,12,254,0,61
2026-06-26 04:09:00+00:00,69,254,10,12,13,10,12,12,254,0,61
2026-06-26 05:09:00+00:00,68,254,10,12,13,10,12,12,254,0,61
2026-06-26 06:09:00+00:00,68,254,10,12,13,10,12,12,254,0,61
2026-06-26 07:09:00+00:00,68,254,10,12,17,10,12,12,254,0,61
2026-06-26 08:09:00+00:00,68,254,10,12,16,10,12,12,254,0,103
2026-06-26 09:09:00+00:00,67,254,10,12,16,10,12,12,254,0,61
2026-06-26 10:09:00+00:00,67,254,10,12,13,10,12,12,254,0,61
2026-06-26 11:09:00+00:00,66,254,10,12,16,10,12,11,254,0,61
2026-06-26 12:09:00+00:00,66,254,10,12,15,10,12,12,254,0,61
2026-06-26 13:09:00+00:00,66,254,10,12,13,10,12,12,254,0,61
2026-06-26 14:09:00+00:00,65,254,10,12,14,10,13,12,254,0,61
2026-06-26 15:09:00+00:00,65,254,10,12,14,10,13,12,254,0,61
2026-06-26 16:09:00+00:00,65,254,11,13,15,11,14,12,254,0,61
2026-06-26 17:09:00+00:00,65,254,11,13,15,11,14,12,254,0,61
2026-06-26 18:09:00+00:00,65,254,11,13,17,11,14,12,254,0,61
2026-06-26 19:09:00+00:00,65,254,11,13,16,11,15,13,254,0,61
2026-06-26 20:09:00+00:00,65,254,11,14,17,11,15,13,254,0,61
2026-06-26 21:09:00+00:00,65,254,11,14,16,11,15,13,254,0,61
2026-06-26 22:09:00+00:00,65,254,11,14,16,11,15,13,254,8,61
2026-06-26 23:09:00+00:00,64,254,11,14,16,11,15,13,254,0,61
2026-06-27 00:09:00+00:00,64,254,11,14,16,11,15,13,254,0,61
2026-06-27 01:09:00+00:00,64,254,11,14,17,11,15,13,254,0,61
2026-06-27 02:09:00+00:00,64,254,11,14,16,11,15,13,254,0,61
2026-06-27 03:09:00+00:00,65,254,11,14,16,11,16,13,254,0,61
2026-06-27 04:09:00+00:00,64,254,11,14,17,11,15,13,254,20,61
2026-06-27 05:09:00+00:00,64,254,11,13,13,11,14,13,254,0,61
2026-06-27 06:09:00+00:00,64,254,11,12,15,11,12,13,254,0,61
2026-06-27 07:09:00+00:00,64,254,11,12,11,11,11,13,254,0,61
2026-06-27 08:09:00+00:00,64,254,11,11,12,11,11,13,254,0,103
2026-06-27 09:09:00+00:00,63,254,11,11,14,11,11,13,254,0,61
2026-06-27 10:09:00+00:00,63,254,11,11,14,11,11,13,254,0,61
2026-06-27 11:09:00+00:00,63,254,11,11,15,11,11,13,254,0,61
2026-06-27 12:09:00+00:00,63,254,11,11,13,11,11,13,254,0,61
2026-06-27 13:09:00+00:00,63,254,11,11,12,11,11,13,254,0,61
2026-06-27 14:09:00+00:00,62,254,11,11,11,11,11,13,254,1,61
2026-06-27 15:09:00+00:00,62,254,11,11,12,11,11,13,254,0,61
2026-06-27 16:09:00+00:00,62,254,11,11,12,11,13,13,254,2,61
2026-06-27 17:09:00+00:00,62,254,11,11,10,11,12,13,254,0,61
2026-06-27 18:09:00+00:00,62,254,11,11,14,11,11,13,254,0,61
2026-06-27 19:09:00+00:00,62,254,11,11,11,11,11,13,254,1,61
2026-06-27 20:09:00+00:00,62,254,11,11,12,11,10,13,254,9,61
2026-06-27 21:09:00+00:00,62,254,11,10,11,11,9,13,254,0,61
2026-06-27 22:09:00+00:00,62,254,11,10,12,11,8,13,254,0,61
2026-06-27 23:09:00+00:00,62,254,11,10,13,11,8,13,254,0,61
2026-06-28 00:09:00+00:00,62,254,11,10,9,11,9,14,254,0,61
2026-06-28 01:09:00+00:00,62,254,11,11,12,11,9,14,254,0,61
2026-06-28 02:09:00+00:00,62,254,11,11,12,11,9,14,254,0,61
2026-06-28 03:09:00+00:00,62,254,11,11,11,11,9,14,254,0,61
2026-06-28 04:09:00+00:00,62,254,11,11,11,11,9,14,254,0,61
2026-06-28 05:09:00+00:00,62,254,11,11,11,11,9,14,254,0,61
2026-06-28 06:09:00+00:00,62,254,11,11,10,11,10,14,254,1,61
2026-06-28 07:09:00+00:00,61,254,11,11,11,11,10,14,254,0,61
2026-06-28 08:09:00+00:00,61,254,11,11,11,11,10,14,254,0,103
2026-06-28 09:09:00+00:00,60,254,11,11,12,11,10,13,254,0,61
2026-06-28 10:09:00+00:00,60,254,11,11,13,11,10,13,254,0,61
2026-06-28 11:09:00+00:00,60,254,11,11,14,11,10,13,254,0,61
2026-06-28 12:09:00+00:00,60,254,11,11,14,11,10,13,254,0,61
2026-06-28 13:09:00+00:00,59,254,11,11,12,11,10,13,254,0,61
2026-06-28 14:09:00+00:00,59,254,11,11,11,11,10,13,254,0,61
2026-06-28 15:09:00+00:00,59,254,11,11,11,11,10,13,254,0,61
2026-06-28 16:09:00+00:00,59,254,11,12,11,11,10,13,254,0,61
2026-06-28 17:09:00+00:00,59,254,11,12,12,11,11,14,254,0,60
2026-06-28 18:09:00+00:00,59,254,11,12,12,12,12,14,254,0,61
2026-06-28 19:09:00+00:00,60,254,11,12,13,12,12,14,254,0,61
2026-06-28 20:09:00+00:00,60,254,11,13,13,12,12,14,254,0,60
2026-06-28 21:09:00+00:00,60,254,12,13,14,12,13,15,254,0,60
2026-06-28 22:09:00+00:00,60,254,12,14,14,13,13,16,254,0,60
2026-06-28 23:09:00+00:00,61,254,12,14,15,14,14,17,254,0,60
2026-06-29 00:09:00+00:00,61,254,12,15,15,14,15,18,254,0,60
2026-06-29 01:09:00+00:00,61,254,12,15,16,14,15,18,254,0,61
2026-06-29 02:09:00+00:00,61,254,12,15,16,14,15,19,254,0,61
2026-06-29 03:09:00+00:00,60,254,12,15,16,14,15,18,254,0,61
2026-06-29 04:09:00+00:00,60,254,12,15,15,14,15,18,254,0,61
2026-06-29 05:09:00+00:00,60,254,12,15,15,13,15,17,254,2,61
2026-06-29 06:09:00+00:00,60,254,12,15,15,13,15,17,254,0,61
2026-06-29 07:09:00+00:00,60,254,12,15,15,13,15,17,254,0,61
2026-06-29 08:09:00+00:00,60,254,12,15,15,13,15,17,254,1,103
2026-06-29 09:09:00+00:00,60,254,12,15,15,13,15,16,254,0,61
2026-06-29 10:09:00+00:00,59,254,12,15,15,13,15,16,254,0,61
2026-06-29 11:09:00+00:00,59,254,12,15,15,13,15,16,254,0,61
2026-06-29 12:09:00+00:00,59,254,12,15,15,13,15,16,254,0,61
2026-06-29 13:09:00+00:00,59,254,12,15,15,13,15,16,254,0,61
2026-06-29 14:09:00+00:00,59,254,12,15,15,13,15,16,254,0,61
2026-06-29 15:09:00+00:00,59,254,12,15,15,13,15,16,254,0,61
2026-06-29 16:09:00+00:00,58,254,12,15,15,13,15,16,254,0,60
2026-06-29 17:09:00+00:00,59,254,13,15,16,14,15,17,254,0,60
2026-06-29 18:09:00+00:00,59,254,13,16,16,14,16,17,254,0,60
2026-06-29 19:09:00+00:00,60,254,13,16,17,14,17,18,254,0,60
2026-06-29 20:09:00+00:00,60,254,13,17,18,15,17,19,254,0,60
2026-06-29 21:09:00+00:00,61,254,14,18,19,16,18,21,254,0,60
2026-06-29 22:09:00+00:00,61,254,14,19,19,16,19,22,254,0,60
2026-06-29 23:09:00+00:00,64,254,14,7,7,17,6,23,254,57,60
2026-06-30 00:09:00+00:00,63,254,10,7,5,14,6,11,254,0,60
2026-06-30 01:09:00+00:00,63,254,9,7,6,12,6,3,254,0,60
2026-06-30 02:09:00+00:00,63,254,9,8,6,11,6,3,254,0,60
2026-06-30 03:09:00+00:00,63,254,9,9,6,10,6,3,254,0,60
2026-06-30 04:09:00+00:00,62,254,9,10,6,9,6,3,254,0,61
2026-06-30 05:09:00+00:00,62,254,9,7,6,9,6,3,254,0,61
2026-06-30 06:09:00+00:00,62,254,9,10,6,9,6,3,254,0,61
2026-06-30 07:09:00+00:00,62,254,9,9,6,9,6,3,254,0,61
2026-06-30 08:09:00+00:00,61,254,9,8,6,9,6,3,254,0,103
2026-06-30 09:09:00+00:00,61,254,9,8,6,9,6,3,254,0,61
2026-06-30 10:09:00+00:00,61,254,9,11,6,9,6,3,254,0,61
2026-06-30 11:09:00+00:00,60,254,9,10,6,9,6,3,254,0,61
2026-06-30 12:09:00+00:00,60,254,9,8,6,10,6,3,254,0,61
2026-06-30 13:09:00+00:00,60,254,9,10,7,9,7,3,254,0,61
2026-06-30 14:09:00+00:00,60,254,9,9,7,9,6,3,254,0,60
2026-06-30 15:09:00+00:00,59,254,10,9,7,9,6,3,254,0,60
2026-06-30 16:09:00+00:00,60,254,10,10,8,10,7,3,254,0,60
2026-06-30 17:09:00+00:00,60,254,10,9,10,10,7,4,254,0,60
2026-06-30 18:09:00+00:00,60,254,10,10,10,10,7,5,254,0,60
2026-06-30 19:09:00+00:00,61,254,10,11,11,10,9,6,254,0,60
2026-06-30 20:09:00+00:00,61,254,10,10,11,10,10,9,254,0,60
2026-06-30 21:09:00+00:00,62,254,10,12,12,11,10,10,254,0,60
2026-06-30 22:09:00+00:00,63,254,11,12,13,11,11,10,254,0,60
2026-06-30 23:09:00+00:00,63,254,11,12,13,11,11,11,254,0,60
2026-07-01 00:09:00+00:00,64,254,11,12,14,11,12,11,254,0,60
2026-07-01 01:09:00+00:00,64,254,11,12,14,12,12,12,254,0,60
2026-07-01 02:09:00+00:00,64,254,11,13,15,12,13,12,254,0,60
2026-07-01 03:09:00+00:00,64,254,11,13,15,12,13,12,254,0,60
2026-07-01 04:09:00+00:00,64,254,11,13,14,11,13,12,254,0,60
2026-07-01 05:09:00+00:00,64,254,11,13,14,11,13,12,254,0,60
2026-07-01 06:09:00+00:00,64,254,11,13,14,11,13,12,254,0,60
2026-07-01 07:09:00+00:00,63,254,11,13,14,11,13,12,254,0,60
2026-07-01 08:09:00+00:00,63,254,11,13,14,11,13,12,254,0,103
2026-07-01 09:09:00+00:00,63,254,11,13,14,11,13,12,254,0,60
2026-07-01 10:09:00+00:00,63,254,11,13,14,11,13,12,254,0,60
2026-07-01 11:09:00+00:00,63,254,11,13,14,11,13,12,254,0,61
2026-07-01 12:09:00+00:00,60,254,3,11,5,10,5,2,254,151,60
2026-07-01 13:09:00+00:00,60,254,3,7,5,3,6,2,254,6,60
2026-07-01 14:09:00+00:00,61,254,3,10,6,3,6,2,254,0,60
2026-07-01 15:09:00+00:00,61,254,3,8,6,3,6,3,254,0,60
2026-07-01 16:09:00+00:00,61,254,9,8,6,3,6,2,254,0,60
2026-07-01 17:09:00+00:00,62,254,11,8,6,3,6,3,254,0,60
2026-07-01 18:09:00+00:00,62,254,9,8,6,3,6,3,254,0,60
2026-07-01 19:09:00+00:00,63,254,4,8,6,4,6,3,254,0,60
2026-07-01 20:09:00+00:00,63,254,4,8,7,4,7,3,254,0,60
2026-07-01 21:09:00+00:00,64,254,4,9,8,4,7,4,254,0,60
2026-07-01 22:09:00+00:00,64,254,5,10,10,4,8,5,254,0,60
2026-07-01 23:09:00+00:00,65,254,5,10,10,5,9,6,254,0,60
2026-07-02 00:09:00+00:00,65,254,6,13,13,5,10,7,254,0,60
2026-07-02 01:09:00+00:00,65,254,6,11,12,6,10,7,254,0,60
2026-07-02 02:09:00+00:00,65,254,6,11,12,6,10,7,254,0,60
2026-07-02 03:09:00+00:00,65,254,7,11,12,6,10,7,254,0,60
2026-07-02 04:09:00+00:00,65,254,7,11,12,6,10,7,254,0,60
2026-07-02 05:09:00+00:00,65,254,7,11,12,6,11,7,254,0,60
2026-07-02 06:09:00+00:00,65,254,7,13,13,6,11,7,254,0,60
2026-07-02 07:09:00+00:00,65,254,8,11,12,6,11,7,254,0,60
2026-07-02 08:09:00+00:00,64,254,7,11,13,6,11,7,254,0,103
2026-07-02 09:09:00+00:00,64,254,8,11,12,6,11,7,254,0,60
2026-07-02 10:09:00+00:00,63,254,8,11,12,7,11,7,254,0,60
2026-07-02 11:09:00+00:00,63,254,9,11,12,7,11,8,254,0,60
2026-07-02 12:09:00+00:00,63,254,9,11,12,7,11,8,254,0,60
2026-07-02 13:09:00+00:00,62,254,9,13,12,7,11,7,254,0,61
2026-07-02 14:09:00+00:00,62,254,9,11,12,7,11,8,254,0,60
2026-07-02 15:09:00+00:00,62,254,9,11,12,8,11,9,254,0,60
2026-07-02 16:09:00+00:00,62,254,10,11,12,9,11,9,254,0,60
2026-07-02 17:09:00+00:00,62,254,10,12,13,9,12,10,254,0,60
2026-07-02 18:09:00+00:00,63,254,10,13,14,10,13,10,254,0,60
2026-07-02 19:09:00+00:00,63,254,10,13,15,10,14,11,254,0,60
2026-07-02 20:09:00+00:00,64,254,11,14,15,10,14,12,254,0,60
2026-07-02 21:09:00+00:00,64,254,11,14,16,11,15,12,254,0,60
2026-07-02 22:09:00+00:00,65,254,11,15,17,11,16,13,254,0,60
2026-07-02 23:09:00+00:00,65,254,11,16,18,12,16,13,254,0,60
2026-07-03 00:09:00+00:00,65,254,12,17,18,12,17,14,254,0,60
2026-07-03 01:09:00+00:00,65,254,12,17,18,12,17,14,254,0,60
2026-07-03 02:09:00+00:00,66,254,12,18,19,12,18,14,254,0,60
2026-07-03 03:09:00+00:00,66,254,12,18,19,12,18,14,254,0,60
2026-07-03 04:09:00+00:00,65,254,12,18,19,12,18,14,254,0,60
2026-07-03 05:09:00+00:00,65,254,11,17,18,12,18,13,254,0,60
2026-07-03 06:09:00+00:00,65,254,11,17,18,12,18,13,254,0,60
2026-07-03 07:09:00+00:00,65,254,11,17,18,11,18,13,254,0,61
2026-07-03 08:09:00+00:00,64,254,11,17,18,11,17,13,254,0,103
2026-07-03 09:09:00+00:00,64,254,11,17,18,11,17,13,254,0,60
2026-07-03 10:09:00+00:00,64,254,11,17,18,11,17,13,254,0,61
2026-07-03 11:09:00+00:00,63,254,11,17,18,11,17,13,254,0,61
2026-07-03 12:09:00+00:00,63,254,11,17,18,11,17,13,254,0,61
2026-07-03 13:09:00+00:00,62,254,11,16,18,11,17,13,254,0,61
2026-07-03 14:09:00+00:00,62,254,11,16,18,11,17,13,254,0,60
2026-07-03 15:09:00+00:00,62,254,11,16,18,11,17,13,254,0,60
2026-07-03 16:09:00+00:00,62,254,12,17,18,11,18,13,254,0,60
2026-07-03 17:09:00+00:00,62,254,12,18,19,12,18,14,254,0,60
2026-07-03 18:09:00+00:00,63,254,12,19,20,12,19,14,254,0,60
2026-07-03 19:09:00+00:00,63,254,13,19,21,13,20,15,254,0,60
2026-07-03 20:09:00+00:00,64,254,13,20,22,13,21,16,254,0,60
2026-07-03 21:09:00+00:00,64,254,13,22,23,14,21,17,254,0,60
2026-07-03 22:09:00+00:00,65,254,14,23,24,14,22,18,254,0,60
2026-07-03 23:09:00+00:00,66,254,14,24,25,14,23,18,254,0,60
2026-07-04 00:09:00+00:00,66,254,14,26,27,15,24,19,254,0,60
2026-07-04 01:09:00+00:00,66,254,14,28,28,15,25,19,254,0,60
2026-07-04 02:09:00+00:00,66,254,14,29,29,15,26,20,254,0,60
2026-07-04 03:09:00+00:00,66,254,14,30,29,15,27,19,254,0,60
2026-07-04 04:09:00+00:00,66,254,14,31,29,14,27,19,254,0,60
2026-07-04 05:09:00+00:00,66,254,14,31,29,14,27,18,254,0,60
2026-07-04 06:09:00+00:00,66,254,14,30,29,14,28,18,254,0,60
2026-07-04 07:09:00+00:00,66,254,14,30,28,14,28,17,254,0,61
2026-07-04 08:09:00+00:00,65,254,14,30,28,14,28,17,254,0,103
2026-07-04 09:09:00+00:00,65,254,14,30,28,14,28,17,254,0,60
2026-07-04 10:09:00+00:00,65,254,14,29,28,14,28,17,254,0,60
2026-07-04 11:09:00+00:00,64,254,13,29,27,14,28,17,254,0,60
2026-07-04 12:09:00+00:00,64,254,13,28,27,14,28,17,254,0,61
2026-07-04 13:09:00+00:00,63,254,13,28,27,14,28,17,254,0,60
2026-07-04 14:09:00+00:00,63,254,13,28,27,14,28,16,254,0,60
2026-07-04 15:09:00+00:00,63,254,14,28,27,14,28,17,254,0,60
2026-07-04 16:09:00+00:00,63,254,14,29,28,14,28,17,254,0,60
2026-07-04 17:09:00+00:00,63,254,14,30,28,14,29,18,254,0,60
2026-07-04 18:09:00+00:00,63,254,14,32,30,14,29,19,254,0,60
2026-07-04 19:09:00+00:00,64,254,15,33,31,15,30,20,254,0,60
2026-07-04 20:09:00+00:00,65,254,15,35,34,16,32,22,254,0,60
2026-07-04 21:09:00+00:00,65,254,16,38,35,17,33,23,254,0,60
2026-07-04 22:09:00+00:00,66,254,16,40,37,17,34,24,254,0,60
2026-07-04 23:09:00+00:00,67,254,17,43,40,18,36,26,254,0,60
2026-07-05 00:09:00+00:00,68,254,17,46,42,18,38,26,254,0,60
2026-07-05 01:09:00+00:00,68,254,17,48,44,18,40,26,254,0,60
2026-07-05 02:09:00+00:00,68,254,17,50,46,19,41,27,254,0,60
2026-07-05 03:09:00+00:00,68,254,17,52,48,18,43,27,254,0,60
2026-07-05 04:09:00+00:00,68,254,17,53,50,18,44,26,254,0,60
2026-07-05 05:09:00+00:00,68,254,17,54,51,18,46,25,254,0,60
2026-07-05 06:09:00+00:00,68,254,17,55,51,17,47,24,254,0,60
2026-07-05 07:09:00+00:00,68,254,17,56,52,17,48,24,254,0,60
2026-07-05 08:09:00+00:00,67,254,16,55,51,17,48,23,254,0,103
2026-07-05 09:09:00+00:00,67,254,16,55,51,17,49,23,254,0,61
2026-07-05 10:09:00+00:00,67,254,16,55,51,16,50,22,254,0,60
2026-07-05 11:09:00+00:00,66,254,16,54,50,16,49,22,254,0,60
2026-07-05 12:09:00+00:00,66,254,16,54,49,16,50,22,254,0,60
2026-07-05 13:09:00+00:00,66,254,16,54,49,16,51,21,254,0,60
2026-07-05 14:09:00+00:00,65,254,16,53,49,16,51,21,254,0,60
2026-07-05 15:09:00+00:00,65,254,16,54,49,17,52,22,254,0,60
2026-07-05 16:09:00+00:00,65,254,16,55,50,17,53,24,254,0,60
2026-07-05 17:09:00+00:00,65,254,17,56,52,18,54,25,254,0,60
2026-07-05 18:09:00+00:00,66,254,17,57,53,18,55,26,254,0,60
2026-07-05 19:09:00+00:00,66,254,18,58,54,19,56,28,254,0,60
2026-07-05 20:09:00+00:00,67,254,18,60,56,20,58,31,254,0,60
2026-07-05 21:09:00+00:00,67,254,19,61,57,22,60,34,254,0,60
2026-07-05 22:09:00+00:00,68,254,20,63,59,23,62,37,254,0,60
2026-07-05 23:09:00+00:00,68,254,20,64,61,23,64,38,254,0,60
2026-07-06 00:09:00+00:00,68,254,21,64,62,24,65,39,254,0,60
2026-07-06 01:09:00+00:00,68,254,21,65,63,24,67,40,254,0,60
2026-07-06 02:09:00+00:00,69,254,21,65,64,24,68,40,254,0,60
2026-07-06 03:09:00+00:00,69,254,20,65,65,23,70,39,254,0,60
2026-07-06 04:09:00+00:00,69,254,20,66,66,22,71,37,254,0,60
2026-07-06 05:09:00+00:00,68,254,20,66,66,22,72,36,254,0,60
2026-07-06 06:09:00+00:00,68,254,20,66,67,21,73,34,254,0,60
2026-07-06 07:09:00+00:00,68,254,19,67,67,21,73,33,254,0,60
2026-07-06 08:09:00+00:00,68,254,19,67,68,21,74,33,254,0,103
2026-07-06 09:09:00+00:00,68,254,19,67,68,21,75,32,254,0,60
2026-07-06 10:09:00+00:00,68,254,19,67,68,21,75,32,254,0,60
2026-07-06 11:09:00+00:00,68,254,19,68,69,21,76,32,254,0,60
2026-07-06 12:09:00+00:00,68,254,19,68,69,20,77,31,254,0,60
2026-07-06 13:09:00+00:00,67,254,19,67,68,20,76,31,254,0,60
2026-07-06 14:09:00+00:00,67,254,19,67,68,20,76,31,254,0,60
2026-07-06 15:09:00+00:00,66,254,2,6,4,12,10,6,254,149,60
2026-07-06 16:09:00+00:00,67,254,2,6,4,2,5,2,254,0,60
2026-07-06 17:09:00+00:00,67,254,3,6,5,2,5,2,254,0,60
2026-07-06 18:09:00+00:00,67,254,3,6,5,3,5,2,254,0,60
2026-07-06 19:09:00+00:00,67,254,3,7,5,3,5,3,254,0,60
2026-07-06 20:10:00+00:00,68,254,3,8,6,3,6,4,254,0,60
2026-07-06 21:10:00+00:00,68,254,3,7,14,4,6,5,254,0,60
2026-07-06 22:10:00+00:00,68,254,5,10,10,4,6,7,254,0,60
2026-07-06 23:10:00+00:00,69,254,5,10,11,4,7,9,254,0,60
2026-07-07 00:10:00+00:00,69,254,5,10,12,5,8,10,254,0,60
2026-07-07 01:10:00+00:00,69,254,6,10,12,5,8,10,254,3,60
2026-07-07 02:10:00+00:00,69,254,6,10,12,5,10,10,254,0,60
2026-07-07 03:10:00+00:00,69,254,6,11,12,5,10,10,254,0,60
2026-07-07 04:10:00+00:00,69,254,6,11,12,12,10,10,254,0,60
2026-07-07 05:10:00+00:00,69,254,7,11,12,6,10,10,254,0,60
2026-07-07 06:10:00+00:00,68,254,7,12,12,6,10,10,254,0,60
2026-07-07 07:10:00+00:00,68,254,12,11,12,6,11,10,254,0,60
2026-07-07 08:10:00+00:00,68,254,8,11,12,6,11,10,254,0,103
2026-07-07 09:10:00+00:00,67,254,8,11,12,7,11,10,254,0,60
2026-07-07 10:10:00+00:00,67,254,9,11,12,7,11,10,254,0,60
2026-07-07 11:10:00+00:00,67,254,10,11,12,7,11,10,254,0,60
2026-07-07 12:10:00+00:00,66,254,9,11,12,8,11,10,254,1,60
2026-07-07 13:10:00+00:00,66,254,10,14,12,8,11,10,254,0,60
2026-07-07 14:10:00+00:00,65,254,10,11,12,8,11,10,254,0,60
2026-07-07 15:10:00+00:00,65,254,10,12,12,9,11,10,254,0,60
2026-07-07 16:10:00+00:00,65,254,10,12,13,9,12,10,254,0,60
2026-07-07 17:10:00+00:00,65,254,10,12,13,10,12,11,254,0,60
2026-07-07 18:10:00+00:00,66,254,10,13,14,10,13,11,254,0,60
2026-07-07 19:10:00+00:00,66,254,11,13,15,10,14,12,254,0,60
2026-07-07 20:10:00+00:00,67,254,11,14,16,11,14,13,254,0,60
2026-07-07 21:10:00+00:00,67,254,11,14,17,11,15,14,254,0,60
2026-07-07 22:10:00+00:00,68,254,12,15,17,12,16,14,254,0,60
2026-07-07 23:10:00+00:00,68,254,12,15,18,12,16,15,254,0,60
2026-07-08 00:10:00+00:00,69,254,11,15,18,12,16,15,254,0,60
2026-07-08 01:10:00+00:00,69,254,11,15,18,12,16,15,254,0,60
2026-07-08 02:10:00+00:00,69,254,12,15,18,12,17,14,254,0,60
2026-07-08 03:10:00+00:00,69,254,12,15,18,12,17,14,254,0,60
2026-07-08 04:10:00+00:00,69,254,11,15,18,12,16,14,254,0,60
2026-07-08 05:10:00+00:00,69,254,15,15,18,12,16,14,254,0,60
2026-07-08 06:10:00+00:00,69,254,14,15,18,12,16,14,254,0,60
2026-07-08 07:10:00+00:00,68,254,13,15,18,12,16,14,254,0,60
2026-07-08 08:10:00+00:00,68,254,11,15,18,12,16,14,254,0,103
2026-07-08 09:10:00+00:00,68,254,11,15,18,12,16,14,254,0,60
2026-07-08 10:10:00+00:00,67,254,11,15,17,12,16,14,254,0,60
2026-07-08 11:10:00+00:00,67,254,11,15,17,12,16,14,254,0,60
2026-07-08 12:10:00+00:00,67,254,11,15,17,12,16,14,254,0,60
2026-07-08 13:10:00+00:00,66,254,11,15,17,11,16,13,254,0,60
2026-07-08 14:10:00+00:00,66,254,11,15,17,11,16,13,254,0,60
2026-07-08 15:10:00+00:00,66,254,11,15,17,12,16,14,254,0,60
2026-07-08 16:10:00+00:00,66,254,12,15,18,12,17,14,254,0,60
2026-07-08 17:10:00+00:00,66,254,12,16,18,12,17,14,254,0,60
2026-07-08 18:10:00+00:00,66,254,12,16,19,12,18,15,254,0,60
2026-07-08 19:10:00+00:00,67,254,13,17,20,13,18,16,254,0,60
2026-07-08 20:10:00+00:00,67,254,13,17,20,13,19,17,254,0,60
2026-07-08 21:10:00+00:00,68,254,13,18,21,13,20,17,254,0,60
2026-07-08 22:10:00+00:00,68,254,13,19,22,14,20,17,254,0,60
2026-07-08 23:10:00+00:00,68,254,13,19,23,14,21,18,254,0,60
2026-07-09 00:10:00+00:00,69,254,14,20,24,14,22,19,254,0,60
2026-07-09 01:10:00+00:00,69,254,14,21,25,14,22,19,254,0,60
2026-07-09 02:10:00+00:00,69,254,13,21,25,14,22,19,254,0,60
2026-07-09 03:10:00+00:00,69,254,13,21,25,14,23,18,254,0,60
2026-07-09 04:11:00+00:00,69,254,13,21,25,14,23,18,254,0,60
2026-07-09 05:11:00+00:00,69,254,13,21,25,14,23,18,254,0,60
2026-07-09 06:11:00+00:00,68,254,13,21,25,14,23,17,254,0,60
2026-07-09 07:11:00+00:00,68,254,13,21,24,14,23,17,254,0,60
2026-07-09 08:11:00+00:00,68,254,13,21,24,14,23,17,254,0,103
2026-07-09 09:11:00+00:00,67,254,13,20,24,13,23,17,254,0,60
2026-07-09 10:11:00+00:00,67,254,13,20,24,13,23,17,254,0,60
2026-07-09 11:11:00+00:00,67,254,13,20,24,13,23,17,254,0,60
2026-07-09 12:11:00+00:00,67,254,13,20,24,13,23,17,254,0,60
2026-07-09 13:11:00+00:00,66,254,13,20,23,13,23,16,254,0,60
2026-07-09 14:11:00+00:00,66,254,13,20,24,13,23,17,254,0,60
2026-07-09 15:11:00+00:00,66,254,13,21,24,14,23,17,254,0,60
2026-07-09 16:11:00+00:00,66,254,13,21,25,14,23,18,254,0,60
2026-07-09 17:11:00+00:00,66,254,14,22,26,14,24,19,254,0,60
2026-07-09 18:11:00+00:00,66,254,14,24,27,15,25,21,254,0,60
2026-07-09 19:11:00+00:00,67,254,15,26,29,16,26,23,254,0,60
2026-07-09 20:11:00+00:00,67,254,15,28,31,17,28,25,254,0,60
2026-07-09 21:11:00+00:00,68,254,16,30,34,18,29,27,254,0,60
2026-07-09 22:11:00+00:00,68,254,16,33,36,19,31,29,254,0,60
2026-07-09 23:11:00+00:00,68,254,17,36,39,20,33,31,254,0,60
2026-07-10 00:11:00+00:00,68,254,17,38,41,21,35,32,254,0,60
2026-07-10 01:11:00+00:00,69,254,17,41,43,21,36,33,254,0,60
2026-07-10 02:11:00+00:00,69,254,17,43,46,21,38,33,254,0,60
2026-07-10 03:11:00+00:00,69,254,17,46,48,20,40,32,254,0,60
2026-07-10 04:11:00+00:00,69,254,17,47,49,20,42,30,254,0,60
2026-07-10 05:11:00+00:00,69,254,17,48,51,19,43,29,254,0,60
2026-07-10 06:11:00+00:00,68,254,17,49,52,19,44,28,254,0,60
2026-07-10 07:11:00+00:00,68,254,16,50,53,19,45,27,254,0,60
2026-07-10 08:11:00+00:00,68,254,16,50,53,18,47,26,254,0,103
2026-07-10 09:11:00+00:00,67,254,16,49,53,18,47,26,254,0,60
2026-07-10 10:11:00+00:00,67,254,16,49,53,18,48,25,254,0,60
2026-07-10 11:11:00+00:00,66,254,16,48,52,17,48,24,254,0,60
2026-07-10 12:11:00+00:00,66,254,16,48,52,17,48,24,254,0,60
2026-07-10 13:11:00+00:00,66,254,16,47,52,17,49,24,254,0,60
2026-07-10 14:11:00+00:00,65,254,16,47,52,17,50,24,254,0,60
2026-07-10 15:11:00+00:00,65,254,16,47,52,17,50,24,254,0,60
2026-07-10 16:11:00+00:00,65,254,16,48,52,18,51,24,254,0,60
2026-07-10 17:11:00+00:00,65,254,16,50,53,18,52,26,254,0,60
2026-07-10 18:11:00+00:00,66,254,17,51,54,19,52,28,254,0,60
2026-07-10 19:11:00+00:00,66,254,17,52,55,20,54,30,254,0,60
2026-07-10 20:11:00+00:00,67,254,18,54,57,21,56,33,254,0,60
2026-07-10 21:11:00+00:00,67,254,19,55,58,23,57,36,254,0,60
2026-07-10 22:11:00+00:00,68,254,20,58,60,25,60,40,254,0,60
2026-07-10 23:11:00+00:00,68,254,20,59,61,26,61,42,254,0,60
2026-07-11 00:11:00+00:00,69,254,20,60,62,26,62,44,254,0,60
2026-07-11 01:11:00+00:00,69,254,21,61,63,26,64,45,254,0,60
2026-07-11 02:11:00+00:00,69,254,20,61,64,25,65,43,254,0,60
2026-07-11 03:11:00+00:00,70,254,20,63,66,24,68,42,254,0,60
2026-07-11 04:11:00+00:00,70,254,20,63,66,24,69,41,254,0,60
2026-07-11 05:11:00+00:00,70,254,20,64,67,23,70,39,254,0,60
2026-07-11 06:11:00+00:00,69,254,19,63,66,22,69,37,254,0,60
2026-07-11 07:11:00+00:00,69,254,19,63,67,22,70,36,254,0,60
2026-07-11 08:11:00+00:00,69,254,19,63,67,22,71,35,254,0,103
2026-07-11 09:11:00+00:00,68,254,19,64,68,21,72,34,254,0,60
2026-07-11 10:11:00+00:00,68,254,19,64,68,21,72,34,254,0,60
2026-07-11 11:11:00+00:00,68,254,19,64,69,21,73,33,254,0,60
2026-07-11 12:11:00+00:00,67,254,18,64,68,21,72,32,254,0,60
2026-07-11 13:11:00+00:00,67,254,18,64,68,21,73,32,254,0,60
2026-07-11 14:11:00+00:00,67,254,18,64,68,20,73,31,254,0,60
2026-07-11 15:11:00+00:00,69,254,2,6,5,2,5,2,254,154,60
2026-07-11 16:11:00+00:00,68,254,3,6,11,2,5,2,254,0,60
2026-07-11 17:11:00+00:00,68,254,3,7,5,2,6,2,254,0,60
2026-07-11 18:11:00+00:00,69,254,3,7,5,3,6,2,254,0,60
2026-07-11 19:11:00+00:00,69,254,3,7,5,3,6,2,254,0,60
2026-07-11 20:11:00+00:00,69,254,3,7,5,3,6,4,254,0,60
2026-07-11 21:11:00+00:00,70,254,4,8,6,3,6,4,254,0,60
2026-07-11 22:11:00+00:00,70,254,3,8,8,4,6,6,254,0,60
2026-07-11 23:11:00+00:00,71,254,4,9,10,4,6,6,254,0,60
2026-07-12 00:11:00+00:00,71,254,5,10,11,4,7,7,254,0,60
2026-07-12 01:11:00+00:00,71,254,5,10,11,4,7,8,254,0,60
2026-07-12 02:11:00+00:00,72,254,6,10,12,4,8,8,254,0,60
2026-07-12 03:11:00+00:00,72,254,6,10,12,4,8,8,254,0,60
2026-07-12 04:11:00+00:00,72,254,6,10,12,4,9,8,254,0,60
2026-07-12 05:11:00+00:00,72,254,7,10,12,4,10,8,254,0,60
2026-07-12 06:11:00+00:00,71,254,7,10,12,4,10,8,254,0,60
2026-07-12 07:11:00+00:00,71,254,7,12,12,5,10,8,254,0,60
2026-07-12 08:11:00+00:00,71,254,8,11,12,5,10,8,254,0,103
2026-07-12 09:11:00+00:00,70,254,8,11,12,5,10,9,254,0,60
2026-07-12 10:11:00+00:00,70,254,8,11,12,6,11,9,254,0,60
2026-07-12 11:11:00+00:00,69,254,9,11,12,6,11,9,254,0,60
2026-07-12 12:11:00+00:00,69,254,9,11,12,6,11,9,254,0,60
2026-07-12 13:11:00+00:00,68,254,10,11,12,7,11,10,254,0,60
2026-07-12 14:11:00+00:00,68,254,10,11,12,7,11,10,254,0,60
2026-07-12 15:11:00+00:00,68,254,10,11,12,8,11,10,254,0,60
2026-07-12 16:11:00+00:00,68,254,10,12,13,9,12,10,254,0,60
2026-07-12 17:11:00+00:00,68,254,10,12,14,10,13,11,254,0,60
2026-07-12 18:11:00+00:00,68,254,11,13,15,10,13,12,254,0,60
2026-07-12 19:11:00+00:00,68,254,11,14,16,11,14,13,254,0,60
2026-07-12 20:11:00+00:00,69,254,11,14,17,11,15,14,254,0,60
2026-07-12 21:11:00+00:00,69,254,11,15,17,12,16,15,254,0,60
2026-07-12 22:11:00+00:00,69,254,12,16,18,12,17,16,254,0,60
2026-07-12 23:11:00+00:00,69,254,12,16,19,13,17,17,254,0,60
2026-07-13 00:11:00+00:00,69,254,12,17,20,14,18,18,254,0,60
2026-07-13 01:11:00+00:00,69,254,12,18,21,14,19,19,254,0,60
2026-07-13 02:11:00+00:00,69,254,12,18,22,14,20,19,254,0,60
2026-07-13 03:11:00+00:00,69,254,12,19,23,14,20,19,254,0,60
2026-07-13 04:11:00+00:00,69,254,12,19,23,14,20,18,254,0,60
2026-07-13 05:11:00+00:00,69,254,12,19,23,13,21,18,254,0,60
2026-07-13 06:11:00+00:00,69,254,12,18,23,13,21,17,254,0,60
2026-07-13 07:11:00+00:00,68,254,12,18,22,13,21,17,254,0,60
2026-07-13 08:11:00+00:00,68,254,12,18,22,13,21,17,254,0,103
2026-07-13 09:11:00+00:00,68,254,12,18,22,13,21,17,254,0,60
2026-07-13 10:11:00+00:00,68,254,12,18,22,13,21,17,254,0,60
2026-07-13 11:11:00+00:00,67,254,12,18,22,13,20,16,254,0,60
2026-07-13 12:11:00+00:00,67,254,12,18,22,13,20,16,254,0,60
2026-07-13 13:11:00+00:00,67,254,12,18,22,13,20,16,254,0,60
2026-07-13 14:11:00+00:00,67,254,12,18,22,13,20,16,254,0,60
2026-07-13 15:11:00+00:00,66,254,12,18,21,13,20,16,254,0,60
2026-07-13 16:11:00+00:00,67,254,12,18,22,13,21,17,254,0,60
2026-07-13 17:11:00+00:00,67,254,12,18,22,13,21,17,254,0,60
2026-07-13 18:11:00+00:00,67,254,13,19,23,14,21,18,254,0,60
2026-07-13 19:11:00+00:00,67,254,13,20,24,14,22,19,254,0,60
2026-07-13 20:11:00+00:00,68,254,13,21,26,15,23,20,254,0,60
2026-07-13 21:11:00+00:00,68,254,14,22,27,15,24,21,254,0,60
2026-07-13 22:11:00+00:00,69,254,14,23,29,16,25,22,254,0,60
2026-07-13 23:11:00+00:00,69,254,14,24,30,16,26,24,254,0,60
2026-07-14 00:11:00+00:00,69,254,15,25,32,17,27,25,254,0,60
2026-07-14 01:11:00+00:00,69,254,15,27,34,18,28,25,254,0,60
2026-07-14 02:11:00+00:00,69,254,15,28,36,18,30,26,254,0,60
2026-07-14 03:11:00+00:00,69,254,15,29,37,17,31,25,254,0,60
2026-07-14 04:11:00+00:00,69,254,15,29,38,17,32,24,254,0,60
2026-07-14 05:11:00+00:00,69,254,15,29,39,17,33,24,254,0,60
2026-07-14 06:11:00+00:00,69,254,14,29,39,16,33,23,254,0,60
2026-07-14 07:11:00+00:00,69,254,14,29,39,16,34,22,254,0,60
2026-07-14 08:11:00+00:00,69,254,14,29,39,16,35,22,254,0,103
2026-07-14 09:11:00+00:00,69,254,14,29,39,16,35,22,254,0,60
2026-07-14 10:11:00+00:00,69,254,14,29,38,16,35,22,254,0,60
2026-07-14 11:11:00+00:00,69,254,14,28,38,16,36,21,254,0,60
2026-07-14 12:11:00+00:00,68,254,14,28,38,16,36,21,254,0,60
2026-07-14 13:11:00+00:00,68,254,14,28,38,16,36,21,254,0,60
2026-07-14 14:11:00+00:00,68,254,14,28,38,16,36,21,254,0,60
2026-07-14 15:11:00+00:00,68,254,14,29,38,16,37,21,254,0,60
2026-07-14 16:11:00+00:00,68,254,15,30,38,17,37,22,254,0,60
2026-07-14 17:11:00+00:00,68,254,15,31,40,17,38,23,254,0,60
2026-07-14 18:11:00+00:00,68,254,15,32,41,17,39,24,254,0,60
2026-07-14 19:11:00+00:00,68,254,15,33,42,17,40,24,254,0,60
2026-07-14 20:11:00+00:00,69,254,15,34,43,17,41,24,254,0,60
2026-07-14 21:11:00+00:00,69,254,16,36,45,18,42,25,254,0,60
2026-07-14 22:11:00+00:00,69,254,16,37,47,19,43,27,254,0,60
2026-07-14 23:11:00+00:00,69,254,16,39,48,20,44,29,254,0,60
2026-07-15 00:11:00+00:00,70,254,17,42,51,21,46,31,254,0,60
2026-07-15 01:11:00+00:00,70,254,17,44,53,21,48,31,254,0,60
2026-07-15 02:11:00+00:00,70,254,17,45,54,21,49,31,254,0,60
2026-07-15 03:11:00+00:00,70,254,17,46,55,20,51,30,254,0,60
2026-07-15 04:11:00+00:00,70,254,17,47,57,20,52,29,254,0,60
2026-07-15 05:11:00+00:00,70,254,17,48,57,20,54,29,254,0,60
2026-07-15 06:11:00+00:00,70,254,17,48,58,19,55,28,254,0,60
2026-07-15 07:11:00+00:00,70,254,16,48,59,19,56,27,254,0,60
2026-07-15 08:11:00+00:00,70,254,16,48,59,19,57,27,254,0,103
2026-07-15 09:11:00+00:00,70,254,16,48,59,19,57,27,254,0,60
2026-07-15 10:11:00+00:00,70,254,16,48,60,19,58,26,254,0,60
2026-07-15 11:11:00+00:00,69,254,16,46,59,18,58,26,254,0,60
2026-07-15 12:11:00+00:00,69,254,16,46,59,18,59,26,254,0,60
2026-07-15 13:11:00+00:00,69,254,16,46,59,18,59,25,254,0,60
2026-07-15 14:11:00+00:00,70,254,2,5,15,18,5,5,254,142,60
2026-07-15 15:11:00+00:00,70,254,2,6,4,2,5,2,254,2,60
2026-07-15 16:11:00+00:00,70,254,2,6,4,2,5,2,254,0,60
2026-07-15 17:11:00+00:00,70,254,2,6,5,2,5,2,254,0,60
2026-07-15 18:11:00+00:00,70,254,3,6,12,3,5,2,254,0,60
2026-07-15 19:11:00+00:00,70,254,3,7,5,3,10,2,254,0,60
2026-07-15 20:11:00+00:00,71,254,3,7,14,3,6,3,254,0,60
2026-07-15 21:11:00+00:00,71,254,3,7,12,3,5,4,254,0,60
2026-07-15 22:11:00+00:00,71,254,4,8,10,4,11,5,254,0,60
2026-07-15 23:11:00+00:00,71,254,5,9,11,4,7,7,254,0,60
2026-07-16 00:13:00+00:00,72,254,5,10,12,5,8,8,254,0,60
2026-07-16 01:13:00+00:00,72,254,6,10,13,6,10,9,254,0,60
2026-07-16 02:13:00+00:00,72,254,6,11,14,6,10,10,254,0,60
2026-07-16 03:13:00+00:00,72,254,7,11,15,7,11,10,254,0,60
2026-07-16 04:13:00+00:00,72,254,7,12,14,7,11,10,254,0,60
2026-07-16 05:13:00+00:00,72,254,7,14,14,7,11,10,254,0,60
2026-07-16 06:13:00+00:00,72,254,8,15,14,7,11,10,254,0,60
2026-07-16 07:13:00+00:00,71,254,8,15,13,7,11,10,254,0,60
2026-07-16 08:13:00+00:00,71,254,8,12,13,7,11,10,254,0,103
2026-07-16 09:13:00+00:00,71,254,9,12,14,7,11,10,254,0,60
2026-07-16 10:13:00+00:00,70,254,9,11,13,8,11,10,254,0,60
2026-07-16 11:13:00+00:00,70,254,9,14,13,8,12,10,254,0,60
2026-07-16 12:13:00+00:00,70,254,10,12,13,8,12,10,254,0,60
2026-07-16 13:13:00+00:00,69,254,10,13,13,8,12,10,254,0,60
2026-07-16 14:13:00+00:00,69,254,10,14,13,9,12,10,254,0,60
2026-07-16 15:13:00+00:00,69,254,10,12,13,9,12,10,254,0,60
2026-07-16 16:13:00+00:00,69,254,10,12,14,10,12,10,254,0,60
2026-07-16 17:13:00+00:00,69,254,10,13,14,10,13,11,254,0,60
2026-07-16 18:13:00+00:00,69,254,11,13,15,10,13,11,254,0,60
2026-07-16 19:13:00+00:00,70,254,11,13,16,11,14,12,254,0,60
2026-07-16 20:13:00+00:00,70,254,11,14,17,11,15,12,254,0,60
2026-07-16 21:13:00+00:00,71,254,11,14,17,11,15,13,254,0,60
2026-07-16 22:13:00+00:00,71,254,11,14,18,12,16,14,254,0,60
2026-07-16 23:13:00+00:00,72,254,12,15,19,12,16,14,254,0,60
2026-07-17 00:13:00+00:00,72,254,12,14,19,12,16,14,254,0,60
2026-07-17 01:13:00+00:00,72,254,12,17,19,12,16,14,254,0,60
2026-07-17 02:13:00+00:00,72,254,12,16,19,12,17,14,254,1,60
2026-07-17 03:13:00+00:00,72,254,12,15,20,12,17,14,254,0,60
2026-07-17 04:13:00+00:00,72,254,12,15,19,12,17,14,254,0,60
2026-07-17 05:13:00+00:00,72,254,12,15,19,12,16,14,254,0,60
2026-07-17 06:13:00+00:00,72,254,12,14,19,12,16,14,254,0,60
2026-07-17 07:13:00+00:00,72,254,12,14,19,12,16,14,254,0,60
2026-07-17 08:13:00+00:00,72,254,12,14,19,12,16,14,254,0,103
2026-07-17 09:13:00+00:00,71,254,11,14,19,12,16,13,254,0,60
2026-07-17 10:13:00+00:00,71,254,11,14,18,12,16,13,254,0,60
2026-07-17 11:13:00+00:00,71,254,11,14,18,12,16,13,254,0,60
2026-07-17 12:13:00+00:00,71,254,11,14,18,12,16,13,254,0,60
2026-07-17 13:13:00+00:00,70,254,12,14,18,12,16,13,254,0,60
2026-07-17 14:13:00+00:00,70,254,12,14,18,12,16,14,254,0,60
2026-07-17 15:13:00+00:00,70,254,12,14,18,12,16,14,254,0,60
2026-07-17 16:13:00+00:00,70,254,12,15,19,12,17,14,254,0,60
2026-07-17 17:13:00+00:00,70,254,12,15,19,12,17,14,254,0,60
2026-07-17 18:13:00+00:00,70,254,12,16,20,13,18,15,254,0,60
2026-07-17 19:13:00+00:00,71,254,13,16,21,13,18,15,254,0,60
2026-07-17 20:13:00+00:00,71,254,13,17,22,14,19,16,254,0,60
2026-07-17 21:13:00+00:00,72,254,13,18,24,14,20,18,254,0,60
2026-07-17 22:13:00+00:00,72,254,14,19,25,15,20,19,254,0,60
2026-07-17 23:13:00+00:00,72,254,14,19,26,15,21,19,254,0,60
2026-07-18 00:13:00+00:00,73,254,14,20,27,16,22,20,254,0,60
2026-07-18 01:13:00+00:00,73,254,14,20,29,16,22,21,254,0,60
2026-07-18 02:13:00+00:00,73,254,14,20,30,16,23,20,254,0,60
2026-07-18 03:13:00+00:00,73,254,14,20,30,15,23,20,254,0,60
2026-07-18 04:13:00+00:00,73,254,14,20,30,15,23,19,254,0,60
2026-07-18 05:13:00+00:00,73,254,14,20,30,15,24,19,254,0,60
2026-07-18 06:13:00+00:00,73,254,14,20,29,15,24,18,254,0,60
2026-07-18 07:13:00+00:00,73,254,14,20,29,15,24,18,254,0,60
2026-07-18 08:13:00+00:00,72,254,13,20,29,15,24,18,254,0,103
2026-07-18 09:13:00+00:00,72,254,13,20,29,15,24,18,254,0,60
2026-07-18 10:13:00+00:00,72,254,14,20,29,15,24,18,254,0,60
2026-07-18 11:13:00+00:00,71,254,13,19,28,14,24,17,254,0,60
2026-07-18 12:13:00+00:00,71,254,13,19,28,14,24,17,254,0,60
2026-07-18 13:13:00+00:00,71,254,13,19,28,14,24,17,254,0,60
2026-07-18 14:13:00+00:00,70,254,13,19,28,14,24,17,254,0,60
2026-07-18 15:13:00+00:00,70,254,13,19,28,14,24,17,254,0,60
2026-07-18 16:13:00+00:00,70,254,14,20,28,15,24,18,254,0,60
2026-07-18 17:13:00+00:00,70,254,14,20,29,15,24,18,254,0,60
2026-07-18 18:13:00+00:00,71,254,14,21,31,15,25,19,254,0,60
2026-07-18 19:13:00+00:00,71,254,14,22,32,16,25,20,254,0,60
2026-07-18 20:13:00+00:00,72,254,15,24,34,17,27,22,254,0,60
2026-07-18 21:13:00+00:00,72,254,15,25,37,18,28,24,254,0,60
2026-07-18 22:13:00+00:00,72,254,16,27,39,19,29,26,254,0,60
2026-07-18 23:13:00+00:00,72,254,16,29,41,20,30,28,254,0,60
2026-07-19 00:13:00+00:00,73,254,17,31,44,21,32,29,254,0,60
2026-07-19 01:13:00+00:00,73,254,17,33,47,21,34,30,254,0,60
2026-07-19 02:13:00+00:00,73,254,17,35,49,21,35,30,254,0,60
2026-07-19 03:13:00+00:00,73,254,17,37,51,21,37,30,254,0,60
2026-07-19 04:13:00+00:00,72,254,17,38,53,20,38,28,254,0,60
2026-07-19 05:13:00+00:00,72,254,16,38,54,20,39,27,254,0,60
2026-07-19 06:13:00+00:00,72,254,16,39,55,19,40,26,254,0,60
2026-07-19 07:13:00+00:00,72,254,16,38,56,19,41,26,254,0,60
2026-07-19 08:13:00+00:00,71,254,16,37,55,18,41,25,254,0,103
2026-07-19 09:13:00+00:00,71,254,16,37,56,18,42,24,254,0,60
2026-07-19 10:13:00+00:00,71,254,16,37,57,18,43,24,254,0,60
2026-07-19 11:13:00+00:00,70,254,16,37,57,18,43,24,254,0,60
2026-07-19 12:13:00+00:00,70,254,16,37,57,18,44,24,254,0,60
2026-07-19 13:13:00+00:00,66,254,2,6,4,2,5,1,254,159,60
2026-07-19 14:13:00+00:00,67,254,2,6,5,2,5,1,254,0,60
2026-07-19 15:13:00+00:00,67,254,2,6,7,2,5,1,254,0,60
2026-07-19 16:13:00+00:00,68,254,2,6,5,2,5,1,254,0,60
2026-07-19 17:13:00+00:00,68,254,2,6,5,2,5,1,254,0,60
2026-07-19 18:13:00+00:00,68,254,3,6,5,3,6,1,254,0,60
2026-07-19 19:13:00+00:00,68,254,3,7,5,3,5,2,254,0,60
2026-07-19 20:13:00+00:00,69,254,3,7,6,3,6,2,254,0,60
2026-07-19 21:13:00+00:00,69,254,4,7,6,3,6,3,254,0,60
2026-07-19 22:13:00+00:00,70,254,4,8,9,4,6,4,254,0,60
2026-07-19 23:13:00+00:00,70,254,5,9,11,4,6,5,254,0,60
2026-07-20 00:13:00+00:00,71,254,5,10,11,4,6,6,254,0,60
2026-07-20 01:13:00+00:00,71,254,5,10,12,5,7,7,254,0,60
2026-07-20 02:13:00+00:00,71,254,6,14,12,5,8,7,254,0,60
2026-07-20 03:13:00+00:00,71,254,6,10,12,5,8,7,254,0,60
2026-07-20 04:13:00+00:00,71,254,6,10,12,5,8,7,254,0,60
2026-07-20 05:13:00+00:00,71,254,7,11,12,6,9,7,254,0,60
2026-07-20 06:13:00+00:00,71,254,7,11,12,6,10,7,254,0,60
2026-07-20 07:13:00+00:00,71,254,7,11,12,6,10,7,254,0,60
2026-07-20 08:13:00+00:00,70,254,8,11,12,6,10,8,254,0,103
2026-07-20 09:13:00+00:00,70,254,8,11,12,6,10,8,254,0,60
2026-07-20 10:13:00+00:00,70,254,8,11,12,7,10,8,254,0,60
2026-07-20 11:13:00+00:00,70,254,8,11,13,7,11,8,254,0,60
2026-07-20 12:13:00+00:00,69,254,9,11,12,7,11,8,254,0,60
2026-07-20 13:13:00+00:00,69,254,9,11,12,7,11,8,254,0,60
2026-07-20 14:13:00+00:00,69,254,10,11,13,8,11,8,254,0,60
2026-07-20 15:13:00+00:00,69,254,10,11,13,8,11,10,254,0,60
2026-07-20 16:13:00+00:00,69,254,10,11,13,9,11,10,254,0,60
2026-07-20 17:13:00+00:00,69,254,10,12,14,10,12,10,254,0,60
2026-07-20 18:13:00+00:00,69,254,10,12,15,10,12,11,254,0,60
2026-07-20 19:13:00+00:00,69,254,11,13,16,11,13,11,254,0,60
2026-07-20 20:13:00+00:00,70,254,11,14,17,11,14,12,254,0,60
2026-07-20 21:13:00+00:00,70,254,11,14,18,12,15,13,254,0,60
2026-07-20 22:13:00+00:00,71,254,11,15,18,12,15,14,254,0,60
2026-07-20 23:13:00+00:00,71,254,11,15,19,12,15,14,254,0,60
2026-07-21 00:13:00+00:00,71,254,11,15,20,12,16,14,254,0,60
2026-07-21 01:13:00+00:00,71,254,11,15,20,12,16,14,254,0,60
2026-07-21 02:13:00+00:00,71,254,11,15,20,12,16,14,254,0,60
2026-07-21 03:13:00+00:00,71,254,11,15,20,12,16,14,254,0,60
2026-07-21 04:13:00+00:00,71,254,11,15,20,12,16,14,254,0,60
2026-07-21 05:13:00+00:00,71,254,11,15,20,12,16,14,254,0,60
2026-07-21 06:13:00+00:00,71,254,11,15,20,12,16,14,254,0,60
2026-07-21 07:13:00+00:00,71,254,11,15,20,12,16,14,254,0,60
2026-07-21 08:13:00+00:00,71,254,11,15,20,12,16,14,254,0,103
2026-07-21 09:13:00+00:00,71,254,11,15,20,12,16,14,254,0,60
2026-07-21 10:13:00+00:00,71,254,12,15,20,12,16,14,254,0,60
2026-07-21 11:13:00+00:00,71,254,12,15,19,12,16,14,254,0,60
2026-07-21 12:13:00+00:00,70,254,12,15,19,12,16,14,254,0,60
2026-07-21 13:13:00+00:00,70,254,12,15,19,12,16,14,254,0,60
2026-07-21 14:14:00+00:00,70,254,12,15,19,12,17,14,254,0,60
2026-07-21 15:14:00+00:00,70,254,12,15,19,12,17,14,254,0,60
2026-07-21 16:14:00+00:00,70,254,12,15,19,12,17,14,254,0,60
2026-07-21 17:14:00+00:00,70,254,12,15,20,12,17,14,254,0,60
2026-07-21 18:14:00+00:00,70,254,12,15,20,13,17,14,254,0,60
2026-07-21 19:14:00+00:00,70,254,12,16,21,13,18,15,254,0,60
2026-07-21 20:14:00+00:00,70,254,13,17,22,14,18,16,254,0,60
2026-07-21 21:14:00+00:00,70,254,13,18,24,14,19,17,254,0,60
2026-07-21 22:14:00+00:00,71,254,13,19,25,15,20,19,254,0,60
2026-07-21 23:14:00+00:00,71,254,13,19,27,16,21,20,254,0,60
2026-07-22 00:14:00+00:00,71,254,14,20,29,16,21,21,254,0,60
2026-07-22 01:14:00+00:00,71,254,14,21,30,16,22,21,254,0,60
2026-07-22 02:14:00+00:00,71,254,14,22,31,16,23,20,254,0,60
2026-07-22 03:14:00+00:00,71,254,14,22,32,16,24,20,254,0,60
2026-07-22 04:14:00+00:00,71,254,13,22,32,16,24,19,254,0,60
2026-07-22 05:14:00+00:00,71,254,13,22,32,16,24,19,254,0,60
2026-07-22 06:14:00+00:00,71,254,13,22,32,15,24,19,254,0,60
2026-07-22 07:14:00+00:00,71,254,13,22,32,15,24,19,254,0,60
2026-07-22 08:14:00+00:00,71,254,13,22,32,15,24,18,254,0,103
2026-07-22 09:14:00+00:00,71,254,13,22,31,15,24,18,254,0,60
2026-07-22 10:14:00+00:00,71,254,13,22,31,15,24,18,254,0,60
2026-07-22 11:14:00+00:00,70,254,13,21,31,15,24,18,254,0,60
2026-07-22 12:14:00+00:00,70,254,13,21,31,15,24,18,254,0,60
2026-07-22 13:14:00+00:00,70,254,13,21,31,15,24,18,254,0,60
2026-07-22 14:14:00+00:00,70,254,13,21,30,15,24,18,254,0,60
2026-07-22 15:14:00+00:00,70,254,13,21,30,15,24,18,254,0,60
2026-07-22 16:14:00+00:00,70,254,13,21,30,15,24,18,254,0,60
2026-07-22 17:14:00+00:00,70,254,13,21,30,15,25,18,254,0,60
2026-07-22 18:14:00+00:00,70,254,14,22,31,15,25,18,254,0,60
2026-07-22 19:14:00+00:00,70,254,14,22,31,15,25,19,254,0,60
2026-07-22 20:14:00+00:00,70,254,14,22,32,15,25,19,254,0,60
2026-07-22 21:14:00+00:00,70,254,14,23,33,15,26,19,254,0,60
2026-07-22 22:14:00+00:00,70,254,14,23,33,15,26,19,254,0,60
2026-07-22 23:14:00+00:00,70,254,14,23,34,16,26,19,254,0,60
2026-07-23 00:14:00+00:00,71,254,14,24,36,16,27,20,254,0,60
2026-07-23 01:14:00+00:00,71,254,14,25,37,17,28,21,254,0,60
2026-07-23 02:14:00+00:00,71,254,14,26,39,17,29,21,254,0,60
2026-07-23 03:14:00+00:00,71,254,14,26,40,16,29,21,254,0,60
2026-07-23 04:14:00+00:00,71,254,14,26,41,16,30,20,254,0,60
2026-07-23 05:14:00+00:00,71,254,14,26,41,16,30,20,254,0,60
2026-07-23 06:14:00+00:00,71,254,14,26,41,16,30,20,254,0,60
2026-07-23 07:14:00+00:00,70,254,14,26,41,16,31,20,254,0,60
2026-07-23 08:14:00+00:00,70,254,14,26,41,16,31,19,254,0,103
2026-07-23 09:14:00+00:00,70,254,14,26,41,16,31,19,254,0,60
2026-07-23 10:14:00+00:00,70,254,14,26,41,16,31,19,254,0,60
2026-07-23 11:14:00+00:00,69,254,14,25,40,15,30,19,254,0,60
2026-07-23 12:14:00+00:00,69,254,14,25,40,15,31,19,254,0,60
2026-07-23 13:14:00+00:00,69,254,14,25,39,15,31,19,254,0,60
2026-07-23 14:14:00+00:00,69,254,14,25,39,15,31,19,254,0,60
2026-07-23 15:14:00+00:00,68,254,14,25,39,15,31,19,254,0,60
2026-07-23 16:14:00+00:00,68,254,14,25,39,15,31,19,254,0,60
2026-07-23 17:14:00+00:00,68,254,14,26,39,16,31,19,254,0,60
2026-07-23 18:14:00+00:00,69,254,15,27,41,16,31,20,254,0,60
2026-07-23 19:14:00+00:00,69,254,15,28,42,17,32,21,254,0,60
2026-07-23 20:14:00+00:00,70,254,16,30,44,18,33,23,254,0,60
2026-07-23 21:14:00+00:00,70,254,16,32,46,18,34,25,254,0,60
2026-07-23 22:14:00+00:00,71,254,16,33,48,19,35,25,254,0,60
2026-07-23 23:14:00+00:00,71,254,16,35,50,19,36,26,254,0,60
2026-07-24 00:14:00+00:00,72,254,17,37,52,20,38,28,254,0,60
2026-07-24 01:14:00+00:00,72,254,17,38,54,20,39,28,254,0,60
2026-07-24 02:14:00+00:00,72,254,17,39,55,19,40,27,254,0,60
2026-07-24 03:14:00+00:00,72,254,16,39,56,19,41,26,254,0,60
2026-07-24 04:14:00+00:00,72,254,16,39,57,19,42,26,254,0,60
2026-07-24 05:14:00+00:00,72,254,16,39,57,18,42,25,254,0,60
2026-07-24 06:14:00+00:00,72,254,16,39,58,18,43,25,254,0,60
2026-07-24 07:14:00+00:00,72,254,16,38,58,18,44,24,254,0,60
2026-07-24 08:14:00+00:00,72,254,16,38,59,18,44,24,254,0,103
2026-07-24 09:14:00+00:00,72,254,16,38,59,18,44,24,254,0,60
2026-07-24 10:14:00+00:00,72,254,16,38,59,18,45,24,254,0,60
2026-07-24 11:14:00+00:00,71,254,16,37,58,17,44,23,254,0,60
2026-07-24 12:14:00+00:00,71,254,16,36,59,17,44,23,254,0,60
2026-07-24 13:14:00+00:00,71,254,16,36,59,17,45,23,254,0,60
2026-07-24 14:14:00+00:00,70,254,16,36,58,17,45,23,254,0,60
2026-07-24 15:14:00+00:00,70,254,16,36,59,17,45,23,254,0,60
2026-07-24 16:14:00+00:00,70,254,16,36,58,18,45,23,254,0,60
2026-07-24 17:14:00+00:00,70,254,16,38,59,18,46,24,254,0,60
2026-07-24 18:14:00+00:00,71,254,17,39,60,19,46,26,254,0,60
2026-07-24 19:14:00+00:00,71,254,17,41,60,20,47,27,254,0,60
2026-07-24 20:14:00+00:00,72,254,18,44,62,22,49,30,254,0,60
2026-07-24 21:14:00+00:00,72,254,18,46,63,23,50,33,254,0,60
2026-07-24 22:14:00+00:00,72,254,18,48,64,25,51,36,254,0,60
2026-07-24 23:14:00+00:00,73,254,19,50,64,26,52,38,254,0,60
2026-07-25 00:14:00+00:00,73,254,19,52,65,27,54,40,254,0,60
2026-07-25 01:14:00+00:00,73,254,19,53,66,28,55,41,254,0,60
2026-07-25 02:14:00+00:00,73,254,19,55,66,27,57,41,254,0,60
2026-07-25 03:14:00+00:00,74,254,19,57,68,26,60,40,254,0,60
2026-07-25 04:14:00+00:00,74,254,19,57,69,25,61,38,254,0,60
2026-07-25 05:14:00+00:00,73,254,18,57,68,24,61,36,254,0,60
2026-07-25 06:14:00+00:00,73,254,18,57,68,23,62,35,254,0,60
2026-07-25 07:14:00+00:00,73,254,18,58,68,23,63,34,254,0,60
2026-07-25 08:14:00+00:00,72,254,18,58,69,23,64,33,254,0,103
2026-07-25 09:14:00+00:00,72,254,18,58,69,22,64,33,254,0,60
2026-07-25 10:14:00+00:00,72,254,18,59,70,22,65,32,254,0,60
2026-07-25 11:14:00+00:00,71,254,18,58,69,22,65,31,254,0,60
2026-07-25 12:14:00+00:00,71,254,18,58,69,21,66,31,254,0,60
2026-07-25 13:14:00+00:00,71,254,18,58,70,21,66,31,254,0,60
2026-07-25 14:14:00+00:00,71,254,18,58,70,21,67,31,254,0,60
2026-07-25 15:14:00+00:00,70,254,18,58,70,21,67,31,254,0,60
2026-07-25 16:14:00+00:00,70,254,18,58,71,22,68,31,254,0,60
2026-07-25 17:14:00+00:00,70,254,18,59,71,22,68,33,254,0,60
2026-07-25 18:14:00+00:00,71,254,19,59,71,23,69,35,254,0,60
2026-07-25 19:14:00+00:00,71,254,19,60,71,25,69,38,254,0,60
2026-07-25 20:14:00+00:00,72,254,20,62,73,28,71,42,254,0,60
2026-07-25 21:14:00+00:00,72,254,21,62,73,30,72,46,254,0,60
2026-07-25 22:14:00+00:00,73,254,21,63,73,32,72,49,254,0,60
2026-07-25 23:14:00+00:00,79,254,12,5,25,34,4,33,254,146,60
2026-07-26 00:14:00+00:00,78,254,2,5,4,2,4,1,254,24,60
2026-07-26 01:14:00+00:00,77,254,3,5,4,2,5,1,254,0,60
2026-07-26 02:14:00+00:00,76,254,13,5,4,2,4,1,254,0,60
2026-07-26 03:14:00+00:00,76,254,3,5,4,2,4,1,254,0,60
2026-07-26 04:14:00+00:00,76,254,3,5,4,2,4,1,254,0,60
2026-07-26 05:14:00+00:00,76,254,2,6,4,2,4,1,254,0,60
2026-07-26 06:14:00+00:00,75,254,3,6,4,2,5,1,254,0,60
2026-07-26 07:14:00+00:00,75,254,3,6,4,2,5,1,254,0,60
2026-07-26 08:14:00+00:00,74,254,9,6,5,2,4,2,254,0,103
2026-07-26 09:14:00+00:00,74,254,3,6,5,2,5,2,254,0,60
2026-07-26 10:14:00+00:00,73,254,3,6,5,3,5,2,254,0,60
2026-07-26 11:14:00+00:00,73,254,3,12,5,3,5,2,254,0,60
2026-07-26 12:14:00+00:00,72,254,4,6,5,3,5,2,254,0,60
2026-07-26 13:14:00+00:00,72,254,4,7,6,3,5,2,254,0,60
2026-07-26 14:14:00+00:00,72,254,5,7,6,3,5,2,254,0,60
2026-07-26 15:14:00+00:00,71,254,5,7,7,4,5,3,254,0,60
2026-07-26 16:14:00+00:00,71,254,5,8,8,4,5,3,254,0,60
2026-07-26 17:14:00+00:00,71,254,6,9,10,4,5,3,254,0,60
2026-07-26 18:14:00+00:00,71,254,11,10,11,4,6,4,254,0,60
2026-07-26 19:14:00+00:00,71,254,8,10,15,11,6,5,254,0,60
2026-07-26 20:14:00+00:00,71,254,7,11,12,7,7,7,254,0,60
2026-07-26 21:14:00+00:00,72,254,8,11,13,8,9,9,254,0,60
2026-07-26 22:14:00+00:00,72,254,8,12,14,9,10,10,254,0,60
2026-07-26 23:14:00+00:00,72,254,9,12,15,10,11,11,254,0,60
2026-07-27 00:14:00+00:00,73,254,9,12,16,10,11,11,254,0,60
2026-07-27 01:14:00+00:00,73,254,10,12,15,10,12,11,254,0,60
2026-07-27 02:14:00+00:00,73,254,10,12,15,10,12,11,254,0,60
2026-07-27 03:14:00+00:00,73,254,10,12,15,10,12,11,254,0,60
2026-07-27 04:14:00+00:00,73,254,10,12,16,10,12,11,254,0,60
2026-07-27 05:14:00+00:00,72,254,10,12,16,10,12,11,254,0,60
2026-07-27 06:14:00+00:00,72,254,10,12,15,10,12,11,254,0,60
2026-07-27 07:14:00+00:00,72,254,10,12,17,10,12,11,254,0,60
2026-07-27 08:14:00+00:00,71,254,10,12,15,10,12,11,254,0,103
2026-07-27 09:14:00+00:00,71,254,10,12,15,10,12,11,254,0,60
2026-07-27 10:14:00+00:00,71,254,10,12,15,10,12,11,254,0,60
2026-07-27 11:14:00+00:00,70,254,11,12,15,10,12,11,254,0,60
2026-07-27 12:14:00+00:00,70,254,11,12,15,10,12,11,254,0,60
2026-07-27 13:14:00+00:00,70,254,11,12,16,10,12,11,254,0,60
2026-07-27 14:14:00+00:00,69,254,10,12,15,10,12,11,254,0,60
2026-07-27 15:14:00+00:00,69,254,11,12,15,10,12,11,254,0,60
2026-07-27 16:14:00+00:00,69,254,11,12,15,11,13,11,254,0,60
2026-07-27 17:14:00+00:00,69,254,11,13,15,12,13,11,254,0,60
2026-07-27 18:14:00+00:00,69,254,11,13,16,11,13,12,254,0,60
2026-07-27 19:14:00+00:00,69,254,11,13,17,11,14,12,254,0,60
2026-07-27 20:14:00+00:00,69,254,11,14,17,12,14,13,254,0,60
2026-07-27 21:14:00+00:00,70,254,12,14,18,12,15,14,254,0,60
2026-07-27 22:14:00+00:00,70,254,12,15,19,13,15,14,254,0,60
2026-07-27 23:14:00+00:00,70,254,12,15,20,13,15,15,254,0,60
2026-07-28 00:14:00+00:00,70,254,12,15,21,13,16,15,254,0,60
2026-07-28 01:14:00+00:00,71,254,12,16,21,13,16,15,254,0,60
2026-07-28 02:14:00+00:00,71,254,12,15,21,13,16,15,254,0,60
2026-07-28 03:14:00+00:00,71,254,12,15,21,13,16,15,254,0,60
2026-07-28 04:14:00+00:00,71,254,12,15,21,13,16,15,254,0,60
2026-07-28 05:14:00+00:00,71,254,12,15,21,13,16,14,254,0,60
2026-07-28 06:14:00+00:00,70,254,12,15,20,13,16,14,254,0,60
2026-07-28 07:14:00+00:00,70,254,12,15,20,13,16,14,254,0,60
2026-07-28 08:14:00+00:00,70,254,12,15,20,13,16,14,254,0,103
2026-07-28 09:14:00+00:00,69,254,12,15,20,13,16,14,254,0,60
2026-07-28 10:14:00+00:00,69,254,12,15,20,13,16,14,254,0,60
2026-07-28 11:14:00+00:00,69,254,12,15,20,13,16,14,254,0,60
2026-07-28 12:14:00+00:00,68,254,12,15,20,13,16,14,254,0,60
2026-07-28 13:14:00+00:00,68,254,14,15,20,13,16,14,254,0,60
2026-07-28 14:14:00+00:00,67,254,12,15,19,12,16,14,254,0,60
2026-07-28 15:14:00+00:00,67,254,12,15,20,12,16,14,254,0,60
2026-07-28 16:14:00+00:00,67,254,12,15,20,12,16,14,254,0,60
2026-07-28 17:14:00+00:00,67,254,12,15,20,13,16,14,254,0,60
2026-07-28 18:14:00+00:00,67,254,12,15,20,13,16,15,254,0,60
2026-07-28 19:14:00+00:00,68,254,12,16,21,13,17,15,254,0,60
2026-07-28 20:14:00+00:00,68,254,13,17,22,14,18,16,254,0,60
2026-07-28 21:14:00+00:00,69,254,13,17,23,14,18,17,254,0,60
2026-07-28 22:14:00+00:00,69,254,13,18,24,15,18,18,254,0,60
2026-07-28 23:14:00+00:00,69,254,13,18,26,15,19,19,254,0,60
2026-07-29 00:14:00+00:00,70,254,13,19,27,16,20,19,254,0,60
2026-07-29 01:14:00+00:00,70,254,13,19,28,15,20,19,254,0,60
2026-07-29 02:14:00+00:00,70,254,13,19,29,15,20,19,254,0,60
2026-07-29 03:14:00+00:00,70,254,13,19,29,15,20,18,254,0,60
2026-07-29 04:14:00+00:00,70,254,13,19,29,15,20,18,254,0,60
2026-07-29 05:14:00+00:00,70,254,13,19,28,15,20,18,254,0,60
2026-07-29 06:14:00+00:00,70,254,13,19,28,15,20,18,254,0,60
2026-07-29 07:14:00+00:00,70,254,13,19,28,15,20,17,254,0,60
2026-07-29 08:14:00+00:00,69,254,13,18,28,14,19,17,254,0,103
2026-07-29 09:14:00+00:00,69,254,13,18,27,14,20,17,254,0,60
2026-07-29 10:14:00+00:00,69,254,13,18,27,14,20,17,254,0,60
2026-07-29 11:14:00+00:00,69,254,13,18,27,14,20,17,254,0,60
2026-07-29 12:14:00+00:00,68,254,13,18,27,14,20,17,254,0,60
2026-07-29 13:14:00+00:00,68,254,13,19,27,14,20,17,254,0,60
2026-07-29 14:14:00+00:00,68,254,13,19,27,15,20,17,254,0,60
2026-07-29 15:14:00+00:00,68,254,13,19,27,15,20,18,254,0,60
2026-07-29 16:15:00+00:00,68,254,13,19,28,15,20,18,254,0,60
2026-07-29 17:15:00+00:00,68,254,14,20,29,15,21,19,254,0,60
2026-07-29 18:15:00+00:00,68,254,14,20,30,16,21,19,254,0,60
2026-07-29 19:15:00+00:00,68,254,14,21,31,16,22,20,254,0,60
2026-07-29 20:15:00+00:00,69,254,14,22,32,17,22,21,254,0,60
2026-07-29 21:15:00+00:00,69,254,14,23,34,17,23,22,254,0,60
2026-07-29 22:15:00+00:00,70,254,15,24,36,18,24,23,254,0,60
2026-07-29 23:15:00+00:00,70,254,15,25,38,18,25,24,254,0,60
2026-07-30 00:15:00+00:00,70,254,15,26,40,18,25,24,254,0,60
2026-07-30 01:15:00+00:00,71,254,15,26,41,18,26,24,254,0,60
2026-07-30 02:15:00+00:00,71,254,15,26,43,18,26,23,254,0,60
2026-07-30 03:15:00+00:00,71,254,15,26,44,18,26,23,254,0,60
2026-07-30 04:15:00+00:00,71,254,15,26,44,17,27,22,254,0,60
2026-07-30 05:15:00+00:00,71,254,15,26,45,17,27,22,254,0,60
2026-07-30 06:15:00+00:00,71,254,15,25,45,17,27,22,254,0,60
2026-07-30 07:15:00+00:00,70,254,15,25,45,17,27,21,254,0,60
2026-07-30 08:15:00+00:00,70,254,15,25,45,17,27,21,254,0,103
2026-07-30 09:15:00+00:00,70,254,15,25,45,17,27,21,254,0,60
2026-07-30 10:15:00+00:00,70,254,15,25,44,17,27,21,254,5,60
2026-07-30 11:15:00+00:00,68,254,2,10,12,5,5,2,254,152,60
2026-07-30 12:15:00+00:00,68,254,2,7,13,2,5,2,254,0,60
2026-07-30 13:15:00+00:00,68,254,3,6,13,2,5,2,254,0,60
2026-07-30 14:15:00+00:00,68,254,3,6,12,2,5,2,254,0,60
2026-07-30 15:15:00+00:00,68,254,3,7,11,3,6,2,254,0,60
2026-07-30 16:15:00+00:00,68,254,3,7,12,3,6,2,254,0,60
2026-07-30 17:15:00+00:00,69,254,3,7,13,3,6,2,254,0,60
2026-07-30 18:15:00+00:00,69,254,3,7,12,3,6,2,254,0,60
2026-07-30 19:15:00+00:00,69,254,3,7,13,3,6,3,254,0,60
2026-07-30 20:15:00+00:00,70,254,3,8,8,3,6,3,254,0,60
2026-07-30 21:15:00+00:00,70,254,4,8,14,4,6,4,254,0,60
2026-07-30 22:15:00+00:00,71,254,4,9,10,4,6,5,254,0,60
2026-07-30 23:15:00+00:00,71,254,5,9,11,4,6,5,254,0,60
2026-07-31 00:15:00+00:00,72,254,5,10,11,5,6,5,254,0,60
2026-07-31 01:15:00+00:00,72,254,6,10,12,5,7,6,254,0,60
2026-07-31 02:15:00+00:00,72,254,6,10,12,5,8,7,254,0,60
2026-07-31 03:15:00+00:00,72,254,6,11,13,5,9,7,254,0,60
2026-07-31 04:15:00+00:00,72,254,6,11,13,5,10,7,254,0,60
2026-07-31 05:15:00+00:00,72,254,7,11,12,5,10,7,254,0,60
2026-07-31 06:15:00+00:00,72,254,7,11,13,5,10,7,254,0,60
2026-07-31 07:15:00+00:00,72,254,7,11,13,5,10,7,254,0,60
2026-07-31 08:15:00+00:00,71,254,7,15,12,5,10,7,254,0,103
2026-07-31 09:15:00+00:00,71,254,8,11,12,5,11,7,254,0,60
2026-07-31 10:15:00+00:00,71,254,8,11,12,6,11,7,254,0,60
2026-07-31 11:15:00+00:00,70,254,8,11,12,6,11,8,254,0,60
2026-07-31 12:15:00+00:00,70,254,9,11,12,7,11,8,254,0,60
2026-07-31 13:15:00+00:00,70,254,9,11,13,7,11,8,254,0,60
2026-07-31 14:15:00+00:00,69,254,10,11,12,7,11,8,254,0,60
2026-07-31 15:15:00+00:00,69,254,10,11,13,8,11,8,254,0,60
2026-07-31 16:15:00+00:00,69,254,10,11,13,8,11,11,254,0,60
2026-07-31 17:15:00+00:00,69,254,10,12,13,9,12,12,254,0,60
2026-07-31 18:15:00+00:00,69,254,10,12,14,10,12,11,254,0,60
2026-07-31 19:15:00+00:00,70,254,11,13,15,10,12,11,254,0,60
2026-07-31 20:15:00+00:00,70,254,11,13,15,10,13,12,254,0,60
2026-07-31 21:15:00+00:00,71,254,11,13,16,11,13,12,254,0,60
2026-07-31 22:15:00+00:00,71,254,11,14,17,11,14,13,254,0,60
2026-07-31 23:15:00+00:00,72,254,11,14,18,11,14,13,254,0,60
2026-08-01 00:15:00+00:00,72,254,11,14,18,11,14,13,254,0,60
2026-08-01 01:15:00+00:00,73,254,11,14,18,11,14,13,254,0,60
2026-08-01 02:15:00+00:00,73,254,11,14,18,11,14,13,254,0,60
2026-08-01 03:15:00+00:00,73,254,11,14,18,11,14,13,254,0,60
2026-08-01 04:15:00+00:00,73,254,11,14,17,11,14,13,254,0,60
2026-08-01 05:15:00+00:00,73,254,11,14,17,11,14,13,254,0,60
2026-08-01 06:15:00+00:00,73,254,11,14,17,11,14,13,254,0,60
2026-08-01 07:15:00+00:00,73,254,11,14,17,11,14,13,254,0,60
2026-08-01 08:15:00+00:00,73,254,11,13,17,11,14,13,254,0,103
2026-08-01 09:15:00+00:00,72,254,11,14,17,11,14,13,254,0,60
2026-08-01 10:15:00+00:00,72,254,11,14,17,11,14,13,254,0,60
2026-08-01 11:15:00+00:00,72,254,11,14,17,11,14,13,254,0,60
2026-08-01 12:15:00+00:00,71,254,11,13,17,11,14,13,254,0,60
2026-08-01 13:15:00+00:00,71,254,11,13,17,11,14,13,254,0,60
2026-08-01 14:15:00+00:00,70,254,11,14,17,11,14,13,254,0,60
2026-08-01 15:15:00+00:00,70,254,11,13,17,11,14,13,254,0,60
2026-08-01 16:15:00+00:00,70,254,11,14,17,11,15,13,254,0,60
2026-08-01 17:15:00+00:00,70,254,12,14,17,11,15,13,254,0,60
2026-08-01 18:15:00+00:00,70,254,12,14,18,12,15,14,254,0,60
2026-08-01 19:15:00+00:00,71,254,12,15,18,12,16,14,254,0,60
2026-08-01 20:15:00+00:00,71,254,12,15,19,12,16,15,254,0,60
2026-08-01 21:15:00+00:00,72,254,12,16,20,13,17,16,254,0,60
2026-08-01 22:15:00+00:00,72,254,13,16,21,13,17,16,254,0,60
2026-08-01 23:15:00+00:00,73,254,13,17,22,14,17,17,254,0,60
2026-08-02 00:15:00+00:00,73,254,13,17,23,14,18,17,254,0,60
2026-08-02 01:15:00+00:00,73,254,13,17,23,14,18,16,254,0,60
2026-08-02 02:15:00+00:00,73,254,13,17,23,13,18,16,254,0,60
2026-08-02 03:15:00+00:00,73,254,13,17,23,13,18,16,254,0,60
2026-08-02 04:15:00+00:00,73,254,13,17,22,13,18,16,254,0,60
2026-08-02 05:15:00+00:00,72,254,13,17,22,13,18,16,254,0,60
2026-08-02 06:15:00+00:00,72,254,13,16,22,13,18,16,254,0,60
2026-08-02 07:15:00+00:00,72,254,13,16,22,13,18,16,254,0,60
2026-08-02 08:15:00+00:00,72,254,13,17,22,13,18,16,254,0,103
2026-08-02 09:15:00+00:00,71,254,12,16,22,13,18,16,254,0,60
2026-08-02 10:15:00+00:00,71,254,12,16,22,13,18,16,254,0,60
2026-08-02 11:15:00+00:00,71,254,12,16,22,13,18,17,254,0,60
2026-08-02 12:15:00+00:00,71,254,12,16,22,13,18,17,254,0,60
2026-08-02 13:15:00+00:00,70,254,13,16,22,13,19,17,254,0,60
2026-08-02 14:15:00+00:00,70,254,13,16,22,13,19,17,254,0,60
2026-08-02 15:15:00+00:00,70,254,13,17,22,13,19,17,254,0,60
2026-08-02 16:15:00+00:00,69,254,13,17,22,13,19,17,254,0,60
2026-08-02 17:15:00+00:00,69,254,13,17,23,14,19,18,254,0,60
2026-08-02 18:15:00+00:00,69,254,13,18,24,14,20,19,254,0,60
2026-08-02 19:15:00+00:00,69,254,13,19,25,15,20,20,254,0,60
2026-08-02 20:15:00+00:00,70,254,14,20,26,15,21,21,254,0,60
2026-08-02 21:15:00+00:00,70,254,14,21,28,16,22,22,254,0,60
2026-08-02 22:15:00+00:00,70,254,14,21,29,16,23,23,254,0,60
2026-08-02 23:15:00+00:00,71,254,14,22,31,17,23,23,254,0,60
2026-08-03 00:15:00+00:00,71,254,14,23,33,17,24,23,254,0,60
2026-08-03 01:15:00+00:00,71,254,14,23,34,17,25,23,254,0,60
2026-08-03 02:15:00+00:00,71,254,14,24,35,17,25,23,254,0,60
2026-08-03 03:15:00+00:00,71,254,14,24,36,17,26,22,254,0,60
2026-08-03 04:15:00+00:00,71,254,14,23,36,16,26,22,254,0,60
2026-08-03 05:15:00+00:00,70,254,14,23,36,16,26,21,254,0,60
2026-08-03 06:15:00+00:00,70,254,14,23,36,16,26,21,254,0,60
2026-08-03 07:15:00+00:00,70,254,14,23,36,16,26,21,254,0,60
2026-08-03 08:15:00+00:00,69,254,14,23,35,16,26,20,254,0,103
2026-08-03 09:15:00+00:00,69,254,14,23,35,16,26,21,254,0,60
2026-08-03 10:15:00+00:00,69,254,14,23,35,16,26,21,254,0,60
2026-08-03 11:15:00+00:00,69,254,14,23,35,16,26,21,254,0,60
2026-08-03 12:15:00+00:00,68,254,14,23,35,16,26,21,254,0,60
2026-08-03 13:15:00+00:00,68,254,14,23,34,16,26,21,254,0,60
2026-08-03 14:15:00+00:00,68,254,14,23,34,16,27,21,254,0,60
2026-08-03 15:15:00+00:00,68,254,14,23,34,16,27,22,254,0,60
2026-08-03 16:15:00+00:00,67,254,14,23,34,16,27,22,254,0,60
2026-08-03 17:15:00+00:00,67,254,14,24,35,17,27,23,254,0,60
2026-08-03 18:15:00+00:00,68,254,15,25,37,17,28,24,254,0,60
2026-08-03 19:15:00+00:00,68,254,15,26,39,18,29,25,254,0,60
2026-08-03 20:15:00+00:00,68,254,15,27,40,19,30,27,254,0,60
2026-08-03 21:15:00+00:00,69,254,16,29,42,19,31,28,254,0,60
2026-08-03 22:15:00+00:00,69,254,16,30,44,20,31,29,254,0,60
2026-08-03 23:15:00+00:00,70,254,16,32,46,21,33,30,254,32,60
2026-08-04 00:15:00+00:00,70,254,3,6,5,3,5,2,254,104,60
2026-08-04 01:15:00+00:00,70,254,2,6,6,3,5,2,254,0,60
2026-08-04 02:15:00+00:00,70,254,3,7,6,3,12,2,254,0,60
2026-08-04 03:15:00+00:00,69,254,3,7,5,3,5,2,254,0,60
2026-08-04 04:15:00+00:00,69,254,3,7,5,3,5,2,254,0,60
2026-08-04 05:15:00+00:00,69,254,3,7,6,10,5,2,254,0,60
2026-08-04 06:15:00+00:00,69,254,3,7,6,3,5,2,254,0,60
2026-08-04 07:15:00+00:00,68,254,3,7,6,3,5,2,254,0,60
2026-08-04 08:15:00+00:00,68,254,3,7,6,3,5,2,254,0,103
2026-08-04 09:15:00+00:00,67,254,3,7,6,3,5,2,254,0,60
2026-08-04 10:15:00+00:00,67,254,3,8,6,3,5,2,254,0,60
2026-08-04 11:15:00+00:00,67,254,3,8,6,3,5,2,254,0,60
2026-08-04 12:15:00+00:00,66,254,3,8,6,3,5,2,254,0,60
2026-08-04 13:15:00+00:00,66,254,4,8,6,3,6,2,254,0,60
2026-08-04 14:15:00+00:00,65,254,4,8,6,3,6,2,254,0,60
2026-08-04 15:15:00+00:00,65,254,4,11,7,4,6,3,254,0,60
2026-08-04 16:15:00+00:00,65,254,5,12,7,4,6,3,254,0,60
2026-08-04 17:15:00+00:00,65,254,6,9,8,4,6,4,254,0,60
2026-08-04 18:15:00+00:00,65,254,6,10,9,5,6,4,254,0,60
2026-08-04 19:15:00+00:00,66,254,6,10,10,5,6,6,254,0,60
2026-08-04 20:15:00+00:00,66,254,7,10,11,6,6,7,254,0,60
2026-08-04 21:15:00+00:00,67,254,7,10,12,7,7,10,254,0,60
2026-08-04 22:15:00+00:00,67,254,8,11,13,8,9,10,254,0,60
2026-08-04 23:15:00+00:00,68,254,9,11,14,9,10,10,254,0,60
2026-08-05 00:15:00+00:00,68,254,9,11,14,10,10,10,254,0,60
2026-08-05 01:15:00+00:00,68,254,10,11,14,10,11,10,254,0,60
2026-08-05 02:15:00+00:00,69,254,10,12,14,10,11,10,254,0,60
2026-08-05 03:15:00+00:00,69,254,10,12,14,10,11,10,254,0,60
2026-08-05 04:15:00+00:00,69,254,10,12,14,10,11,10,254,0,60
2026-08-05 05:15:00+00:00,69,254,10,12,14,10,11,10,254,0,60
2026-08-05 06:15:00+00:00,68,254,10,12,14,10,11,10,254,0,60
2026-08-05 07:15:00+00:00,68,254,10,12,14,10,11,10,254,0,60
2026-08-05 08:15:00+00:00,68,254,10,12,14,10,11,10,254,0,103
2026-08-05 09:15:00+00:00,67,254,10,12,14,10,11,10,254,0,60
2026-08-05 10:15:00+00:00,67,254,11,12,14,10,11,10,254,0,60
2026-08-05 11:15:00+00:00,67,254,10,12,14,10,12,10,254,0,60
2026-08-05 12:15:00+00:00,66,254,10,12,14,10,11,10,254,0,60
2026-08-05 13:15:00+00:00,66,254,10,12,14,10,11,10,254,0,60
2026-08-05 14:15:00+00:00,65,254,10,12,14,10,12,10,254,1,60
2026-08-05 15:15:00+00:00,65,254,10,12,14,10,12,10,254,0,60
2026-08-05 16:15:00+00:00,65,254,10,12,14,10,12,10,254,0,60
2026-08-05 17:15:00+00:00,65,254,10,12,14,10,12,11,254,0,60
2026-08-05 18:15:00+00:00,65,254,11,12,15,10,12,11,254,0,60
2026-08-05 19:15:00+00:00,66,254,11,13,15,11,13,12,254,0,60
2026-08-05 20:16:00+00:00,66,254,11,13,16,11,13,12,254,0,60
2026-08-05 21:16:00+00:00,67,254,11,14,17,11,14,13,254,0,60
2026-08-05 22:16:00+00:00,67,254,11,14,17,12,14,13,254,0,60
2026-08-05 23:16:00+00:00,68,254,12,14,18,12,14,14,254,0,60
2026-08-06 00:16:00+00:00,69,254,11,16,18,12,14,14,254,0,60
2026-08-06 01:16:00+00:00,69,254,13,14,18,12,14,14,254,0,60
2026-08-06 02:16:00+00:00,69,254,11,15,18,12,14,14,254,0,60
2026-08-06 03:16:00+00:00,70,254,12,14,18,12,15,14,254,0,60
2026-08-06 04:16:00+00:00,70,254,12,14,18,12,15,14,254,0,60
2026-08-06 05:16:00+00:00,69,254,11,14,18,12,14,13,254,0,60
2026-08-06 06:16:00+00:00,69,254,11,14,18,12,14,13,254,0,60
2026-08-06 07:16:00+00:00,69,254,11,14,18,12,14,13,254,0,60
2026-08-06 08:16:00+00:00,69,254,11,14,18,12,14,13,254,0,103
2026-08-06 09:16:00+00:00,68,254,11,14,17,12,14,13,254,0,60
2026-08-06 10:16:00+00:00,68,254,11,14,18,12,15,13,254,0,60
2026-08-06 11:16:00+00:00,68,254,11,14,17,12,15,13,254,0,60
2026-08-06 12:17:00+00:00,67,254,11,14,17,12,14,13,254,0,60
2026-08-06 13:17:00+00:00,67,254,11,14,17,12,14,13,254,0,60
2026-08-06 14:17:00+00:00,67,254,11,14,17,12,14,13,254,0,60
2026-08-06 15:17:00+00:00,66,254,11,14,17,11,14,13,254,0,60
2026-08-06 16:17:00+00:00,66,254,14,14,17,12,15,13,254,0,60
2026-08-06 17:17:00+00:00,66,254,12,14,17,12,15,13,254,0,60
2026-08-06 18:17:00+00:00,67,254,12,14,18,12,15,14,254,0,60
2026-08-06 19:17:00+00:00,67,254,14,15,19,13,16,15,254,0,60
2026-08-06 20:17:00+00:00,68,254,13,15,20,13,16,16,254,0,60
2026-08-06 21:17:00+00:00,68,254,14,16,20,13,17,16,254,0,60
2026-08-06 22:17:00+00:00,69,254,13,16,21,14,17,17,254,0,60
2026-08-06 23:17:00+00:00,69,254,13,16,22,14,17,17,254,0,60
2026-08-07 00:17:00+00:00,70,254,13,17,22,14,18,17,254,0,60
2026-08-07 01:17:00+00:00,70,254,13,17,23,14,18,17,254,0,60
2026-08-07 02:17:00+00:00,70,254,13,17,23,14,18,17,254,0,60
2026-08-07 03:17:00+00:00,70,254,13,16,24,14,18,17,254,0,60
2026-08-07 04:17:00+00:00,70,254,13,16,23,14,18,17,254,0,60
2026-08-07 05:17:00+00:00,70,254,13,16,23,14,18,17,254,0,60
2026-08-07 06:17:00+00:00,70,254,13,16,23,14,18,16,254,0,60
2026-08-07 07:17:00+00:00,70,254,13,16,23,14,18,16,254,0,60
2026-08-07 08:17:00+00:00,70,254,13,16,23,14,18,16,254,0,103
2026-08-07 09:17:00+00:00,69,254,13,16,22,13,18,16,254,0,60
2026-08-07 10:17:00+00:00,69,254,13,16,22,13,18,16,254,0,60
2026-08-07 11:17:00+00:00,69,254,13,16,22,13,18,16,254,0,60
2026-08-07 12:17:00+00:00,68,254,13,16,22,13,18,16,254,0,60
2026-08-07 13:17:00+00:00,68,254,13,16,22,13,18,16,254,0,60
2026-08-07 14:17:00+00:00,68,254,13,16,22,13,18,16,254,0,60
2026-08-07 15:17:00+00:00,67,254,12,16,22,13,17,16,254,0,60
2026-08-07 16:17:00+00:00,67,254,13,16,22,13,18,16,254,0,60
2026-08-07 17:17:00+00:00,67,254,13,16,22,14,18,16,254,0,60
2026-08-07 18:17:00+00:00,68,254,13,17,23,14,18,17,254,0,60
2026-08-07 19:17:00+00:00,68,254,13,17,24,14,19,18,254,0,60
2026-08-07 20:17:00+00:00,69,254,14,18,24,15,19,19,254,0,60
2026-08-07 21:17:00+00:00,69,254,14,18,25,15,19,20,254,0,60
2026-08-07 22:17:00+00:00,70,254,14,19,27,15,20,20,254,0,60
2026-08-07 23:17:00+00:00,70,254,14,19,28,16,21,20,254,0,60
2026-08-08 00:17:00+00:00,71,254,14,20,29,16,21,21,254,0,60
2026-08-08 01:17:00+00:00,71,254,14,20,30,16,21,21,254,0,60
2026-08-08 02:17:00+00:00,71,254,14,20,31,16,22,20,254,0,60
2026-08-08 03:17:00+00:00,71,254,14,20,31,15,22,20,254,0,60
2026-08-08 04:17:00+00:00,71,254,14,20,31,15,22,20,254,0,60
2026-08-08 05:17:00+00:00,71,254,14,20,31,15,22,19,254,0,60
2026-08-08 06:17:00+00:00,71,254,14,20,31,15,22,19,254,0,60
2026-08-08 07:17:00+00:00,71,254,14,20,31,15,22,19,254,0,60
2026-08-08 08:17:00+00:00,71,254,14,20,30,15,22,19,254,0,103
2026-08-08 09:17:00+00:00,70,254,14,19,30,15,22,19,254,0,60
2026-08-08 10:17:00+00:00,70,254,14,19,30,15,22,19,254,0,60
2026-08-08 11:17:00+00:00,70,254,14,19,30,15,22,19,254,0,60
2026-08-08 12:17:00+00:00,69,254,14,19,30,15,21,18,254,0,60
2026-08-08 13:17:00+00:00,69,254,14,19,29,15,21,18,254,0,60
2026-08-08 14:17:00+00:00,69,254,14,19,29,15,21,18,254,0,60
2026-08-08 15:17:00+00:00,68,254,14,19,29,15,22,18,254,0,60
2026-08-08 16:17:00+00:00,68,254,14,19,29,15,22,18,254,0,60
2026-08-08 17:17:00+00:00,68,254,14,19,29,15,22,19,254,0,60
2026-08-08 18:17:00+00:00,69,254,14,20,30,15,22,20,254,0,60
2026-08-08 19:17:00+00:00,69,254,14,21,31,16,22,21,254,0,60
2026-08-08 20:17:00+00:00,70,254,15,22,33,17,23,22,254,0,60
2026-08-08 21:17:00+00:00,70,254,15,22,34,18,24,24,254,0,60
2026-08-08 22:17:00+00:00,70,254,15,23,36,18,25,25,254,0,60
2026-08-08 23:17:00+00:00,71,254,15,24,38,19,25,25,254,0,60
2026-08-09 00:17:00+00:00,71,254,16,25,39,19,26,26,254,0,60
2026-08-09 01:17:00+00:00,71,254,16,26,41,19,27,26,254,0,60
2026-08-09 02:17:00+00:00,71,254,16,27,43,19,27,26,254,0,60
2026-08-09 03:17:00+00:00,71,254,16,27,44,18,28,25,254,0,60
2026-08-09 04:17:00+00:00,71,254,15,27,45,18,28,25,254,0,60
2026-08-09 05:17:00+00:00,71,254,15,27,45,18,29,24,254,0,60
2026-08-09 06:17:00+00:00,71,254,15,26,46,18,29,24,254,0,60
2026-08-09 07:17:00+00:00,71,254,15,26,46,17,29,23,254,0,60
2026-08-09 08:17:00+00:00,70,254,15,26,46,17,29,23,254,0,103
2026-08-09 09:17:00+00:00,70,254,15,26,46,17,29,23,254,0,60
2026-08-09 10:17:00+00:00,70,254,15,26,46,17,29,23,254,0,60
2026-08-09 11:17:00+00:00,69,254,15,25,45,17,28,22,254,0,60
2026-08-09 12:17:00+00:00,69,254,15,25,45,17,28,22,254,0,60
2026-08-09 13:17:00+00:00,69,254,15,25,44,17,29,22,254,0,60
2026-08-09 14:17:00+00:00,69,254,15,25,44,17,29,23,254,0,60
2026-08-09 15:17:00+00:00,69,254,15,25,44,17,29,23,254,0,60
2026-08-09 16:17:00+00:00,69,254,15,26,44,18,29,24,254,0,60
2026-08-09 17:17:00+00:00,69,254,16,27,45,19,29,25,254,0,60
2026-08-09 18:17:00+00:00,69,254,16,28,46,19,30,27,254,0,60
2026-08-09 19:17:00+00:00,69,254,16,29,48,20,31,28,254,0,60
2026-08-09 20:17:00+00:00,69,254,16,31,49,21,31,30,254,0,60
2026-08-09 21:17:00+00:00,70,254,17,33,51,22,33,32,254,0,60
2026-08-09 22:17:00+00:00,70,254,17,34,53,23,34,33,254,0,60
2026-08-09 23:17:00+00:00,71,254,17,36,54,23,35,34,254,0,60
2026-08-10 00:17:00+00:00,71,254,17,37,56,23,36,35,254,0,60
2026-08-10 01:17:00+00:00,71,254,17,39,57,23,37,35,254,0,60
2026-08-10 02:18:00+00:00,71,254,17,40,58,23,38,34,254,0,60
2026-08-10 03:18:00+00:00,71,254,17,40,59,22,38,33,254,0,60
2026-08-10 04:19:00+00:00,71,254,17,40,60,22,39,32,254,0,60
2026-08-10 05:19:00+00:00,71,254,17,40,61,21,40,31,254,0,60
2026-08-10 06:19:00+00:00,71,254,17,39,61,21,40,30,254,0,60
2026-08-10 07:19:00+00:00,70,254,17,39,62,21,41,30,254,0,60
2026-08-10 08:19:00+00:00,70,254,17,38,63,21,41,29,254,0,103
2026-08-10 09:19:00+00:00,70,254,17,38,63,20,42,29,254,0,60
2026-08-10 10:19:00+00:00,70,254,17,38,64,20,41,29,254,0,60
2026-08-10 11:19:00+00:00,69,254,16,37,63,20,40,28,254,0,60
2026-08-10 12:19:00+00:00,69,254,16,36,63,20,40,28,254,0,60
2026-08-10 13:19:00+00:00,69,254,16,36,64,20,40,28,254,0,60
2026-08-10 14:19:00+00:00,68,254,16,36,64,20,39,28,254,0,60
2026-08-10 15:19:00+00:00,68,254,16,36,64,20,38,28,254,0,60
2026-08-10 16:19:00+00:00,68,254,17,36,65,20,39,28,254,0,60
2026-08-10 17:19:00+00:00,68,254,17,37,65,21,39,30,254,0,60
2026-08-10 18:19:00+00:00,68,254,17,39,66,22,40,33,254,0,60
2026-08-10 19:19:00+00:00,69,254,18,41,66,24,40,35,254,0,60
2026-08-10 20:19:00+00:00,69,254,18,43,66,25,41,37,254,0,60
2026-08-10 21:19:00+00:00,73,254,19,6,13,27,16,41,254,85,60
2026-08-10 22:19:00+00:00,72,254,18,7,5,25,5,23,254,0,60
2026-08-10 23:19:00+00:00,72,254,18,11,6,22,5,18,254,0,60
2026-08-11 00:19:00+00:00,72,254,17,7,6,20,6,17,254,0,60
2026-08-11 01:19:00+00:00,72,254,16,7,6,18,6,16,254,0,60
2026-08-11 02:19:00+00:00,72,254,16,7,6,17,6,15,254,0,60
2026-08-11 03:19:00+00:00,72,254,15,8,7,16,6,14,254,0,60
2026-08-11 04:19:00+00:00,72,254,15,8,8,15,6,14,254,0,60
2026-08-11 05:19:00+00:00,71,254,14,8,8,15,6,13,254,0,60
2026-08-11 06:19:00+00:00,71,254,14,8,10,14,6,13,254,0,60
2026-08-11 07:19:00+00:00,71,254,14,8,10,14,6,13,254,0,60
2026-08-11 08:19:00+00:00,71,254,14,8,10,14,6,13,254,0,103
2026-08-11 09:19:00+00:00,70,254,13,9,11,14,7,13,254,0,60
2026-08-11 10:19:00+00:00,70,254,13,9,11,14,7,13,254,0,60
2026-08-11 11:19:00+00:00,70,254,13,9,11,14,7,13,254,0,60
2026-08-11 12:19:00+00:00,69,254,13,10,11,13,7,12,254,0,60
2026-08-11 13:19:00+00:00,69,254,13,10,12,13,7,12,254,0,60
2026-08-11 14:19:00+00:00,69,254,13,10,12,13,8,12,254,0,60
2026-08-11 15:19:00+00:00,68,254,13,10,12,13,8,12,254,0,60
2026-08-11 16:19:00+00:00,68,254,13,10,12,13,8,13,254,0,60
2026-08-11 17:19:00+00:00,68,254,13,10,13,14,9,13,254,0,60
2026-08-11 18:19:00+00:00,69,254,14,11,13,14,10,13,254,0,60
2026-08-11 19:19:00+00:00,69,254,14,11,14,14,10,14,254,0,60
2026-08-11 20:19:00+00:00,69,254,14,12,15,15,11,15,254,0,60
2026-08-11 21:19:00+00:00,70,254,14,12,16,15,12,15,254,0,60
2026-08-11 22:19:00+00:00,70,254,14,12,16,16,12,16,254,0,60
2026-08-11 23:19:00+00:00,71,254,15,13,17,16,12,16,254,0,60
2026-08-12 00:19:00+00:00,71,254,15,13,18,16,13,16,254,0,60
2026-08-12 01:19:00+00:00,71,254,14,13,18,16,13,16,254,0,60
2026-08-12 02:19:00+00:00,72,254,15,13,18,16,13,16,254,0,60
2026-08-12 03:19:00+00:00,72,254,14,13,18,16,13,16,254,0,60
2026-08-12 04:19:00+00:00,72,254,14,13,18,16,13,16,254,0,60
2026-08-12 05:19:00+00:00,72,254,14,13,18,16,13,16,254,0,60
2026-08-12 06:19:00+00:00,71,254,14,13,18,15,13,15,254,0,60
2026-08-12 07:19:00+00:00,71,254,14,13,18,15,13,15,254,0,60
2026-08-12 08:19:00+00:00,71,254,14,13,18,15,13,15,254,0,103
2026-08-12 09:19:00+00:00,71,254,14,13,18,15,13,15,254,0,60
2026-08-12 10:19:00+00:00,70,254,14,13,18,15,13,15,254,0,60
2026-08-12 11:19:00+00:00,70,254,14,13,18,15,14,15,254,0,60
2026-08-12 12:19:00+00:00,70,254,14,13,18,15,14,15,254,0,60
2026-08-12 13:19:00+00:00,70,254,14,13,18,15,14,15,254,0,60
2026-08-12 14:19:00+00:00,69,254,14,13,18,15,14,15,254,0,60
2026-08-12 15:19:00+00:00,69,254,14,13,18,15,14,16,254,0,60
2026-08-12 16:19:00+00:00,69,254,14,13,18,16,14,16,254,0,60
2026-08-12 17:19:00+00:00,69,254,15,14,18,16,14,17,254,0,60
2026-08-12 18:19:00+00:00,69,254,15,14,19,17,15,18,254,0,60
2026-08-12 19:19:00+00:00,70,254,15,15,20,17,15,19,254,0,60
2026-08-12 20:19:00+00:00,70,254,16,15,21,18,16,20,254,0,60
2026-08-12 21:19:00+00:00,70,254,16,16,22,19,16,21,254,0,60
2026-08-12 22:19:00+00:00,71,254,16,16,23,19,17,22,254,0,60
2026-08-12 23:19:00+00:00,71,254,16,16,24,19,17,22,254,0,60
2026-08-13 00:19:00+00:00,71,254,16,17,25,20,17,22,254,0,60
2026-08-13 01:19:00+00:00,71,254,16,17,26,19,17,22,254,0,60
2026-08-13 02:19:00+00:00,71,254,16,17,26,19,18,22,254,0,60
2026-08-13 03:19:00+00:00,72,254,16,17,27,19,18,22,254,0,60
2026-08-13 04:19:00+00:00,72,254,16,17,27,19,18,21,254,0,60
2026-08-13 05:19:00+00:00,71,254,16,16,26,18,18,21,254,0,60
2026-08-13 06:19:00+00:00,71,254,15,16,26,18,18,20,254,0,60
2026-08-13 07:19:00+00:00,71,254,15,16,26,18,18,20,254,0,60
2026-08-13 08:19:00+00:00,71,254,15,16,26,18,18,20,254,0,103
2026-08-13 09:19:00+00:00,70,254,15,16,26,18,18,20,254,0,60
2026-08-13 10:19:00+00:00,70,254,15,16,26,18,18,20,254,0,60
2026-08-13 11:19:00+00:00,70,254,15,16,26,18,18,20,254,0,60
2026-08-13 12:19:00+00:00,70,254,15,16,26,18,18,20,254,0,60
2026-08-13 13:19:00+00:00,69,254,15,16,26,17,18,20,254,0,60
2026-08-13 14:19:00+00:00,69,254,15,16,26,17,18,20,254,0,60
2026-08-13 15:19:00+00:00,69,254,15,16,26,17,18,20,254,0,60
2026-08-13 16:19:00+00:00,69,254,15,16,26,18,18,20,254,0,60
2026-08-13 17:19:00+00:00,69,254,16,16,26,18,18,20,254,0,60
2026-08-13 18:19:00+00:00,69,254,16,16,26,18,18,21,254,0,60
2026-08-13 19:19:00+00:00,69,254,16,17,27,18,18,21,254,0,60
2026-08-13 20:19:00+00:00,69,254,16,17,27,18,18,21,254,0,60
2026-08-13 21:19:00+00:00,69,254,16,17,27,18,18,21,254,0,60
2026-08-13 22:19:00+00:00,69,254,16,17,28,18,19,21,254,0,60
2026-08-13 23:19:00+00:00,69,254,16,18,29,19,19,21,254,0,60
2026-08-14 00:19:00+00:00,70,254,17,18,30,19,19,22,254,0,60
2026-08-14 01:19:00+00:00,70,254,17,18,31,19,20,23,254,0,60
2026-08-14 02:19:00+00:00,70,254,17,18,32,19,20,23,254,0,60
2026-08-14 03:19:00+00:00,70,254,2,6,32,19,4,6,254,112,60
2026-08-14 04:19:00+00:00,70,254,3,7,10,2,4,2,254,13,60
2026-08-14 05:19:00+00:00,71,254,3,7,6,2,4,2,254,0,60
2026-08-14 06:19:00+00:00,70,254,3,7,6,2,4,2,254,0,60
2026-08-14 07:19:00+00:00,70,254,3,7,6,3,4,2,254,0,60
2026-08-14 08:19:00+00:00,70,254,3,7,6,3,4,2,254,0,103
2026-08-14 09:19:00+00:00,70,254,3,8,6,3,4,2,254,0,60
2026-08-14 10:19:00+00:00,70,254,3,8,6,3,4,2,254,0,60
2026-08-14 11:19:00+00:00,70,254,3,8,6,3,4,2,254,0,60
2026-08-14 12:19:00+00:00,70,254,3,8,6,3,4,2,254,0,60
2026-08-14 13:19:00+00:00,70,254,3,8,6,3,4,2,254,0,60
2026-08-14 14:19:00+00:00,70,254,4,8,6,3,5,2,254,0,60
2026-08-14 15:19:00+00:00,70,254,3,8,6,4,4,2,254,0,60
2026-08-14 16:19:00+00:00,70,254,4,9,7,4,5,3,254,0,60
2026-08-14 17:19:00+00:00,70,254,5,9,7,4,5,3,254,0,60
2026-08-14 18:19:00+00:00,70,254,5,10,13,4,5,4,254,0,60
2026-08-14 19:19:00+00:00,70,254,5,10,10,5,5,5,254,0,60
2026-08-14 20:19:00+00:00,71,254,6,10,11,5,5,6,254,0,60
2026-08-14 21:19:00+00:00,71,254,6,11,11,6,5,7,254,0,59
2026-08-14 22:19:00+00:00,71,254,6,11,12,7,6,9,254,0,59
2026-08-14 23:19:00+00:00,72,254,8,11,13,8,7,9,254,0,59
2026-08-15 00:19:00+00:00,72,254,8,11,14,9,8,10,254,0,60
2026-08-15 01:19:00+00:00,73,254,8,11,14,9,9,10,254,0,60
2026-08-15 02:19:00+00:00,72,254,8,11,14,9,9,10,254,0,60
2026-08-15 03:19:00+00:00,72,254,8,11,14,9,10,10,254,0,60
2026-08-15 04:19:00+00:00,72,254,9,11,14,10,10,10,254,0,60
2026-08-15 05:19:00+00:00,73,254,9,12,14,10,10,10,254,0,60
2026-08-15 06:19:00+00:00,72,254,9,12,14,10,11,10,254,0,60
2026-08-15 07:19:00+00:00,72,254,10,12,14,10,11,10,254,0,60
2026-08-15 08:19:00+00:00,72,254,10,12,14,10,11,10,254,0,103
2026-08-15 09:19:00+00:00,71,254,10,12,14,10,11,10,254,0,60
2026-08-15 10:19:00+00:00,71,254,10,12,14,10,11,10,254,0,60
2026-08-15 11:19:00+00:00,71,254,10,12,14,10,11,10,254,0,60
2026-08-15 12:19:00+00:00,71,254,10,12,14,10,11,11,254,0,60
2026-08-15 13:19:00+00:00,70,254,10,12,14,10,11,11,254,0,60
2026-08-15 14:19:00+00:00,70,254,11,12,14,10,11,11,254,0,60
2026-08-15 15:19:00+00:00,70,254,11,12,14,11,11,11,254,0,60
2026-08-15 16:19:00+00:00,70,254,11,13,14,11,12,11,254,0,60
2026-08-15 17:19:00+00:00,70,254,11,13,15,11,12,12,254,0,60
2026-08-15 18:19:00+00:00,70,254,11,13,15,11,12,12,254,0,60
2026-08-15 19:19:00+00:00,70,254,11,14,16,12,13,13,254,0,60
2026-08-15 20:19:00+00:00,70,254,11,14,16,12,13,14,254,0,60
2026-08-15 21:19:00+00:00,71,254,11,14,17,12,13,14,254,0,59
2026-08-15 22:19:00+00:00,71,254,11,14,17,12,13,14,254,0,60
2026-08-15 23:19:00+00:00,72,254,12,15,18,13,14,15,254,0,60
2026-08-16 00:19:00+00:00,72,254,12,15,18,13,14,15,254,0,60
2026-08-16 01:19:00+00:00,72,254,12,15,18,13,14,14,254,0,60
2026-08-16 02:19:00+00:00,72,254,12,15,18,13,14,14,254,0,60
2026-08-16 03:19:00+00:00,72,254,12,14,18,12,14,14,254,0,60
2026-08-16 04:19:00+00:00,72,254,12,14,18,12,14,14,254,0,60
2026-08-16 05:19:00+00:00,72,254,12,14,18,12,14,14,254,0,60
2026-08-16 06:19:00+00:00,71,254,11,14,17,12,14,14,254,0,60
2026-08-16 07:19:00+00:00,71,254,11,14,17,12,14,14,254,0,60
2026-08-16 08:19:00+00:00,71,254,12,14,17,12,14,14,254,0,103
2026-08-16 09:19:00+00:00,71,254,12,14,17,12,14,14,254,0,60
2026-08-16 10:19:00+00:00,71,254,12,14,17,12,14,14,254,0,60
2026-08-16 11:19:00+00:00,71,254,12,14,17,12,14,14,254,0,60
2026-08-16 12:19:00+00:00,70,254,12,14,17,12,14,14,254,0,60
2026-08-16 13:19:00+00:00,70,254,12,14,17,12,14,14,254,0,60
2026-08-16 14:19:00+00:00,70,254,12,14,17,12,14,14,254,0,60
2026-08-16 15:19:00+00:00,70,254,12,14,18,12,14,14,254,0,60
2026-08-16 16:19:00+00:00,70,254,12,14,18,12,14,14,254,0,60
2026-08-16 17:19:00+00:00,70,254,12,15,18,13,14,15,254,0,60
2026-08-16 18:19:00+00:00,70,254,12,15,18,13,15,15,254,0,60
2026-08-16 19:19:00+00:00,70,254,12,15,19,13,15,16,254,0,59
2026-08-16 20:19:00+00:00,71,254,13,16,19,14,15,17,254,0,59
2026-08-16 21:19:00+00:00,71,254,13,16,20,14,16,17,254,0,59
2026-08-16 22:19:00+00:00,72,254,13,17,21,15,16,18,254,0,59
2026-08-16 23:19:00+00:00,72,254,13,17,22,15,17,18,254,0,59
2026-08-17 00:19:00+00:00,72,254,13,17,23,15,17,18,254,0,60
2026-08-17 01:19:00+00:00,73,254,13,17,23,15,17,18,254,0,60
2026-08-17 02:19:00+00:00,73,254,13,17,23,15,17,18,254,0,60
2026-08-17 03:19:00+00:00,73,254,13,17,24,15,17,18,254,0,60
2026-08-17 04:19:00+00:00,73,254,13,17,24,15,17,18,254,0,60
2026-08-17 05:19:00+00:00,73,254,13,17,23,14,17,18,254,0,60
2026-08-17 06:19:00+00:00,72,254,13,17,23,14,17,18,254,0,60
2026-08-17 07:19:00+00:00,72,254,13,17,23,14,17,18,254,0,60
2026-08-17 08:19:00+00:00,72,254,13,17,23,14,17,18,254,0,103
2026-08-17 09:19:00+00:00,72,254,13,17,23,14,17,17,254,0,60
2026-08-17 10:19:00+00:00,71,254,13,16,23,14,17,17,254,0,60
2026-08-17 11:19:00+00:00,71,254,13,16,23,14,17,17,254,0,60
2026-08-17 12:19:00+00:00,71,254,13,16,23,14,17,17,254,0,60
2026-08-17 13:19:00+00:00,71,254,13,16,23,14,17,17,254,0,60
2026-08-17 14:19:00+00:00,70,254,13,17,23,14,17,17,254,0,60
2026-08-17 15:19:00+00:00,70,254,13,17,23,14,17,17,254,0,60
2026-08-17 16:19:00+00:00,70,254,13,17,23,14,17,17,254,0,60
2026-08-17 17:19:00+00:00,70,254,13,17,23,14,17,17,254,0,60
2026-08-17 18:19:00+00:00,70,254,13,17,23,14,18,18,254,0,60
2026-08-17 19:19:00+00:00,71,254,13,17,24,15,18,18,254,0,60
2026-08-17 20:19:00+00:00,71,254,13,18,24,15,18,18,254,0,60
2026-08-17 21:19:00+00:00,71,254,14,18,25,15,18,19,254,0,60
2026-08-17 22:19:00+00:00,71,254,14,19,26,15,19,19,254,0,59
2026-08-17 23:19:00+00:00,72,254,14,19,27,16,19,20,254,0,59
2026-08-18 00:19:00+00:00,72,254,14,20,29,16,20,21,254,0,59
2026-08-18 01:19:00+00:00,72,254,14,20,30,16,20,21,254,0,60
2026-08-18 02:19:00+00:00,72,254,14,20,30,16,20,21,254,0,60
2026-08-18 03:19:00+00:00,72,254,14,20,31,16,21,21,254,0,60
2026-08-18 04:19:00+00:00,72,254,14,20,31,16,21,21,254,0,60
2026-08-18 05:19:00+00:00,72,254,14,20,31,16,21,21,254,0,60
2026-08-18 06:19:00+00:00,72,254,14,20,31,16,21,21,254,0,60
2026-08-18 07:19:00+00:00,72,254,14,20,31,16,21,20,254,0,60
2026-08-18 08:19:00+00:00,72,254,14,20,31,16,21,20,254,0,103
2026-08-18 09:19:00+00:00,71,254,14,19,30,15,21,20,254,0,60
2026-08-18 10:19:00+00:00,71,254,14,19,30,15,21,19,254,0,60
2026-08-18 11:19:00+00:00,71,254,14,19,30,15,21,19,254,0,60
2026-08-18 12:19:00+00:00,70,254,14,19,30,15,21,19,254,0,60
2026-08-18 13:19:00+00:00,70,254,14,19,30,15,21,19,254,0,60
2026-08-18 14:19:00+00:00,70,254,14,19,30,15,21,19,254,0,60
2026-08-18 15:19:00+00:00,70,254,14,19,30,15,21,19,254,0,60
2026-08-18 16:19:00+00:00,70,254,14,19,30,15,21,19,254,0,60
2026-08-18 17:19:00+00:00,70,254,14,20,30,16,21,20,254,0,60
2026-08-18 18:19:00+00:00,70,254,14,20,31,16,21,21,254,0,60
2026-08-18 19:19:00+00:00,70,254,15,21,32,17,22,22,254,0,59
2026-08-18 20:19:00+00:00,71,254,15,22,33,18,22,23,254,0,59
2026-08-18 21:19:00+00:00,71,254,15,23,34,19,23,25,254,0,59
2026-08-18 22:19:00+00:00,72,254,15,24,36,19,24,26,254,0,59
2026-08-18 23:19:00+00:00,72,254,16,24,38,19,24,27,254,0,59
2026-08-19 00:19:00+00:00,72,254,16,25,40,20,25,27,254,0,60
2026-08-19 01:19:00+00:00,72,254,16,26,41,20,25,27,254,0,60
2026-08-19 02:19:00+00:00,72,254,16,26,42,19,26,27,254,0,60
2026-08-19 03:19:00+00:00,72,254,16,26,43,19,26,26,254,0,60
2026-08-19 04:19:00+00:00,72,254,15,26,44,19,27,26,254,0,60
2026-08-19 05:19:00+00:00,72,254,15,25,45,18,27,25,254,0,60
2026-08-19 06:19:00+00:00,72,254,15,25,45,18,27,25,254,0,60
2026-08-19 07:19:00+00:00,72,254,15,25,46,18,27,25,254,0,60
2026-08-19 08:19:00+00:00,71,254,15,25,45,18,27,24,254,0,103
2026-08-19 09:19:00+00:00,71,254,15,25,45,18,27,24,254,0,60
2026-08-19 10:19:00+00:00,71,254,15,24,45,17,27,24,254,0,60
2026-08-19 11:19:00+00:00,71,254,15,24,45,17,27,23,254,0,60
2026-08-19 12:19:00+00:00,70,254,15,24,44,17,27,23,254,0,60
2026-08-19 13:19:00+00:00,70,254,15,24,44,17,27,23,254,0,60
2026-08-19 14:19:00+00:00,70,254,15,24,44,17,27,23,254,0,60
2026-08-19 15:19:00+00:00,69,254,15,24,43,17,27,23,254,0,60
2026-08-19 16:19:00+00:00,69,254,15,24,43,17,27,23,254,0,60
2026-08-19 17:19:00+00:00,69,254,15,24,43,18,27,24,254,0,60
2026-08-19 18:19:00+00:00,70,254,16,26,45,19,28,25,254,0,59
2026-08-19 19:19:00+00:00,70,254,16,27,46,20,28,27,254,0,59
2026-08-19 20:19:00+00:00,70,254,16,28,47,21,29,29,254,0,59
2026-08-19 21:19:00+00:00,71,254,16,29,49,22,29,31,254,0,59
2026-08-19 22:19:00+00:00,71,254,17,31,50,23,30,33,254,0,59
2026-08-19 23:19:00+00:00,72,254,17,33,53,24,31,35,254,0,59
2026-08-20 00:19:00+00:00,72,254,17,34,54,24,32,37,254,0,59
2026-08-20 01:19:00+00:00,73,254,17,35,55,24,33,37,254,0,60
2026-08-20 02:19:00+00:00,72,254,17,35,57,23,34,36,254,0,60
2026-08-20 03:19:00+00:00,73,254,17,36,58,23,34,35,254,0,60
2026-08-20 04:19:00+00:00,72,254,17,36,58,22,35,34,254,0,60
2026-08-20 05:19:00+00:00,73,254,17,36,59,22,36,34,254,0,60
2026-08-20 06:19:00+00:00,72,254,17,36,60,22,36,33,254,0,60
2026-08-20 07:19:00+00:00,72,254,17,35,60,21,36,32,254,0,60
2026-08-20 08:19:00+00:00,72,254,17,35,61,21,37,32,254,0,103
2026-08-20 09:19:00+00:00,71,254,16,34,60,21,37,31,254,0,60
2026-08-20 10:19:00+00:00,71,254,16,34,61,20,37,30,254,0,60
2026-08-20 11:19:00+00:00,66,254,2,7,5,12,3,1,254,133,60
2026-08-20 12:19:00+00:00,67,254,2,7,5,2,3,1,254,0,60
2026-08-20 13:19:00+00:00,68,254,3,7,6,2,3,2,254,0,60
2026-08-20 14:19:00+00:00,68,254,3,7,6,2,3,2,254,0,60
2026-08-20 15:19:00+00:00,69,254,3,7,6,3,3,2,254,0,60
2026-08-20 16:19:00+00:00,69,254,3,8,6,3,4,2,254,0,60
2026-08-20 17:19:00+00:00,69,254,3,7,6,3,3,2,254,0,60
2026-08-20 18:19:00+00:00,69,254,4,8,6,3,4,3,254,0,59
2026-08-20 19:19:00+00:00,70,254,3,8,7,4,4,4,254,0,59
2026-08-20 20:19:00+00:00,71,254,4,8,7,4,4,4,254,0,59
2026-08-20 21:19:00+00:00,71,254,4,8,8,4,4,5,254,0,59
2026-08-20 22:19:00+00:00,72,254,5,9,10,5,4,6,254,0,59
2026-08-20 23:19:00+00:00,71,254,5,10,11,5,4,7,254,0,59
2026-08-21 00:19:00+00:00,72,254,6,10,12,7,4,8,254,0,60
2026-08-21 01:19:00+00:00,72,254,6,11,12,8,5,9,254,0,60
2026-08-21 02:19:00+00:00,72,254,7,11,13,8,5,10,254,0,60
2026-08-21 03:19:00+00:00,72,254,7,12,13,8,6,10,254,0,60
2026-08-21 04:19:00+00:00,72,254,8,12,13,8,6,10,254,0,60
2026-08-21 05:19:00+00:00,72,254,8,12,13,8,6,10,254,0,60
2026-08-21 06:19:00+00:00,72,254,8,11,13,9,7,10,254,0,60
2026-08-21 07:19:00+00:00,72,254,9,11,13,9,7,10,254,0,60
2026-08-21 08:19:00+00:00,71,254,9,11,13,9,7,10,254,0,103
2026-08-21 09:19:00+00:00,71,254,9,11,13,9,8,10,254,0,60
2026-08-21 10:19:00+00:00,71,254,9,11,13,9,8,10,254,0,60
2026-08-21 11:19:00+00:00,71,254,10,11,13,10,9,10,254,0,60
2026-08-21 12:19:00+00:00,70,254,10,11,13,10,9,10,254,0,60
2026-08-21 13:19:00+00:00,70,254,10,11,13,10,10,10,254,0,60
2026-08-21 14:19:00+00:00,70,254,10,11,13,10,10,10,254,0,60
2026-08-21 15:19:00+00:00,69,254,10,11,13,10,10,10,254,0,60
2026-08-21 16:19:00+00:00,69,254,10,11,13,10,10,10,254,0,60
2026-08-21 17:19:00+00:00,69,254,10,12,13,10,11,10,254,0,60
2026-08-21 18:19:00+00:00,69,254,11,12,14,10,11,11,254,0,59
2026-08-21 19:19:00+00:00,70,254,11,12,15,11,12,11,254,0,59
2026-08-21 20:19:00+00:00,70,254,11,13,15,11,12,12,254,0,59
2026-08-21 21:19:00+00:00,71,254,11,13,16,11,12,12,254,0,59
2026-08-21 22:19:00+00:00,71,254,11,13,16,12,12,13,254,0,59
2026-08-21 23:19:00+00:00,72,254,11,14,17,12,13,13,254,0,59
2026-08-22 00:19:00+00:00,72,254,11,14,17,12,13,13,254,0,59
2026-08-22 01:19:00+00:00,72,254,11,14,17,12,13,13,254,0,60
2026-08-22 02:19:00+00:00,72,254,11,13,17,12,13,13,254,0,60
2026-08-22 03:19:00+00:00,73,254,11,13,17,12,13,13,254,0,60
2026-08-22 04:19:00+00:00,73,254,11,13,17,12,13,13,254,0,60
2026-08-22 05:19:00+00:00,72,254,11,13,17,12,13,13,254,0,60
2026-08-22 06:19:00+00:00,72,254,11,13,17,12,13,13,254,0,60
2026-08-22 07:19:00+00:00,73,254,11,13,17,12,13,13,254,0,60
2026-08-22 08:19:00+00:00,72,254,11,14,17,12,14,13,254,0,103
2026-08-22 09:19:00+00:00,72,254,12,13,17,12,14,13,254,0,60
2026-08-22 10:19:00+00:00,72,254,12,13,17,12,14,13,254,0,60
2026-08-22 11:19:00+00:00,72,254,12,13,17,12,14,13,254,0,60
2026-08-22 12:19:00+00:00,72,254,12,13,17,12,14,13,254,0,60
2026-08-22 13:19:00+00:00,72,254,12,14,17,12,14,13,254,0,60
2026-08-22 14:19:00+00:00,71,254,11,13,16,12,14,13,254,0,60
2026-08-22 15:19:00+00:00,71,254,12,13,17,12,14,13,254,0,60
2026-08-22 16:19:00+00:00,71,254,12,13,17,12,14,13,254,0,60
2026-08-22 17:19:00+00:00,71,254,12,13,17,12,14,14,254,0,60
2026-08-22 18:19:00+00:00,71,254,12,14,17,12,14,14,254,0,59
2026-08-22 19:19:00+00:00,71,254,12,14,17,13,14,14,254,0,59
2026-08-22 20:19:00+00:00,72,254,12,15,18,13,15,15,254,0,59
2026-08-22 21:19:00+00:00,72,254,12,15,19,13,15,16,254,0,60
2026-08-22 22:19:00+00:00,72,254,12,15,19,14,15,16,254,0,59
2026-08-22 23:19:00+00:00,72,254,13,15,20,14,16,17,254,0,59
2026-08-23 00:19:00+00:00,73,254,13,16,20,14,16,17,254,0,59
2026-08-23 01:19:00+00:00,73,254,13,16,21,14,16,17,254,0,60
2026-08-23 02:19:00+00:00,73,254,13,16,21,14,16,17,254,0,60
2026-08-23 03:19:00+00:00,73,254,13,16,21,14,16,17,254,0,60
2026-08-23 04:19:00+00:00,73,254,13,16,21,14,16,17,254,0,60
2026-08-23 05:19:00+00:00,73,254,13,16,21,14,16,16,254,0,60
2026-08-23 06:19:00+00:00,72,254,13,16,21,14,16,16,254,0,60
2026-08-23 07:19:00+00:00,72,254,13,16,20,13,16,16,254,0,60
2026-08-23 08:19:00+00:00,72,254,13,16,20,13,16,16,254,0,103
2026-08-23 09:19:00+00:00,72,254,13,16,20,13,16,16,254,0,60
2026-08-23 10:19:00+00:00,72,254,13,16,20,13,16,16,254,0,60
2026-08-23 11:19:00+00:00,72,254,13,16,20,13,16,16,254,0,60
2026-08-23 12:19:00+00:00,72,254,13,16,20,13,16,16,254,0,60
2026-08-23 13:19:00+00:00,71,254,12,15,20,13,16,16,254,0,60
2026-08-23 14:19:00+00:00,71,254,13,15,20,13,16,16,254,0,60
2026-08-23 15:19:00+00:00,71,254,13,15,20,13,16,16,254,0,60
2026-08-23 16:19:00+00:00,71,254,16,16,20,14,16,16,254,0,60
2026-08-23 17:19:00+00:00,71,254,13,16,21,14,17,17,254,0,59
2026-08-23 18:19:00+00:00,71,254,13,16,21,14,17,18,254,0,59
2026-08-23 19:19:00+00:00,71,254,13,17,22,15,17,19,254,0,59
2026-08-23 20:19:00+00:00,71,254,13,17,23,16,18,20,254,0,59
2026-08-23 21:19:00+00:00,72,254,14,18,24,16,19,21,254,0,59
2026-08-23 22:19:00+00:00,72,254,14,19,25,17,19,22,254,0,59
2026-08-23 23:19:00+00:00,72,254,14,19,27,17,20,23,254,0,59
2026-08-24 00:19:00+00:00,73,254,14,20,28,17,20,24,254,0,59
2026-08-24 01:19:00+00:00,73,254,14,20,29,17,20,24,254,0,60
2026-08-24 02:19:00+00:00,73,254,14,21,30,17,21,24,254,0,60
2026-08-24 03:19:00+00:00,72,254,14,21,30,17,21,23,254,0,60
2026-08-24 04:19:00+00:00,72,254,14,21,31,17,21,23,254,0,60
2026-08-24 05:19:00+00:00,72,254,14,20,31,17,21,22,254,0,60
2026-08-24 06:19:00+00:00,72,254,14,20,31,16,21,22,254,0,60
2026-08-24 07:19:00+00:00,71,254,14,20,30,16,21,21,254,0,60
2026-08-24 08:19:00+00:00,71,254,14,20,30,16,21,21,254,0,103
2026-08-24 09:19:00+00:00,71,254,14,20,30,16,21,21,254,0,60
2026-08-24 10:19:00+00:00,70,254,14,20,30,16,21,21,254,0,60
2026-08-24 11:19:00+00:00,70,254,14,20,30,16,21,21,254,0,60
2026-08-24 12:19:00+00:00,70,254,14,20,29,16,21,20,254,0,60
2026-08-24 13:19:00+00:00,70,254,14,20,29,16,21,20,254,0,60
2026-08-24 14:19:00+00:00,69,254,13,19,29,15,21,20,254,0,60
2026-08-24 15:19:00+00:00,69,254,13,19,29,15,21,20,254,0,60
2026-08-24 16:19:00+00:00,69,254,14,19,29,16,21,20,254,0,59
2026-08-24 17:19:00+00:00,69,254,14,20,29,16,21,21,254,0,59
2026-08-24 18:19:00+00:00,69,254,14,20,30,16,21,22,254,0,59
2026-08-24 19:19:00+00:00,69,254,14,21,31,17,22,23,254,0,59
2026-08-24 20:19:00+00:00,70,254,14,22,32,18,23,24,254,0,59
2026-08-24 21:19:00+00:00,71,254,15,23,34,18,23,26,254,0,59
2026-08-24 22:19:00+00:00,71,254,15,24,35,18,24,27,254,0,59
2026-08-24 23:19:00+00:00,71,254,15,24,36,18,24,27,254,0,60
