Timestamp,Soil Temp,Air Temp,SM1,SM2,SM3,SM4,SM5,SM6,Switch,Rain,Batt
2021-03-01 12:51:00+00:00,254,254,244,244,244,244,244,244,254,0,60
2021-03-01 12:52:00+00:00,254,254,244,244,244,244,244,244,254,0,60
2024-04-22 18:54:00+00:00,254,254,244,244,244,244,244,244,254,0,60
2024-05-22 23:04:00+00:00,254,254,244,244,244,244,244,244,254,0,63
2024-06-06 16:07:00+00:00,76,254,245,245,245,245,245,245,254,0,63
2024-06-06 16:19:00+00:00,60,254,245,245,245,245,245,245,254,0,63
2024-06-06 16:29:00+00:00,60,254,20,16,25,23,244,20,254,0,63
2024-06-06 16:33:00+00:00,60,254,22,17,25,22,24,21,254,0,63
2024-06-06 16:42:00+00:00,60,254,24,18,25,20,25,23,254,0,63
2024-06-06 17:44:00+00:00,60,254,26,21,19,12,22,23,254,0,63
2024-06-06 18:44:00+00:00,61,254,22,18,13,9,17,20,254,0,62
2024-06-06 19:44:00+00:00,63,254,21,17,12,9,16,19,254,0,62
2024-06-06 20:44:00+00:00,64,254,20,17,11,8,14,17,254,0,62
2024-06-06 21:44:00+00:00,66,254,22,20,12,10,16,18,254,0,62
2024-06-06 22:44:00+00:00,68,254,23,23,11,9,14,18,254,0,62
2024-06-06 23:44:00+00:00,69,254,20,19,10,8,12,15,254,0,62
2024-06-07 00:44:00+00:00,69,254,20,20,9,8,12,15,254,0,62
2024-06-07 01:44:00+00:00,70,254,19,20,9,9,12,15,254,0,62
2024-06-07 02:44:00+00:00,69,254,18,20,9,8,11,14,254,0,62
2024-06-07 03:44:00+00:00,69,254,18,19,9,8,11,14,254,0,62
2024-06-07 04:44:00+00:00,69,254,17,19,9,8,10,13,254,0,62
2024-06-07 05:44:00+00:00,68,254,17,18,9,8,10,13,254,0,62
2024-06-07 06:44:00+00:00,68,254,17,18,9,8,10,12,254,0,62
2024-06-07 07:44:00+00:00,67,254,16,18,9,8,10,12,254,0,62
2024-06-07 08:44:00+00:00,66,254,16,18,9,8,10,12,254,0,103
2024-06-07 09:44:00+00:00,65,254,16,17,9,8,10,12,254,0,62
2024-06-07 10:44:00+00:00,65,254,16,18,9,8,10,12,254,0,62
2024-06-07 11:44:00+00:00,64,254,16,17,9,8,10,11,254,0,62
2024-06-07 12:44:00+00:00,63,254,17,18,9,9,10,11,254,0,62
2024-06-07 13:44:00+00:00,63,254,17,16,9,8,10,11,254,0,62
2024-06-07 14:44:00+00:00,62,254,14,14,9,8,10,10,254,0,62
2024-06-07 15:44:00+00:00,62,254,15,15,9,8,10,10,254,0,62
2024-06-07 16:44:00+00:00,63,254,14,14,9,8,10,10,254,0,62
2024-06-07 17:44:00+00:00,64,254,15,15,9,8,11,10,254,0,62
2024-06-07 18:44:00+00:00,65,254,15,16,9,8,11,11,254,0,62
2024-06-07 19:44:00+00:00,67,254,14,15,9,8,11,10,254,0,62
2024-06-07 20:44:00+00:00,68,254,14,15,9,8,11,10,254,0,62
2024-06-07 21:44:00+00:00,70,254,14,15,9,8,11,11,254,0,62
2024-06-07 22:44:00+00:00,72,254,14,16,9,8,11,11,254,0,62
2024-06-07 23:44:00+00:00,73,254,15,18,9,8,11,11,254,0,62
2024-06-08 00:44:00+00:00,74,254,15,17,9,8,11,11,254,0,62
2024-06-08 01:44:00+00:00,74,254,15,19,9,9,11,12,254,0,62
2024-06-08 02:44:00+00:00,74,254,14,17,9,8,10,11,254,0,62
2024-06-08 03:44:00+00:00,73,254,14,18,9,9,11,11,254,0,62
2024-06-08 04:44:00+00:00,73,254,14,18,9,9,10,11,254,0,62
2024-06-08 05:44:00+00:00,72,254,14,17,9,9,10,11,254,0,62
2024-06-08 06:44:00+00:00,71,254,14,17,9,9,10,11,254,0,62
2024-06-08 07:44:00+00:00,70,254,14,17,9,9,10,11,254,0,62
2024-06-08 08:44:00+00:00,69,254,14,17,9,9,10,11,254,0,103
2024-06-08 09:44:00+00:00,68,254,14,17,9,9,10,11,254,0,62
2024-06-08 10:44:00+00:00,67,254,15,17,9,9,10,11,254,0,62
2024-06-08 11:44:00+00:00,67,254,15,17,9,9,10,11,254,0,62
2024-06-08 12:44:00+00:00,66,254,17,17,10,9,11,10,254,0,62
2024-06-08 13:44:00+00:00,65,254,16,16,10,9,11,10,254,0,62
2024-06-08 14:44:00+00:00,65,254,15,14,9,8,11,10,254,0,62
2024-06-08 15:44:00+00:00,64,254,16,15,10,9,11,10,254,0,62
2024-06-08 16:44:00+00:00,65,254,13,12,9,8,11,9,254,0,62
2024-06-08 17:44:00+00:00,65,254,16,15,10,8,12,10,254,0,62
2024-06-08 18:44:00+00:00,66,254,14,14,10,8,12,10,254,0,62
2024-06-08 19:44:00+00:00,67,254,15,14,10,8,12,10,254,0,62
2024-06-08 20:44:00+00:00,69,254,14,14,10,8,12,10,254,0,62
2024-06-08 21:44:00+00:00,70,254,14,14,10,9,12,10,254,0,62
2024-06-08 22:44:00+00:00,72,254,15,15,10,9,13,11,254,0,62
2024-06-08 23:44:00+00:00,73,254,15,16,10,9,14,11,254,0,62
2024-06-09 00:44:00+00:00,74,254,17,18,10,9,13,11,254,0,62
2024-06-09 01:44:00+00:00,74,254,14,15,10,9,12,10,254,0,62
2024-06-09 02:44:00+00:00,74,254,17,18,10,10,13,11,254,0,62
2024-06-09 03:44:00+00:00,74,254,16,18,10,9,13,11,254,0,62
2024-06-09 04:44:00+00:00,74,254,16,17,10,9,12,11,254,0,62
2024-06-09 05:44:00+00:00,73,254,16,17,10,9,12,11,254,0,62
2024-06-09 06:44:00+00:00,72,254,16,17,10,9,12,11,254,0,62
2024-06-09 07:45:00+00:00,71,254,16,16,10,9,12,11,254,0,62
2024-06-09 08:45:00+00:00,71,254,16,16,10,9,12,11,254,0,103
2024-06-09 09:45:00+00:00,70,254,16,16,10,9,13,10,254,0,62
2024-06-09 10:45:00+00:00,69,254,16,16,10,9,13,11,254,0,62
2024-06-09 11:45:00+00:00,69,254,16,16,10,9,13,11,254,0,62
2024-06-09 12:45:00+00:00,68,254,17,16,11,9,13,10,254,0,62
2024-06-09 13:45:00+00:00,67,254,16,16,10,9,13,10,254,0,62
2024-06-09 14:45:00+00:00,67,254,4,8,4,9,4,11,254,104,62
2024-06-09 15:45:00+00:00,67,254,5,10,5,11,7,7,254,0,62
2024-06-09 16:45:00+00:00,67,254,5,7,5,7,4,6,254,0,62
2024-06-09 17:45:00+00:00,67,254,5,7,5,5,5,6,254,0,62
2024-06-09 18:45:00+00:00,68,254,6,8,5,5,5,6,254,0,62
2024-06-09 19:45:00+00:00,69,254,5,6,5,4,5,5,254,0,62
2024-06-09 20:45:00+00:00,70,254,6,9,6,5,5,7,254,0,62
2024-06-09 21:45:00+00:00,71,254,6,9,6,5,6,7,254,0,62
2024-06-09 22:45:00+00:00,71,254,6,9,6,5,5,7,254,0,62
2024-06-09 23:45:00+00:00,71,254,6,9,6,5,6,7,254,0,62
2024-06-10 00:45:00+00:00,71,254,6,10,6,5,6,7,254,0,62
2024-06-10 01:45:00+00:00,70,254,7,10,6,5,6,7,254,0,62
2024-06-10 02:45:00+00:00,70,254,7,10,6,6,6,7,254,0,62
2024-06-10 03:45:00+00:00,69,254,7,10,6,6,6,7,254,0,62
2024-06-10 04:45:00+00:00,68,254,7,10,7,6,6,7,254,0,62
2024-06-10 05:45:00+00:00,67,254,7,10,7,6,6,7,254,0,62
2024-06-10 06:45:00+00:00,67,254,7,10,7,6,6,7,254,0,62
2024-06-10 07:45:00+00:00,66,254,7,10,7,6,6,8,254,0,62
2024-06-10 08:45:00+00:00,65,254,7,10,7,6,6,8,254,0,103
2024-06-10 09:45:00+00:00,65,254,7,11,7,6,6,8,254,0,62
2024-06-10 10:45:00+00:00,64,254,7,11,7,6,6,8,254,0,62
2024-06-10 11:45:00+00:00,63,254,7,11,7,6,6,8,254,0,62
2024-06-10 12:45:00+00:00,63,254,8,11,7,6,6,8,254,0,62
2024-06-10 13:45:00+00:00,62,254,8,10,7,6,7,8,254,0,62
2024-06-10 14:45:00+00:00,62,254,8,10,7,6,7,8,254,0,62
2024-06-10 15:45:00+00:00,61,254,8,10,7,6,7,8,254,0,62
2024-06-10 16:45:00+00:00,62,254,8,10,7,6,7,8,254,0,62
2024-06-10 17:45:00+00:00,62,254,8,10,7,6,7,8,254,0,62
2024-06-10 18:45:00+00:00,63,254,8,10,7,6,7,8,254,0,62
2024-06-10 19:45:00+00:00,64,254,8,10,8,6,8,8,254,0,62
2024-06-10 20:45:00+00:00,65,254,8,10,8,7,8,8,254,0,62
2024-06-10 21:45:00+00:00,66,254,8,10,8,7,8,8,254,0,62
2024-06-10 22:45:00+00:00,67,254,8,10,8,7,8,8,254,0,62
2024-06-10 23:45:00+00:00,68,254,9,11,8,7,8,8,254,0,62
2024-06-11 00:45:00+00:00,69,254,9,11,8,7,8,8,254,0,62
2024-06-11 01:45:00+00:00,69,254,9,11,8,7,8,9,254,0,62
2024-06-11 02:45:00+00:00,69,254,9,11,8,7,8,9,254,0,62
2024-06-11 03:45:00+00:00,69,254,9,12,8,7,8,9,254,0,62
2024-06-11 04:45:00+00:00,68,254,9,12,8,7,8,8,254,0,62
2024-06-11 05:45:00+00:00,68,254,9,11,8,7,8,8,254,0,62
2024-06-11 06:45:00+00:00,67,254,9,12,8,7,8,8,254,0,62
2024-06-11 07:45:00+00:00,66,254,9,12,8,7,8,8,254,0,62
2024-06-11 08:45:00+00:00,65,254,9,12,8,7,8,8,254,0,103
2024-06-11 09:45:00+00:00,64,254,10,12,8,8,8,8,254,0,62
2024-06-11 10:45:00+00:00,63,254,10,12,9,8,8,8,254,0,62
2024-06-11 11:45:00+00:00,62,254,10,12,9,8,8,8,254,0,62
2024-06-11 12:45:00+00:00,62,254,10,12,9,8,9,8,254,0,62
2024-06-11 13:45:00+00:00,61,254,10,11,9,8,9,8,254,0,62
2024-06-11 14:45:00+00:00,60,254,10,10,9,7,9,8,254,0,62
2024-06-11 15:45:00+00:00,61,254,9,9,9,7,9,8,254,0,62
2024-06-11 16:45:00+00:00,61,254,10,10,9,8,10,8,254,0,62
2024-06-11 17:45:00+00:00,63,254,11,12,9,8,11,9,254,0,61
2024-06-11 18:45:00+00:00,64,254,10,11,10,8,11,9,254,0,61
2024-06-11 19:45:00+00:00,66,254,10,10,10,8,11,9,254,0,61
2024-06-11 20:45:00+00:00,67,254,10,10,10,8,12,9,254,0,61
2024-06-11 21:45:00+00:00,69,254,10,11,10,8,12,9,254,0,61
2024-06-11 22:45:00+00:00,71,254,11,11,10,8,13,9,254,0,61
2024-06-11 23:45:00+00:00,72,254,11,11,10,8,13,9,254,0,61
2024-06-12 00:45:00+00:00,73,254,11,12,11,9,14,9,254,0,61
2024-06-12 01:45:00+00:00,73,254,11,12,11,9,14,9,254,0,61
2024-06-12 02:45:00+00:00,73,254,11,13,11,9,14,10,254,0,61
2024-06-12 03:45:00+00:00,73,254,11,13,11,9,14,10,254,0,61
2024-06-12 04:45:00+00:00,73,254,11,12,10,9,13,9,254,0,61
2024-06-12 05:45:00+00:00,72,254,11,12,10,9,13,9,254,0,62
2024-06-12 06:45:00+00:00,71,254,11,13,10,9,13,9,254,0,62
2024-06-12 07:45:00+00:00,70,254,11,12,10,9,13,9,254,0,62
2024-06-12 08:45:00+00:00,69,254,3,6,4,9,8,7,254,96,103
2024-06-12 09:45:00+00:00,67,254,3,6,4,6,4,5,254,0,62
2024-06-12 10:45:00+00:00,67,254,3,6,5,3,3,6,254,0,62
2024-06-12 11:45:00+00:00,66,254,3,6,5,3,3,5,254,0,62
2024-06-12 12:45:00+00:00,65,254,4,7,5,4,4,6,254,0,62
2024-06-12 13:45:00+00:00,64,254,7,9,5,5,6,6,254,0,62
2024-06-12 14:45:00+00:00,63,254,7,7,5,4,8,6,254,0,62
2024-06-12 15:45:00+00:00,63,254,6,7,6,5,5,6,254,0,62
2024-06-12 16:45:00+00:00,63,254,5,7,6,5,5,6,254,0,61
2024-06-12 17:45:00+00:00,63,254,5,7,6,5,5,6,254,0,61
2024-06-12 18:45:00+00:00,64,254,6,7,6,5,5,7,254,0,61
2024-06-12 19:45:00+00:00,65,254,6,8,6,5,6,7,254,0,61
2024-06-12 20:45:00+00:00,65,254,6,8,6,5,6,7,254,0,61
2024-06-12 21:45:00+00:00,66,254,6,8,6,5,6,7,254,0,61
2024-06-12 22:45:00+00:00,67,254,7,8,7,6,7,7,254,0,61
2024-06-12 23:45:00+00:00,68,254,7,8,7,6,7,7,254,0,61
2024-06-13 00:45:00+00:00,68,254,7,9,7,6,7,7,254,0,61
2024-06-13 01:45:00+00:00,69,254,7,9,7,6,7,8,254,0,61
2024-06-13 02:45:00+00:00,69,254,7,9,7,6,7,8,254,0,61
2024-06-13 03:45:00+00:00,69,254,7,9,7,6,7,8,254,0,61
2024-06-13 04:45:00+00:00,68,254,7,10,7,6,7,8,254,0,61
2024-06-13 05:45:00+00:00,68,254,7,10,7,6,7,8,254,0,61
2024-06-13 06:45:00+00:00,66,254,7,10,7,7,7,8,254,0,61
2024-06-13 07:45:00+00:00,65,254,8,10,7,7,7,8,254,0,62
2024-06-13 08:45:00+00:00,64,254,8,10,7,7,7,8,254,0,103
2024-06-13 09:45:00+00:00,63,254,8,10,7,7,7,8,254,0,62
2024-06-13 10:45:00+00:00,62,254,8,10,8,7,7,8,254,0,62
2024-06-13 11:45:00+00:00,61,254,8,10,8,7,7,8,254,0,62
2024-06-13 12:45:00+00:00,61,254,8,11,8,7,7,8,254,0,62
2024-06-13 13:45:00+00:00,60,254,8,9,8,7,8,8,254,0,62
2024-06-13 14:45:00+00:00,59,254,8,9,8,7,8,8,254,0,61
2024-06-13 15:45:00+00:00,59,254,8,9,8,7,8,8,254,0,61
2024-06-13 16:45:00+00:00,60,254,8,8,8,7,9,8,254,0,61
2024-06-13 17:45:00+00:00,61,254,8,9,8,7,9,8,254,0,61
2024-06-13 18:45:00+00:00,63,254,9,9,9,7,10,8,254,0,61
2024-06-13 19:45:00+00:00,65,254,9,8,9,7,11,8,254,0,61
2024-06-13 20:45:00+00:00,67,254,9,9,9,8,12,8,254,0,61
2024-06-13 21:45:00+00:00,70,254,9,9,9,8,13,8,254,0,61
2024-06-13 22:45:00+00:00,72,254,9,9,10,8,14,8,254,0,61
2024-06-13 23:45:00+00:00,74,254,9,9,10,8,15,8,254,0,61
2024-06-14 00:45:00+00:00,75,254,10,10,11,9,16,9,254,0,61
2024-06-14 01:45:00+00:00,76,254,10,11,11,9,16,9,254,0,61
2024-06-14 02:45:00+00:00,76,254,10,12,11,9,16,9,254,0,61
2024-06-14 03:45:00+00:00,76,254,10,12,10,9,15,10,254,0,61
2024-06-14 04:45:00+00:00,75,254,10,11,10,9,14,9,254,0,61
2024-06-14 05:45:00+00:00,74,254,10,11,10,9,14,9,254,0,61
2024-06-14 06:45:00+00:00,73,254,10,11,10,9,14,9,254,0,61
2024-06-14 07:45:00+00:00,72,254,10,11,10,9,13,9,254,0,61
2024-06-14 08:45:00+00:00,71,254,10,11,10,9,13,9,254,0,103
2024-06-14 09:45:00+00:00,70,254,11,11,10,9,14,8,254,0,61
2024-06-14 10:45:00+00:00,69,254,10,11,10,9,14,9,254,0,61
2024-06-14 11:45:00+00:00,68,254,11,11,10,9,14,9,254,0,61
2024-06-14 12:45:00+00:00,68,254,11,11,10,9,14,9,254,0,61
2024-06-14 13:45:00+00:00,67,254,11,10,11,9,14,9,254,0,61
2024-06-14 14:45:00+00:00,66,254,11,10,11,9,16,9,254,0,61
2024-06-14 15:45:00+00:00,66,254,11,10,12,9,17,9,254,0,61
2024-06-14 16:45:00+00:00,66,254,11,9,12,9,19,9,254,0,61
2024-06-14 17:45:00+00:00,67,254,12,11,13,10,22,9,254,0,61
2024-06-14 18:45:00+00:00,67,254,12,10,14,10,24,9,254,0,61
2024-06-14 19:45:00+00:00,69,254,13,11,15,10,27,10,254,0,61
2024-06-14 20:45:00+00:00,70,254,13,11,15,11,30,10,254,0,61
2024-06-14 21:45:00+00:00,71,254,14,11,16,11,32,9,254,0,61
2024-06-14 22:45:00+00:00,72,254,14,11,17,12,34,10,254,0,61
2024-06-14 23:45:00+00:00,73,254,14,11,17,12,36,10,254,0,61
2024-06-15 00:45:00+00:00,74,254,15,11,18,13,38,10,254,0,61
2024-06-15 01:45:00+00:00,75,254,15,12,18,13,40,10,254,0,61
2024-06-15 02:45:00+00:00,75,254,16,13,17,13,42,10,254,0,61
2024-06-15 03:45:00+00:00,75,254,15,13,16,13,42,10,254,0,61
2024-06-15 04:45:00+00:00,74,254,15,12,16,12,39,10,254,0,61
2024-06-15 05:45:00+00:00,74,254,15,12,15,12,36,10,254,0,61
2024-06-15 06:45:00+00:00,72,254,16,12,15,12,34,10,254,0,61
2024-06-15 07:45:00+00:00,72,254,15,12,15,12,33,10,254,0,61
2024-06-15 08:45:00+00:00,71,254,16,12,15,12,32,10,254,0,103
2024-06-15 09:45:00+00:00,70,254,15,12,15,12,32,10,254,0,61
2024-06-15 10:45:00+00:00,69,254,16,12,15,12,31,10,254,0,61
2024-06-15 11:45:00+00:00,68,254,16,13,15,12,30,10,254,0,61
2024-06-15 12:45:00+00:00,67,254,17,13,16,12,30,10,254,0,61
2024-06-15 13:45:00+00:00,66,254,16,11,16,12,30,10,254,0,61
2024-06-15 14:45:00+00:00,66,254,17,11,17,13,32,10,254,0,61
2024-06-15 15:45:00+00:00,65,254,17,11,18,13,35,10,254,0,61
2024-06-15 16:45:00+00:00,65,254,18,11,19,13,39,10,254,0,61
2024-06-15 17:45:00+00:00,65,254,34,18,42,14,34,10,254,0,61
2024-06-15 18:45:00+00:00,66,254,38,15,42,15,37,11,254,0,61
2024-06-15 19:45:00+00:00,67,254,38,14,41,16,37,11,254,0,61
2024-06-15 20:45:00+00:00,68,254,37,14,40,17,38,11,254,0,61
2024-06-15 21:45:00+00:00,68,254,36,13,40,17,38,11,254,0,61
2024-06-15 22:45:00+00:00,69,254,35,13,40,18,38,11,254,0,61
2024-06-15 23:45:00+00:00,70,254,35,14,41,19,39,11,254,0,61
2024-06-16 00:45:00+00:00,70,254,34,14,41,19,39,11,254,0,61
2024-06-16 01:45:00+00:00,71,254,3,13,41,18,40,12,254,50,61
2024-06-16 02:45:00+00:00,70,254,5,8,4,19,5,10,254,55,61
2024-06-16 03:45:00+00:00,68,254,4,7,5,17,4,10,254,0,61
2024-06-16 04:45:00+00:00,67,254,5,7,5,16,4,10,254,0,61
2024-06-16 05:45:00+00:00,66,254,5,7,5,16,4,9,254,0,61
2024-06-16 06:45:00+00:00,64,254,5,8,6,16,4,9,254,0,61
2024-06-16 07:45:00+00:00,63,254,5,8,6,16,5,9,254,0,61
2024-06-16 08:45:00+00:00,62,254,5,8,6,15,5,8,254,0,103
2024-06-16 09:45:00+00:00,61,254,5,8,6,15,5,8,254,0,61
2024-06-16 10:45:00+00:00,60,254,6,8,6,15,5,8,254,0,61
2024-06-16 11:45:00+00:00,59,254,6,9,6,15,5,8,254,0,61
2024-06-16 12:45:00+00:00,58,254,6,9,6,15,5,8,254,0,61
2024-06-16 13:45:00+00:00,57,254,5,8,6,15,6,8,254,0,61
2024-06-16 14:45:00+00:00,56,254,6,8,7,16,6,8,254,0,61
2024-06-16 15:45:00+00:00,56,254,6,8,7,15,6,8,254,0,61
2024-06-16 16:45:00+00:00,56,254,6,8,7,16,6,8,254,0,61
2024-06-16 17:45:00+00:00,57,254,6,8,7,16,7,8,254,0,61
2024-06-16 18:45:00+00:00,57,254,6,8,7,17,7,8,254,0,61
2024-06-16 19:45:00+00:00,59,254,6,9,8,18,7,8,254,0,61
2024-06-16 20:45:00+00:00,60,254,6,8,8,19,8,8,254,0,61
2024-06-16 21:45:00+00:00,61,254,6,9,8,20,8,8,254,0,61
2024-06-16 22:45:00+00:00,62,254,7,8,8,20,8,8,254,0,61
2024-06-16 23:45:00+00:00,63,254,7,9,9,20,8,9,254,0,61
2024-06-17 00:45:00+00:00,64,254,7,9,9,20,8,9,254,0,61
2024-06-17 01:45:00+00:00,64,254,7,9,9,20,9,9,254,0,61
2024-06-17 02:45:00+00:00,64,254,7,10,9,19,9,9,254,0,61
2024-06-17 03:45:00+00:00,64,254,7,10,9,18,8,9,254,0,61
2024-06-17 04:45:00+00:00,64,254,7,10,9,17,8,9,254,0,61
2024-06-17 05:45:00+00:00,63,254,8,10,9,16,8,8,254,0,61
2024-06-17 06:45:00+00:00,62,254,8,10,9,16,8,8,254,0,61
2024-06-17 07:45:00+00:00,61,254,8,10,10,16,9,8,254,0,61
2024-06-17 08:45:00+00:00,60,254,8,10,10,15,9,8,254,0,103
2024-06-17 09:45:00+00:00,60,254,8,10,10,15,9,8,254,0,61
2024-06-17 10:45:00+00:00,59,254,8,10,10,15,9,8,254,0,61
2024-06-17 11:45:00+00:00,59,254,8,10,10,15,9,8,254,0,61
2024-06-17 12:45:00+00:00,58,254,8,11,10,15,9,9,254,0,61
2024-06-17 13:45:00+00:00,58,254,8,11,10,15,9,9,254,0,61
2024-06-17 14:45:00+00:00,57,254,8,11,10,15,9,9,254,0,61
2024-06-17 15:45:00+00:00,57,254,8,11,11,15,9,9,254,0,61
2024-06-17 16:45:00+00:00,57,254,9,11,10,16,9,8,254,0,61
2024-06-17 17:45:00+00:00,56,254,9,11,11,16,9,9,254,0,61
2024-06-17 18:45:00+00:00,56,254,9,11,11,17,10,9,254,0,61
2024-06-17 19:45:00+00:00,56,254,9,11,11,18,10,9,254,0,61
2024-06-17 20:45:00+00:00,57,254,9,11,12,19,11,9,254,0,61
2024-06-17 21:45:00+00:00,58,254,9,11,12,20,11,9,254,0,61
2024-06-17 22:45:00+00:00,59,254,9,11,12,20,11,9,254,0,61
2024-06-17 23:45:00+00:00,59,254,9,11,12,20,11,9,254,0,61
2024-06-18 00:45:00+00:00,60,254,10,11,12,21,11,9,254,0,61
2024-06-18 01:45:00+00:00,60,254,10,11,12,20,11,9,254,0,61
2024-06-18 02:45:00+00:00,60,254,10,11,12,19,11,9,254,0,61
2024-06-18 03:45:00+00:00,60,254,10,12,12,19,11,9,254,0,61
2024-06-18 04:45:00+00:00,59,254,10,12,13,18,11,9,254,0,61
2024-06-18 05:45:00+00:00,59,254,10,12,13,17,11,9,254,0,61
2024-06-18 06:45:00+00:00,58,254,10,12,13,16,11,9,254,0,61
2024-06-18 07:45:00+00:00,57,254,10,12,13,16,11,9,254,0,61
2024-06-18 08:45:00+00:00,56,254,10,12,13,16,11,9,254,0,103
2024-06-18 09:45:00+00:00,55,254,11,12,12,16,11,9,254,0,61
2024-06-18 10:45:00+00:00,54,254,11,12,12,16,11,9,254,0,61
2024-06-18 11:45:00+00:00,54,254,11,12,12,15,11,9,254,0,61
2024-06-18 12:45:00+00:00,53,254,11,13,11,16,11,9,254,0,61
2024-06-18 13:45:00+00:00,52,254,11,12,12,17,11,9,254,0,61
2024-06-18 14:45:00+00:00,52,254,11,12,13,16,11,9,254,0,61
2024-06-18 15:45:00+00:00,52,254,11,11,13,15,12,9,254,0,61
2024-06-18 16:45:00+00:00,52,254,11,11,13,15,12,9,254,0,61
2024-06-18 17:45:00+00:00,53,254,11,11,13,16,12,9,254,0,61
2024-06-18 18:45:00+00:00,55,254,11,11,13,15,12,10,254,0,61
2024-06-18 19:45:00+00:00,57,254,11,11,14,16,12,9,254,0,61
2024-06-18 20:45:00+00:00,59,254,11,11,13,16,12,9,254,0,61
2024-06-18 21:45:00+00:00,61,254,11,11,13,16,12,10,254,0,61
2024-06-18 22:45:00+00:00,64,254,11,12,14,18,12,12,254,19,61
2024-06-18 23:45:00+00:00,67,254,7,6,4,16,6,9,254,94,61
2024-06-19 00:45:00+00:00,66,254,4,6,4,4,4,5,254,0,61
2024-06-19 01:45:00+00:00,66,254,4,6,5,4,4,5,254,0,61
2024-06-19 02:45:00+00:00,65,254,4,7,5,5,4,5,254,0,61
2024-06-19 03:45:00+00:00,65,254,5,7,5,5,4,6,254,0,61
2024-06-19 04:45:00+00:00,64,254,5,7,5,5,4,6,254,0,61
2024-06-19 05:45:00+00:00,62,254,5,8,6,5,4,6,254,0,61
2024-06-19 06:45:00+00:00,61,254,5,8,6,5,4,6,254,0,61
2024-06-19 07:45:00+00:00,60,254,5,8,6,5,5,6,254,0,61
2024-06-19 08:45:00+00:00,59,254,5,8,6,5,5,6,254,0,103
2024-06-19 09:45:00+00:00,58,254,6,8,6,5,5,6,254,0,61
2024-06-19 10:45:00+00:00,57,254,6,8,6,5,5,6,254,0,61
2024-06-19 11:45:00+00:00,56,254,6,8,6,6,5,6,254,0,61
2024-06-19 12:45:00+00:00,55,254,6,9,6,6,5,6,254,0,61
2024-06-19 13:45:00+00:00,54,254,5,8,6,6,6,6,254,0,61
2024-06-19 14:45:00+00:00,54,254,5,8,6,6,6,7,254,0,61
2024-06-19 15:45:00+00:00,54,254,6,8,6,6,6,7,254,0,61
2024-06-19 16:45:00+00:00,54,254,6,8,6,6,6,7,254,0,61
2024-06-19 17:45:00+00:00,55,254,6,8,6,6,6,7,254,0,61
2024-06-19 18:45:00+00:00,56,254,6,8,7,6,6,7,254,0,61
2024-06-19 19:45:00+00:00,58,254,6,8,7,6,7,7,254,0,61
2024-06-19 20:45:00+00:00,60,254,6,8,7,6,7,7,254,0,61
2024-06-19 21:45:00+00:00,61,254,6,8,7,6,7,7,254,0,61
2024-06-19 22:45:00+00:00,63,254,6,8,7,6,7,7,254,0,61
2024-06-19 23:46:00+00:00,65,254,6,8,7,7,7,7,254,0,61
2024-06-20 00:46:00+00:00,66,254,6,8,7,7,7,8,254,0,61
2024-06-20 01:46:00+00:00,67,254,6,9,7,7,7,8,254,0,61
2024-06-20 02:46:00+00:00,67,254,6,9,7,7,7,8,254,0,61
2024-06-20 03:46:00+00:00,67,254,6,10,7,7,6,8,254,0,61
2024-06-20 04:46:00+00:00,66,254,7,10,7,7,6,8,254,0,61
2024-06-20 05:46:00+00:00,65,254,7,10,7,7,6,8,254,0,61
2024-06-20 06:46:00+00:00,64,254,7,10,7,7,6,8,254,0,61
2024-06-20 07:46:00+00:00,63,254,7,10,7,7,7,8,254,0,61
2024-06-20 08:46:00+00:00,62,254,7,10,8,7,6,8,254,0,103
2024-06-20 09:46:00+00:00,61,254,7,10,8,7,7,8,254,0,61
2024-06-20 10:46:00+00:00,60,254,7,10,8,7,7,8,254,0,61
2024-06-20 11:46:00+00:00,59,254,7,10,8,7,7,8,254,0,61
2024-06-20 12:46:00+00:00,58,254,7,10,8,7,7,8,254,0,61
2024-06-20 13:46:00+00:00,57,254,7,9,8,7,7,8,254,0,61
2024-06-20 14:46:00+00:00,57,254,7,9,8,7,8,8,254,0,61
2024-06-20 15:46:00+00:00,57,254,7,9,8,7,8,8,254,0,61
2024-06-20 16:46:00+00:00,57,254,7,9,8,7,8,8,254,0,61
2024-06-20 17:46:00+00:00,58,254,8,9,8,8,8,8,254,0,61
2024-06-20 18:46:00+00:00,60,254,8,9,8,8,9,8,254,0,60
2024-06-20 19:46:00+00:00,62,254,8,10,9,8,9,8,254,0,60
2024-06-20 20:46:00+00:00,64,254,8,9,9,8,9,8,254,0,60
2024-06-20 21:46:00+00:00,66,254,8,9,9,8,9,8,254,0,60
2024-06-20 22:46:00+00:00,69,254,8,8,9,9,10,8,254,0,60
2024-06-20 23:46:00+00:00,71,254,8,10,9,9,10,8,254,0,60
2024-06-21 00:46:00+00:00,72,254,8,11,10,9,10,10,254,0,60
2024-06-21 01:46:00+00:00,73,254,8,11,10,9,10,9,254,0,60
2024-06-21 02:46:00+00:00,73,254,8,11,10,9,10,9,254,0,60
2024-06-21 03:46:00+00:00,72,254,8,11,9,9,10,9,254,0,61
2024-06-21 04:46:00+00:00,71,254,8,11,9,9,10,9,254,0,61
2024-06-21 05:46:00+00:00,71,254,8,11,9,9,10,9,254,0,61
2024-06-21 06:46:00+00:00,69,254,8,11,10,8,10,9,254,0,61
2024-06-21 07:46:00+00:00,68,254,9,11,10,8,9,9,254,0,61
2024-06-21 08:46:00+00:00,68,254,9,11,10,8,9,9,254,0,103
2024-06-21 09:46:00+00:00,66,254,9,11,10,8,9,9,254,0,61
2024-06-21 10:46:00+00:00,65,254,9,11,10,8,9,9,254,0,61
2024-06-21 11:46:00+00:00,64,254,9,11,10,8,9,9,254,0,61
2024-06-21 12:46:00+00:00,63,254,9,11,10,8,9,9,254,0,61
2024-06-21 13:46:00+00:00,62,254,9,11,10,9,10,8,254,0,61
2024-06-21 14:46:00+00:00,62,254,9,10,10,9,10,8,254,0,61
2024-06-21 15:46:00+00:00,62,254,10,11,10,9,11,9,254,0,61
2024-06-21 16:46:00+00:00,62,254,9,10,10,9,11,8,254,0,61
2024-06-21 17:46:00+00:00,63,254,10,10,10,10,11,9,254,0,60
2024-06-21 18:46:00+00:00,64,254,10,11,11,10,12,9,254,0,60
2024-06-21 19:46:00+00:00,66,254,10,11,11,11,12,9,254,0,60
2024-06-21 20:46:00+00:00,68,254,10,10,11,11,13,9,254,0,60
2024-06-21 21:46:00+00:00,71,254,11,11,12,12,13,9,254,0,60
2024-06-21 22:46:00+00:00,73,254,11,11,12,13,14,10,254,0,60
2024-06-21 23:46:00+00:00,74,254,11,12,13,13,14,10,254,0,60
2024-06-22 00:46:00+00:00,75,254,11,12,13,13,14,10,254,0,60
2024-06-22 01:46:00+00:00,75,254,11,12,13,13,15,10,254,0,60
2024-06-22 02:46:00+00:00,75,254,11,12,14,13,15,10,254,0,60
2024-06-22 03:46:00+00:00,75,254,11,13,14,12,15,10,254,0,60
2024-06-22 04:46:00+00:00,74,254,11,12,14,12,14,10,254,0,61
2024-06-22 05:46:00+00:00,73,254,11,12,14,11,14,10,254,0,61
2024-06-22 06:46:00+00:00,72,254,11,12,14,11,14,10,254,0,61
2024-06-22 07:46:00+00:00,71,254,12,12,14,11,14,10,254,0,61
2024-06-22 08:46:00+00:00,70,254,12,12,14,11,14,9,254,0,103
2024-06-22 09:46:00+00:00,69,254,12,12,14,11,14,9,254,0,61
2024-06-22 10:46:00+00:00,68,254,12,12,14,11,14,9,254,0,61
2024-06-22 11:46:00+00:00,67,254,12,12,14,11,14,9,254,0,61
2024-06-22 12:46:00+00:00,66,254,12,12,14,11,14,9,254,0,61
2024-06-22 13:46:00+00:00,65,254,12,11,15,11,14,9,254,0,61
2024-06-22 14:46:00+00:00,64,254,12,11,15,11,15,9,254,0,61
2024-06-22 15:46:00+00:00,64,254,12,10,15,12,15,9,254,0,61
2024-06-22 16:46:00+00:00,65,254,13,10,15,13,16,9,254,0,60
2024-06-22 17:46:00+00:00,66,254,13,11,16,15,16,10,254,0,60
2024-06-22 18:46:00+00:00,67,254,14,11,16,16,17,10,254,0,60
2024-06-22 19:46:00+00:00,69,254,14,12,17,17,18,11,254,0,60
2024-06-22 20:46:00+00:00,72,254,15,12,18,19,18,11,254,0,60
2024-06-22 21:46:00+00:00,74,254,15,12,19,20,19,11,254,0,60
2024-06-22 22:46:00+00:00,76,254,15,12,19,22,20,11,254,0,60
2024-06-22 23:46:00+00:00,77,254,15,13,20,23,21,11,254,0,60
2024-06-23 00:46:00+00:00,78,254,16,13,21,24,22,12,254,0,60
2024-06-23 01:46:00+00:00,79,254,16,14,22,24,22,12,254,0,60
2024-06-23 02:46:00+00:00,79,254,16,15,23,23,23,12,254,0,60
2024-06-23 03:46:00+00:00,79,254,16,14,23,21,23,12,254,0,60
2024-06-23 04:46:00+00:00,78,254,16,14,23,19,23,11,254,0,60
2024-06-23 05:46:00+00:00,77,254,16,13,22,18,22,11,254,0,61
2024-06-23 06:46:00+00:00,75,254,16,13,23,17,22,11,254,0,61
2024-06-23 07:46:00+00:00,74,254,16,13,23,17,22,11,254,0,61
2024-06-23 08:46:00+00:00,73,254,16,13,23,16,22,11,254,0,103
2024-06-23 09:46:00+00:00,72,254,16,13,23,16,22,11,254,0,61
2024-06-23 10:46:00+00:00,71,254,17,13,24,16,22,11,254,0,61
2024-06-23 11:46:00+00:00,70,254,17,13,24,15,22,10,254,0,61
2024-06-23 12:46:00+00:00,69,254,17,13,24,15,22,10,254,0,61
2024-06-23 13:46:00+00:00,68,254,17,12,24,15,22,10,254,0,61
2024-06-23 14:46:00+00:00,68,254,17,12,24,16,22,10,254,0,61
2024-06-23 15:46:00+00:00,67,254,18,13,25,19,23,11,254,0,61
2024-06-23 16:46:00+00:00,68,254,18,13,26,22,24,11,254,0,60
2024-06-23 17:46:00+00:00,68,254,19,13,26,24,25,11,254,0,60
2024-06-23 18:46:00+00:00,69,254,20,13,27,27,26,12,254,0,60
2024-06-23 19:46:00+00:00,71,254,22,17,29,29,28,16,254,0,60
2024-06-23 20:46:00+00:00,73,254,5,14,4,29,6,11,254,114,60
2024-06-23 21:46:00+00:00,73,254,4,8,5,26,4,11,254,0,60
2024-06-23 22:46:00+00:00,74,254,5,8,5,27,5,12,254,0,60
2024-06-23 23:46:00+00:00,74,254,5,9,6,27,6,12,254,0,60
2024-06-24 00:46:00+00:00,74,254,6,9,6,25,6,12,254,0,60
2024-06-24 01:46:00+00:00,74,254,6,10,7,24,6,12,254,0,60
2024-06-24 02:46:00+00:00,74,254,6,10,7,22,6,11,254,0,60
2024-06-24 03:46:00+00:00,73,254,6,10,7,19,6,11,254,0,60
2024-06-24 04:46:00+00:00,73,254,6,10,7,17,6,10,254,0,60
2024-06-24 05:46:00+00:00,72,254,6,10,8,16,6,10,254,0,61
2024-06-24 06:46:00+00:00,71,254,6,10,8,15,7,10,254,0,61
2024-06-24 07:46:00+00:00,70,254,7,10,8,14,7,9,254,0,61
2024-06-24 08:46:00+00:00,69,254,7,10,8,14,7,9,254,0,103
2024-06-24 09:46:00+00:00,68,254,7,10,8,13,7,9,254,0,61
2024-06-24 10:46:00+00:00,67,254,7,10,8,13,7,9,254,0,61
2024-06-24 11:46:00+00:00,66,254,7,10,9,13,7,9,254,0,61
2024-06-24 12:46:00+00:00,66,254,7,10,9,12,7,9,254,0,61
2024-06-24 13:46:00+00:00,65,254,7,10,9,12,8,8,254,0,61
2024-06-24 14:46:00+00:00,64,254,7,10,9,13,8,9,254,0,61
2024-06-24 15:46:00+00:00,64,254,8,10,9,13,8,9,254,0,61
2024-06-24 16:46:00+00:00,64,254,8,10,10,14,8,9,254,0,61
2024-06-24 17:46:00+00:00,65,254,8,10,10,14,9,9,254,0,60
2024-06-24 18:46:00+00:00,65,254,8,10,11,16,9,9,254,0,60
2024-06-24 19:46:00+00:00,66,254,9,11,11,17,10,10,254,0,60
2024-06-24 20:46:00+00:00,67,254,9,11,12,19,10,10,254,0,60
2024-06-24 21:46:00+00:00,69,254,10,11,13,21,11,10,254,0,60
2024-06-24 22:46:00+00:00,71,254,10,11,13,23,11,10,254,0,60
2024-06-24 23:46:00+00:00,72,254,11,12,14,24,12,11,254,0,60
2024-06-25 00:46:00+00:00,73,254,11,12,15,24,13,11,254,0,60
2024-06-25 01:46:00+00:00,74,254,11,13,16,24,13,11,254,0,60
2024-06-25 02:46:00+00:00,74,254,12,13,16,24,14,11,254,0,60
2024-06-25 03:46:00+00:00,74,254,12,13,17,22,14,11,254,0,60
2024-06-25 04:46:00+00:00,74,254,12,13,17,20,13,11,254,0,60
2024-06-25 05:46:00+00:00,73,254,12,12,17,19,13,10,254,0,61
2024-06-25 06:46:00+00:00,72,254,12,12,17,18,13,10,254,0,61
2024-06-25 07:46:00+00:00,71,254,12,12,17,17,13,10,254,0,61
2024-06-25 08:46:00+00:00,69,254,12,12,17,17,13,10,254,0,103
2024-06-25 09:46:00+00:00,68,254,12,12,18,16,13,10,254,0,61
2024-06-25 10:46:00+00:00,68,254,12,12,18,16,13,10,254,0,61
2024-06-25 11:46:00+00:00,67,254,13,12,18,16,13,10,254,0,61
2024-06-25 12:46:00+00:00,66,254,13,12,18,15,13,9,254,0,61
2024-06-25 13:46:00+00:00,65,254,13,11,18,15,14,9,254,0,61
2024-06-25 14:46:00+00:00,65,254,13,11,18,16,14,10,254,0,61
2024-06-25 15:46:00+00:00,65,254,14,11,19,18,15,10,254,0,60
2024-06-25 16:46:00+00:00,65,254,15,12,21,21,15,11,254,0,60
2024-06-25 17:46:00+00:00,66,254,15,12,22,23,16,11,254,0,60
2024-06-25 18:46:00+00:00,67,254,16,12,23,26,17,11,254,0,60
2024-06-25 19:46:00+00:00,69,254,18,13,25,29,18,12,254,0,60
2024-06-25 20:46:00+00:00,71,254,19,13,27,32,19,12,254,0,60
2024-06-25 21:46:00+00:00,73,254,20,14,29,35,20,13,254,0,60
2024-06-25 22:46:00+00:00,75,254,21,15,31,39,21,14,254,0,60
2024-06-25 23:46:00+00:00,76,254,22,16,34,41,23,15,254,0,60
2024-06-26 00:46:00+00:00,77,254,22,15,36,41,24,14,254,0,60
2024-06-26 01:46:00+00:00,77,254,23,16,37,40,25,14,254,0,60
2024-06-26 02:46:00+00:00,77,254,23,16,38,39,26,14,254,0,60
2024-06-26 03:46:00+00:00,77,254,23,15,40,38,27,14,254,0,60
2024-06-26 04:46:00+00:00,76,254,22,15,40,35,27,13,254,0,60
2024-06-26 05:46:00+00:00,75,254,22,15,40,33,27,12,254,0,61
2024-06-26 06:46:00+00:00,74,254,22,14,39,31,27,12,254,0,61
2024-06-26 07:46:00+00:00,73,254,22,14,39,29,26,12,254,0,61
2024-06-26 08:46:00+00:00,72,254,22,14,39,29,26,12,254,0,103
2024-06-26 09:46:00+00:00,71,254,22,14,40,28,26,12,254,0,61
2024-06-26 10:46:00+00:00,71,254,23,14,40,27,26,12,254,0,61
2024-06-26 11:46:00+00:00,70,254,23,14,41,26,27,12,254,0,61
2024-06-26 12:46:00+00:00,69,254,23,14,41,26,27,11,254,0,61
2024-06-26 13:46:00+00:00,69,254,23,14,41,25,27,11,254,0,61
2024-06-26 14:46:00+00:00,69,254,23,14,42,25,27,11,254,0,60
2024-06-26 15:46:00+00:00,69,254,22,12,40,25,25,11,254,0,60
2024-06-26 16:46:00+00:00,69,254,26,15,42,29,28,13,254,0,60
2024-06-26 17:46:00+00:00,69,254,26,14,44,30,29,12,254,1,60
2024-06-26 18:46:00+00:00,69,254,26,13,42,32,28,12,254,0,60
2024-06-26 19:46:00+00:00,70,254,26,12,40,36,28,12,254,0,60
2024-06-26 20:46:00+00:00,72,254,29,15,43,40,29,14,254,0,60
2024-06-26 21:46:00+00:00,73,254,31,17,45,44,31,16,254,0,60
2024-06-26 22:46:00+00:00,75,254,35,19,51,47,35,17,254,0,60
2024-06-26 23:46:00+00:00,76,254,31,16,50,46,33,14,254,0,60
2024-06-27 00:46:00+00:00,76,254,31,16,50,46,33,15,254,0,60
2024-06-27 01:46:00+00:00,76,254,32,16,51,45,34,15,254,0,60
2024-06-27 02:46:00+00:00,77,254,35,18,53,46,36,16,254,0,60
2024-06-27 03:46:00+00:00,76,254,36,18,55,46,37,16,254,0,60
2024-06-27 04:46:00+00:00,76,254,35,17,56,45,37,14,254,0,60
2024-06-27 05:46:00+00:00,75,254,34,16,56,43,36,14,254,0,60
2024-06-27 06:46:00+00:00,74,254,34,16,56,41,35,14,254,0,60
2024-06-27 07:46:00+00:00,74,254,33,16,56,40,35,13,254,0,60
2024-06-27 08:46:00+00:00,73,254,34,16,56,39,35,14,254,0,103
2024-06-27 09:46:00+00:00,72,254,34,16,57,38,35,14,254,0,60
2024-06-27 10:46:00+00:00,71,254,34,16,57,37,35,13,254,0,60
2024-06-27 11:46:00+00:00,70,254,34,16,57,36,35,13,254,0,61
2024-06-27 12:46:00+00:00,70,254,34,16,58,35,34,13,254,0,60
2024-06-27 13:46:00+00:00,69,254,33,15,56,34,33,12,254,0,61
2024-06-27 14:46:00+00:00,68,254,32,15,55,34,32,13,254,0,60
2024-06-27 15:46:00+00:00,68,254,34,15,55,37,32,14,254,0,60
2024-06-27 16:46:00+00:00,68,254,35,16,54,40,32,16,254,0,60
2024-06-27 17:46:00+00:00,68,254,37,17,55,44,34,16,254,0,60
2024-06-27 18:46:00+00:00,69,254,39,18,57,48,36,17,254,0,60
2024-06-27 19:46:00+00:00,69,254,41,18,58,50,37,18,254,0,60
2024-06-27 20:46:00+00:00,71,254,42,19,59,52,38,19,254,0,60
2024-06-27 21:46:00+00:00,72,254,43,19,59,54,39,20,254,0,60
2024-06-27 22:46:00+00:00,73,254,43,20,59,56,40,21,254,0,60
2024-06-27 23:46:00+00:00,74,254,44,21,59,57,40,22,254,0,60
2024-06-28 00:46:00+00:00,75,254,46,22,61,59,42,23,254,0,60
2024-06-28 01:46:00+00:00,75,254,46,22,61,60,43,23,254,0,60
2024-06-28 02:46:00+00:00,75,254,48,23,64,61,45,24,254,0,60
2024-06-28 03:46:00+00:00,74,254,49,22,65,62,45,22,254,0,60
2024-06-28 04:46:00+00:00,73,254,49,21,65,62,45,21,254,0,60
2024-06-28 05:46:00+00:00,72,254,49,21,66,62,45,20,254,0,60
2024-06-28 06:46:00+00:00,72,254,49,20,66,61,45,19,254,0,60
2024-06-28 07:46:00+00:00,71,254,50,20,67,62,46,19,254,0,60
2024-06-28 08:46:00+00:00,70,254,51,20,68,61,46,19,254,0,103
2024-06-28 09:46:00+00:00,69,254,51,20,68,61,46,19,254,0,60
2024-06-28 10:46:00+00:00,68,254,51,20,68,61,46,18,254,0,60
2024-06-28 11:46:00+00:00,67,254,51,20,69,60,47,18,254,0,60
2024-06-28 12:46:00+00:00,66,254,51,20,68,59,46,18,254,0,60
2024-06-28 13:46:00+00:00,65,254,49,19,67,57,44,16,254,0,61
2024-06-28 14:46:00+00:00,64,254,48,18,66,56,44,18,254,0,60
2024-06-28 15:46:00+00:00,64,254,48,20,66,56,44,19,254,0,60
2024-06-28 16:46:00+00:00,64,254,47,20,65,55,44,21,254,0,60
2024-06-28 17:46:00+00:00,65,254,48,20,64,57,45,22,254,0,60
2024-06-28 18:46:00+00:00,65,254,50,23,65,59,46,25,254,0,60
2024-06-28 19:46:00+00:00,66,254,50,23,65,60,46,26,254,0,60
2024-06-28 20:46:00+00:00,68,254,51,25,65,61,46,27,254,0,60
2024-06-28 21:46:00+00:00,69,254,51,25,64,61,46,28,254,0,60
2024-06-28 22:46:00+00:00,71,254,51,26,65,63,47,30,254,0,60
2024-06-28 23:46:00+00:00,72,254,52,27,65,64,48,32,254,0,60
2024-06-29 00:46:00+00:00,73,254,53,29,66,65,49,34,254,0,60
2024-06-29 01:46:00+00:00,74,254,55,30,67,66,50,36,254,0,60
2024-06-29 02:46:00+00:00,74,254,57,31,68,67,52,37,254,0,60
2024-06-29 03:46:00+00:00,73,254,59,31,70,69,54,37,254,0,60
2024-06-29 04:46:00+00:00,73,254,60,29,71,70,55,35,254,0,60
2024-06-29 05:46:00+00:00,72,254,60,28,72,70,55,33,254,0,60
2024-06-29 06:46:00+00:00,71,254,60,27,72,70,55,31,254,0,60
2024-06-29 07:46:00+00:00,70,254,60,26,72,70,56,30,254,0,60
2024-06-29 08:46:00+00:00,69,254,60,26,72,70,56,29,254,0,103
2024-06-29 09:46:00+00:00,68,254,60,25,72,70,55,28,254,0,60
2024-06-29 10:46:00+00:00,67,254,60,25,72,69,55,27,254,0,60
2024-06-29 11:46:00+00:00,66,254,60,25,72,69,56,27,254,0,60
2024-06-29 12:46:00+00:00,65,254,60,24,72,69,55,26,254,0,60
2024-06-29 13:46:00+00:00,65,254,58,23,71,68,54,25,254,0,60
2024-06-29 14:46:00+00:00,64,254,57,22,69,66,52,26,254,0,60
2024-06-29 15:46:00+00:00,64,254,56,24,68,65,51,29,254,0,60
2024-06-29 16:46:00+00:00,65,254,54,26,66,64,50,31,254,0,60
2024-06-29 17:46:00+00:00,66,254,55,29,66,65,50,35,254,0,60
2024-06-29 18:46:00+00:00,67,254,55,30,66,65,51,38,254,0,60
2024-06-29 19:46:00+00:00,69,254,60,39,70,69,56,45,254,30,60
2024-06-29 20:46:00+00:00,71,254,57,38,57,70,7,44,254,65,60
2024-06-29 21:46:00+00:00,72,254,55,34,8,71,5,42,254,0,60
2024-06-29 22:46:00+00:00,74,254,52,34,6,68,5,42,254,0,60
2024-06-29 23:46:00+00:00,75,254,52,36,7,68,6,44,254,0,60
2024-06-30 00:46:00+00:00,76,254,55,39,8,69,7,47,254,0,60
2024-06-30 01:46:00+00:00,76,254,56,40,9,69,7,49,254,0,60
2024-06-30 02:46:00+00:00,76,254,57,40,9,70,7,50,254,0,60
2024-06-30 03:46:00+00:00,75,254,58,39,9,71,7,50,254,0,60
2024-06-30 04:46:00+00:00,74,254,58,37,9,71,7,49,254,0,60
2024-06-30 05:46:00+00:00,73,254,58,36,9,71,7,48,254,0,60
2024-06-30 06:46:00+00:00,72,254,57,35,9,71,7,47,254,0,60
2024-06-30 07:46:00+00:00,71,254,57,34,10,71,7,46,254,0,60
2024-06-30 08:46:00+00:00,70,254,57,33,10,71,8,44,254,0,103
2024-06-30 09:46:00+00:00,69,254,57,32,10,71,8,43,254,0,60
2024-06-30 10:46:00+00:00,69,254,57,31,11,71,8,42,254,0,60
2024-06-30 11:46:00+00:00,68,254,57,31,11,71,8,41,254,0,60
2024-06-30 12:46:00+00:00,67,254,57,30,11,71,8,40,254,0,60
2024-06-30 13:46:00+00:00,66,254,56,29,11,70,9,38,254,0,60
2024-06-30 14:46:00+00:00,66,254,55,27,11,69,9,35,254,0,60
2024-06-30 15:46:00+00:00,66,254,55,28,13,69,9,37,254,0,60
2024-06-30 16:46:00+00:00,66,254,54,30,14,69,10,38,254,0,60
2024-06-30 17:46:00+00:00,66,254,55,34,17,69,11,41,254,0,60
2024-06-30 18:46:00+00:00,67,254,55,36,18,69,12,43,254,0,60
2024-06-30 19:46:00+00:00,67,254,55,37,20,69,12,45,254,0,60
2024-06-30 20:46:00+00:00,68,254,55,38,22,69,13,46,254,0,60
2024-06-30 21:46:00+00:00,68,254,55,39,23,69,14,48,254,0,60
2024-06-30 22:46:00+00:00,69,254,56,41,26,69,15,49,254,0,60
2024-06-30 23:46:00+00:00,70,254,57,44,29,70,16,52,254,0,60
2024-07-01 00:46:00+00:00,71,254,58,45,31,70,18,53,254,0,60
2024-07-01 01:46:00+00:00,71,254,58,45,32,70,18,53,254,0,60
2024-07-01 02:46:00+00:00,71,254,60,46,34,71,20,54,254,0,60
2024-07-01 03:46:00+00:00,70,254,60,46,36,71,21,55,254,0,60
2024-07-01 04:46:00+00:00,70,254,61,45,37,72,21,55,254,0,60
2024-07-01 05:46:00+00:00,69,254,62,44,38,72,22,55,254,0,60
2024-07-01 06:46:00+00:00,68,254,62,43,39,72,22,55,254,0,60
2024-07-01 07:46:00+00:00,67,254,62,42,39,72,22,54,254,0,60
2024-07-01 08:46:00+00:00,67,254,62,41,40,72,23,53,254,0,103
2024-07-01 09:46:00+00:00,66,254,63,40,41,72,24,53,254,0,60
2024-07-01 10:46:00+00:00,65,254,63,39,42,72,24,52,254,0,60
2024-07-01 11:46:00+00:00,64,254,63,38,43,72,24,52,254,0,60
2024-07-01 12:46:00+00:00,64,254,63,37,43,72,25,51,254,0,60
2024-07-01 13:46:00+00:00,63,254,62,36,42,72,24,49,254,0,60
2024-07-01 14:46:00+00:00,62,254,61,34,42,71,25,47,254,0,60
2024-07-01 15:46:00+00:00,62,254,9,34,42,71,25,47,254,0,60
2024-07-01 16:46:00+00:00,63,254,45,35,43,70,27,48,254,0,60
2024-07-01 17:46:00+00:00,63,254,56,38,44,70,27,49,254,0,60
2024-07-01 18:46:00+00:00,64,254,62,41,46,70,29,51,254,0,60
2024-07-01 19:46:00+00:00,65,254,65,43,47,70,30,52,254,0,60
2024-07-01 20:46:00+00:00,66,254,66,45,48,70,31,53,254,0,60
2024-07-01 21:46:00+00:00,68,254,67,46,49,70,33,55,254,0,60
2024-07-01 22:46:00+00:00,69,254,68,48,50,70,34,56,254,0,60
2024-07-01 23:46:00+00:00,71,254,69,50,52,70,36,57,254,0,60
2024-07-02 00:46:00+00:00,71,254,70,52,53,70,38,59,254,0,60
2024-07-02 01:46:00+00:00,72,254,71,54,55,71,40,60,254,0,60
2024-07-02 02:46:00+00:00,72,254,72,56,57,72,43,62,254,0,60
2024-07-02 03:46:00+00:00,72,254,73,58,59,73,45,64,254,0,60
2024-07-02 04:46:00+00:00,71,254,74,58,60,73,47,65,254,0,60
2024-07-02 05:46:00+00:00,70,254,74,58,61,74,47,65,254,0,60
2024-07-02 06:46:00+00:00,69,254,74,57,62,74,48,66,254,0,60
2024-07-02 07:46:00+00:00,68,254,74,57,62,74,49,65,254,0,60
2024-07-02 08:46:00+00:00,67,254,74,56,62,74,49,65,254,0,103
2024-07-02 09:46:00+00:00,66,254,74,55,63,74,50,65,254,0,60
2024-07-02 10:46:00+00:00,66,254,74,54,63,74,50,65,254,0,60
2024-07-02 11:46:00+00:00,65,254,75,54,64,74,51,65,254,0,60
2024-07-02 12:46:00+00:00,64,254,74,53,64,74,51,65,254,0,60
2024-07-02 13:46:00+00:00,63,254,73,51,63,74,51,64,254,0,60
2024-07-02 14:46:00+00:00,63,254,4,19,22,75,5,63,254,96,60
2024-07-02 15:46:00+00:00,62,254,4,8,5,75,7,58,254,0,60
2024-07-02 16:46:00+00:00,63,254,4,9,5,77,8,55,254,0,60
2024-07-02 17:46:00+00:00,63,254,5,10,6,75,5,53,254,0,60
2024-07-02 18:46:00+00:00,64,254,6,11,6,72,5,52,254,0,60
2024-07-02 19:46:00+00:00,64,254,6,13,7,72,6,51,254,0,60
2024-07-02 20:46:00+00:00,65,254,7,16,7,72,6,51,254,0,60
2024-07-02 21:46:00+00:00,66,254,9,18,8,72,6,51,254,0,60
2024-07-02 22:46:00+00:00,67,254,10,19,9,72,7,51,254,0,60
2024-07-02 23:46:00+00:00,67,254,12,21,10,72,7,51,254,0,60
2024-07-03 00:46:00+00:00,67,254,15,23,12,72,8,51,254,0,60
2024-07-03 01:46:00+00:00,68,254,16,25,13,72,8,51,254,0,60
2024-07-03 02:46:00+00:00,67,254,17,27,14,72,9,52,254,0,60
2024-07-03 03:46:00+00:00,67,254,18,27,15,73,9,53,254,0,60
2024-07-03 04:46:00+00:00,66,254,18,27,16,73,9,53,254,0,60
2024-07-03 05:46:00+00:00,66,254,18,27,16,73,9,52,254,0,60
2024-07-03 06:46:00+00:00,65,254,19,27,16,73,9,51,254,0,60
2024-07-03 07:46:00+00:00,64,254,19,26,17,73,9,50,254,0,60
2024-07-03 08:46:00+00:00,63,254,20,26,17,73,10,50,254,0,103
2024-07-03 09:46:00+00:00,63,254,21,27,18,74,10,49,254,0,60
2024-07-03 10:46:00+00:00,62,254,21,27,19,74,10,49,254,0,60
2024-07-03 11:46:00+00:00,61,254,22,27,19,74,10,48,254,0,60
2024-07-03 12:46:00+00:00,61,254,22,26,19,74,10,46,254,0,60
2024-07-03 13:46:00+00:00,60,254,23,26,19,74,10,45,254,0,60
2024-07-03 14:46:00+00:00,59,254,25,23,20,73,10,41,254,0,60
2024-07-03 15:46:00+00:00,59,254,29,23,21,72,10,41,254,0,60
2024-07-03 16:46:00+00:00,60,254,34,26,23,72,11,41,254,0,60
2024-07-03 17:46:00+00:00,60,254,39,28,25,72,12,42,254,0,60
2024-07-03 18:46:00+00:00,61,254,44,30,28,72,12,43,254,0,60
2024-07-03 19:46:00+00:00,62,254,48,32,30,72,13,44,254,0,60
2024-07-03 20:46:00+00:00,63,254,52,34,33,72,14,46,254,0,60
2024-07-03 21:46:00+00:00,65,254,55,36,35,71,15,47,254,0,60
2024-07-03 22:46:00+00:00,66,254,57,39,38,71,17,49,254,0,60
2024-07-03 23:46:00+00:00,68,254,59,41,40,71,18,50,254,0,60
2024-07-04 00:46:00+00:00,69,254,61,43,42,71,19,51,254,0,60
2024-07-04 01:46:00+00:00,69,254,63,46,44,72,20,53,254,0,60
2024-07-04 02:46:00+00:00,69,254,64,48,47,72,24,55,254,0,60
2024-07-04 03:46:00+00:00,69,254,65,50,49,73,25,56,254,0,60
2024-07-04 04:46:00+00:00,68,254,66,51,50,73,26,57,254,0,60
2024-07-04 05:46:00+00:00,67,254,66,51,51,73,27,57,254,0,60
2024-07-04 06:46:00+00:00,67,254,66,50,52,73,27,56,254,0,60
2024-07-04 07:46:00+00:00,66,254,67,50,53,73,28,57,254,0,60
2024-07-04 08:46:00+00:00,65,254,67,50,54,74,28,57,254,0,103
2024-07-04 09:46:00+00:00,65,254,68,50,55,74,29,58,254,0,60
2024-07-04 10:46:00+00:00,64,254,68,50,56,74,29,58,254,0,60
2024-07-04 11:46:00+00:00,63,254,69,49,57,74,30,58,254,0,60
2024-07-04 12:46:00+00:00,62,254,69,49,57,74,30,57,254,0,60
2024-07-04 13:46:00+00:00,61,254,68,47,56,74,30,56,254,0,60
2024-07-04 14:46:00+00:00,61,254,66,39,55,73,29,54,254,0,60
2024-07-04 15:46:00+00:00,61,254,66,38,55,73,30,53,254,0,60
2024-07-04 16:46:00+00:00,61,254,66,39,55,72,31,53,254,0,60
2024-07-04 17:46:00+00:00,62,254,66,41,56,72,32,52,254,0,60
2024-07-04 18:46:00+00:00,63,254,66,43,56,72,34,54,254,0,60
2024-07-04 19:46:00+00:00,64,254,66,47,57,72,35,55,254,0,60
2024-07-04 20:46:00+00:00,65,254,67,49,58,72,37,57,254,0,60
2024-07-04 21:46:00+00:00,67,254,67,51,59,72,38,57,254,0,60
2024-07-04 22:46:00+00:00,69,254,68,53,60,72,40,58,254,0,60
2024-07-04 23:46:00+00:00,71,254,69,54,61,72,42,59,254,0,60
2024-07-05 00:46:00+00:00,72,254,70,56,62,72,43,61,254,0,60
2024-07-05 01:46:00+00:00,72,254,71,59,63,72,45,62,254,0,60
2024-07-05 02:46:00+00:00,72,254,72,61,65,73,48,63,254,0,60
2024-07-05 03:46:00+00:00,72,254,73,63,66,73,51,65,254,0,60
2024-07-05 04:46:00+00:00,71,254,74,64,67,74,52,66,254,0,60
2024-07-05 05:46:00+00:00,70,254,74,65,68,74,53,66,254,0,60
2024-07-05 06:46:00+00:00,69,254,74,65,69,74,54,67,254,0,60
2024-07-05 07:46:00+00:00,69,254,75,66,69,74,54,67,254,0,60
2024-07-05 08:46:00+00:00,67,254,33,10,53,74,3,64,254,102,103
2024-07-05 09:46:00+00:00,66,254,3,7,5,74,3,51,254,0,60
2024-07-05 10:46:00+00:00,65,254,3,7,5,74,3,39,254,0,60
2024-07-05 11:46:00+00:00,64,254,3,7,5,74,3,29,254,0,60
2024-07-05 12:46:00+00:00,63,254,4,8,6,73,4,21,254,0,60
2024-07-05 13:46:00+00:00,62,254,6,9,5,75,6,16,254,0,60
2024-07-05 14:46:00+00:00,62,254,8,12,5,76,8,11,254,0,60
2024-07-05 15:46:00+00:00,62,254,7,8,6,77,9,11,254,0,60
2024-07-05 16:46:00+00:00,62,254,7,10,7,74,8,12,254,0,60
2024-07-05 17:46:00+00:00,63,254,8,12,7,73,6,14,254,0,60
2024-07-05 18:46:00+00:00,64,254,10,14,9,73,6,16,254,0,60
2024-07-05 19:46:00+00:00,65,254,13,16,11,72,7,19,254,0,60
2024-07-05 20:46:00+00:00,65,254,18,18,12,72,7,21,254,0,60
2024-07-05 21:46:00+00:00,66,254,22,20,15,72,8,24,254,0,60
2024-07-05 22:46:00+00:00,67,254,28,21,19,72,8,25,254,0,60
2024-07-05 23:46:00+00:00,68,254,33,23,22,72,9,28,254,0,60
2024-07-06 00:46:00+00:00,69,254,38,25,25,72,10,30,254,0,60
2024-07-06 01:46:00+00:00,69,254,42,28,28,72,11,33,254,0,60
2024-07-06 02:46:00+00:00,68,254,44,30,31,72,12,35,254,0,60
2024-07-06 03:46:00+00:00,68,254,46,31,33,73,12,36,254,0,60
2024-07-06 04:46:00+00:00,67,254,47,31,35,73,13,37,254,0,60
2024-07-06 05:46:00+00:00,67,254,47,30,36,73,12,37,254,0,60
2024-07-06 06:46:00+00:00,66,254,47,30,37,73,13,36,254,0,60
2024-07-06 07:46:00+00:00,65,254,48,30,38,73,13,36,254,0,60
2024-07-06 08:46:00+00:00,65,254,50,32,40,73,14,38,254,0,103
2024-07-06 09:46:00+00:00,64,254,51,32,41,73,14,38,254,0,60
2024-07-06 10:46:00+00:00,64,254,52,32,42,73,14,39,254,0,60
2024-07-06 11:46:00+00:00,63,254,52,32,43,73,14,39,254,0,60
2024-07-06 12:46:00+00:00,63,254,53,32,44,74,14,38,254,0,60
2024-07-06 13:46:00+00:00,62,254,52,30,43,73,14,37,254,0,60
2024-07-06 14:46:00+00:00,62,254,51,28,43,73,14,36,254,0,60
2024-07-06 15:46:00+00:00,62,254,51,26,43,72,14,34,254,0,60
2024-07-06 16:46:00+00:00,62,254,53,28,43,72,15,35,254,0,60
2024-07-06 17:46:00+00:00,63,254,54,31,45,72,16,37,254,0,60
2024-07-06 18:46:00+00:00,63,254,56,33,47,71,18,39,254,0,60
2024-07-06 19:46:00+00:00,64,254,57,36,49,71,19,41,254,0,60
2024-07-06 20:46:00+00:00,66,254,59,39,51,71,21,43,254,0,60
2024-07-06 21:46:00+00:00,67,254,58,40,52,71,21,44,254,0,60
2024-07-06 22:46:00+00:00,68,254,59,42,53,71,23,46,254,0,60
2024-07-06 23:46:00+00:00,70,254,61,44,54,71,26,49,254,0,60
2024-07-07 00:46:00+00:00,71,254,62,47,56,71,28,51,254,0,60
2024-07-07 01:46:00+00:00,71,254,64,50,58,72,31,53,254,0,60
2024-07-07 02:46:00+00:00,71,254,65,53,60,72,35,55,254,0,60
2024-07-07 03:46:00+00:00,71,254,66,55,61,72,37,57,254,0,60
2024-07-07 04:46:00+00:00,70,254,67,57,63,73,39,59,254,0,60
2024-07-07 05:46:00+00:00,69,254,68,58,64,73,40,60,254,0,60
2024-07-07 06:46:00+00:00,69,254,68,58,65,73,41,60,254,0,60
2024-07-07 07:46:00+00:00,68,254,69,59,65,73,42,61,254,0,60
2024-07-07 08:46:00+00:00,67,254,69,59,65,73,42,61,254,0,103
2024-07-07 09:46:00+00:00,66,254,69,60,66,73,43,61,254,0,60
2024-07-07 10:46:00+00:00,65,254,70,60,66,74,43,62,254,0,60
2024-07-07 11:46:00+00:00,64,254,70,60,67,74,44,62,254,0,60
2024-07-07 12:46:00+00:00,63,254,70,60,67,74,44,62,254,0,60
2024-07-07 13:46:00+00:00,63,254,69,59,66,74,44,62,254,0,60
2024-07-07 14:46:00+00:00,62,254,68,49,65,73,43,60,254,0,60
2024-07-07 15:46:00+00:00,62,254,67,45,65,72,43,60,254,0,60
2024-07-07 16:46:00+00:00,63,254,66,45,64,72,43,59,254,0,60
2024-07-07 17:46:00+00:00,63,254,67,46,64,72,44,59,254,0,60
2024-07-07 18:46:00+00:00,64,254,67,47,65,72,45,60,254,0,60
2024-07-07 19:46:00+00:00,66,254,67,48,65,72,46,61,254,0,60
2024-07-07 20:46:00+00:00,67,254,67,50,65,72,48,62,254,0,60
2024-07-07 21:46:00+00:00,68,254,67,52,66,72,49,63,254,0,60
2024-07-07 22:46:00+00:00,70,254,67,53,66,72,49,63,254,0,60
2024-07-07 23:46:00+00:00,72,254,68,54,67,72,51,64,254,0,60
2024-07-08 00:46:00+00:00,73,254,69,56,68,72,52,65,254,0,60
2024-07-08 01:46:00+00:00,74,254,70,59,69,73,54,66,254,0,60
2024-07-08 02:46:00+00:00,73,254,71,61,70,73,56,67,254,0,60
2024-07-08 03:46:00+00:00,73,254,72,63,71,73,58,68,254,0,60
2024-07-08 04:46:00+00:00,72,254,73,64,72,74,59,69,254,0,60
2024-07-08 05:46:00+00:00,72,254,73,65,72,74,59,69,254,0,60
2024-07-08 06:46:00+00:00,73,254,69,64,72,74,9,70,254,92,60
2024-07-08 07:46:00+00:00,69,254,11,40,68,73,3,57,254,22,60
2024-07-08 08:46:00+00:00,68,254,3,20,59,73,3,38,254,0,103
2024-07-08 09:46:00+00:00,67,254,3,11,45,73,4,21,254,0,60
2024-07-08 10:46:00+00:00,66,254,3,9,28,72,4,12,254,0,60
2024-07-08 11:46:00+00:00,66,254,4,9,14,72,4,9,254,0,60
2024-07-08 12:46:00+00:00,65,254,4,9,8,72,4,8,254,0,60
2024-07-08 13:46:00+00:00,64,254,5,10,6,74,5,8,254,0,60
2024-07-08 14:46:00+00:00,64,254,7,12,6,75,7,8,254,0,60
2024-07-08 15:46:00+00:00,63,254,7,10,7,76,9,7,254,0,60
2024-07-08 16:46:00+00:00,64,254,7,10,9,73,6,8,254,0,60
2024-07-08 17:46:00+00:00,64,254,8,13,10,72,6,10,254,0,60
2024-07-08 18:46:00+00:00,65,254,11,15,13,72,7,12,254,0,60
2024-07-08 19:46:00+00:00,65,254,14,18,17,72,7,14,254,0,60
2024-07-08 20:46:00+00:00,66,254,18,20,19,72,8,16,254,0,60
2024-07-08 21:46:00+00:00,67,254,23,22,23,72,9,19,254,0,60
2024-07-08 22:46:00+00:00,68,254,27,25,27,72,10,20,254,0,60
2024-07-08 23:46:00+00:00,70,254,31,27,30,72,11,22,254,0,60
2024-07-09 00:46:00+00:00,70,254,35,29,33,72,12,25,254,0,60
2024-07-09 01:46:00+00:00,70,254,38,32,36,72,13,26,254,0,60
2024-07-09 02:46:00+00:00,70,254,40,35,39,73,14,28,254,0,60
2024-07-09 03:46:00+00:00,69,254,42,37,41,73,15,29,254,0,60
2024-07-09 04:46:00+00:00,69,254,43,38,43,73,15,29,254,0,60
2024-07-09 05:46:00+00:00,68,254,43,39,44,73,15,29,254,0,60
2024-07-09 06:46:00+00:00,68,254,44,39,44,73,15,29,254,0,60
2024-07-09 07:46:00+00:00,67,254,44,39,45,73,15,29,254,0,60
2024-07-09 08:46:00+00:00,66,254,44,39,46,73,15,29,254,0,103
2024-07-09 09:46:00+00:00,66,254,45,40,46,73,16,29,254,0,60
2024-07-09 10:46:00+00:00,65,254,45,40,47,73,16,28,254,0,60
2024-07-09 11:46:00+00:00,64,254,45,40,47,73,16,28,254,0,60
2024-07-09 12:46:00+00:00,64,254,45,40,48,73,16,28,254,0,60
2024-07-09 13:46:00+00:00,63,254,45,39,48,73,16,27,254,0,60
2024-07-09 14:46:00+00:00,63,254,44,38,47,73,16,26,254,0,60
2024-07-09 15:46:00+00:00,63,254,44,35,47,72,16,25,254,0,60
2024-07-09 16:46:00+00:00,63,254,45,35,48,72,16,25,254,0,60
2024-07-09 17:46:00+00:00,64,254,46,36,48,72,17,26,254,0,60
2024-07-09 18:46:00+00:00,65,254,48,37,49,71,19,28,254,0,60
2024-07-09 19:46:00+00:00,66,254,49,38,50,71,20,30,254,0,60
2024-07-09 20:46:00+00:00,67,254,50,40,52,71,22,32,254,0,60
2024-07-09 21:46:00+00:00,68,254,52,43,53,71,24,36,254,0,60
2024-07-09 22:46:00+00:00,70,254,53,45,55,71,26,38,254,0,60
2024-07-09 23:46:00+00:00,71,254,55,46,56,71,28,40,254,0,60
2024-07-10 00:46:00+00:00,72,254,57,49,57,71,31,42,254,0,60
2024-07-10 01:46:00+00:00,72,254,59,52,59,72,33,44,254,0,60
2024-07-10 02:46:00+00:00,72,254,60,54,61,72,36,46,254,0,60
2024-07-10 03:46:00+00:00,72,254,61,56,62,72,38,48,254,0,60
2024-07-10 04:46:00+00:00,71,254,62,57,63,73,39,49,254,0,60
2024-07-10 05:46:00+00:00,71,254,62,58,64,73,40,49,254,0,60
2024-07-10 06:46:00+00:00,70,254,63,59,64,73,40,50,254,0,60
2024-07-10 07:46:00+00:00,69,254,63,59,64,73,41,50,254,0,60
2024-07-10 08:46:00+00:00,68,254,63,60,65,73,42,51,254,0,103
2024-07-10 09:46:00+00:00,68,254,63,60,65,73,42,51,254,0,60
2024-07-10 10:46:00+00:00,67,254,63,60,65,73,43,51,254,0,60
2024-07-10 11:46:00+00:00,66,254,64,61,65,73,43,51,254,0,60
2024-07-10 12:46:00+00:00,66,254,64,61,65,73,44,52,254,0,60
2024-07-10 13:46:00+00:00,65,254,63,61,65,73,44,51,254,0,60
2024-07-10 14:46:00+00:00,65,254,63,50,64,72,43,50,254,0,60
2024-07-10 15:46:00+00:00,65,254,13,13,11,4,41,9,254,0,60
2024-07-10 16:46:00+00:00,65,254,20,20,19,6,39,13,254,0,60
2024-07-10 17:46:00+00:00,66,254,26,26,25,8,39,19,254,0,60
2024-07-10 18:46:00+00:00,67,254,32,31,30,10,40,24,254,0,60
2024-07-10 19:46:00+00:00,68,254,36,34,37,11,40,29,254,0,60
2024-07-10 20:46:00+00:00,69,254,40,36,41,13,42,33,254,0,60
2024-07-10 21:46:00+00:00,71,254,44,39,45,16,45,37,254,0,60
2024-07-10 22:46:00+00:00,72,254,46,44,48,20,46,42,254,0,60
2024-07-10 23:46:00+00:00,74,254,49,50,50,24,49,45,254,0,60
2024-07-11 00:46:00+00:00,75,254,52,54,52,27,51,48,254,0,60
2024-07-11 01:46:00+00:00,75,254,54,58,56,29,53,51,254,0,60
2024-07-11 02:46:00+00:00,75,254,56,60,59,31,55,53,254,0,60
2024-07-11 03:46:00+00:00,75,254,58,62,61,33,57,54,254,0,60
2024-07-11 04:46:00+00:00,74,254,58,64,61,34,58,55,254,0,60
2024-07-11 05:46:00+00:00,74,254,59,64,62,35,59,56,254,0,60
2024-07-11 06:46:00+00:00,73,254,60,65,63,36,59,57,254,0,60
2024-07-11 07:46:00+00:00,72,254,57,65,63,37,58,57,254,53,60
2024-07-11 08:46:00+00:00,71,254,3,65,51,36,3,58,254,53,103
2024-07-11 09:46:00+00:00,70,254,3,66,22,37,3,58,254,0,60
2024-07-11 10:46:00+00:00,69,254,3,66,7,37,3,59,254,0,60
2024-07-11 11:46:00+00:00,68,254,3,66,6,37,3,59,254,0,60
2024-07-11 12:46:00+00:00,67,254,3,66,6,37,4,59,254,0,60
2024-07-11 13:46:00+00:00,67,254,5,67,5,38,5,59,254,0,60
2024-07-11 14:46:00+00:00,66,254,6,68,5,40,7,58,254,0,60
2024-07-11 15:46:00+00:00,66,254,8,67,6,41,9,57,254,0,60
2024-07-11 16:46:00+00:00,66,254,7,59,6,41,9,55,254,0,60
2024-07-11 17:46:00+00:00,66,254,7,59,9,38,6,54,254,0,60
2024-07-11 18:46:00+00:00,67,254,8,60,11,38,7,54,254,0,60
2024-07-11 19:46:00+00:00,68,254,10,60,13,38,7,55,254,0,60
2024-07-11 20:46:00+00:00,69,254,13,60,17,38,8,55,254,0,60
2024-07-11 21:46:00+00:00,70,254,16,61,20,38,9,57,254,0,60
2024-07-11 22:46:00+00:00,71,254,20,61,24,39,10,57,254,0,60
2024-07-11 23:46:00+00:00,72,254,24,61,27,40,11,58,254,0,60
2024-07-12 00:46:00+00:00,72,254,27,63,31,41,12,59,254,0,60
2024-07-12 01:46:00+00:00,72,254,30,64,34,42,14,59,254,0,60
2024-07-12 02:46:00+00:00,72,254,31,65,36,42,15,60,254,0,60
2024-07-12 03:46:00+00:00,72,254,33,67,39,43,15,61,254,0,60
2024-07-12 04:46:00+00:00,71,254,34,67,40,44,16,62,254,0,60
2024-07-12 05:46:00+00:00,71,254,35,68,41,44,16,62,254,0,60
2024-07-12 06:46:00+00:00,70,254,35,68,42,44,16,62,254,0,60
2024-07-12 07:46:00+00:00,69,254,35,68,43,45,16,62,254,0,60
2024-07-12 08:46:00+00:00,69,254,35,68,43,45,16,62,254,0,103
2024-07-12 09:46:00+00:00,68,254,36,69,43,46,16,63,254,0,60
2024-07-12 10:46:00+00:00,67,254,36,69,44,46,16,63,254,0,60
2024-07-12 11:46:00+00:00,67,254,36,69,44,46,16,63,254,0,60
2024-07-12 12:46:00+00:00,66,254,37,69,45,46,16,63,254,0,60
2024-07-12 13:46:00+00:00,66,254,36,69,45,46,16,63,254,0,60
2024-07-12 14:46:00+00:00,65,254,35,55,44,46,16,62,254,0,60
2024-07-12 15:46:00+00:00,65,254,34,51,44,46,15,61,254,0,60
2024-07-12 16:46:00+00:00,65,254,34,48,44,46,15,60,254,0,60
2024-07-12 17:46:00+00:00,66,254,35,47,44,45,16,59,254,0,60
2024-07-12 18:46:00+00:00,67,254,37,48,46,46,18,59,254,0,60
2024-07-12 19:46:00+00:00,68,254,40,50,47,46,20,60,254,0,60
2024-07-12 20:46:00+00:00,69,254,42,50,49,46,22,61,254,0,60
2024-07-12 21:46:00+00:00,69,254,44,52,50,46,23,61,254,0,60
2024-07-12 22:46:00+00:00,70,254,46,52,51,47,25,61,254,0,60
2024-07-12 23:46:00+00:00,71,254,48,53,52,47,28,62,254,0,60
2024-07-13 00:46:00+00:00,71,254,50,55,54,48,31,63,254,0,60
2024-07-13 01:46:00+00:00,71,254,52,56,56,49,34,64,254,0,60
2024-07-13 02:46:00+00:00,71,254,54,58,58,50,37,64,254,0,60
2024-07-13 03:46:00+00:00,71,254,55,59,60,50,39,65,254,0,60
2024-07-13 04:46:00+00:00,70,254,56,60,61,51,40,66,254,0,60
2024-07-13 05:46:00+00:00,70,254,56,61,61,51,41,66,254,0,60
2024-07-13 06:46:00+00:00,69,254,57,61,62,51,42,66,254,0,60
2024-07-13 07:46:00+00:00,69,254,57,62,62,52,42,66,254,0,60
2024-07-13 08:46:00+00:00,68,254,57,62,62,52,43,67,254,0,103
2024-07-13 09:46:00+00:00,67,254,57,62,63,52,43,67,254,0,60
2024-07-13 10:46:00+00:00,67,254,58,62,63,52,44,67,254,0,60
2024-07-13 11:46:00+00:00,66,254,58,63,63,52,44,67,254,0,60
2024-07-13 12:46:00+00:00,66,254,58,63,63,53,45,67,254,0,60
2024-07-13 13:46:00+00:00,65,254,58,63,63,53,45,67,254,0,60
2024-07-13 14:46:00+00:00,65,254,57,50,62,52,44,67,254,0,60
2024-07-13 15:46:00+00:00,65,254,56,49,62,52,44,66,254,0,60
2024-07-13 16:46:00+00:00,65,254,56,47,62,52,44,66,254,0,60
2024-07-13 17:46:00+00:00,66,254,56,47,62,52,44,65,254,0,60
2024-07-13 18:46:00+00:00,66,254,57,48,62,52,46,65,254,0,60
2024-07-13 19:46:00+00:00,67,254,56,48,62,52,46,65,254,0,60
2024-07-13 20:46:00+00:00,68,254,57,48,62,52,48,66,254,0,60
2024-07-13 21:46:00+00:00,70,254,58,49,63,52,49,66,254,0,60
2024-07-13 22:46:00+00:00,71,254,58,50,64,53,50,67,254,0,60
2024-07-13 23:46:00+00:00,72,254,60,51,65,53,52,67,254,0,60
2024-07-14 00:46:00+00:00,72,254,61,52,66,54,53,67,254,0,60
2024-07-14 01:46:00+00:00,73,254,62,53,66,54,55,68,254,0,60
2024-07-14 02:46:00+00:00,73,254,62,54,67,55,56,68,254,0,59
2024-07-14 03:46:00+00:00,73,254,64,56,68,56,58,69,254,0,59
2024-07-14 04:46:00+00:00,72,254,64,56,69,56,58,69,254,0,59
2024-07-14 05:46:00+00:00,72,254,64,57,69,56,59,69,254,0,60
2024-07-14 06:46:00+00:00,71,254,64,57,69,56,59,70,254,0,60
2024-07-14 07:46:00+00:00,71,254,64,57,69,56,60,70,254,0,60
2024-07-14 08:46:00+00:00,70,254,65,58,70,56,60,70,254,0,103
2024-07-14 09:46:00+00:00,71,254,46,58,70,56,51,70,254,66,60
2024-07-14 10:46:00+00:00,69,254,4,58,70,57,3,70,254,5,60
2024-07-14 11:46:00+00:00,68,254,3,58,70,57,4,70,254,0,60
2024-07-14 12:46:00+00:00,68,254,4,58,69,57,4,70,254,0,60
2024-07-14 13:46:00+00:00,67,254,5,59,68,57,5,70,254,0,60
2024-07-14 14:46:00+00:00,67,254,5,60,68,57,6,70,254,0,60
2024-07-14 15:46:00+00:00,67,254,7,60,67,57,7,70,254,0,60
2024-07-14 16:46:00+00:00,67,254,8,61,66,56,9,70,254,0,60
2024-07-14 17:46:00+00:00,67,254,8,61,65,56,9,69,254,0,60
2024-07-14 18:46:00+00:00,68,254,8,60,64,56,9,69,254,0,60
2024-07-14 19:46:00+00:00,68,254,7,56,63,56,6,69,254,0,60
2024-07-14 20:46:00+00:00,69,254,9,57,64,56,7,70,254,0,59
2024-07-14 21:46:00+00:00,70,254,11,57,64,56,8,70,254,0,59
2024-07-14 22:46:00+00:00,70,254,12,57,64,56,8,70,254,0,59
2024-07-14 23:46:00+00:00,70,254,14,56,63,56,9,69,254,0,59
2024-07-15 00:46:00+00:00,71,254,17,57,63,56,10,70,254,0,59
2024-07-15 01:46:00+00:00,70,254,19,57,64,57,11,70,254,0,59
2024-07-15 02:46:00+00:00,70,254,20,57,64,57,12,70,254,0,59
2024-07-15 03:46:00+00:00,70,254,22,58,65,57,12,71,254,0,59
2024-07-15 04:46:00+00:00,69,254,23,59,66,57,13,71,254,0,59
2024-07-15 05:46:00+00:00,69,254,23,59,66,57,13,71,254,0,60
2024-07-15 06:46:00+00:00,69,254,23,59,66,58,13,71,254,0,60
2024-07-15 07:46:00+00:00,69,254,24,59,66,58,13,71,254,0,60
2024-07-15 08:46:00+00:00,68,254,24,59,66,58,13,71,254,0,103
2024-07-15 09:46:00+00:00,68,254,24,59,66,58,13,72,254,0,60
2024-07-15 10:46:00+00:00,67,254,24,58,66,58,13,72,254,0,60
2024-07-15 11:46:00+00:00,67,254,25,57,67,58,14,72,254,0,60
2024-07-15 12:46:00+00:00,67,254,25,56,67,58,14,72,254,0,60
2024-07-15 13:46:00+00:00,66,254,25,55,66,58,14,72,254,0,60
2024-07-15 14:46:00+00:00,66,254,24,55,66,58,13,72,254,0,60
2024-07-15 15:46:00+00:00,66,254,23,8,9,4,11,23,254,0,60
2024-07-15 16:46:00+00:00,66,254,23,8,10,5,10,31,254,0,59
2024-07-15 17:46:00+00:00,66,254,25,14,17,7,13,41,254,0,59
2024-07-15 18:46:00+00:00,67,254,27,19,23,9,15,47,254,0,59
2024-07-15 19:46:00+00:00,67,254,30,23,27,10,17,53,254,0,59
2024-07-15 20:46:00+00:00,68,254,33,27,32,12,19,57,254,0,59
2024-07-15 21:46:00+00:00,68,254,34,28,34,12,20,59,254,0,59
2024-07-15 22:46:00+00:00,68,254,36,29,36,13,22,62,254,0,59
2024-07-15 23:46:00+00:00,68,254,39,33,39,16,24,64,254,0,59
2024-07-16 00:46:00+00:00,69,254,41,36,43,17,26,66,254,0,59
2024-07-16 01:46:00+00:00,68,254,42,38,44,19,27,67,254,0,59
2024-07-16 02:46:00+00:00,68,254,44,40,46,20,29,69,254,0,59
2024-07-16 03:46:00+00:00,68,254,46,42,48,21,31,70,254,0,59
2024-07-16 04:46:00+00:00,68,254,47,44,49,22,32,71,254,0,59
2024-07-16 05:46:00+00:00,68,254,47,45,50,23,33,72,254,0,59
2024-07-16 06:46:00+00:00,67,254,48,46,51,24,33,72,254,0,60
2024-07-16 07:46:00+00:00,67,254,48,46,51,24,34,73,254,0,60
2024-07-16 08:46:00+00:00,66,254,49,47,52,25,35,73,254,0,103
2024-07-16 09:46:00+00:00,65,254,49,48,52,25,35,74,254,0,60
2024-07-16 10:46:00+00:00,65,254,49,48,53,26,36,74,254,0,60
2024-07-16 11:46:00+00:00,64,254,50,49,53,26,36,75,254,0,60
2024-07-16 12:46:00+00:00,64,254,50,49,54,27,37,75,254,0,60
2024-07-16 13:46:00+00:00,63,254,50,49,54,27,37,75,254,0,60
2024-07-16 14:46:00+00:00,63,254,49,49,53,27,37,74,254,0,60
2024-07-16 15:46:00+00:00,63,254,48,42,52,26,36,74,254,0,60
2024-07-16 16:46:00+00:00,63,254,47,40,50,26,35,73,254,0,59
2024-07-16 17:46:00+00:00,63,254,47,39,50,26,35,72,254,0,59
2024-07-16 18:46:00+00:00,64,254,47,39,51,25,36,72,254,0,59
2024-07-16 19:46:00+00:00,65,254,48,40,52,25,37,72,254,0,59
2024-07-16 20:46:00+00:00,66,254,49,42,54,26,39,73,254,0,59
2024-07-16 21:46:00+00:00,67,254,50,44,55,27,41,74,254,0,59
2024-07-16 22:46:00+00:00,67,254,51,45,56,28,43,74,254,0,59
2024-07-16 23:46:00+00:00,68,254,52,47,57,29,44,75,254,0,59
2024-07-17 00:46:00+00:00,68,254,54,49,58,30,46,75,254,0,59
2024-07-17 01:46:00+00:00,68,254,55,50,59,31,48,76,254,0,59
2024-07-17 02:46:00+00:00,68,254,56,52,61,32,49,77,254,0,59
2024-07-17 03:46:00+00:00,69,254,26,54,62,33,18,77,254,77,59
2024-07-17 04:46:00+00:00,68,254,2,55,61,33,3,78,254,1,59
2024-07-17 05:46:00+00:00,68,254,3,55,58,33,3,78,254,0,59
2024-07-17 06:46:00+00:00,67,254,3,55,54,33,3,79,254,0,59
2024-07-17 07:46:00+00:00,66,254,3,55,49,33,3,79,254,0,59
2024-07-17 08:46:00+00:00,66,254,3,55,44,33,3,79,254,0,103
2024-07-17 09:46:00+00:00,65,254,3,54,39,33,3,79,254,0,60
2024-07-17 10:46:00+00:00,65,254,4,54,34,34,3,79,254,0,59
2024-07-17 11:46:00+00:00,64,254,4,54,29,34,4,79,254,0,60
2024-07-17 12:46:00+00:00,64,254,4,54,25,34,4,79,254,0,59
2024-07-17 13:46:00+00:00,63,254,5,54,21,35,5,79,254,0,59
2024-07-17 14:46:00+00:00,63,254,6,6,18,0,6,0,254,0,59
2024-07-17 15:46:00+00:00,63,254,7,11,15,5,7,12,254,0,59
2024-07-17 16:46:00+00:00,63,254,8,10,12,8,9,25,254,0,59
2024-07-17 17:46:00+00:00,64,254,7,10,11,6,6,37,254,0,59
2024-07-17 18:46:00+00:00,64,254,8,10,11,6,6,43,254,0,59
2024-07-17 19:46:00+00:00,65,254,12,15,16,7,7,49,254,0,59
2024-07-17 20:46:00+00:00,66,254,14,19,21,10,8,54,254,0,59
2024-07-17 21:46:00+00:00,66,254,16,20,23,10,8,57,254,0,59
2024-07-17 22:46:00+00:00,67,254,21,24,27,13,10,61,254,0,59
2024-07-17 23:46:00+00:00,67,254,23,25,29,15,11,63,254,0,59
2024-07-18 00:46:00+00:00,67,254,23,26,30,15,10,65,254,0,59
2024-07-18 01:46:00+00:00,67,254,25,28,31,16,12,66,254,0,59
2024-07-18 02:46:00+00:00,67,254,27,30,33,18,12,68,254,0,59
2024-07-18 03:46:00+00:00,67,254,29,32,35,19,13,70,254,0,59
2024-07-18 04:46:00+00:00,67,254,29,32,36,20,13,71,254,0,59
2024-07-18 05:46:00+00:00,67,254,29,33,36,20,13,71,254,0,59
2024-07-18 06:46:00+00:00,67,254,29,33,36,20,13,71,254,0,59
2024-07-18 07:46:00+00:00,67,254,30,34,37,21,13,72,254,0,59
2024-07-18 08:46:00+00:00,66,254,30,34,37,22,13,73,254,0,103
2024-07-18 09:46:00+00:00,66,254,30,35,38,22,13,73,254,0,59
2024-07-18 10:46:00+00:00,66,254,30,35,38,22,13,73,254,0,59
2024-07-18 11:46:00+00:00,65,254,30,35,38,23,13,74,254,0,59
2024-07-18 12:46:00+00:00,65,254,30,36,39,23,14,74,254,0,59
2024-07-18 13:46:00+00:00,65,254,30,36,39,23,14,74,254,0,59
2024-07-18 14:46:00+00:00,65,254,29,35,39,23,14,74,254,0,59
2024-07-18 15:46:00+00:00,65,254,29,34,38,23,14,74,254,0,59
2024-07-18 16:46:00+00:00,65,254,30,33,38,23,14,73,254,0,59
2024-07-18 17:46:00+00:00,65,254,30,32,37,23,14,73,254,0,59
2024-07-18 18:46:00+00:00,66,254,31,31,37,23,15,72,254,0,59
2024-07-18 19:46:00+00:00,67,254,33,32,38,22,16,71,254,0,59
2024-07-18 20:46:00+00:00,67,254,35,35,41,23,17,71,254,0,59
2024-07-18 21:46:00+00:00,68,254,37,36,44,24,20,72,254,0,59
2024-07-18 22:46:00+00:00,69,254,39,37,46,25,23,74,254,0,59
2024-07-18 23:47:00+00:00,69,254,42,39,47,26,26,74,254,0,59
2024-07-19 00:47:00+00:00,69,254,44,41,49,27,27,75,254,0,59
2024-07-19 01:47:00+00:00,69,254,46,43,51,28,30,76,254,0,59
2024-07-19 02:47:00+00:00,69,254,47,45,52,29,32,77,254,0,59
2024-07-19 03:47:00+00:00,69,254,48,45,53,30,32,77,254,0,59
2024-07-19 04:47:00+00:00,69,254,49,47,54,31,34,78,254,0,59
2024-07-19 05:47:00+00:00,69,254,50,48,55,31,35,79,254,0,59
2024-07-19 06:47:00+00:00,68,254,51,49,55,32,36,79,254,0,59
2024-07-19 07:47:00+00:00,68,254,51,49,56,32,36,79,254,0,59
2024-07-19 08:47:00+00:00,67,254,52,50,56,33,37,80,254,0,103
2024-07-19 09:47:00+00:00,67,254,52,50,57,33,38,80,254,0,59
2024-07-19 10:47:00+00:00,66,254,52,50,57,33,38,80,254,0,59
2024-07-19 11:47:00+00:00,66,254,52,51,57,34,38,80,254,0,59
2024-07-19 12:47:00+00:00,65,254,52,51,57,34,39,80,254,0,59
2024-07-19 13:47:00+00:00,65,254,52,51,57,34,39,80,254,0,59
2024-07-19 14:47:00+00:00,65,254,51,49,57,33,39,80,254,0,59
2024-07-19 15:47:00+00:00,65,254,51,48,56,33,39,79,254,0,59
2024-07-19 16:47:00+00:00,65,254,50,47,56,33,39,78,254,0,59
2024-07-19 17:47:00+00:00,65,254,50,45,55,33,38,77,254,0,59
2024-07-19 18:47:00+00:00,66,254,49,44,55,33,39,77,254,0,59
2024-07-19 19:47:00+00:00,66,254,50,45,55,33,40,76,254,0,59
2024-07-19 20:47:00+00:00,67,254,51,46,56,33,40,76,254,0,59
2024-07-19 21:47:00+00:00,72,254,50,50,59,35,33,78,254,44,59
2024-07-19 22:47:00+00:00,70,254,5,50,45,35,4,78,254,25,59
2024-07-19 23:47:00+00:00,70,254,6,51,22,35,4,78,254,0,59
2024-07-20 00:47:00+00:00,70,254,5,51,10,35,5,79,254,0,59
2024-07-20 01:47:00+00:00,70,254,5,51,7,36,4,79,254,0,59
2024-07-20 02:47:00+00:00,70,254,5,52,7,37,5,79,254,0,59
2024-07-20 03:47:00+00:00,70,254,5,52,7,37,5,80,254,0,59
2024-07-20 04:47:00+00:00,70,254,5,52,7,38,5,80,254,0,59
2024-07-20 05:47:00+00:00,70,254,6,52,7,38,5,81,254,0,59
2024-07-20 06:47:00+00:00,69,254,6,52,7,38,5,81,254,0,59
2024-07-20 07:47:00+00:00,69,254,6,52,7,39,5,81,254,0,59
2024-07-20 08:47:00+00:00,68,254,6,52,7,39,5,81,254,0,103
2024-07-20 09:47:00+00:00,68,254,6,52,8,39,5,81,254,0,59
2024-07-20 10:47:00+00:00,67,254,6,52,8,39,5,81,254,0,59
2024-07-20 11:47:00+00:00,67,254,6,51,8,40,6,81,254,0,59
2024-07-20 12:47:00+00:00,66,254,6,51,8,40,6,81,254,0,59
2024-07-20 13:47:00+00:00,66,254,6,50,8,40,6,81,254,0,59
2024-07-20 14:47:00+00:00,66,254,6,50,8,40,6,81,254,0,59
2024-07-20 15:47:00+00:00,66,254,6,49,8,39,6,80,254,0,59
2024-07-20 16:47:00+00:00,66,254,7,48,9,39,6,80,254,0,59
2024-07-20 17:47:00+00:00,66,254,7,46,9,39,6,79,254,0,59
2024-07-20 18:47:00+00:00,66,254,9,45,10,38,7,79,254,0,59
2024-07-20 19:47:00+00:00,66,254,11,44,12,38,7,78,254,0,59
2024-07-20 20:47:00+00:00,67,254,13,43,15,38,8,78,254,0,59
2024-07-20 21:47:00+00:00,68,254,15,44,19,38,9,78,254,0,59
2024-07-20 22:47:00+00:00,68,254,18,44,22,38,10,78,254,0,59
2024-07-20 23:47:00+00:00,69,254,22,45,26,39,12,79,254,0,59
2024-07-21 00:47:00+00:00,69,254,25,46,28,39,12,79,254,0,59
2024-07-21 01:47:00+00:00,69,254,26,46,29,40,13,79,254,0,59
2024-07-21 02:47:00+00:00,69,254,27,47,30,40,13,80,254,0,59
2024-07-21 03:47:00+00:00,69,254,28,48,32,41,14,80,254,0,59
2024-07-21 04:47:00+00:00,69,254,29,48,33,41,14,80,254,0,59
2024-07-21 05:47:00+00:00,69,254,29,49,34,41,14,81,254,0,59
2024-07-21 06:47:00+00:00,69,254,30,49,34,42,14,81,254,0,59
2024-07-21 07:47:00+00:00,68,254,30,49,35,42,14,81,254,0,59
2024-07-21 08:47:00+00:00,68,254,30,49,35,42,14,81,254,0,103
2024-07-21 09:47:00+00:00,67,254,28,48,34,41,13,80,254,0,59
2024-07-21 10:47:00+00:00,67,254,29,48,35,41,14,80,254,0,59
2024-07-21 11:47:00+00:00,67,254,29,48,36,42,15,81,254,0,59
2024-07-21 12:47:00+00:00,67,254,30,49,37,42,16,81,254,0,59
2024-07-21 13:47:00+00:00,66,254,30,49,37,42,16,81,254,0,59
2024-07-21 14:47:00+00:00,66,254,30,48,37,42,16,80,254,0,59
2024-07-21 15:47:00+00:00,66,254,30,47,37,41,16,80,254,0,59
2024-07-21 16:47:00+00:00,66,254,31,47,38,41,17,80,254,0,59
2024-07-21 17:47:00+00:00,66,254,33,46,38,41,18,79,254,0,59
2024-07-21 18:47:00+00:00,66,254,34,46,38,41,19,79,254,0,59
2024-07-21 19:47:00+00:00,67,254,36,46,39,41,21,79,254,0,59
2024-07-21 20:47:00+00:00,67,254,37,46,42,41,23,79,254,0,59
2024-07-21 21:47:00+00:00,68,254,38,46,44,42,22,78,254,0,59
2024-07-21 22:47:00+00:00,68,254,39,47,46,42,24,78,254,0,59
2024-07-21 23:47:00+00:00,69,254,42,48,48,43,26,78,254,0,59
2024-07-22 00:47:00+00:00,69,254,44,49,50,43,32,79,254,0,59
2024-07-22 01:47:00+00:00,70,254,45,50,52,44,35,79,254,0,59
2024-07-22 02:47:00+00:00,70,254,46,51,53,44,36,80,254,0,59
2024-07-22 03:47:00+00:00,70,254,48,52,54,45,38,80,254,0,59
2024-07-22 04:47:00+00:00,70,254,49,53,55,45,39,81,254,0,59
2024-07-22 05:47:00+00:00,69,254,49,53,56,45,40,81,254,0,59
2024-07-22 06:47:00+00:00,69,254,50,54,56,46,41,81,254,0,59
2024-07-22 07:47:00+00:00,69,254,50,54,56,46,42,81,254,0,59
2024-07-22 08:47:00+00:00,68,254,50,54,56,46,42,81,254,0,103
2024-07-22 09:47:00+00:00,68,254,50,55,57,46,43,81,254,0,59
2024-07-22 10:47:00+00:00,67,254,50,55,57,46,43,81,254,0,59
2024-07-22 11:47:00+00:00,67,254,50,55,57,46,43,81,254,0,59
2024-07-22 12:47:00+00:00,67,254,50,55,57,46,44,81,254,0,59
2024-07-22 13:47:00+00:00,67,254,50,55,57,46,44,81,254,0,59
2024-07-22 14:47:00+00:00,66,254,4,5,5,2,44,22,254,0,59
2024-07-22 15:47:00+00:00,67,254,10,11,12,6,46,46,254,50,59
2024-07-22 16:47:00+00:00,66,254,12,14,14,8,39,53,254,19,59
2024-07-22 17:47:00+00:00,65,254,14,17,8,10,33,58,254,0,59
2024-07-22 18:47:00+00:00,65,254,13,14,5,8,31,60,254,0,59
2024-07-22 19:47:00+00:00,66,254,16,17,7,10,26,63,254,0,59
2024-07-22 20:47:00+00:00,66,254,17,16,8,9,24,63,254,0,59
2024-07-22 21:47:00+00:00,66,254,21,20,13,12,26,67,254,0,59
2024-07-22 22:47:00+00:00,67,254,25,23,16,13,28,69,254,0,59
2024-07-22 23:47:00+00:00,67,254,26,26,18,13,28,70,254,0,59
2024-07-23 00:47:00+00:00,68,254,28,28,20,15,30,71,254,0,59
2024-07-23 01:47:00+00:00,68,254,30,30,22,17,32,73,254,0,59
2024-07-23 02:47:00+00:00,68,254,33,32,24,19,34,74,254,0,59
2024-07-23 03:47:00+00:00,68,254,35,34,26,20,36,76,254,0,59
2024-07-23 04:47:00+00:00,68,254,36,35,27,21,37,76,254,0,59
2024-07-23 05:47:00+00:00,68,254,37,37,27,22,38,77,254,0,59
2024-07-23 06:47:00+00:00,68,254,37,38,28,23,38,77,254,0,59
2024-07-23 07:47:00+00:00,68,254,38,38,29,23,39,78,254,0,59
2024-07-23 08:47:00+00:00,67,254,38,39,29,24,39,78,254,0,103
2024-07-23 09:47:00+00:00,67,254,39,40,30,24,39,78,254,0,59
2024-07-23 10:47:00+00:00,66,254,39,41,30,25,40,79,254,0,59
2024-07-23 11:47:00+00:00,66,254,40,41,31,26,40,79,254,0,59
2024-07-23 12:47:00+00:00,66,254,40,42,31,26,41,79,254,0,59
2024-07-23 13:47:00+00:00,65,254,40,42,31,26,41,79,254,0,59
2024-07-23 14:47:00+00:00,65,254,39,41,31,26,40,79,254,0,59
2024-07-23 15:47:00+00:00,65,254,38,40,30,25,40,78,254,0,59
2024-07-23 16:47:00+00:00,65,254,37,39,28,24,39,78,254,0,59
2024-07-23 17:47:00+00:00,65,254,37,39,27,23,39,77,254,0,59
2024-07-23 18:47:00+00:00,65,254,37,38,27,23,39,77,254,0,59
2024-07-23 19:47:00+00:00,66,254,36,37,27,23,39,76,254,0,59
2024-07-23 20:47:00+00:00,66,254,36,37,29,24,39,76,254,0,59
2024-07-23 21:47:00+00:00,67,254,37,37,31,24,40,76,254,0,59
2024-07-23 22:47:00+00:00,68,254,40,39,34,25,41,76,254,0,59
2024-07-23 23:47:00+00:00,68,254,42,41,37,26,44,77,254,0,59
2024-07-24 00:47:00+00:00,69,254,44,42,39,27,46,78,254,0,59
2024-07-24 01:47:00+00:00,69,254,45,44,40,28,47,79,254,0,59
2024-07-24 02:47:00+00:00,69,254,47,45,42,29,49,80,254,0,59
2024-07-24 03:47:00+00:00,69,254,48,46,43,30,50,80,254,0,59
2024-07-24 04:47:00+00:00,69,254,49,47,44,31,51,81,254,0,59
2024-07-24 05:47:00+00:00,69,254,49,48,45,32,52,81,254,0,59
2024-07-24 06:47:00+00:00,69,254,50,49,45,32,52,81,254,0,59
2024-07-24 07:47:00+00:00,68,254,50,49,46,33,53,82,254,0,59
2024-07-24 08:47:00+00:00,68,254,50,49,46,33,53,82,254,0,103
2024-07-24 09:47:00+00:00,67,254,51,50,47,33,53,82,254,0,59
2024-07-24 10:47:00+00:00,67,254,51,50,47,34,54,82,254,0,59
2024-07-24 11:47:00+00:00,66,254,51,50,47,34,54,82,254,0,59
2024-07-24 12:47:00+00:00,66,254,51,50,47,34,54,82,254,0,59
2024-07-24 13:47:00+00:00,66,254,51,50,48,34,54,82,254,0,59
2024-07-24 14:47:00+00:00,65,254,5,5,47,9,54,81,254,0,59
2024-07-24 15:47:00+00:00,65,254,7,9,46,17,53,81,254,0,59
2024-07-24 16:47:00+00:00,65,254,10,10,45,23,52,79,254,0,59
2024-07-24 17:47:00+00:00,66,254,13,11,45,28,52,78,254,0,59
2024-07-24 18:47:00+00:00,66,254,18,14,45,33,52,79,254,0,59
2024-07-24 19:47:00+00:00,67,254,22,18,46,36,53,79,254,0,59
2024-07-24 20:47:00+00:00,67,254,23,17,46,38,53,79,254,0,59
2024-07-24 21:47:00+00:00,67,254,28,23,49,42,55,81,254,0,59
2024-07-24 22:47:00+00:00,68,254,30,25,49,43,56,80,254,0,59
2024-07-24 23:47:00+00:00,68,254,31,26,50,44,56,80,254,0,59
2024-07-25 00:47:00+00:00,68,254,33,28,50,45,56,80,254,0,59
2024-07-25 01:47:00+00:00,68,254,35,29,51,47,57,81,254,0,59
2024-07-25 02:47:00+00:00,68,254,37,31,52,49,58,81,254,0,59
2024-07-25 03:47:00+00:00,68,254,37,32,52,49,59,82,254,0,59
2024-07-25 04:47:00+00:00,68,254,37,33,53,49,59,82,254,0,59
2024-07-25 05:47:00+00:00,68,254,38,34,54,50,60,82,254,0,59
2024-07-25 06:47:00+00:00,68,254,39,35,54,50,60,82,254,0,59
2024-07-25 07:47:00+00:00,68,254,40,36,54,51,60,82,254,0,59
2024-07-25 08:47:00+00:00,68,254,40,37,54,52,61,82,254,0,103
2024-07-25 09:47:00+00:00,67,254,41,38,55,52,61,82,254,0,59
2024-07-25 10:47:00+00:00,67,254,41,38,55,52,61,82,254,0,59
2024-07-25 11:47:00+00:00,67,254,42,39,55,53,62,83,254,0,59
2024-07-25 12:47:00+00:00,67,254,42,40,56,53,62,83,254,0,59
2024-07-25 13:47:00+00:00,67,254,43,40,56,53,62,83,254,0,59
2024-07-25 14:47:00+00:00,66,254,42,40,55,52,61,82,254,0,59
2024-07-25 15:47:00+00:00,66,254,42,39,54,52,61,81,254,0,59
2024-07-25 16:47:00+00:00,66,254,41,38,54,51,60,81,254,0,59
2024-07-25 17:47:00+00:00,67,254,42,39,54,52,60,81,254,0,59
2024-07-25 18:47:00+00:00,67,254,41,38,52,52,60,80,254,0,59
2024-07-25 19:47:00+00:00,67,254,41,37,52,51,60,80,254,0,59
2024-07-25 20:47:00+00:00,68,254,42,37,54,53,59,79,254,0,59
2024-07-25 21:47:00+00:00,69,254,44,40,55,56,60,80,254,0,59
2024-07-25 22:47:00+00:00,69,254,47,43,58,59,62,81,254,0,59
2024-07-25 23:47:00+00:00,69,254,49,45,59,61,63,82,254,4,59
2024-07-26 00:47:00+00:00,69,254,49,45,59,61,63,82,254,0,59
2024-07-26 01:47:00+00:00,69,254,49,45,59,61,63,82,254,0,59
2024-07-26 02:47:00+00:00,69,254,50,46,59,62,64,82,254,0,59
2024-07-26 03:47:00+00:00,69,254,50,46,60,62,65,82,254,0,59
2024-07-26 04:47:00+00:00,69,254,51,47,61,62,65,82,254,0,59
2024-07-26 05:47:00+00:00,68,254,51,47,61,63,65,82,254,0,59
2024-07-26 06:47:00+00:00,68,254,51,48,61,63,65,83,254,0,59
2024-07-26 07:47:00+00:00,68,254,51,48,61,63,65,83,254,0,59
2024-07-26 08:47:00+00:00,67,254,52,48,61,63,66,83,254,0,103
2024-07-26 09:47:00+00:00,67,254,52,48,61,63,66,83,254,0,59
2024-07-26 10:47:00+00:00,67,254,53,49,62,64,66,83,254,0,59
2024-07-26 11:47:00+00:00,66,254,53,49,62,64,67,83,254,0,59
2024-07-26 12:47:00+00:00,66,254,53,49,63,64,67,83,254,0,59
2024-07-26 13:47:00+00:00,66,254,54,50,63,64,67,83,254,0,59
2024-07-26 14:47:00+00:00,65,254,53,50,62,63,67,83,254,0,59
2024-07-26 15:47:00+00:00,65,254,53,51,62,63,67,83,254,0,59
2024-07-26 16:47:00+00:00,65,254,52,51,61,62,66,82,254,0,59
2024-07-26 17:47:00+00:00,65,254,52,51,61,62,66,82,254,0,59
2024-07-26 18:47:00+00:00,65,254,51,51,60,62,66,82,254,0,59
2024-07-26 19:47:00+00:00,65,254,51,49,60,62,65,81,254,0,59
2024-07-26 20:47:00+00:00,65,254,52,49,61,62,65,81,254,0,59
2024-07-26 21:47:00+00:00,65,254,52,50,61,62,66,81,254,0,59
2024-07-26 22:47:00+00:00,66,254,53,50,61,62,66,81,254,0,59
2024-07-26 23:47:00+00:00,66,254,53,50,61,62,66,81,254,0,59
2024-07-27 00:47:00+00:00,68,254,42,52,62,63,42,81,254,8,59
2024-07-27 01:47:00+00:00,67,254,11,52,63,58,4,81,254,1,59
2024-07-27 02:47:00+00:00,67,254,4,53,63,46,4,81,254,0,59
2024-07-27 03:47:00+00:00,67,254,3,53,64,31,3,82,254,0,59
2024-07-27 04:47:00+00:00,66,254,3,54,63,16,3,82,254,0,59
2024-07-27 05:47:00+00:00,66,254,3,54,63,8,4,82,254,0,59
2024-07-27 06:47:00+00:00,66,254,3,54,63,5,4,82,254,0,59
2024-07-27 07:47:00+00:00,65,254,3,54,63,5,4,82,254,0,59
2024-07-27 08:47:00+00:00,65,254,3,53,63,4,4,82,254,0,103
2024-07-27 09:47:00+00:00,64,254,4,53,64,5,4,82,254,0,59
2024-07-27 10:47:00+00:00,64,254,4,53,64,5,5,82,254,0,59
2024-07-27 11:47:00+00:00,64,254,4,53,64,5,5,82,254,0,59
2024-07-27 12:47:00+00:00,63,254,4,53,64,5,5,82,254,0,59
2024-07-27 13:47:00+00:00,63,254,4,53,64,6,5,83,254,0,59
2024-07-27 14:47:00+00:00,63,254,5,53,65,6,6,82,254,0,59
2024-07-27 15:49:00+00:00,62,254,7,54,64,8,7,83,254,0,59
2024-07-27 16:49:00+00:00,62,254,8,54,64,8,7,81,254,0,59
2024-07-27 17:49:00+00:00,63,254,8,54,63,9,8,81,254,0,59
2024-07-27 18:49:00+00:00,63,254,6,49,62,10,6,81,254,0,59
2024-07-27 19:49:00+00:00,63,254,8,50,62,10,7,81,254,0,59
2024-07-27 20:49:00+00:00,63,254,9,49,62,11,7,81,254,0,59
2024-07-27 21:49:00+00:00,64,254,10,48,62,11,8,80,254,0,59
2024-07-27 22:49:00+00:00,64,254,12,48,62,11,8,80,254,0,59
2024-07-27 23:49:00+00:00,65,254,13,48,62,12,9,80,254,0,59
2024-07-28 00:49:00+00:00,65,254,15,49,62,12,10,80,254,0,59
2024-07-28 01:49:00+00:00,65,254,16,49,62,12,11,81,254,0,59
2024-07-28 02:49:00+00:00,65,254,17,50,63,13,11,81,254,0,59
2024-07-28 03:49:00+00:00,65,254,18,51,63,13,12,81,254,0,59
2024-07-28 04:49:00+00:00,65,254,18,51,64,13,12,81,254,0,59
2024-07-28 05:49:00+00:00,65,254,18,52,64,13,12,81,254,0,59
2024-07-28 06:49:00+00:00,64,254,19,52,64,13,13,82,254,0,59
2024-07-28 07:49:00+00:00,64,254,19,53,64,13,13,82,254,0,59
2024-07-28 08:49:00+00:00,64,254,19,53,65,13,13,82,254,0,103
2024-07-28 09:49:00+00:00,64,254,19,53,65,13,13,82,254,0,59
2024-07-28 10:49:00+00:00,63,254,20,53,65,13,13,82,254,0,59
2024-07-28 11:49:00+00:00,63,254,20,53,65,13,14,82,254,0,59
2024-07-28 12:49:00+00:00,63,254,20,53,65,14,14,82,254,0,59
2024-07-28 13:49:00+00:00,63,254,20,53,65,13,14,82,254,0,59
2024-07-28 14:49:00+00:00,62,254,19,53,65,13,13,82,254,0,59
2024-07-28 15:49:00+00:00,62,254,18,52,64,13,13,82,254,0,59
2024-07-28 16:49:00+00:00,62,254,17,51,63,13,13,81,254,0,59
2024-07-28 17:49:00+00:00,62,254,17,50,63,13,13,81,254,0,59
2024-07-28 18:49:00+00:00,63,254,17,49,62,14,13,81,254,0,59
2024-07-28 19:49:00+00:00,63,254,19,49,62,15,14,81,254,0,59
2024-07-28 20:49:00+00:00,63,254,21,49,62,16,16,81,254,0,59
2024-07-28 21:49:00+00:00,64,254,23,49,62,17,17,81,254,0,59
2024-07-28 22:49:00+00:00,64,254,25,50,62,18,19,81,254,0,59
2024-07-28 23:50:00+00:00,65,254,26,50,63,18,20,81,254,0,59
2024-07-29 00:50:00+00:00,65,254,28,50,63,18,22,81,254,0,59
2024-07-29 01:50:00+00:00,65,254,29,51,63,19,23,81,254,0,59
2024-07-29 02:50:00+00:00,66,254,31,52,64,19,25,81,254,0,59
2024-07-29 03:50:00+00:00,66,254,32,53,65,19,26,81,254,0,59
2024-07-29 04:50:00+00:00,65,254,33,54,65,19,27,81,254,0,59
2024-07-29 05:50:00+00:00,65,254,33,54,65,19,27,82,254,0,59
2024-07-29 06:50:00+00:00,65,254,34,54,65,19,28,82,254,0,59
2024-07-29 07:50:00+00:00,64,254,34,54,66,19,28,82,254,0,59
2024-07-29 08:50:00+00:00,64,254,35,55,66,19,28,82,254,0,103
2024-07-29 09:50:00+00:00,63,254,35,55,66,19,29,82,254,0,59
2024-07-29 10:50:00+00:00,63,254,35,55,66,19,29,82,254,0,59
2024-07-29 11:50:00+00:00,63,254,36,55,66,19,29,82,254,0,59
2024-07-29 12:50:00+00:00,62,254,36,55,66,19,30,82,254,0,59
2024-07-29 13:50:00+00:00,62,254,36,55,66,19,30,82,254,0,59
2024-07-29 14:50:00+00:00,62,254,35,3,3,18,29,6,254,0,59
2024-07-29 15:50:00+00:00,61,254,34,8,8,17,27,21,254,0,59
2024-07-29 16:50:00+00:00,61,254,33,10,9,16,26,28,254,0,59
2024-07-29 17:50:00+00:00,61,254,32,11,10,14,26,33,254,0,59
2024-07-29 18:50:00+00:00,62,254,34,14,14,17,28,39,254,0,59
2024-07-29 19:50:00+00:00,63,254,20,13,19,19,4,44,254,12,59
2024-07-29 20:50:00+00:00,63,254,6,7,21,20,4,47,254,0,59
2024-07-29 21:50:00+00:00,64,254,5,6,23,20,5,49,254,0,59
2024-07-29 22:50:00+00:00,64,254,6,7,25,21,6,51,254,0,59
2024-07-29 23:50:00+00:00,64,254,7,8,26,22,5,53,254,0,59
2024-07-30 00:50:00+00:00,64,254,7,9,28,22,5,55,254,0,59
2024-07-30 01:50:00+00:00,65,254,8,10,29,22,6,56,254,0,59
2024-07-30 02:50:00+00:00,65,254,8,11,31,22,6,58,254,0,59
2024-07-30 03:50:00+00:00,65,254,8,12,32,22,6,59,254,0,59
2024-07-30 04:50:00+00:00,65,254,8,12,33,21,6,60,254,0,59
2024-07-30 05:50:00+00:00,64,254,8,12,34,20,6,61,254,0,59
2024-07-30 06:50:00+00:00,64,254,8,12,34,20,6,62,254,0,59
2024-07-30 07:50:00+00:00,64,254,8,12,35,19,6,63,254,0,59
2024-07-30 08:50:00+00:00,63,254,8,13,35,19,6,63,254,0,103
2024-07-30 09:50:00+00:00,63,254,8,13,36,18,6,64,254,0,59
2024-07-30 10:50:00+00:00,63,254,8,13,36,18,6,65,254,0,59
2024-07-30 11:50:00+00:00,62,254,8,13,36,17,6,65,254,0,59
2024-07-30 12:50:00+00:00,62,254,8,14,37,17,6,66,254,0,59
2024-07-30 13:50:00+00:00,61,254,8,13,37,16,6,66,254,0,59
2024-07-30 14:50:00+00:00,61,254,8,13,37,16,6,66,254,0,59
2024-07-30 15:50:00+00:00,61,254,8,13,37,16,6,66,254,0,59
2024-07-30 16:50:00+00:00,61,254,7,12,36,14,6,66,254,0,59
2024-07-30 17:50:00+00:00,61,254,8,12,35,14,6,65,254,0,59
2024-07-30 18:50:00+00:00,61,254,10,13,36,16,7,66,254,0,59
2024-07-30 19:50:00+00:00,62,254,10,12,36,15,7,66,254,0,59
2024-07-30 20:50:00+00:00,62,254,11,13,36,15,7,66,254,0,59
2024-07-30 21:50:00+00:00,62,254,12,12,37,15,8,66,254,0,59
2024-07-30 22:50:00+00:00,63,254,14,13,37,15,8,66,254,0,59
2024-07-30 23:50:00+00:00,63,254,15,14,38,16,9,67,254,0,59
2024-07-31 00:50:00+00:00,63,254,17,15,39,17,10,68,254,0,59
2024-07-31 01:50:00+00:00,63,254,18,16,40,17,10,68,254,0,59
2024-07-31 02:50:00+00:00,64,254,20,18,40,18,11,69,254,0,59
2024-07-31 03:50:00+00:00,64,254,21,19,41,18,11,70,254,0,59
2024-07-31 04:50:00+00:00,63,254,22,20,42,18,12,70,254,0,59
2024-07-31 05:50:00+00:00,63,254,23,21,43,18,12,71,254,0,59
2024-07-31 06:50:00+00:00,63,254,23,21,43,18,12,71,254,0,59
2024-07-31 07:50:00+00:00,63,254,23,21,44,17,12,71,254,0,59
2024-07-31 08:50:00+00:00,62,254,24,21,44,17,12,72,254,0,103
2024-07-31 09:50:00+00:00,62,254,24,21,44,17,12,72,254,0,59
2024-07-31 10:50:00+00:00,62,254,24,21,45,17,12,72,254,0,59
2024-07-31 11:50:00+00:00,61,254,24,22,45,17,12,72,254,0,59
2024-07-31 12:50:00+00:00,61,254,24,22,45,17,12,72,254,0,59
2024-07-31 13:50:00+00:00,61,254,24,21,45,16,12,72,254,0,59
2024-07-31 14:50:00+00:00,60,254,23,4,44,16,11,16,254,0,59
2024-07-31 15:50:00+00:00,60,254,22,8,43,15,11,38,254,0,59
2024-07-31 16:50:00+00:00,60,254,22,10,42,15,9,46,254,0,59
2024-07-31 17:50:00+00:00,61,254,21,10,42,14,10,50,254,0,59
2024-07-31 18:50:00+00:00,61,254,20,10,42,12,11,54,254,0,59
2024-07-31 19:50:00+00:00,61,254,22,12,42,13,13,57,254,0,59
2024-07-31 20:50:00+00:00,62,254,24,13,42,13,15,62,254,0,59
2024-07-31 21:50:00+00:00,63,254,26,14,43,14,16,64,254,0,59
2024-07-31 22:50:00+00:00,63,254,28,15,44,17,18,66,254,0,59
2024-07-31 23:50:00+00:00,64,254,29,17,45,20,19,68,254,0,59
2024-08-01 00:50:00+00:00,64,254,30,18,46,21,20,69,254,0,59
2024-08-01 01:50:00+00:00,65,254,32,20,47,22,22,70,254,0,59
2024-08-01 02:50:00+00:00,65,254,34,22,48,23,23,72,254,0,59
2024-08-01 03:50:00+00:00,65,254,35,23,49,23,24,73,254,0,59
2024-08-01 04:50:00+00:00,65,254,36,24,50,22,25,74,254,0,59
2024-08-01 05:50:00+00:00,65,254,37,25,50,22,26,74,254,0,59
2024-08-01 06:50:00+00:00,64,254,37,25,51,22,26,75,254,0,59
2024-08-01 07:50:00+00:00,64,254,38,26,51,21,26,75,254,0,59
2024-08-01 08:50:00+00:00,63,254,38,26,51,21,27,76,254,0,103
2024-08-01 09:50:00+00:00,63,254,38,26,52,21,27,76,254,0,59
2024-08-01 10:50:00+00:00,63,254,39,26,52,20,27,76,254,0,59
2024-08-01 11:50:00+00:00,62,254,39,26,52,20,28,77,254,0,59
2024-08-01 12:50:00+00:00,62,254,39,27,52,20,28,77,254,0,59
2024-08-01 13:50:00+00:00,62,254,39,26,52,20,28,77,254,0,59
2024-08-01 14:50:00+00:00,61,254,38,25,51,19,27,76,254,0,59
2024-08-01 15:50:00+00:00,61,254,37,24,50,18,27,76,254,0,59
2024-08-01 16:50:00+00:00,62,254,38,24,4,19,3,75,254,18,59
2024-08-01 17:50:00+00:00,62,254,38,25,4,6,4,72,254,0,59
2024-08-01 18:50:00+00:00,63,254,36,25,5,8,4,70,254,0,59
2024-08-01 19:50:00+00:00,63,254,34,25,5,4,5,67,254,0,59
2024-08-01 20:50:00+00:00,64,254,31,21,5,5,5,65,254,0,59
2024-08-01 21:50:00+00:00,64,254,30,21,6,5,5,64,254,0,59
2024-08-01 22:50:00+00:00,65,254,31,22,6,6,6,62,254,0,59
2024-08-01 23:50:00+00:00,65,254,32,23,7,6,6,62,254,0,59
2024-08-02 00:50:00+00:00,66,254,33,24,7,6,7,61,254,0,59
2024-08-02 01:50:00+00:00,66,254,34,25,7,6,7,60,254,0,59
2024-08-02 02:50:00+00:00,66,254,35,26,8,7,7,59,254,0,59
2024-08-02 03:50:00+00:00,66,254,36,27,8,7,8,57,254,0,59
2024-08-02 04:50:00+00:00,66,254,36,28,8,7,8,56,254,0,59
2024-08-02 05:50:00+00:00,66,254,37,28,8,7,8,54,254,0,59
2024-08-02 06:50:00+00:00,66,254,37,28,8,7,8,52,254,0,59
2024-08-02 07:50:00+00:00,65,254,37,28,8,7,7,50,254,0,59
2024-08-02 08:50:00+00:00,65,254,37,28,8,7,7,48,254,0,103
2024-08-02 09:50:00+00:00,65,254,37,28,8,7,8,46,254,0,59
2024-08-02 10:50:00+00:00,64,254,37,27,8,7,7,44,254,0,59
2024-08-02 11:50:00+00:00,64,254,37,27,8,7,8,43,254,0,59
2024-08-02 12:50:00+00:00,64,254,37,27,8,7,8,41,254,0,59
2024-08-02 13:50:00+00:00,63,254,37,27,8,7,8,40,254,0,59
2024-08-02 14:50:00+00:00,63,254,36,25,8,7,7,39,254,0,59
2024-08-02 15:50:00+00:00,63,254,34,24,8,7,7,38,254,0,59
2024-08-02 16:50:00+00:00,63,254,34,23,9,7,7,38,254,0,59
2024-08-02 17:50:00+00:00,63,254,34,22,11,7,8,39,254,0,59
2024-08-02 18:50:00+00:00,63,254,33,21,12,7,8,41,254,0,59
2024-08-02 19:50:00+00:00,64,254,34,20,14,7,9,43,254,0,59
2024-08-02 20:50:00+00:00,64,254,34,20,16,8,10,45,254,0,59
2024-08-02 21:50:00+00:00,65,254,36,21,18,8,11,48,254,0,59
2024-08-02 22:50:00+00:00,65,254,37,22,21,9,13,50,254,0,59
2024-08-02 23:50:00+00:00,66,254,38,23,23,9,14,51,254,0,59
2024-08-03 00:50:00+00:00,66,254,39,24,24,9,15,52,254,0,59
2024-08-03 01:50:00+00:00,66,254,40,25,25,9,16,53,254,0,59
2024-08-03 02:50:00+00:00,67,254,41,26,26,10,17,54,254,0,59
2024-08-03 03:50:00+00:00,67,254,42,27,27,10,17,54,254,0,59
2024-08-03 04:50:00+00:00,67,254,43,28,28,9,18,55,254,0,59
2024-08-03 05:50:00+00:00,66,254,43,28,28,9,18,55,254,0,59
2024-08-03 06:50:00+00:00,66,254,43,28,29,9,18,55,254,0,59
2024-08-03 07:50:00+00:00,66,254,44,29,29,9,18,55,254,0,59
2024-08-03 08:50:00+00:00,66,254,44,29,29,9,19,55,254,0,103
2024-08-03 09:50:00+00:00,65,254,44,29,29,9,19,55,254,0,59
2024-08-03 10:50:00+00:00,65,254,45,29,30,9,19,55,254,0,59
2024-08-03 11:50:00+00:00,65,254,45,29,30,10,19,55,254,0,59
2024-08-03 12:50:00+00:00,64,254,45,29,30,10,19,54,254,0,59
2024-08-03 13:50:00+00:00,64,254,45,29,30,9,19,54,254,0,59
2024-08-03 14:50:00+00:00,64,254,44,28,29,9,19,53,254,0,59
2024-08-03 15:50:00+00:00,63,254,43,27,29,9,18,53,254,0,59
2024-08-03 16:50:00+00:00,63,254,43,27,29,9,19,53,254,0,59
2024-08-03 17:50:00+00:00,64,254,43,26,29,9,19,53,254,0,59
2024-08-03 18:50:00+00:00,64,254,42,25,29,9,19,53,254,0,59
2024-08-03 19:50:00+00:00,64,254,42,24,30,9,21,55,254,0,59
2024-08-03 20:50:00+00:00,65,254,43,24,32,10,22,57,254,0,59
2024-08-03 21:50:00+00:00,65,254,43,24,33,9,23,58,254,0,59
2024-08-03 22:50:00+00:00,66,254,43,25,34,10,25,59,254,0,59
2024-08-03 23:50:00+00:00,66,254,44,26,36,11,27,61,254,0,59
2024-08-04 00:50:00+00:00,67,254,46,27,38,12,30,63,254,0,59
2024-08-04 01:50:00+00:00,67,254,46,29,39,12,31,64,254,0,59
2024-08-04 02:50:00+00:00,67,254,47,29,40,11,32,64,254,0,59
2024-08-04 03:50:00+00:00,67,254,48,30,40,11,33,65,254,0,59
2024-08-04 04:50:00+00:00,67,254,48,30,41,11,33,65,254,0,59
2024-08-04 05:50:00+00:00,67,254,48,30,41,11,34,66,254,0,59
2024-08-04 06:50:00+00:00,67,254,48,31,42,11,34,66,254,0,59
2024-08-04 07:50:00+00:00,67,254,49,31,42,11,35,66,254,0,59
2024-08-04 08:50:00+00:00,67,254,49,31,42,11,36,67,254,0,103
2024-08-04 09:50:00+00:00,66,254,49,31,43,11,36,67,254,0,59
2024-08-04 10:50:00+00:00,66,254,49,32,43,11,36,67,254,0,59
2024-08-04 11:50:00+00:00,66,254,49,32,43,11,37,67,254,0,59
2024-08-04 12:50:00+00:00,66,254,50,32,44,11,37,67,254,1,59
2024-08-04 13:50:00+00:00,66,254,50,33,44,11,38,68,254,0,59
2024-08-04 14:50:00+00:00,65,254,50,32,44,11,38,67,254,0,59
2024-08-04 15:50:00+00:00,66,254,50,32,44,11,38,67,254,9,59
2024-08-04 16:50:00+00:00,66,254,49,32,9,11,25,67,254,28,59
2024-08-04 17:50:00+00:00,66,254,49,32,5,11,11,67,254,0,59
2024-08-04 18:50:00+00:00,66,254,49,31,5,6,8,66,254,0,59
2024-08-04 19:50:00+00:00,66,254,49,30,6,5,7,66,254,0,59
2024-08-04 20:50:00+00:00,66,254,49,30,8,5,8,67,254,0,59
2024-08-04 21:50:00+00:00,67,254,49,31,9,5,9,67,254,0,59
2024-08-04 22:50:00+00:00,67,254,49,31,11,6,10,68,254,0,59
2024-08-04 23:50:00+00:00,67,254,49,31,13,6,12,68,254,0,59
2024-08-05 00:50:00+00:00,67,254,50,32,15,6,13,69,254,0,59
2024-08-05 01:50:00+00:00,67,254,50,33,16,6,14,70,254,0,59
2024-08-05 02:50:00+00:00,67,254,51,34,18,6,16,71,254,0,59
2024-08-05 03:50:00+00:00,67,254,52,36,20,6,18,72,254,0,59
2024-08-05 04:50:00+00:00,67,254,53,36,20,6,19,72,254,0,59
2024-08-05 05:50:00+00:00,67,254,53,37,21,6,19,73,254,0,59
2024-08-05 06:50:00+00:00,66,254,53,37,21,7,19,73,254,0,59
2024-08-05 07:50:00+00:00,66,254,54,37,21,7,19,73,254,0,59
2024-08-05 08:50:00+00:00,66,254,54,37,21,7,20,73,254,0,103
2024-08-05 09:50:00+00:00,65,254,54,38,22,7,20,74,254,0,59
2024-08-05 10:50:00+00:00,65,254,54,38,22,7,20,74,254,0,59
2024-08-05 11:50:00+00:00,65,254,54,38,22,7,20,74,254,0,59
2024-08-05 12:50:00+00:00,64,254,55,38,22,7,20,74,254,0,59
2024-08-05 13:50:00+00:00,64,254,54,38,22,7,20,74,254,0,59
2024-08-05 14:50:00+00:00,64,254,54,37,21,7,20,73,254,0,59
2024-08-05 15:50:00+00:00,64,254,53,36,21,7,19,73,254,0,59
2024-08-05 16:50:00+00:00,64,254,52,35,22,7,19,72,254,0,59
2024-08-05 17:50:00+00:00,64,254,52,34,22,7,19,72,254,0,59
2024-08-05 18:50:00+00:00,64,254,52,34,24,7,20,71,254,0,59
2024-08-05 19:50:00+00:00,65,254,52,34,26,7,21,71,254,0,59
2024-08-05 20:50:00+00:00,65,254,52,33,27,7,22,71,254,0,59
2024-08-05 21:50:00+00:00,66,254,52,34,29,8,23,71,254,0,59
2024-08-05 22:50:00+00:00,66,254,53,35,31,8,25,72,254,0,59
2024-08-05 23:50:00+00:00,67,254,53,35,32,8,26,72,254,0,59
2024-08-06 00:50:00+00:00,67,254,54,36,34,8,28,73,254,0,59
2024-08-06 01:50:00+00:00,67,254,54,36,35,8,29,73,254,0,59
2024-08-06 02:50:00+00:00,67,254,55,37,36,8,31,74,254,0,59
2024-08-06 03:50:00+00:00,67,254,55,39,38,9,33,75,254,0,59
2024-08-06 04:50:00+00:00,66,254,56,39,38,8,34,75,254,0,59
2024-08-06 05:50:00+00:00,66,254,56,40,39,8,34,75,254,0,59
2024-08-06 06:50:00+00:00,66,254,56,39,39,8,34,75,254,0,59
2024-08-06 07:50:00+00:00,65,254,56,40,40,8,35,76,254,0,59
2024-08-06 08:50:00+00:00,65,254,56,40,40,8,35,76,254,0,103
2024-08-06 09:50:00+00:00,65,254,56,40,40,8,35,76,254,0,59
2024-08-06 10:50:00+00:00,65,254,56,40,40,8,36,76,254,0,59
2024-08-06 11:50:00+00:00,64,254,56,40,40,8,36,76,254,0,59
2024-08-06 12:50:00+00:00,64,254,56,40,40,8,36,76,254,0,59
2024-08-06 13:50:00+00:00,64,254,56,40,41,8,37,76,254,0,59
2024-08-06 14:50:00+00:00,64,254,56,40,41,8,37,76,254,0,59
2024-08-06 15:50:00+00:00,64,254,56,40,41,8,37,76,254,0,59
2024-08-06 16:50:00+00:00,64,254,55,39,41,8,37,75,254,0,59
2024-08-06 17:50:00+00:00,64,254,55,38,40,8,36,74,254,0,59
2024-08-06 18:50:00+00:00,64,254,54,36,40,7,36,73,254,0,59
2024-08-06 19:50:00+00:00,65,254,55,37,42,9,37,73,254,0,59
2024-08-06 20:50:00+00:00,65,254,55,38,44,10,39,74,254,0,59
2024-08-06 21:50:00+00:00,66,254,56,39,45,9,39,74,254,0,59
2024-08-06 22:50:00+00:00,66,254,56,39,46,9,40,74,254,0,59
2024-08-06 23:50:00+00:00,66,254,56,38,46,9,40,73,254,0,59
2024-08-07 00:50:00+00:00,66,254,56,38,47,9,41,73,254,0,59
2024-08-07 01:50:00+00:00,66,254,56,40,48,9,44,75,254,0,59
2024-08-07 02:50:00+00:00,66,254,57,41,50,10,46,76,254,0,59
2024-08-07 03:50:00+00:00,66,254,58,42,51,10,47,77,254,0,59
2024-08-07 04:50:00+00:00,66,254,58,43,52,10,48,77,254,0,59
2024-08-07 05:50:00+00:00,65,254,59,44,52,10,49,78,254,0,59
2024-08-07 06:50:00+00:00,65,254,59,44,53,10,50,78,254,0,59
2024-08-07 07:50:00+00:00,65,254,60,45,53,10,50,78,254,0,59
2024-08-07 08:50:00+00:00,64,254,60,45,54,10,51,78,254,0,103
2024-08-07 09:50:00+00:00,64,254,60,45,54,10,51,79,254,0,59
2024-08-07 10:50:00+00:00,63,254,60,46,54,10,52,79,254,0,59
2024-08-07 11:50:00+00:00,63,254,61,46,55,10,52,79,254,0,59
2024-08-07 12:50:00+00:00,62,254,61,46,55,10,52,79,254,0,59
2024-08-07 13:52:00+00:00,62,254,61,46,55,10,53,79,254,0,59
2024-08-07 14:52:00+00:00,62,254,60,45,55,9,52,79,254,0,59
2024-08-07 15:52:00+00:00,61,254,59,44,54,9,52,78,254,0,59
2024-08-07 16:52:00+00:00,61,254,59,43,54,9,52,78,254,0,59
2024-08-07 17:52:00+00:00,61,254,6,0,13,6,15,16,254,0,59
2024-08-07 18:52:00+00:00,62,254,17,0,30,8,30,32,254,0,59
2024-08-07 19:52:00+00:00,62,254,28,0,40,9,41,43,254,0,59
2024-08-07 20:52:00+00:00,62,254,37,0,48,9,48,53,254,0,59
2024-08-07 21:52:00+00:00,63,254,41,0,54,10,53,58,254,0,59
2024-08-07 22:52:00+00:00,67,254,45,1,61,13,60,65,254,17,59
2024-08-07 23:52:00+00:00,63,254,34,1,49,12,5,66,254,19,59
2024-08-08 00:52:00+00:00,63,254,25,1,24,10,7,67,254,0,59
2024-08-08 01:52:00+00:00,63,254,21,1,14,9,4,68,254,0,59
2024-08-08 02:52:00+00:00,63,254,21,1,11,9,4,69,254,0,59
2024-08-08 03:52:00+00:00,63,254,20,1,11,8,5,70,254,0,59
2024-08-08 04:52:00+00:00,62,254,19,1,11,7,5,71,254,0,59
2024-08-08 05:52:00+00:00,62,254,18,1,11,7,5,72,254,0,59
2024-08-08 06:52:00+00:00,62,254,18,1,11,7,5,72,254,0,59
2024-08-08 07:52:00+00:00,62,254,18,1,11,7,5,73,254,0,59
2024-08-08 08:52:00+00:00,62,254,18,1,11,7,5,73,254,0,103
2024-08-08 09:52:00+00:00,61,254,18,1,12,6,5,74,254,0,59
2024-08-08 10:52:00+00:00,61,254,18,1,12,6,5,74,254,0,59
2024-08-08 11:52:00+00:00,60,254,18,1,13,6,5,74,254,0,59
2024-08-08 12:52:00+00:00,60,254,18,1,13,6,5,75,254,0,59
2024-08-08 13:52:00+00:00,60,254,18,1,14,6,5,75,254,0,59
2024-08-08 14:52:00+00:00,60,254,18,1,14,6,6,74,254,0,59
2024-08-08 15:52:00+00:00,59,254,18,1,15,6,6,73,254,0,59
2024-08-08 16:52:00+00:00,59,254,19,1,16,6,6,72,254,0,59
2024-08-08 17:52:00+00:00,59,254,22,1,19,6,6,71,254,0,59
2024-08-08 18:52:00+00:00,60,254,25,1,21,6,7,71,254,0,59
2024-08-08 19:52:00+00:00,60,254,28,1,25,6,8,69,254,0,59
2024-08-08 20:52:00+00:00,61,254,31,1,30,6,8,70,254,0,59
2024-08-08 21:52:00+00:00,61,254,35,1,37,7,10,72,254,0,59
2024-08-08 22:52:00+00:00,62,254,37,1,40,6,10,72,254,0,59
2024-08-08 23:52:00+00:00,62,254,38,1,42,7,12,72,254,0,59
2024-08-09 00:52:00+00:00,63,254,40,1,45,7,12,73,254,0,59
2024-08-09 01:52:00+00:00,63,254,42,1,46,7,12,74,254,0,59
2024-08-09 02:52:00+00:00,63,254,43,1,48,7,12,75,254,0,59
2024-08-09 03:52:00+00:00,63,254,44,1,48,7,12,75,254,0,59
2024-08-09 04:52:00+00:00,63,254,45,1,49,7,12,76,254,0,59
2024-08-09 05:52:00+00:00,63,254,46,1,49,7,12,76,254,0,59
2024-08-09 06:52:00+00:00,63,254,46,1,49,7,12,76,254,0,59
2024-08-09 07:52:00+00:00,63,254,47,1,49,7,12,76,254,0,59
2024-08-09 08:52:00+00:00,63,254,46,1,49,7,12,76,254,0,103
2024-08-09 09:52:00+00:00,63,254,47,1,49,7,12,76,254,0,59
2024-08-09 10:52:00+00:00,62,254,47,1,49,7,13,76,254,0,59
2024-08-09 11:52:00+00:00,62,254,48,1,50,7,13,76,254,0,59
2024-08-09 12:52:00+00:00,62,254,48,1,50,7,13,76,254,0,59
2024-08-09 13:52:00+00:00,62,254,49,1,50,7,13,76,254,0,59
2024-08-09 14:52:00+00:00,62,254,48,1,50,7,13,76,254,0,59
2024-08-09 15:52:00+00:00,62,254,48,1,49,7,15,75,254,0,59
2024-08-09 16:52:00+00:00,62,254,47,1,50,7,16,75,254,0,59
2024-08-09 17:52:00+00:00,62,254,48,1,49,7,18,72,254,0,59
2024-08-09 18:52:00+00:00,62,254,49,1,48,7,20,72,254,0,59
2024-08-09 19:52:00+00:00,62,254,51,1,49,7,22,71,254,0,59
2024-08-09 20:52:00+00:00,63,254,52,1,52,7,27,72,254,0,59
2024-08-09 21:52:00+00:00,63,254,53,1,53,7,29,73,254,0,59
2024-08-09 22:52:00+00:00,64,254,54,1,57,8,32,74,254,0,59
2024-08-09 23:52:00+00:00,64,254,55,1,59,8,36,74,254,0,59
2024-08-10 00:52:00+00:00,65,254,56,1,60,8,39,75,254,0,59
2024-08-10 01:52:00+00:00,65,254,57,1,61,8,41,75,254,0,59
2024-08-10 02:52:00+00:00,65,254,58,1,63,9,43,77,254,0,59
2024-08-10 03:52:00+00:00,65,254,59,1,63,8,43,77,254,0,59
2024-08-10 04:52:00+00:00,65,254,60,1,64,9,43,78,254,0,59
2024-08-10 05:52:00+00:00,64,254,60,1,64,8,43,78,254,0,59
2024-08-10 06:52:00+00:00,64,254,61,1,65,8,43,78,254,0,59
2024-08-10 07:52:00+00:00,64,254,61,1,65,8,43,78,254,0,59
2024-08-10 08:52:00+00:00,64,254,61,1,65,8,42,78,254,0,103
2024-08-10 09:52:00+00:00,63,254,61,1,65,8,42,78,254,0,59
2024-08-10 10:52:00+00:00,63,254,61,1,65,8,42,78,254,0,59
2024-08-10 11:52:00+00:00,63,254,62,1,65,8,42,79,254,0,59
2024-08-10 12:52:00+00:00,62,254,62,1,65,8,43,79,254,0,59
2024-08-10 13:52:00+00:00,62,254,62,1,65,8,43,78,254,0,59
2024-08-10 14:52:00+00:00,62,254,61,1,65,8,43,78,254,0,59
2024-08-10 15:52:00+00:00,61,254,60,1,64,8,44,77,254,0,59
2024-08-10 16:52:00+00:00,62,254,60,1,63,8,45,76,254,0,59
2024-08-10 17:52:00+00:00,62,254,59,1,62,8,46,75,254,0,59
2024-08-10 18:52:00+00:00,62,254,60,1,62,8,46,74,254,0,59
2024-08-10 19:52:00+00:00,62,254,61,1,62,8,49,75,254,0,59
2024-08-10 20:52:00+00:00,65,254,62,1,65,3,3,77,254,29,59
2024-08-10 21:52:00+00:00,65,254,62,1,21,3,4,77,254,3,59
2024-08-10 22:52:00+00:00,65,254,63,1,6,4,4,77,254,0,59
2024-08-10 23:52:00+00:00,65,254,62,1,6,4,4,77,254,0,59
2024-08-11 00:52:00+00:00,65,254,62,1,7,4,5,77,254,0,59
2024-08-11 01:52:00+00:00,65,254,62,1,7,4,5,77,254,0,59
2024-08-11 02:52:00+00:00,65,254,63,1,7,5,5,78,254,0,59
2024-08-11 03:52:00+00:00,65,254,64,1,7,5,5,78,254,0,59
2024-08-11 04:52:00+00:00,64,254,65,1,7,5,5,78,254,0,59
2024-08-11 05:52:00+00:00,64,254,65,1,7,5,5,79,254,0,59
2024-08-11 06:52:00+00:00,64,254,65,1,7,5,5,79,254,0,59
2024-08-11 07:52:00+00:00,64,254,66,1,7,5,5,79,254,0,59
2024-08-11 08:52:00+00:00,63,254,66,1,7,5,5,79,254,0,103
2024-08-11 09:52:00+00:00,63,254,66,1,8,5,5,79,254,0,59
2024-08-11 10:52:00+00:00,63,254,66,1,8,5,5,79,254,0,59
2024-08-11 11:52:00+00:00,62,254,66,1,8,6,6,79,254,0,59
2024-08-11 12:52:00+00:00,62,254,66,1,8,6,6,79,254,0,59
2024-08-11 13:52:00+00:00,62,254,66,1,8,6,6,79,254,0,59
2024-08-11 14:52:00+00:00,61,254,65,1,8,6,6,79,254,0,59
2024-08-11 15:52:00+00:00,61,254,64,1,9,5,6,78,254,0,59
2024-08-11 16:52:00+00:00,61,254,63,1,10,5,7,77,254,0,59
2024-08-11 17:52:00+00:00,61,254,63,1,12,5,7,76,254,0,59
2024-08-11 18:52:00+00:00,61,254,62,1,14,6,8,74,254,0,59
2024-08-11 19:53:00+00:00,62,254,62,1,18,6,9,74,254,0,59
2024-08-11 20:53:00+00:00,62,254,62,1,24,6,11,74,254,0,59
2024-08-11 21:53:00+00:00,63,254,63,1,28,6,13,75,254,0,59
2024-08-11 22:53:00+00:00,63,254,63,1,33,6,14,75,254,0,59
2024-08-11 23:53:00+00:00,63,254,63,1,36,6,16,75,254,0,59
2024-08-12 00:53:00+00:00,64,254,64,1,38,6,16,76,254,0,59
2024-08-12 01:53:00+00:00,64,254,64,1,39,6,16,76,254,0,59
2024-08-12 02:53:00+00:00,64,254,65,1,40,6,16,76,254,0,59
2024-08-12 03:53:00+00:00,64,254,65,1,41,6,16,76,254,0,59
2024-08-12 04:53:00+00:00,64,254,65,1,41,7,16,77,254,0,59
2024-08-12 05:53:00+00:00,64,254,65,1,41,6,16,77,254,0,59
2024-08-12 06:53:00+00:00,64,254,66,1,41,7,16,77,254,0,59
2024-08-12 07:53:00+00:00,64,254,66,1,41,7,16,77,254,0,59
2024-08-12 08:53:00+00:00,64,254,66,1,41,7,16,77,254,0,103
2024-08-12 09:53:00+00:00,63,254,66,1,41,7,16,77,254,0,59
2024-08-12 10:53:00+00:00,63,254,66,1,41,7,16,77,254,0,59
2024-08-12 11:53:00+00:00,63,254,66,1,41,7,16,77,254,0,59
2024-08-12 12:53:00+00:00,63,254,66,1,41,7,16,77,254,0,59
2024-08-12 13:53:00+00:00,62,254,66,1,41,7,17,77,254,0,59
2024-08-12 14:53:00+00:00,62,254,65,1,41,7,18,76,254,0,59
2024-08-12 15:53:00+00:00,62,254,65,1,41,7,20,75,254,0,59
2024-08-12 16:53:00+00:00,62,254,64,1,42,7,23,75,254,0,59
2024-08-12 17:53:00+00:00,62,254,64,1,44,7,25,74,254,0,59
2024-08-12 18:53:00+00:00,62,254,64,1,46,7,27,73,254,0,59
2024-08-12 19:53:00+00:00,62,254,7,2,8,252,13,11,254,0,59
2024-08-12 20:53:00+00:00,63,254,18,10,23,0,27,28,254,0,59
2024-08-12 21:53:00+00:00,63,254,25,17,32,6,33,39,254,0,59
2024-08-12 22:53:00+00:00,63,254,30,22,38,8,38,45,254,0,59
2024-08-12 23:53:00+00:00,63,254,33,25,44,9,42,49,254,0,59
2024-08-13 00:53:00+00:00,64,254,36,28,48,9,46,52,254,0,59
2024-08-13 01:53:00+00:00,64,254,38,30,51,11,48,54,254,0,59
2024-08-13 02:53:00+00:00,64,254,40,32,53,12,49,56,254,0,59
2024-08-13 03:53:00+00:00,64,254,42,33,54,11,50,57,254,0,59
2024-08-13 04:53:00+00:00,64,254,43,34,55,10,50,58,254,0,59
2024-08-13 05:53:00+00:00,63,254,44,34,55,9,50,59,254,0,59
2024-08-13 06:53:00+00:00,63,254,44,34,55,9,50,59,254,0,59
2024-08-13 07:53:00+00:00,63,254,45,34,56,8,51,60,254,0,59
2024-08-13 08:53:00+00:00,62,254,45,34,56,8,51,60,254,0,103
2024-08-13 09:54:00+00:00,62,254,45,34,55,7,51,60,254,0,59
2024-08-13 10:54:00+00:00,62,254,46,34,56,8,51,60,254,0,59
2024-08-13 11:54:00+00:00,62,254,46,35,56,8,52,61,254,0,59
2024-08-13 12:54:00+00:00,62,254,47,36,57,8,52,61,254,0,59
2024-08-13 13:54:00+00:00,62,254,47,35,57,7,52,61,254,0,59
2024-08-13 14:54:00+00:00,62,254,48,35,57,7,53,61,254,0,59
2024-08-13 15:54:00+00:00,62,254,5,35,49,8,5,60,254,116,59
2024-08-13 16:54:00+00:00,62,254,4,36,16,7,5,61,254,0,59
2024-08-13 17:54:00+00:00,62,254,5,35,8,4,4,61,254,0,59
2024-08-13 18:54:00+00:00,62,254,5,34,8,4,4,58,254,0,59
2024-08-13 19:54:00+00:00,63,254,6,34,10,2,5,58,254,0,59
2024-08-13 20:54:00+00:00,63,254,6,35,13,3,5,59,254,0,59
2024-08-13 21:54:00+00:00,63,254,7,35,18,4,6,58,254,0,59
2024-08-13 22:54:00+00:00,63,254,8,36,24,4,6,58,254,0,59
2024-08-13 23:54:00+00:00,63,254,8,37,29,4,7,57,254,0,59
2024-08-14 00:54:00+00:00,63,254,8,37,32,4,7,57,254,0,59
2024-08-14 01:54:00+00:00,63,254,9,38,34,5,7,56,254,0,59
2024-08-14 02:54:00+00:00,63,254,9,39,36,6,7,56,254,0,59
2024-08-14 03:54:00+00:00,63,254,9,40,37,6,7,55,254,0,59
2024-08-14 04:54:00+00:00,63,254,9,39,37,5,7,53,254,0,59
2024-08-14 05:54:00+00:00,63,254,9,40,38,6,7,52,254,0,59
2024-08-14 06:54:00+00:00,63,254,9,40,38,6,7,51,254,0,59
2024-08-14 07:54:00+00:00,62,254,9,39,38,5,8,50,254,0,59
2024-08-14 08:54:00+00:00,62,254,9,39,38,5,8,48,254,0,103
2024-08-14 09:54:00+00:00,62,254,9,39,38,5,8,47,254,0,59
2024-08-14 10:54:00+00:00,62,254,9,38,38,5,8,46,254,0,59
2024-08-14 11:54:00+00:00,62,254,10,38,38,5,8,44,254,0,59
2024-08-14 12:54:00+00:00,62,254,10,38,38,5,8,43,254,0,59
2024-08-14 13:54:00+00:00,61,254,10,37,38,5,8,42,254,0,59
2024-08-14 14:54:00+00:00,61,254,10,36,38,5,8,40,254,0,59
2024-08-14 15:54:00+00:00,61,254,10,33,37,4,9,38,254,0,59
2024-08-14 16:54:00+00:00,61,254,12,32,38,4,10,37,254,0,59
2024-08-14 17:54:00+00:00,61,254,4,1,5,251,6,8,254,0,59
2024-08-14 18:54:00+00:00,61,254,10,7,18,251,10,20,254,0,59
2024-08-14 19:54:00+00:00,62,254,13,10,26,254,12,27,254,0,59
2024-08-14 20:54:00+00:00,62,254,16,12,32,0,14,31,254,0,59
2024-08-14 21:54:00+00:00,62,254,19,15,37,3,18,34,254,0,59
2024-08-14 22:54:00+00:00,63,254,21,19,41,5,20,37,254,0,59
2024-08-14 23:54:00+00:00,63,254,23,22,46,7,22,39,254,0,59
2024-08-15 00:54:00+00:00,63,254,24,25,49,10,23,40,254,0,59
2024-08-15 01:54:00+00:00,63,254,25,27,50,11,23,41,254,0,59
2024-08-15 02:54:00+00:00,63,254,25,28,52,11,23,42,254,0,59
2024-08-15 03:54:00+00:00,63,254,25,29,53,9,22,42,254,0,59
2024-08-15 04:54:00+00:00,63,254,25,29,53,8,22,42,254,0,59
2024-08-15 05:54:00+00:00,63,254,24,28,54,7,22,42,254,0,59
2024-08-15 06:54:00+00:00,63,254,24,28,54,7,22,42,254,0,59
2024-08-15 07:54:00+00:00,62,254,23,27,54,7,22,41,254,0,59
2024-08-15 08:54:00+00:00,62,254,23,26,54,6,22,41,254,0,103
2024-08-15 09:54:00+00:00,62,254,23,27,55,7,23,41,254,0,59
2024-08-15 10:54:00+00:00,62,254,22,26,55,6,23,41,254,0,59
2024-08-15 11:54:00+00:00,61,254,22,25,55,6,24,40,254,0,59
2024-08-15 12:54:00+00:00,61,254,23,26,56,7,25,41,254,0,59
2024-08-15 13:54:00+00:00,61,254,22,25,56,6,25,41,254,0,59
2024-08-15 14:54:00+00:00,61,254,23,24,57,6,27,40,254,0,59
2024-08-15 15:54:00+00:00,61,254,23,23,57,5,28,40,254,0,59
2024-08-15 16:54:00+00:00,60,254,22,16,56,2,29,39,254,0,58
2024-08-15 17:54:00+00:00,61,254,24,14,56,2,31,39,254,0,58
2024-08-15 18:54:00+00:00,61,254,26,16,57,2,34,41,254,0,58
2024-08-15 19:54:00+00:00,61,254,29,18,58,5,37,42,254,0,59
2024-08-15 20:54:00+00:00,61,254,30,17,58,2,39,43,254,0,58
2024-08-15 21:54:00+00:00,62,254,33,18,58,4,45,45,254,0,58
2024-08-15 22:54:00+00:00,62,254,35,24,61,9,49,47,254,0,58
2024-08-15 23:54:00+00:00,62,254,36,27,63,9,51,49,254,0,58
2024-08-16 00:54:00+00:00,62,254,37,28,64,10,54,50,254,0,59
2024-08-16 01:54:00+00:00,62,254,38,29,65,11,55,51,254,0,59
2024-08-16 02:54:00+00:00,62,254,40,30,67,11,56,52,254,0,59
2024-08-16 03:54:00+00:00,63,254,40,31,68,10,56,53,254,0,59
2024-08-16 04:54:00+00:00,62,254,40,31,68,10,56,53,254,0,59
2024-08-16 05:54:00+00:00,62,254,40,31,68,9,56,53,254,0,59
2024-08-16 06:54:00+00:00,62,254,40,30,69,9,56,54,254,0,59
2024-08-16 07:54:00+00:00,62,254,40,30,69,8,56,54,254,0,59
2024-08-16 08:54:00+00:00,61,254,40,30,69,8,56,54,254,0,103
2024-08-16 09:54:00+00:00,61,254,40,30,69,8,56,54,254,0,59
2024-08-16 10:54:00+00:00,59,254,4,28,69,7,3,53,254,108,59
2024-08-16 11:54:00+00:00,59,254,4,28,69,4,3,53,254,1,59
2024-08-16 12:54:00+00:00,59,254,4,28,68,3,3,53,254,0,59
2024-08-16 13:54:00+00:00,59,254,4,27,66,3,4,53,254,0,59
2024-08-16 14:54:00+00:00,59,254,4,27,64,4,6,53,254,0,59
2024-08-16 15:54:00+00:00,58,254,4,24,62,5,7,52,254,0,59
2024-08-16 16:54:00+00:00,58,254,5,17,60,5,5,50,254,0,58
2024-08-16 17:54:00+00:00,59,254,5,14,58,0,5,50,254,0,58
2024-08-16 18:54:00+00:00,59,254,5,12,56,0,5,50,254,0,58
2024-08-16 19:54:00+00:00,59,254,6,10,55,1,5,50,254,0,58
2024-08-16 20:54:00+00:00,59,254,6,10,55,4,6,50,254,0,58
2024-08-16 21:54:00+00:00,60,254,6,11,52,6,6,51,254,0,58
2024-08-16 22:54:00+00:00,60,254,7,17,55,8,7,52,254,0,58
2024-08-16 23:54:00+00:00,61,254,7,20,58,7,7,52,254,0,58
2024-08-17 00:54:00+00:00,61,254,7,20,59,7,8,53,254,0,58
2024-08-17 01:54:00+00:00,61,254,7,20,60,8,8,53,254,0,58
2024-08-17 02:54:00+00:00,61,254,7,21,61,8,8,54,254,0,59
2024-08-17 03:54:00+00:00,61,254,7,21,62,7,8,54,254,0,59
2024-08-17 04:54:00+00:00,61,254,7,20,62,6,8,54,254,0,59
2024-08-17 05:54:00+00:00,61,254,7,19,62,6,8,54,254,0,59
2024-08-17 06:54:00+00:00,61,254,7,18,62,6,8,53,254,0,59
2024-08-17 07:54:00+00:00,61,254,7,17,61,5,8,52,254,0,59
2024-08-17 08:54:00+00:00,61,254,7,17,62,6,8,52,254,0,103
2024-08-17 09:54:00+00:00,60,254,7,17,62,6,8,52,254,0,59
2024-08-17 10:54:00+00:00,60,254,7,16,62,6,8,51,254,0,59
2024-08-17 11:54:00+00:00,60,254,7,16,62,5,8,51,254,0,59
2024-08-17 12:54:00+00:00,60,254,7,15,62,5,8,50,254,0,59
2024-08-17 13:54:00+00:00,59,254,7,14,61,5,8,49,254,0,59
2024-08-17 14:54:00+00:00,59,254,7,12,60,5,9,48,254,0,58
2024-08-17 15:54:00+00:00,59,254,8,7,59,3,9,47,254,0,58
2024-08-17 16:54:00+00:00,59,254,8,8,58,3,10,45,254,0,58
2024-08-17 17:54:00+00:00,59,254,9,8,58,2,11,45,254,0,58
2024-08-17 18:54:00+00:00,59,254,10,8,57,0,13,45,254,0,58
2024-08-17 19:54:00+00:00,59,254,12,9,58,0,14,46,254,0,58
2024-08-17 20:54:00+00:00,60,254,15,13,59,6,18,48,254,0,58
2024-08-17 21:54:00+00:00,60,254,16,15,59,8,20,49,254,0,58
2024-08-17 22:54:00+00:00,61,254,16,15,59,8,22,50,254,0,58
2024-08-17 23:54:00+00:00,61,254,17,16,60,8,25,51,254,0,58
2024-08-18 00:54:00+00:00,61,254,18,17,62,8,26,52,254,0,58
2024-08-18 01:54:00+00:00,62,254,19,18,63,8,27,52,254,0,58
2024-08-18 02:54:00+00:00,62,254,19,19,64,8,28,53,254,0,58
2024-08-18 03:54:00+00:00,62,254,19,19,64,8,28,54,254,0,59
2024-08-18 04:54:00+00:00,62,254,18,18,64,7,28,54,254,0,59
2024-08-18 05:54:00+00:00,62,254,18,18,65,7,28,54,254,0,59
2024-08-18 06:54:00+00:00,62,254,17,18,65,7,28,54,254,0,59
2024-08-18 07:54:00+00:00,62,254,17,18,65,7,29,54,254,0,59
2024-08-18 08:54:00+00:00,62,254,17,17,65,7,29,54,254,0,103
2024-08-18 09:54:00+00:00,62,254,17,17,66,7,29,54,254,0,59
2024-08-18 10:54:00+00:00,62,254,17,17,66,7,29,54,254,0,59
2024-08-18 11:54:00+00:00,62,254,17,17,66,7,29,54,254,0,59
2024-08-18 12:54:00+00:00,61,254,16,17,66,7,29,54,254,0,59
2024-08-18 13:54:00+00:00,61,254,16,16,66,6,29,54,254,0,59
2024-08-18 14:54:00+00:00,61,254,16,14,66,6,30,53,254,0,58
2024-08-18 15:54:00+00:00,61,254,16,9,65,4,32,52,254,0,58
2024-08-18 16:54:00+00:00,61,254,18,8,65,4,34,51,254,0,58
2024-08-18 17:55:00+00:00,61,254,19,8,64,3,34,51,254,0,58
2024-08-18 18:55:00+00:00,61,254,21,9,63,1,36,51,254,0,58
2024-08-18 19:55:00+00:00,62,254,24,9,63,1,39,51,254,0,58
2024-08-18 20:55:00+00:00,62,254,27,11,63,4,43,52,254,0,58
2024-08-18 21:55:00+00:00,63,254,29,14,62,8,48,53,254,0,58
2024-08-18 22:55:00+00:00,63,254,32,19,65,11,52,55,254,0,58
2024-08-18 23:55:00+00:00,63,254,32,17,65,9,54,55,254,0,58
2024-08-19 00:55:00+00:00,64,254,34,20,67,10,56,56,254,0,58
2024-08-19 01:55:00+00:00,64,254,35,20,68,10,57,57,254,0,58
2024-08-19 02:55:00+00:00,64,254,36,22,69,10,59,59,254,0,59
2024-08-19 03:55:00+00:00,64,254,36,22,69,9,59,59,254,0,59
2024-08-19 04:55:00+00:00,64,254,35,20,70,8,60,59,254,0,59
2024-08-19 05:56:00+00:00,64,254,36,20,69,8,60,59,254,0,59
2024-08-19 06:56:00+00:00,64,254,4,20,68,7,3,60,254,97,59
2024-08-19 07:57:00+00:00,63,254,4,19,52,5,4,60,254,0,59
2024-08-19 08:57:00+00:00,63,254,4,19,25,4,4,60,254,0,103
2024-08-19 09:57:00+00:00,63,254,4,18,9,3,4,60,254,0,58
2024-08-19 10:57:00+00:00,63,254,4,18,7,3,4,59,254,0,58
2024-08-19 11:57:00+00:00,62,254,5,17,6,3,4,59,254,0,59
2024-08-19 12:57:00+00:00,62,254,5,17,6,3,4,59,254,0,59
2024-08-19 13:57:00+00:00,62,254,5,17,6,4,5,58,254,0,58
2024-08-19 14:57:00+00:00,62,254,5,15,7,4,5,58,254,0,58
2024-08-19 15:57:00+00:00,62,254,5,11,8,2,5,56,254,0,58
2024-08-19 16:57:00+00:00,62,254,6,10,9,2,6,55,254,0,58
2024-08-19 17:57:00+00:00,62,254,6,9,11,1,6,54,254,0,58
2024-08-19 18:57:00+00:00,62,254,6,9,15,0,6,54,254,0,58
2024-08-19 19:57:00+00:00,62,254,7,9,19,0,7,52,254,0,58
2024-08-19 20:57:00+00:00,63,254,8,8,23,1,7,52,254,0,58
2024-08-19 21:57:00+00:00,63,254,9,10,26,5,8,50,254,0,58
2024-08-19 22:57:00+00:00,64,254,9,17,30,6,10,53,254,0,58
2024-08-19 23:57:00+00:00,64,254,10,18,33,7,12,55,254,0,58
2024-08-20 00:57:00+00:00,64,254,10,20,35,9,13,57,254,0,58
2024-08-20 01:57:00+00:00,64,254,10,21,37,9,13,58,254,0,58
2024-08-20 02:57:00+00:00,64,254,9,22,38,9,13,59,254,0,59
2024-08-20 03:57:00+00:00,64,254,9,22,39,8,12,60,254,0,59
2024-08-20 04:57:00+00:00,64,254,9,21,40,7,12,60,254,0,59
2024-08-20 05:57:00+00:00,64,254,9,20,40,7,12,60,254,0,59
2024-08-20 06:57:00+00:00,64,254,9,20,40,6,12,60,254,0,59
2024-08-20 07:57:00+00:00,63,254,9,19,41,6,12,60,254,0,59
2024-08-20 08:57:00+00:00,63,254,9,19,41,6,12,59,254,0,103
2024-08-20 09:57:00+00:00,63,254,9,18,41,6,12,59,254,0,59
2024-08-20 10:57:00+00:00,62,254,9,18,41,6,12,59,254,0,59
2024-08-20 11:57:00+00:00,62,254,9,17,41,6,12,59,254,0,59
2024-08-20 12:57:00+00:00,61,254,9,17,41,6,12,58,254,0,59
2024-08-20 13:57:00+00:00,61,254,9,16,41,5,13,58,254,0,59
2024-08-20 14:57:00+00:00,61,254,9,14,41,5,13,57,254,0,58
2024-08-20 15:57:00+00:00,60,254,9,10,41,4,14,56,254,0,58
2024-08-20 16:57:00+00:00,60,254,10,8,40,1,15,54,254,0,58
2024-08-20 17:57:00+00:00,60,254,11,7,40,2,16,53,254,0,58
2024-08-20 18:57:00+00:00,60,254,13,7,41,2,18,53,254,0,58
2024-08-20 19:57:00+00:00,60,254,15,11,43,5,21,53,254,0,58
2024-08-20 20:57:00+00:00,61,254,16,15,45,7,24,53,254,0,58
2024-08-20 21:57:00+00:00,61,254,18,16,47,7,27,54,254,0,58
2024-08-20 22:57:00+00:00,61,254,19,17,48,7,28,55,254,0,58
2024-08-20 23:57:00+00:00,61,254,20,16,49,6,30,55,254,0,58
2024-08-21 00:57:00+00:00,61,254,21,17,50,7,32,56,254,0,58
2024-08-21 01:57:00+00:00,61,254,22,18,52,8,34,57,254,0,58
2024-08-21 02:57:00+00:00,62,254,22,20,53,9,35,58,254,0,58
2024-08-21 03:57:00+00:00,62,254,21,20,54,8,35,58,254,0,59
2024-08-21 04:57:00+00:00,61,254,21,20,54,8,35,58,254,0,59
2024-08-21 05:57:00+00:00,61,254,20,19,55,7,35,58,254,0,59
2024-08-21 06:57:00+00:00,61,254,20,19,55,7,35,58,254,0,59
2024-08-21 07:57:00+00:00,61,254,19,18,56,7,35,58,254,0,59
2024-08-21 08:57:00+00:00,60,254,19,18,56,7,35,58,254,0,103
2024-08-21 09:57:00+00:00,60,254,19,18,56,7,35,58,254,0,59
2024-08-21 10:57:00+00:00,60,254,19,17,56,7,35,58,254,0,59
2024-08-21 11:57:00+00:00,59,254,19,17,56,7,36,58,254,0,59
2024-08-21 12:57:00+00:00,59,254,19,17,57,7,36,58,254,0,59
2024-08-21 13:57:00+00:00,59,254,18,16,57,6,36,57,254,0,58
2024-08-21 14:57:00+00:00,58,254,18,15,56,6,37,56,254,0,58
2024-08-21 15:57:00+00:00,58,254,19,10,56,5,37,55,254,0,58
2024-08-21 16:57:00+00:00,58,254,20,8,55,2,38,54,254,0,58
2024-08-21 17:57:00+00:00,58,254,20,7,11,4,15,15,254,0,58
2024-08-21 18:57:00+00:00,58,254,24,10,21,6,25,27,254,0,58
2024-08-21 19:57:00+00:00,58,254,26,12,28,6,33,34,254,0,58
2024-08-21 20:57:00+00:00,59,254,29,15,36,7,39,39,254,0,58
2024-08-21 21:57:00+00:00,59,254,32,16,41,7,44,43,254,0,58
2024-08-21 22:57:00+00:00,59,254,34,18,45,7,48,46,254,0,58
2024-08-21 23:57:00+00:00,60,254,36,19,47,8,51,49,254,0,58
2024-08-22 00:57:00+00:00,60,254,37,20,50,8,53,51,254,0,58
2024-08-22 01:57:00+00:00,60,254,38,20,52,9,55,53,254,0,58
2024-08-22 02:57:00+00:00,60,254,38,21,54,10,57,54,254,0,58
2024-08-22 03:57:00+00:00,60,254,38,21,55,9,58,55,254,0,58
2024-08-22 04:57:00+00:00,60,254,38,21,56,9,58,55,254,0,58
2024-08-22 05:57:00+00:00,60,254,38,21,57,9,59,56,254,0,58
2024-08-22 06:57:00+00:00,60,254,38,20,58,8,60,56,254,0,58
2024-08-22 07:57:00+00:00,60,254,37,20,58,8,60,57,254,0,58
2024-08-22 08:57:00+00:00,59,254,37,20,59,8,60,57,254,0,103
2024-08-22 09:57:00+00:00,59,254,37,20,59,8,61,57,254,0,58
2024-08-22 10:57:00+00:00,59,254,37,19,60,8,61,57,254,0,58
2024-08-22 11:57:00+00:00,58,254,37,19,60,8,61,57,254,0,58
2024-08-22 12:57:00+00:00,58,254,36,19,60,8,62,57,254,0,58
2024-08-22 13:57:00+00:00,58,254,36,18,60,8,62,57,254,0,58
2024-08-22 14:57:00+00:00,57,254,34,15,59,7,61,56,254,0,58
2024-08-22 15:57:00+00:00,57,254,33,11,59,6,60,54,254,0,58
2024-08-22 16:57:00+00:00,57,254,34,10,59,4,59,54,254,0,58
2024-08-22 17:57:00+00:00,57,254,36,11,59,4,58,54,254,0,58
2024-08-22 18:57:00+00:00,58,254,38,12,59,4,58,55,254,0,58
2024-08-22 19:57:00+00:00,58,254,40,13,59,4,58,56,254,0,58
2024-08-22 20:57:00+00:00,59,254,42,13,59,6,59,56,254,0,58
2024-08-22 21:57:00+00:00,59,254,44,16,60,8,59,57,254,0,58
2024-08-22 22:57:00+00:00,59,254,47,19,59,9,61,59,254,0,58
2024-08-22 23:57:00+00:00,60,254,49,21,61,11,64,62,254,0,58
2024-08-23 00:57:00+00:00,60,254,50,23,63,12,66,64,254,0,58
2024-08-23 01:57:00+00:00,60,254,52,24,66,13,67,65,254,0,58
2024-08-23 02:57:00+00:00,60,254,53,25,67,13,68,66,254,0,58
2024-08-23 03:57:00+00:00,60,254,53,25,68,12,69,67,254,0,58
2024-08-23 04:57:00+00:00,60,254,53,25,68,11,69,68,254,0,58
2024-08-23 05:57:00+00:00,60,254,53,24,68,10,70,68,254,0,58
2024-08-23 06:57:00+00:00,60,254,53,24,68,10,70,68,254,0,58
2024-08-23 07:57:00+00:00,59,254,52,21,68,9,69,67,254,0,58
2024-08-23 08:57:00+00:00,59,254,52,21,68,9,69,67,254,0,103
2024-08-23 09:57:00+00:00,59,254,52,21,68,9,69,67,254,0,58
2024-08-23 10:57:00+00:00,59,254,52,21,68,9,70,67,254,0,58
2024-08-23 11:57:00+00:00,59,254,52,21,68,10,70,68,254,0,58
2024-08-23 12:57:00+00:00,59,254,52,21,68,10,70,68,254,0,58
2024-08-23 13:57:00+00:00,59,254,52,21,68,10,71,68,254,0,58
2024-08-23 14:57:00+00:00,59,254,51,20,68,9,71,68,254,0,58
2024-08-23 15:57:00+00:00,59,254,50,15,68,8,70,67,254,0,58
2024-08-23 16:57:00+00:00,59,254,49,12,67,5,69,66,254,0,58
2024-08-23 17:57:00+00:00,59,254,49,12,67,4,69,66,254,0,58
2024-08-23 18:57:00+00:00,60,254,51,15,68,5,68,66,254,0,58
2024-08-23 19:57:00+00:00,60,254,52,18,68,9,68,66,254,0,58
2024-08-23 20:57:00+00:00,60,254,54,21,67,10,69,65,254,0,58
2024-08-23 21:57:00+00:00,60,254,55,22,67,12,69,66,254,0,58
2024-08-23 22:57:00+00:00,60,254,56,24,68,13,70,69,254,0,58
2024-08-23 23:57:00+00:00,61,254,57,25,70,13,71,70,254,0,58
2024-08-24 00:57:00+00:00,61,254,59,27,71,13,72,71,254,0,58
2024-08-24 01:57:00+00:00,61,254,59,28,30,15,73,72,254,101,58
2024-08-24 02:57:00+00:00,60,254,59,27,4,11,73,73,254,0,58
2024-08-24 03:57:00+00:00,60,254,59,27,5,9,73,73,254,0,58
2024-08-24 04:57:00+00:00,60,254,59,27,5,7,73,73,254,0,58
2024-08-24 05:57:00+00:00,59,254,59,26,5,6,74,74,254,0,58
2024-08-24 06:57:00+00:00,59,254,59,26,5,5,74,74,254,0,58
2024-08-24 07:57:00+00:00,59,254,60,25,5,4,75,74,254,0,58
2024-08-24 08:57:00+00:00,58,254,60,26,6,5,75,74,254,0,103
2024-08-24 09:57:00+00:00,58,254,61,26,6,5,74,74,254,0,58
2024-08-24 10:57:00+00:00,58,254,61,26,6,5,74,75,254,0,58
2024-08-24 11:57:00+00:00,58,254,61,26,6,5,74,75,254,0,58
2024-08-24 12:57:00+00:00,57,254,61,25,6,5,74,75,254,0,58
2024-08-24 13:57:00+00:00,57,254,61,25,6,5,75,75,254,0,58
2024-08-24 14:57:00+00:00,57,254,60,24,6,5,75,75,254,0,58
2024-08-24 15:57:00+00:00,57,254,60,23,6,5,76,75,254,0,58
2024-08-24 16:57:00+00:00,57,254,60,22,7,4,76,74,254,0,58
2024-08-24 17:57:00+00:00,57,254,60,22,7,5,75,74,254,0,58
2024-08-24 18:57:00+00:00,57,254,59,21,8,4,75,74,254,0,58
2024-08-24 19:57:00+00:00,57,254,59,21,9,5,74,74,254,0,58
2024-08-24 20:57:00+00:00,57,254,59,20,9,4,74,74,254,0,58
2024-08-24 21:57:00+00:00,57,254,59,20,10,5,74,74,254,0,58
2024-08-24 22:57:00+00:00,57,254,59,21,11,5,74,74,254,0,58
2024-08-24 23:57:00+00:00,57,254,59,21,12,5,74,74,254,0,58
2024-08-25 00:57:00+00:00,57,254,60,22,13,6,74,75,254,0,58
2024-08-25 01:59:00+00:00,57,254,60,23,13,6,75,75,254,0,58
2024-08-25 02:59:00+00:00,57,254,61,24,13,7,75,76,254,0,58
2024-08-25 03:59:00+00:00,57,254,61,24,13,6,76,76,254,0,58
2024-08-25 04:59:00+00:00,57,254,61,24,13,6,76,77,254,0,58
2024-08-25 05:59:00+00:00,57,254,61,24,12,6,76,77,254,0,58
2024-08-25 06:59:00+00:00,56,254,61,23,12,6,76,77,254,0,58
2024-08-25 07:59:00+00:00,56,254,61,23,12,6,76,77,254,0,58
2024-08-25 08:59:00+00:00,56,254,61,22,12,6,76,77,254,0,103
2024-08-25 09:59:00+00:00,56,254,61,22,12,6,76,77,254,0,58
2024-08-25 10:59:00+00:00,55,254,61,22,12,6,76,77,254,0,58
2024-08-25 11:59:00+00:00,55,254,61,22,12,6,77,77,254,0,58
2024-08-25 12:59:00+00:00,55,254,61,22,13,6,77,78,254,0,58
2024-08-25 13:59:00+00:00,55,254,61,21,13,6,77,78,254,0,58
2024-08-25 14:59:00+00:00,55,254,60,20,13,6,76,77,254,0,58
2024-08-25 15:59:00+00:00,54,254,59,17,13,5,76,76,254,0,58
2024-08-25 16:59:00+00:00,54,254,59,17,13,5,75,76,254,0,58
2024-08-25 17:59:00+00:00,54,254,58,16,13,4,75,76,254,0,58
2024-08-25 18:59:00+00:00,54,254,58,17,15,5,74,76,254,0,58
2024-08-25 19:59:00+00:00,55,254,57,15,16,4,74,74,254,0,58
2024-08-25 20:59:00+00:00,55,254,57,15,19,5,73,74,254,0,58
2024-08-25 21:59:00+00:00,55,254,57,17,21,6,73,74,254,0,58
2024-08-25 22:59:00+00:00,56,254,58,18,23,6,73,75,254,0,58
2024-08-25 23:59:00+00:00,56,254,58,19,24,7,74,75,254,0,58
2024-08-26 00:59:00+00:00,56,254,59,20,27,7,74,76,254,0,58
2024-08-26 01:59:00+00:00,56,254,59,21,28,7,75,76,254,0,58
2024-08-26 02:59:00+00:00,57,254,59,21,29,8,75,77,254,0,58
2024-08-26 03:59:00+00:00,56,254,60,22,29,7,75,77,254,0,58
2024-08-26 04:59:00+00:00,56,254,60,22,30,7,76,77,254,0,58
2024-08-26 05:59:00+00:00,56,254,60,22,30,7,76,78,254,0,58
2024-08-26 06:59:00+00:00,56,254,60,22,31,7,76,78,254,0,58
2024-08-26 07:59:00+00:00,56,254,61,22,31,7,77,78,254,0,58
2024-08-26 08:59:00+00:00,56,254,61,22,31,7,77,78,254,0,103
2024-08-26 09:59:00+00:00,56,254,61,22,31,7,77,78,254,0,58
2024-08-26 10:59:00+00:00,55,254,61,22,31,7,77,79,254,0,58
2024-08-26 11:59:00+00:00,55,254,61,21,31,7,77,79,254,0,58
2024-08-26 12:59:00+00:00,55,254,61,21,31,7,77,79,254,0,58
2024-08-26 13:59:00+00:00,54,254,61,21,31,7,77,79,254,0,58
2024-08-26 14:59:00+00:00,54,254,60,19,30,7,77,79,254,0,58
2024-08-26 15:59:00+00:00,54,254,59,15,30,6,76,78,254,0,58
2024-08-26 16:59:00+00:00,54,254,57,13,30,3,76,77,254,0,58
2024-08-26 17:59:00+00:00,54,254,56,11,30,3,74,76,254,0,58
2024-08-26 18:59:00+00:00,54,254,56,12,32,4,73,76,254,0,58
2024-08-26 19:59:00+00:00,54,254,56,15,34,6,73,75,254,0,58
2024-08-26 20:59:00+00:00,58,254,58,12,37,10,70,76,254,101,58
2024-08-26 21:59:00+00:00,57,254,53,6,4,7,4,62,254,16,58
2024-08-26 22:59:00+00:00,57,254,44,6,4,5,6,34,254,0,58
2024-08-26 23:59:00+00:00,57,254,32,6,5,5,5,14,254,0,58
2024-08-27 00:59:00+00:00,57,254,21,6,5,5,4,11,254,0,58
2024-08-27 01:59:00+00:00,58,254,13,8,5,6,5,11,254,0,58
2024-08-27 02:59:00+00:00,58,254,10,8,5,6,5,11,254,0,58
2024-08-27 03:59:00+00:00,58,254,8,8,5,5,5,12,254,0,58
2024-08-27 04:59:00+00:00,57,254,7,8,6,5,5,12,254,0,58
2024-08-27 05:59:00+00:00,57,254,7,8,6,5,5,12,254,0,58
2024-08-27 06:59:00+00:00,57,254,7,9,6,5,5,13,254,0,58
2024-08-27 07:59:00+00:00,57,254,7,9,6,5,5,13,254,0,58
2024-08-27 08:59:00+00:00,56,254,7,9,6,5,5,13,254,0,103
2024-08-27 09:59:00+00:00,56,254,7,9,6,5,5,13,254,0,58
2024-08-27 10:59:00+00:00,56,254,7,9,6,5,5,14,254,0,58
2024-08-27 11:59:00+00:00,55,254,7,9,6,5,5,14,254,0,58
2024-08-27 12:59:00+00:00,55,254,7,9,6,5,5,14,254,0,58
2024-08-27 13:59:00+00:00,55,254,7,9,6,5,5,14,254,0,58
2024-08-27 14:59:00+00:00,54,254,7,8,6,5,5,14,254,0,58
2024-08-27 15:59:00+00:00,54,254,7,7,7,5,6,13,254,0,58
2024-08-27 16:59:00+00:00,54,254,7,7,7,1,6,14,254,0,58
2024-08-27 17:59:00+00:00,54,254,8,7,7,0,6,16,254,0,58
2024-08-27 18:59:00+00:00,55,254,9,8,8,2,7,17,254,0,58
2024-08-27 19:59:00+00:00,55,254,10,10,9,4,8,18,254,0,58
2024-08-27 20:59:00+00:00,55,254,11,10,11,5,9,18,254,0,58
2024-08-27 21:59:00+00:00,56,254,13,11,12,6,11,22,254,0,58
2024-08-27 22:59:00+00:00,56,254,14,11,13,6,12,24,254,0,58
2024-08-27 23:59:00+00:00,57,254,15,12,14,6,13,26,254,0,58
2024-08-28 00:59:00+00:00,57,254,15,12,16,7,14,27,254,0,58
2024-08-28 01:59:00+00:00,58,254,15,12,17,8,15,27,254,0,58
2024-08-28 02:59:00+00:00,58,254,15,12,17,8,15,27,254,0,58
2024-08-28 03:59:00+00:00,58,254,15,12,16,7,15,27,254,0,58
2024-08-28 04:59:00+00:00,58,254,14,12,16,7,15,27,254,0,58
2024-08-28 05:59:00+00:00,58,254,14,12,15,6,15,26,254,0,58
2024-08-28 06:59:00+00:00,57,254,14,12,15,6,15,26,254,0,58
2024-08-28 07:59:00+00:00,57,254,14,11,15,6,14,25,254,0,58
2024-08-28 08:59:00+00:00,57,254,13,11,14,6,14,25,254,0,103
2024-08-28 09:59:00+00:00,57,254,14,11,15,6,14,25,254,0,58
2024-08-28 10:59:00+00:00,56,254,14,12,15,6,15,25,254,0,58
2024-08-28 11:59:00+00:00,56,254,14,12,15,6,15,25,254,0,58
2024-08-28 12:59:00+00:00,55,254,14,12,15,6,15,25,254,0,58
2024-08-28 13:59:00+00:00,55,254,14,12,15,6,15,25,254,0,58
2024-08-28 14:59:00+00:00,55,254,14,11,15,6,15,25,254,0,58
2024-08-28 15:59:00+00:00,54,254,14,9,15,6,15,24,254,0,58
2024-08-28 16:59:00+00:00,54,254,14,9,16,4,15,24,254,0,58
2024-08-28 17:59:00+00:00,54,254,14,9,17,4,15,23,254,0,58
2024-08-28 18:59:00+00:00,54,254,16,11,18,5,16,24,254,0,58
2024-08-28 19:59:00+00:00,54,254,18,12,20,6,18,25,254,0,58
2024-08-28 20:59:00+00:00,54,254,20,11,22,6,19,26,254,0,58
2024-08-28 21:59:00+00:00,54,254,21,12,24,6,21,28,254,0,58
2024-08-28 22:59:00+00:00,55,254,22,13,25,7,23,31,254,0,58
2024-08-28 23:59:00+00:00,55,254,23,13,27,7,25,32,254,0,58
2024-08-29 00:59:00+00:00,55,254,24,13,29,7,26,33,254,0,58
2024-08-29 01:59:00+00:00,55,254,24,14,31,7,27,33,254,0,58
2024-08-29 02:59:00+00:00,55,254,25,14,32,7,28,33,254,0,58
2024-08-29 03:59:00+00:00,55,254,25,14,32,7,28,33,254,0,58
2024-08-29 04:59:00+00:00,55,254,25,14,33,8,29,34,254,0,58
2024-08-29 05:59:00+00:00,54,254,25,14,33,8,30,34,254,0,58
2024-08-29 06:59:00+00:00,54,254,25,14,34,7,30,34,254,0,58
2024-08-29 07:59:00+00:00,54,254,25,14,34,7,30,33,254,0,58
2024-08-29 08:59:00+00:00,53,254,25,14,34,7,31,33,254,0,103
2024-08-29 09:59:00+00:00,53,254,25,14,34,7,31,33,254,0,58
2024-08-29 10:59:00+00:00,53,254,25,13,34,7,31,33,254,0,58
2024-08-29 11:59:00+00:00,52,254,25,13,34,7,31,33,254,0,58
2024-08-29 12:59:00+00:00,52,254,25,13,34,7,31,33,254,0,58
2024-08-29 13:59:00+00:00,52,254,25,13,34,7,31,32,254,0,58
2024-08-29 14:59:00+00:00,51,254,24,12,34,7,31,31,254,0,58
2024-08-29 15:59:00+00:00,55,254,24,12,33,7,31,31,254,52,58
2024-08-29 16:59:00+00:00,51,254,23,8,4,6,6,30,254,38,58
2024-08-29 17:59:00+00:00,51,254,19,9,4,7,7,30,254,0,58
2024-08-29 18:59:00+00:00,51,254,13,6,5,6,8,29,254,0,58
2024-08-29 19:59:00+00:00,52,254,11,6,5,3,4,29,254,0,58
2024-08-29 20:59:00+00:00,52,254,10,7,5,3,5,28,254,0,58
2024-08-29 21:59:00+00:00,52,254,9,7,6,4,5,28,254,0,58
2024-08-29 22:59:00+00:00,53,254,9,8,6,4,6,29,254,0,58
2024-08-29 23:59:00+00:00,53,254,9,8,6,5,6,29,254,0,58
2024-08-30 00:59:00+00:00,54,254,9,8,6,6,6,28,254,0,58
2024-08-30 01:59:00+00:00,54,254,9,9,6,6,6,28,254,0,58
2024-08-30 02:59:00+00:00,54,254,8,9,6,5,6,26,254,0,58
2024-08-30 03:59:00+00:00,54,254,8,9,6,5,6,25,254,0,58
2024-08-30 04:59:00+00:00,54,254,8,9,6,5,6,23,254,0,58
2024-08-30 05:59:00+00:00,54,254,8,9,6,5,6,22,254,0,58
2024-08-30 06:59:00+00:00,54,254,8,9,6,5,6,21,254,0,58
2024-08-30 07:59:00+00:00,53,254,8,9,6,5,6,20,254,0,58
2024-08-30 08:59:00+00:00,53,254,8,9,6,5,6,19,254,0,103
2024-08-30 09:59:00+00:00,53,254,8,9,7,5,6,19,254,0,58
2024-08-30 10:59:00+00:00,52,254,8,9,7,5,6,18,254,0,58
2024-08-30 11:59:00+00:00,52,254,8,9,7,5,6,18,254,0,58
2024-08-30 12:59:00+00:00,52,254,8,10,7,5,6,18,254,0,58
2024-08-30 14:00:00+00:00,52,254,8,9,7,5,6,17,254,0,58
2024-08-30 15:00:00+00:00,51,254,7,9,7,5,6,16,254,0,58
2024-08-30 16:00:00+00:00,51,254,7,8,7,5,6,15,254,0,58
2024-08-30 17:00:00+00:00,51,254,8,7,7,4,6,14,254,0,58
2024-08-30 18:00:00+00:00,51,254,8,8,7,3,7,15,254,0,58
2024-08-30 19:00:00+00:00,51,254,10,9,8,2,7,16,254,0,58
2024-08-30 20:00:00+00:00,52,254,10,9,9,4,8,17,254,0,58
2024-08-30 21:00:00+00:00,52,254,12,9,10,4,9,18,254,0,58
2024-08-30 22:00:00+00:00,53,254,14,10,12,5,11,20,254,0,58
2024-08-30 23:00:00+00:00,53,254,15,11,12,6,13,24,254,0,58
2024-08-31 00:00:00+00:00,54,254,16,12,15,7,14,26,254,0,58
2024-08-31 01:00:00+00:00,54,254,16,12,16,7,15,26,254,0,58
2024-08-31 02:00:00+00:00,55,254,16,12,16,8,16,25,254,0,58
2024-08-31 03:00:00+00:00,55,254,16,12,16,7,16,25,254,0,58
2024-08-31 04:00:00+00:00,55,254,16,12,15,7,16,24,254,0,58
2024-08-31 05:00:00+00:00,55,254,15,12,15,6,16,23,254,0,58
2024-08-31 06:00:00+00:00,55,254,15,12,14,6,16,22,254,0,58
2024-08-31 07:00:00+00:00,55,254,15,12,14,6,16,22,254,0,58
2024-08-31 08:00:00+00:00,54,254,14,12,14,6,16,21,254,0,103
2024-08-31 09:00:00+00:00,54,254,14,12,13,6,16,21,254,0,58
2024-08-31 10:00:00+00:00,54,254,14,12,13,6,16,20,254,0,58
2024-08-31 11:00:00+00:00,53,254,14,12,13,6,16,20,254,0,58
2024-08-31 12:00:00+00:00,53,254,14,12,13,6,16,20,254,0,58
2024-08-31 13:00:00+00:00,53,254,14,12,13,6,16,20,254,0,58
2024-08-31 14:00:00+00:00,52,254,14,11,13,6,16,19,254,0,58
2024-08-31 15:00:00+00:00,52,254,13,10,13,6,16,19,254,0,58
2024-08-31 16:00:00+00:00,52,254,12,9,13,5,15,18,254,0,58
2024-08-31 17:00:00+00:00,52,254,13,8,13,5,15,17,254,0,58
2024-08-31 18:00:00+00:00,52,254,14,8,14,4,16,18,254,0,58
2024-08-31 19:00:00+00:00,52,254,15,10,16,3,18,19,254,0,58
2024-08-31 20:00:00+00:00,53,254,17,10,18,4,19,21,254,0,58
2024-08-31 21:00:00+00:00,53,254,20,11,20,5,21,20,254,0,58
2024-08-31 22:00:00+00:00,53,254,21,12,22,6,24,23,254,0,58
2024-08-31 23:00:00+00:00,54,254,23,13,22,7,27,29,254,0,58
2024-09-01 00:00:00+00:00,55,254,24,14,26,8,29,30,254,0,58
2024-09-01 01:00:00+00:00,55,254,25,15,29,8,32,31,254,0,58
2024-09-01 02:00:00+00:00,56,254,26,15,30,9,33,31,254,0,58
2024-09-01 03:00:00+00:00,56,254,26,15,30,9,34,31,254,0,58
2024-09-01 04:00:00+00:00,56,254,26,15,31,8,35,30,254,0,58
2024-09-01 05:00:00+00:00,56,254,26,15,30,7,36,30,254,0,58
2024-09-01 06:00:00+00:00,56,254,26,14,30,7,36,29,254,0,58
2024-09-01 07:00:00+00:00,55,254,25,14,29,7,36,28,254,0,58
2024-09-01 08:00:00+00:00,55,254,25,14,29,7,36,28,254,0,103
2024-09-01 09:00:00+00:00,55,254,25,13,29,7,37,27,254,0,58
2024-09-01 10:00:00+00:00,54,254,25,13,28,7,37,27,254,0,58
2024-09-01 11:00:00+00:00,54,254,24,13,28,7,37,27,254,0,58
2024-09-01 12:00:00+00:00,54,254,24,13,28,7,37,26,254,0,58
2024-09-01 13:00:00+00:00,53,254,24,13,28,7,37,26,254,0,58
2024-09-01 14:00:00+00:00,53,254,24,13,28,7,37,26,254,0,58
2024-09-01 15:00:00+00:00,53,254,23,11,27,7,37,25,254,0,58
2024-09-01 16:01:00+00:00,53,254,22,10,27,6,36,23,254,0,58
2024-09-01 17:01:00+00:00,53,254,22,9,28,6,35,23,254,0,58
2024-09-01 18:01:00+00:00,53,254,22,8,29,5,35,25,254,0,58
2024-09-01 19:01:00+00:00,53,254,23,11,30,4,37,26,254,0,58
2024-09-01 20:01:00+00:00,54,254,26,11,32,5,38,27,254,0,58
2024-09-01 21:01:00+00:00,54,254,28,12,34,6,40,26,254,0,58
2024-09-01 22:01:00+00:00,55,254,29,13,35,7,42,28,254,0,58
2024-09-01 23:01:00+00:00,55,254,32,15,37,8,44,35,254,0,58
2024-09-02 00:01:00+00:00,56,254,33,15,39,9,47,37,254,0,58
2024-09-02 01:01:00+00:00,56,254,35,16,42,10,48,39,254,0,58
2024-09-02 02:01:00+00:00,57,254,36,17,44,10,50,39,254,0,58
2024-09-02 03:01:00+00:00,57,254,36,17,44,10,51,40,254,0,58
2024-09-02 04:01:00+00:00,57,254,36,17,45,9,52,39,254,0,58
2024-09-02 05:01:00+00:00,57,254,36,16,45,9,52,39,254,0,58
2024-09-02 06:01:00+00:00,57,254,36,16,45,8,52,39,254,0,58
2024-09-02 07:01:00+00:00,57,254,36,15,45,8,53,38,254,0,58
2024-09-02 08:01:00+00:00,57,254,36,15,45,8,53,38,254,0,103
2024-09-02 09:01:00+00:00,57,254,36,15,46,8,53,38,254,0,58
2024-09-02 10:01:00+00:00,57,254,36,15,46,8,54,38,254,0,58
2024-09-02 11:01:00+00:00,56,254,36,15,46,8,54,38,254,0,58
2024-09-02 12:01:00+00:00,56,254,36,15,46,8,54,37,254,0,58
2024-09-02 13:01:00+00:00,56,254,36,15,46,8,55,37,254,0,58
2024-09-02 14:01:00+00:00,56,254,36,14,46,8,55,37,254,0,58
2024-09-02 15:01:00+00:00,55,254,34,13,45,7,54,36,254,0,58
2024-09-02 16:01:00+00:00,55,254,34,12,45,7,54,35,254,0,58
2024-09-02 17:01:00+00:00,55,254,34,12,44,7,54,34,254,0,58
2024-09-02 18:01:00+00:00,55,254,33,10,44,6,53,34,254,0,58
2024-09-02 19:01:00+00:00,56,254,35,12,45,7,54,36,254,0,58
2024-09-02 20:01:00+00:00,56,254,35,12,45,6,54,35,254,0,58
2024-09-02 21:01:00+00:00,56,254,36,14,46,8,55,38,254,0,58
2024-09-02 22:01:00+00:00,57,254,37,14,47,8,56,37,254,0,58
2024-09-02 23:01:00+00:00,57,254,38,15,47,9,56,40,254,0,58
2024-09-03 00:01:00+00:00,58,254,39,16,49,10,58,42,254,0,58
2024-09-03 01:01:00+00:00,58,254,40,16,51,10,58,43,254,0,58
2024-09-03 02:01:00+00:00,58,254,42,18,52,11,60,45,254,0,58
2024-09-03 03:01:00+00:00,58,254,42,18,53,11,61,46,254,0,58
2024-09-03 04:01:00+00:00,59,254,43,18,53,10,61,46,254,1,58
2024-09-03 05:01:00+00:00,59,254,43,17,53,10,62,46,254,2,58
2024-09-03 06:01:00+00:00,59,254,43,17,54,10,62,46,254,0,58
2024-09-03 07:01:00+00:00,58,254,43,17,54,9,62,46,254,0,58
2024-09-03 08:01:00+00:00,58,254,43,17,54,10,63,47,254,0,103
2024-09-03 09:01:00+00:00,58,254,44,17,54,10,63,47,254,0,58
2024-09-03 10:01:00+00:00,58,254,43,17,54,9,63,47,254,0,58
2024-09-03 11:01:00+00:00,58,254,43,16,54,9,64,46,254,0,58
2024-09-03 12:01:00+00:00,58,254,43,16,54,9,64,46,254,0,58
2024-09-03 13:01:00+00:00,58,254,43,16,54,9,64,46,254,0,58
2024-09-03 14:01:00+00:00,57,254,43,16,54,9,64,46,254,0,58
2024-09-03 15:01:00+00:00,57,254,43,15,54,9,64,46,254,0,58
2024-09-03 16:01:00+00:00,57,254,41,14,53,8,63,44,254,0,58
2024-09-03 17:01:00+00:00,57,254,41,13,52,8,63,43,254,0,58
2024-09-03 18:01:00+00:00,57,254,41,11,52,8,62,44,254,0,58
2024-09-03 19:01:00+00:00,57,254,42,14,53,8,62,44,254,0,58
2024-09-03 20:01:00+00:00,58,254,43,15,53,9,63,45,254,0,58
2024-09-03 21:01:00+00:00,58,254,45,16,53,10,64,46,254,0,58
2024-09-03 22:01:00+00:00,58,254,46,17,55,10,64,48,254,0,58
2024-09-03 23:01:00+00:00,58,254,46,18,56,11,65,50,254,0,58
2024-09-04 00:01:00+00:00,58,254,48,18,58,12,65,51,254,0,58
2024-09-04 01:01:00+00:00,58,254,49,19,59,12,66,52,254,0,58
2024-09-04 02:01:00+00:00,58,254,49,19,60,13,67,53,254,0,58
2024-09-04 03:01:00+00:00,58,254,51,20,61,13,68,55,254,0,58
2024-09-04 04:01:00+00:00,58,254,51,20,61,13,68,55,254,0,58
2024-09-04 05:01:00+00:00,58,254,51,19,61,12,68,55,254,0,58
2024-09-04 06:01:00+00:00,58,254,52,20,62,12,69,56,254,0,58
2024-09-04 07:01:00+00:00,58,254,52,20,63,12,69,56,254,0,58
2024-09-04 08:01:00+00:00,57,254,52,20,63,12,69,57,254,0,103
2024-09-04 09:01:00+00:00,57,254,52,19,63,12,70,57,254,0,58
2024-09-04 10:01:00+00:00,57,254,53,19,63,12,70,57,254,0,58
2024-09-04 11:01:00+00:00,56,254,53,19,64,12,70,57,254,0,58
2024-09-04 12:04:00+00:00,56,254,53,19,64,12,70,57,254,0,58
2024-09-04 13:04:00+00:00,55,254,53,19,64,12,71,57,254,0,58
2024-09-04 14:04:00+00:00,55,254,53,18,64,12,71,57,254,0,58
2024-09-04 15:04:00+00:00,55,254,52,17,64,11,70,57,254,0,58
2024-09-04 16:04:00+00:00,54,254,52,16,63,11,70,56,254,0,58
2024-09-04 17:04:00+00:00,54,254,51,15,62,10,69,55,254,0,58
2024-09-04 18:04:00+00:00,54,254,50,14,61,10,69,54,254,0,58
2024-09-04 19:04:00+00:00,55,254,50,14,60,10,68,54,254,0,58
2024-09-04 20:04:00+00:00,55,254,50,15,60,11,68,54,254,0,58
2024-09-04 21:04:00+00:00,56,254,51,16,61,12,68,53,254,0,58
2024-09-04 22:04:00+00:00,56,254,52,17,62,13,69,54,254,0,58
2024-09-04 23:04:00+00:00,57,254,53,19,63,14,69,57,254,0,58
2024-09-05 00:04:00+00:00,57,254,54,20,64,15,70,59,254,0,58
2024-09-05 01:04:00+00:00,57,254,55,20,65,16,70,60,254,0,58
2024-09-05 02:04:00+00:00,58,254,56,21,66,16,71,61,254,0,58
2024-09-05 03:04:00+00:00,58,254,57,22,67,16,72,62,254,0,58
2024-09-05 04:04:00+00:00,58,254,57,22,68,16,72,63,254,0,58
2024-09-05 05:04:00+00:00,57,254,58,22,68,16,73,63,254,0,58
2024-09-05 06:04:00+00:00,57,254,58,22,68,15,73,64,254,0,58
2024-09-05 07:04:00+00:00,57,254,58,22,68,15,73,64,254,0,58
2024-09-05 08:04:00+00:00,57,254,58,21,69,15,73,64,254,0,103
2024-09-05 09:04:00+00:00,56,254,58,21,69,15,73,64,254,0,58
2024-09-05 10:04:00+00:00,56,254,58,21,69,15,73,65,254,0,58
2024-09-05 11:04:00+00:00,55,254,59,21,69,14,73,65,254,0,58
2024-09-05 12:04:00+00:00,55,254,59,21,69,14,74,65,254,0,58
2024-09-05 13:04:00+00:00,55,254,59,20,69,14,74,65,254,0,58
2024-09-05 14:04:00+00:00,54,254,59,20,69,14,74,65,254,0,58
2024-09-05 15:04:00+00:00,54,254,58,18,69,14,73,64,254,0,58
2024-09-05 16:04:00+00:00,54,254,57,17,68,13,73,63,254,0,58
2024-09-05 17:04:00+00:00,54,254,56,15,67,13,72,62,254,0,58
2024-09-05 18:04:00+00:00,54,254,54,15,66,13,71,61,254,0,58
2024-09-05 19:04:00+00:00,55,254,54,15,65,13,71,61,254,0,58
2024-09-05 20:04:00+00:00,55,254,55,16,65,14,70,60,254,0,58
2024-09-05 21:04:00+00:00,56,254,55,17,65,15,70,60,254,0,58
2024-09-05 22:04:00+00:00,56,254,56,19,66,17,70,59,254,0,58
2024-09-05 23:04:00+00:00,57,254,57,21,67,18,71,63,254,0,58
2024-09-06 00:04:00+00:00,57,254,58,22,68,19,71,65,254,0,58
2024-09-06 01:04:00+00:00,58,254,59,23,69,21,72,66,254,0,58
2024-09-06 02:04:00+00:00,58,254,60,25,70,22,73,67,254,0,58
2024-09-06 03:04:00+00:00,58,254,61,25,71,22,73,68,254,0,58
2024-09-06 04:04:00+00:00,58,254,62,25,71,22,74,69,254,0,58
2024-09-06 05:04:00+00:00,58,254,62,25,72,22,74,69,254,0,58
2024-09-06 06:05:00+00:00,58,254,62,25,72,21,74,70,254,0,58
2024-09-06 07:05:00+00:00,57,254,62,25,72,21,74,70,254,0,58
2024-09-06 08:06:00+00:00,57,254,62,25,72,21,74,70,254,0,103
2024-09-06 09:06:00+00:00,57,254,63,25,72,20,75,71,254,0,58
2024-09-06 10:06:00+00:00,56,254,63,24,72,20,75,71,254,0,58
2024-09-06 11:06:00+00:00,56,254,63,24,72,20,75,71,254,0,58
2024-09-06 12:06:00+00:00,56,254,63,24,73,20,75,71,254,0,58
2024-09-06 13:06:00+00:00,55,254,63,24,73,20,75,71,254,0,58
2024-09-06 14:06:00+00:00,55,254,63,23,73,19,75,71,254,0,58
2024-09-06 15:06:00+00:00,55,254,62,21,72,19,74,70,254,0,58
2024-09-06 16:06:00+00:00,55,254,61,20,71,18,74,70,254,0,58
2024-09-06 17:06:00+00:00,55,254,59,19,70,17,73,68,254,0,58
2024-09-06 18:06:00+00:00,55,254,59,18,69,17,72,68,254,0,58
2024-09-06 19:06:00+00:00,55,254,58,18,68,18,72,67,254,0,58
2024-09-06 20:06:00+00:00,56,254,59,19,68,19,72,66,254,0,58
2024-09-06 21:06:00+00:00,56,254,59,20,68,20,72,65,254,0,58
2024-09-06 22:06:00+00:00,57,254,60,21,69,22,72,64,254,0,58
2024-09-06 23:06:00+00:00,57,254,61,23,70,24,72,68,254,0,58
2024-09-07 00:06:00+00:00,58,254,61,25,71,26,73,69,254,0,58
2024-09-07 01:06:00+00:00,58,254,62,26,71,28,73,70,254,0,58
2024-09-07 02:06:00+00:00,59,254,63,27,72,29,74,72,254,0,58
2024-09-07 03:06:00+00:00,59,254,64,28,73,30,74,73,254,0,58
2024-09-07 04:06:00+00:00,59,254,65,29,74,30,75,73,254,0,58
2024-09-07 05:06:00+00:00,59,254,65,29,74,30,75,74,254,0,58
2024-09-07 06:06:00+00:00,58,254,65,29,74,29,75,74,254,0,58
2024-09-07 07:06:00+00:00,58,254,66,29,74,29,75,74,254,0,58
2024-09-07 08:06:00+00:00,58,254,66,28,74,29,75,74,254,0,103
2024-09-07 09:06:00+00:00,57,254,66,28,75,28,75,74,254,0,58
2024-09-07 10:06:00+00:00,57,254,66,28,75,28,75,75,254,0,58
2024-09-07 11:06:00+00:00,56,254,66,28,75,28,75,75,254,0,58
2024-09-07 12:06:00+00:00,56,254,66,28,75,28,75,75,254,0,58
2024-09-07 13:06:00+00:00,56,254,66,28,75,28,75,75,254,0,58
2024-09-07 14:06:00+00:00,55,254,66,27,75,27,75,75,254,0,58
2024-09-07 15:06:00+00:00,55,254,65,26,74,27,75,74,254,0,58
2024-09-07 16:06:00+00:00,55,254,64,24,73,25,75,74,254,0,58
2024-09-07 17:06:00+00:00,55,254,63,22,72,25,74,72,254,0,58
2024-09-07 18:06:00+00:00,55,254,62,22,71,25,73,72,254,0,58
2024-09-07 19:06:00+00:00,56,254,62,22,70,25,73,71,254,0,58
2024-09-07 20:06:00+00:00,56,254,62,22,71,26,73,70,254,0,58
2024-09-07 21:06:00+00:00,56,254,62,23,71,28,73,69,254,0,58
2024-09-07 22:06:00+00:00,57,254,62,24,71,29,73,69,254,0,58
2024-09-07 23:06:00+00:00,58,254,64,27,72,32,73,72,254,0,58
2024-09-08 00:06:00+00:00,58,254,64,28,73,34,74,73,254,0,58
2024-09-08 01:06:00+00:00,58,254,65,29,73,35,74,74,254,0,58
2024-09-08 02:06:00+00:00,59,254,66,30,74,37,74,74,254,0,58
2024-09-08 03:06:00+00:00,59,254,66,31,75,38,75,75,254,0,58
2024-09-08 04:06:00+00:00,59,254,67,31,75,38,75,75,254,0,58
2024-09-08 05:06:00+00:00,59,254,67,31,75,38,75,76,254,0,58
2024-09-08 06:06:00+00:00,59,254,67,31,75,38,75,76,254,0,58
2024-09-08 07:06:00+00:00,58,254,67,31,75,38,75,76,254,0,58
2024-09-08 08:06:00+00:00,58,254,67,31,76,38,75,76,254,0,103
2024-09-08 09:06:00+00:00,58,254,67,31,76,38,75,76,254,0,58
2024-09-08 10:06:00+00:00,58,254,67,31,76,38,75,76,254,0,58
2024-09-08 11:06:00+00:00,57,254,67,31,75,38,75,76,254,0,58
2024-09-08 12:06:00+00:00,57,254,68,30,76,37,75,76,254,0,58
2024-09-08 13:06:00+00:00,57,254,67,30,76,37,75,76,254,0,58
2024-09-08 14:06:00+00:00,57,254,67,30,75,37,75,76,254,0,58
2024-09-08 15:06:00+00:00,57,254,67,30,75,37,75,76,254,0,58
2024-09-08 16:06:00+00:00,57,254,67,29,75,37,75,76,254,0,58
2024-09-08 17:06:00+00:00,57,254,67,29,75,37,75,76,254,0,58
2024-09-08 18:06:00+00:00,57,254,66,27,74,36,75,75,254,0,58
2024-09-08 19:06:00+00:00,57,254,66,27,74,36,74,75,254,0,58
2024-09-08 20:06:00+00:00,57,254,64,26,73,35,74,73,254,0,58
2024-09-08 21:06:00+00:00,57,254,64,25,72,35,73,72,254,0,58
2024-09-08 22:06:00+00:00,58,254,64,26,72,37,73,71,254,0,58
2024-09-08 23:06:00+00:00,58,254,65,28,73,38,73,73,254,0,58
2024-09-09 00:06:00+00:00,59,254,65,30,73,40,74,74,254,0,58
2024-09-09 01:06:00+00:00,59,254,66,31,74,43,74,75,254,0,58
2024-09-09 02:06:00+00:00,59,254,67,32,75,43,74,76,254,0,58
2024-09-09 03:06:00+00:00,59,254,68,33,75,45,75,76,254,0,58
2024-09-09 04:06:00+00:00,59,254,68,34,76,46,75,77,254,0,58
2024-09-09 05:06:00+00:00,59,254,69,34,76,47,75,77,254,0,58
2024-09-09 06:06:00+00:00,59,254,69,35,76,47,75,77,254,0,58
2024-09-09 07:06:00+00:00,59,254,69,35,77,47,76,77,254,0,58
2024-09-09 08:06:00+00:00,59,254,69,35,77,48,76,78,254,0,103
2024-09-09 09:06:00+00:00,58,254,70,35,77,48,76,78,254,0,58
2024-09-09 10:06:00+00:00,58,254,70,35,77,48,76,78,254,0,58
2024-09-09 11:06:00+00:00,58,254,70,35,77,48,76,78,254,0,58
2024-09-09 12:06:00+00:00,57,254,70,35,77,48,76,78,254,0,58
2024-09-09 13:06:00+00:00,57,254,70,35,77,48,76,78,254,0,58
2024-09-09 14:06:00+00:00,56,254,70,35,77,48,76,79,254,0,58
2024-09-09 15:06:00+00:00,56,254,9,7,0,47,6,11,254,0,58
2024-09-09 16:06:00+00:00,56,254,14,11,0,46,7,21,254,0,58
2024-09-09 17:06:00+00:00,56,254,19,12,0,45,8,23,254,0,58
2024-09-09 18:06:00+00:00,56,254,22,12,0,44,12,27,254,0,58
2024-09-09 19:06:00+00:00,56,254,25,10,0,43,17,32,254,0,58
2024-09-09 20:06:00+00:00,57,254,30,12,0,43,22,37,254,0,58
2024-09-09 21:06:00+00:00,57,254,34,15,0,44,25,41,254,0,58
2024-09-09 22:06:00+00:00,58,254,37,17,0,44,29,46,254,0,58
2024-09-09 23:06:00+00:00,58,254,40,23,0,45,34,51,254,0,58
2024-09-10 00:06:00+00:00,59,254,44,26,0,47,39,55,254,0,58
2024-09-10 01:06:00+00:00,59,254,47,29,0,49,43,58,254,0,58
2024-09-10 02:06:00+00:00,59,254,50,32,0,52,46,61,254,0,58
2024-09-10 03:06:00+00:00,59,254,52,33,0,53,48,63,254,0,58
2024-09-10 04:06:00+00:00,59,254,53,34,0,54,49,64,254,0,58
2024-09-10 05:06:00+00:00,59,254,54,35,0,55,50,65,254,0,58
2024-09-10 06:06:00+00:00,59,254,54,35,0,55,51,66,254,0,58
2024-09-10 07:06:00+00:00,58,254,4,34,2,55,53,66,254,109,58
2024-09-10 08:06:00+00:00,58,254,4,34,1,55,51,66,254,0,103
2024-09-10 09:06:00+00:00,57,254,5,35,0,55,49,67,254,0,58
2024-09-10 10:06:00+00:00,57,254,5,35,0,56,48,68,254,0,58
2024-09-10 11:06:00+00:00,57,254,5,35,0,56,47,68,254,0,58
2024-09-10 12:06:00+00:00,56,254,5,35,0,56,47,69,254,0,58
2024-09-10 13:06:00+00:00,56,254,5,35,0,56,46,69,254,0,58
2024-09-10 14:06:00+00:00,55,254,5,35,0,56,46,70,254,0,58
2024-09-10 15:06:00+00:00,55,254,5,35,2,55,46,69,254,1,58
2024-09-10 16:06:00+00:00,55,254,5,35,2,54,43,66,254,0,58
2024-09-10 17:06:00+00:00,55,254,6,35,2,53,40,64,254,0,58
2024-09-10 18:06:00+00:00,55,254,6,33,2,52,35,63,254,0,58
2024-09-10 19:06:00+00:00,55,254,7,26,2,51,35,63,254,0,58
2024-09-10 20:06:00+00:00,55,254,7,25,1,50,34,62,254,0,58
2024-09-10 21:06:00+00:00,56,254,8,25,0,49,33,61,254,0,58
2024-09-10 22:06:00+00:00,57,254,9,27,0,50,35,63,254,0,58
2024-09-10 23:06:00+00:00,57,254,10,31,0,52,39,66,254,0,58
2024-09-11 00:06:00+00:00,58,254,10,33,0,52,40,68,254,0,58
2024-09-11 01:06:00+00:00,58,254,10,34,0,53,41,68,254,0,58
2024-09-11 02:06:00+00:00,58,254,11,35,0,54,43,69,254,0,58
2024-09-11 03:06:00+00:00,58,254,10,36,0,55,44,70,254,0,58
2024-09-11 04:06:00+00:00,58,254,10,37,0,55,44,71,254,0,58
2024-09-11 05:06:00+00:00,58,254,10,37,0,56,45,71,254,0,58
2024-09-11 06:06:00+00:00,58,254,10,37,0,56,45,71,254,0,58
2024-09-11 07:06:00+00:00,58,254,10,37,0,56,45,71,254,0,58
2024-09-11 08:06:00+00:00,57,254,10,37,0,56,45,72,254,0,103
2024-09-11 09:06:00+00:00,57,254,10,37,0,56,45,72,254,0,58
2024-09-11 10:06:00+00:00,57,254,10,37,0,56,45,72,254,0,58
2024-09-11 11:06:00+00:00,57,254,11,37,0,56,45,72,254,0,58
2024-09-11 12:06:00+00:00,56,254,11,37,0,56,45,72,254,0,58
2024-09-11 13:06:00+00:00,56,254,11,37,0,56,45,72,254,0,58
2024-09-11 14:06:00+00:00,56,254,11,36,0,56,45,72,254,0,58
2024-09-11 15:06:00+00:00,56,254,11,36,0,55,44,72,254,0,58
2024-09-11 16:06:00+00:00,56,254,11,31,0,54,41,70,254,0,58
2024-09-11 17:06:00+00:00,55,254,12,30,0,52,40,69,254,0,58
2024-09-11 18:06:00+00:00,56,254,13,29,0,52,41,69,254,0,58
2024-09-11 19:06:00+00:00,56,254,15,30,0,53,42,70,254,0,58
2024-09-11 20:06:00+00:00,56,254,15,29,0,52,41,69,254,0,58
2024-09-11 21:06:00+00:00,56,254,16,28,0,51,40,68,254,0,58
2024-09-11 22:06:00+00:00,57,254,17,29,0,51,39,68,254,0,58
2024-09-11 23:06:00+00:00,57,254,21,32,0,52,44,70,254,0,58
2024-09-12 00:06:00+00:00,57,254,22,34,0,53,45,71,254,0,58
2024-09-12 01:06:00+00:00,57,254,23,35,0,54,47,72,254,0,58
2024-09-12 02:06:00+00:00,57,254,22,35,0,54,47,72,254,0,58
2024-09-12 03:06:00+00:00,57,254,23,36,0,55,48,73,254,0,58
2024-09-12 04:06:00+00:00,57,254,23,36,0,55,48,73,254,0,58
2024-09-12 05:06:00+00:00,57,254,23,37,0,56,49,73,254,0,58
2024-09-12 06:06:00+00:00,56,254,23,37,0,56,49,73,254,0,58
2024-09-12 07:06:00+00:00,56,254,23,37,0,56,49,74,254,0,58
2024-09-12 08:06:00+00:00,56,254,23,36,0,56,49,74,254,0,103
2024-09-12 09:06:00+00:00,56,254,23,37,0,56,50,74,254,0,58
2024-09-12 10:06:00+00:00,55,254,23,37,0,56,50,74,254,0,58
2024-09-12 11:06:00+00:00,55,254,23,37,0,56,50,74,254,0,58
2024-09-12 12:06:00+00:00,55,254,23,37,0,56,51,74,254,0,58
2024-09-12 13:06:00+00:00,55,254,23,37,0,56,51,75,254,0,58
2024-09-12 14:06:00+00:00,54,254,23,37,0,56,51,75,254,0,58
2024-09-12 15:06:00+00:00,54,254,23,36,0,56,51,74,254,0,58
2024-09-12 16:06:00+00:00,54,254,23,36,0,55,50,74,254,0,58
2024-09-12 17:06:00+00:00,54,254,23,27,0,54,49,73,254,0,58
2024-09-12 18:06:00+00:00,54,254,25,28,0,54,50,74,254,0,58
2024-09-12 19:06:00+00:00,54,254,26,29,0,55,50,74,254,0,58
2024-09-12 20:06:00+00:00,54,254,25,26,0,53,48,73,254,0,58
2024-09-12 21:06:00+00:00,54,254,26,28,0,54,50,73,254,0,58
2024-09-12 22:06:00+00:00,54,254,27,28,0,53,49,73,254,0,58
2024-09-12 23:06:00+00:00,55,254,28,29,0,54,50,73,254,0,58
2024-09-13 00:06:00+00:00,55,254,29,30,0,54,51,74,254,0,58
2024-09-13 01:06:00+00:00,55,254,30,31,0,54,52,75,254,0,58
2024-09-13 02:06:00+00:00,55,254,31,32,0,55,53,75,254,0,58
2024-09-13 03:06:00+00:00,55,254,32,33,0,55,53,75,254,0,58
2024-09-13 04:06:00+00:00,55,254,32,34,0,56,54,76,254,0,58
2024-09-13 05:06:00+00:00,55,254,32,34,0,56,54,76,254,0,58
2024-09-13 06:06:00+00:00,54,254,32,35,0,56,55,76,254,0,58
2024-09-13 07:06:00+00:00,54,254,32,35,0,56,55,76,254,0,58
2024-09-13 08:06:00+00:00,54,254,32,36,0,57,55,77,254,0,103
2024-09-13 09:06:00+00:00,54,254,32,36,0,57,56,77,254,0,58
2024-09-13 10:06:00+00:00,53,254,33,36,0,57,56,77,254,0,58
2024-09-13 11:06:00+00:00,53,254,33,36,0,57,56,77,254,0,58
2024-09-13 12:06:00+00:00,53,254,33,36,0,57,56,77,254,0,58
2024-09-13 13:06:00+00:00,52,254,33,36,0,57,57,77,254,0,58
2024-09-13 14:06:00+00:00,52,254,33,36,0,57,57,77,254,0,58
2024-09-13 15:06:00+00:00,51,254,32,35,0,56,55,77,254,0,58
2024-09-13 16:06:00+00:00,51,254,31,34,0,55,53,75,254,0,58
2024-09-13 17:06:00+00:00,51,254,30,32,0,54,52,74,254,0,58
2024-09-13 18:06:00+00:00,51,254,30,29,0,52,50,73,254,0,58
2024-09-13 19:06:00+00:00,51,254,31,27,0,51,50,73,254,0,58
2024-09-13 20:06:00+00:00,52,254,31,27,0,50,50,72,254,0,58
2024-09-13 21:06:00+00:00,53,254,32,28,0,50,50,72,254,0,58
2024-09-13 22:06:00+00:00,53,254,33,29,0,51,50,73,254,0,58
2024-09-13 23:06:00+00:00,54,254,35,31,0,51,52,74,254,0,58
2024-09-14 00:06:00+00:00,54,254,37,33,0,52,54,75,254,0,58
2024-09-14 01:06:00+00:00,55,254,39,35,0,53,56,76,254,0,58
2024-09-14 02:06:00+00:00,55,254,40,37,0,55,57,76,254,0,58
2024-09-14 03:06:00+00:00,55,254,41,38,0,55,58,77,254,0,58
2024-09-14 04:06:00+00:00,55,254,41,38,0,56,58,77,254,0,58
2024-09-14 05:06:00+00:00,54,254,41,38,0,56,58,77,254,0,58
2024-09-14 06:06:00+00:00,54,254,41,39,0,56,59,77,254,0,58
2024-09-14 07:06:00+00:00,54,254,41,39,0,56,59,77,254,0,58
2024-09-14 08:06:00+00:00,53,254,42,39,0,56,59,77,254,0,103
2024-09-14 09:06:00+00:00,53,254,42,39,0,56,59,77,254,0,58
2024-09-14 10:06:00+00:00,52,254,42,39,0,56,59,77,254,0,58
2024-09-14 11:06:00+00:00,52,254,42,39,0,56,60,78,254,0,58
2024-09-14 12:06:00+00:00,52,254,42,39,0,56,60,78,254,0,58
2024-09-14 13:06:00+00:00,51,254,42,39,0,56,60,78,254,0,58
2024-09-14 14:06:00+00:00,51,254,42,38,0,56,60,78,254,0,58
2024-09-14 15:06:00+00:00,51,254,41,37,0,55,59,77,254,0,58
2024-09-14 16:06:00+00:00,50,254,40,35,0,54,56,76,254,0,58
2024-09-14 17:06:00+00:00,50,254,39,34,0,52,55,74,254,0,58
2024-09-14 18:06:00+00:00,51,254,38,31,0,51,54,74,254,0,58
2024-09-14 19:06:00+00:00,51,254,38,29,0,50,53,73,254,0,58
2024-09-14 20:06:00+00:00,52,254,38,27,0,49,52,72,254,0,58
2024-09-14 21:06:00+00:00,52,254,38,27,0,49,51,72,254,0,58
2024-09-14 22:06:00+00:00,53,254,39,29,0,50,51,72,254,0,58
2024-09-14 23:06:00+00:00,53,254,41,31,0,50,54,73,254,0,58
2024-09-15 00:06:00+00:00,54,254,44,34,0,51,57,75,254,0,58
2024-09-15 01:06:00+00:00,55,254,46,36,0,53,59,75,254,0,58
2024-09-15 02:06:00+00:00,55,254,47,38,0,54,60,76,254,0,58
2024-09-15 03:06:00+00:00,55,254,48,39,0,55,61,77,254,0,58
2024-09-15 04:06:00+00:00,55,254,49,40,0,56,61,77,254,0,58
2024-09-15 05:06:00+00:00,55,254,49,40,0,56,62,77,254,0,58
2024-09-15 06:06:00+00:00,54,254,49,40,0,56,62,77,254,0,58
2024-09-15 07:06:00+00:00,54,254,49,40,0,56,62,77,254,0,58
2024-09-15 08:06:00+00:00,54,254,50,40,0,56,62,77,254,0,103
2024-09-15 09:06:00+00:00,53,254,50,40,0,56,62,77,254,0,58
2024-09-15 10:06:00+00:00,53,254,49,39,0,56,61,77,254,0,58
2024-09-15 11:06:00+00:00,53,254,49,39,0,56,62,77,254,0,58
2024-09-15 12:06:00+00:00,53,254,50,40,0,56,62,77,254,0,58
2024-09-15 13:06:00+00:00,52,254,50,40,0,56,63,77,254,0,58
2024-09-15 14:06:00+00:00,52,254,50,39,0,56,62,77,254,0,58
2024-09-15 15:06:00+00:00,52,254,49,38,0,55,61,76,254,0,58
2024-09-15 16:06:00+00:00,52,254,48,34,0,54,59,75,254,0,58
2024-09-15 17:06:00+00:00,52,254,47,33,0,53,58,74,254,0,58
2024-09-15 18:06:00+00:00,52,254,46,29,0,51,56,73,254,0,58
2024-09-15 19:06:00+00:00,53,254,47,29,0,51,57,73,254,0,58
2024-09-15 20:06:00+00:00,53,254,47,28,0,51,56,73,254,0,58
2024-09-15 21:06:00+00:00,54,254,46,26,0,50,55,72,254,0,58
2024-09-15 22:06:00+00:00,55,254,47,25,0,50,55,72,254,0,58
2024-09-15 23:06:00+00:00,55,254,48,31,0,51,58,73,254,0,58
2024-09-16 00:06:00+00:00,56,254,51,35,0,53,61,75,254,0,58
2024-09-16 01:06:00+00:00,56,254,52,36,0,54,61,75,254,0,58
2024-09-16 02:06:00+00:00,56,254,53,37,0,55,62,75,254,0,58
2024-09-16 03:06:00+00:00,56,254,54,39,0,56,63,76,254,2,58
2024-09-16 04:06:00+00:00,57,254,55,40,0,56,64,76,254,4,58
2024-09-16 05:06:00+00:00,56,254,55,40,0,57,64,76,254,0,58
2024-09-16 06:06:00+00:00,57,254,55,40,0,57,64,77,254,0,58
2024-09-16 07:06:00+00:00,56,254,56,40,0,57,64,77,254,0,58
2024-09-16 08:06:00+00:00,56,254,56,40,0,57,64,77,254,0,103
2024-09-16 09:06:00+00:00,56,254,56,40,0,58,65,77,254,0,58
2024-09-16 10:06:00+00:00,56,254,56,40,0,58,65,77,254,1,58
2024-09-16 11:06:00+00:00,56,254,56,40,0,58,65,77,254,0,58
2024-09-16 12:06:00+00:00,56,254,56,40,0,58,65,77,254,0,58
2024-09-16 13:06:00+00:00,55,254,57,41,0,58,65,77,254,0,58
2024-09-16 14:06:00+00:00,55,254,57,41,0,58,65,77,254,0,58
2024-09-16 15:06:00+00:00,55,254,56,40,0,57,65,77,254,0,58
2024-09-16 16:06:00+00:00,55,254,55,39,0,57,64,76,254,0,58
2024-09-16 17:06:00+00:00,55,254,55,38,0,56,63,76,254,0,58
2024-09-16 18:06:00+00:00,55,254,54,36,0,55,62,75,254,0,58
2024-09-16 19:06:00+00:00,55,254,55,36,0,56,63,75,254,0,58
2024-09-16 20:06:00+00:00,55,254,54,35,0,55,62,75,254,0,58
2024-09-16 21:06:00+00:00,56,254,53,34,0,54,62,74,254,0,58
2024-09-16 22:06:00+00:00,56,254,55,37,0,55,63,75,254,0,58
2024-09-16 23:06:00+00:00,56,254,55,37,0,55,63,75,254,0,58
2024-09-17 00:06:00+00:00,57,254,55,37,0,55,64,75,254,0,58
2024-09-17 01:06:00+00:00,57,254,57,39,0,57,65,76,254,0,58
2024-09-17 02:06:00+00:00,57,254,58,41,0,58,66,77,254,2,58
2024-09-17 03:06:00+00:00,57,254,58,42,0,58,66,77,254,3,58
2024-09-17 04:07:00+00:00,57,254,59,42,0,59,66,77,254,0,58
2024-09-17 05:07:00+00:00,57,254,59,42,0,59,66,77,254,0,58
2024-09-17 06:07:00+00:00,57,254,59,42,0,59,66,77,254,0,58
2024-09-17 07:07:00+00:00,57,254,59,42,0,59,67,77,254,0,58
2024-09-17 08:07:00+00:00,56,254,59,42,0,59,67,78,254,6,103
2024-09-17 09:07:00+00:00,56,254,59,42,0,59,67,77,254,2,58
2024-09-17 10:07:00+00:00,56,254,59,42,0,59,67,78,254,0,58
2024-09-17 11:07:00+00:00,56,254,59,42,0,59,67,77,254,0,58
2024-09-17 12:07:00+00:00,56,254,59,42,0,59,67,77,254,0,58
2024-09-17 13:07:00+00:00,56,254,60,41,0,59,66,77,254,0,58
2024-09-17 14:07:00+00:00,55,254,60,41,1,59,67,77,254,0,58
2024-09-17 15:07:00+00:00,55,254,59,42,1,59,68,78,254,0,58
2024-09-17 16:08:00+00:00,55,254,59,42,1,58,68,77,254,0,58
2024-09-17 17:08:00+00:00,55,254,59,42,2,58,69,77,254,0,58
2024-09-17 18:08:00+00:00,55,254,58,39,2,57,70,76,254,1,58
2024-09-17 19:08:00+00:00,55,254,58,39,2,57,66,76,254,0,58
2024-09-17 20:08:00+00:00,55,254,58,39,0,57,66,76,254,0,58
2024-09-17 21:08:00+00:00,55,254,58,38,0,57,65,76,254,0,58
2024-09-17 22:08:00+00:00,55,254,58,39,0,57,66,76,254,0,58
2024-09-17 23:08:00+00:00,56,254,59,41,254,58,67,77,254,0,58
2024-09-18 00:08:00+00:00,56,254,59,41,255,58,68,77,254,0,58
2024-09-18 01:08:00+00:00,56,254,59,41,0,58,67,77,254,0,58
2024-09-18 02:08:00+00:00,56,254,60,41,0,59,67,77,254,0,58
2024-09-18 03:08:00+00:00,56,254,60,41,0,59,67,77,254,0,58
2024-09-18 04:08:00+00:00,55,254,60,42,0,59,67,77,254,0,58
2024-09-18 05:08:00+00:00,55,254,60,42,0,59,67,78,254,0,58
2024-09-18 06:08:00+00:00,55,254,61,42,0,59,67,78,254,0,58
2024-09-18 07:08:00+00:00,55,254,61,42,0,60,67,78,254,0,58
2024-09-18 08:08:00+00:00,55,254,61,43,0,60,67,78,254,0,103
2024-09-18 09:08:00+00:00,55,254,61,42,0,60,67,78,254,0,58
2024-09-18 10:08:00+00:00,54,254,61,43,0,60,67,78,254,0,58
2024-09-18 11:08:00+00:00,54,254,61,43,0,60,67,78,254,0,58
2024-09-18 12:08:00+00:00,54,254,62,43,0,60,67,78,254,0,58
2024-09-18 13:08:00+00:00,54,254,62,43,0,60,67,78,254,0,58
2024-09-18 14:08:00+00:00,54,254,61,42,0,59,68,78,254,1,58
2024-09-18 15:08:00+00:00,54,254,61,41,0,59,69,78,254,0,58
2024-09-18 16:08:00+00:00,53,254,60,41,0,59,69,77,254,0,58
2024-09-18 17:08:00+00:00,53,254,60,40,0,58,67,77,254,0,58
2024-09-18 18:08:00+00:00,54,254,59,38,0,57,66,76,254,0,58
2024-09-18 19:08:00+00:00,54,254,59,37,0,56,66,76,254,0,58
2024-09-18 20:08:00+00:00,54,254,59,37,0,56,66,76,254,0,58
2024-09-18 21:08:00+00:00,55,254,59,38,0,56,66,76,254,0,58
2024-09-18 22:08:00+00:00,55,254,60,39,0,57,67,77,254,0,58
2024-09-18 23:08:00+00:00,55,254,60,39,0,57,67,77,254,0,58
2024-09-19 00:08:00+00:00,55,254,60,41,0,58,68,77,254,0,58
2024-09-19 01:08:00+00:00,55,254,61,41,0,59,68,77,254,0,58
2024-09-19 02:08:00+00:00,56,254,62,42,0,60,69,78,254,0,58
2024-09-19 03:08:00+00:00,56,254,63,43,0,61,69,78,254,0,58
2024-09-19 04:08:00+00:00,55,254,63,44,0,61,70,78,254,0,58
2024-09-19 05:08:00+00:00,55,254,63,44,0,62,70,78,254,0,58
2024-09-19 06:08:00+00:00,55,254,64,44,0,62,70,79,254,0,58
2024-09-19 07:08:00+00:00,54,254,64,44,0,62,70,79,254,0,58
2024-09-19 08:08:00+00:00,54,254,64,45,0,62,70,79,254,0,103
2024-09-19 09:08:00+00:00,54,254,64,45,0,62,71,79,254,0,58
2024-09-19 10:08:00+00:00,53,254,64,45,0,62,71,79,254,0,58
2024-09-19 11:08:00+00:00,53,254,65,45,0,63,71,79,254,0,58
2024-09-19 12:08:00+00:00,53,254,65,45,0,63,71,79,254,0,58
2024-09-19 13:08:00+00:00,52,254,65,45,0,63,71,79,254,0,58
2024-09-19 14:08:00+00:00,52,254,65,45,0,63,71,79,254,0,58
2024-09-19 15:08:00+00:00,51,254,64,43,0,62,70,79,254,0,58
2024-09-19 16:08:00+00:00,51,254,63,42,0,61,69,78,254,0,58
2024-09-19 17:08:00+00:00,51,254,62,40,0,60,68,77,254,0,58
2024-09-19 18:08:00+00:00,51,254,61,38,0,58,67,77,254,0,58
2024-09-19 19:08:00+00:00,52,254,60,36,0,57,67,76,254,0,58
2024-09-19 20:08:00+00:00,52,254,59,35,0,56,66,76,254,0,58
2024-09-19 21:08:00+00:00,53,254,59,36,0,56,66,76,254,0,58
2024-09-19 22:08:00+00:00,54,254,59,36,0,56,66,76,254,0,58
2024-09-19 23:08:00+00:00,54,254,59,37,0,57,67,77,254,0,58
2024-09-20 00:08:00+00:00,55,254,61,40,0,58,68,77,254,0,58
2024-09-20 01:08:00+00:00,55,254,63,42,0,60,69,77,254,0,58
2024-09-20 02:08:00+00:00,56,254,64,44,0,62,70,78,254,0,58
2024-09-20 03:08:00+00:00,56,254,65,44,0,63,70,78,254,0,58
2024-09-20 04:08:00+00:00,55,254,65,45,0,63,71,78,254,0,58
2024-09-20 05:08:00+00:00,55,254,65,45,0,63,71,78,254,0,58
2024-09-20 06:08:00+00:00,55,254,66,45,0,63,71,78,254,0,58
2024-09-20 07:08:00+00:00,54,254,66,46,0,64,71,79,254,0,58
2024-09-20 08:08:00+00:00,54,254,66,46,0,64,71,79,254,0,103
2024-09-20 09:08:00+00:00,53,254,66,46,0,64,71,79,254,0,58
2024-09-20 10:08:00+00:00,53,254,66,46,0,64,71,79,254,0,58
2024-09-20 11:08:00+00:00,53,254,66,46,0,64,71,79,254,0,58
2024-09-20 12:08:00+00:00,52,254,66,46,0,64,71,79,254,0,58
2024-09-20 13:08:00+00:00,52,254,67,46,0,64,72,79,254,0,58
2024-09-20 14:08:00+00:00,51,254,66,46,0,64,72,79,254,0,58
2024-09-20 15:08:00+00:00,51,254,66,44,0,64,71,79,254,0,58
2024-09-20 16:08:00+00:00,51,254,64,42,0,62,69,78,254,0,58
2024-09-20 17:08:00+00:00,51,254,63,38,0,61,68,77,254,0,58
2024-09-20 18:08:00+00:00,51,254,62,36,0,60,68,76,254,0,58
2024-09-20 19:08:00+00:00,52,254,62,35,0,59,68,76,254,0,58
2024-09-20 20:08:00+00:00,52,254,62,35,0,58,68,76,254,0,58
2024-09-20 21:08:00+00:00,53,254,62,36,0,58,68,76,254,0,58
2024-09-20 22:08:00+00:00,54,254,61,36,0,59,68,76,254,0,58
2024-09-20 23:08:00+00:00,54,254,62,38,0,59,69,77,254,0,58
2024-09-21 00:08:00+00:00,55,254,63,39,0,60,70,77,254,0,58
2024-09-21 01:08:00+00:00,55,254,64,40,0,62,70,78,254,0,58
2024-09-21 02:08:00+00:00,55,254,65,42,0,63,71,78,254,0,58
2024-09-21 03:08:00+00:00,55,254,66,43,0,64,71,78,254,0,58
2024-09-21 04:08:00+00:00,55,254,67,44,0,65,72,79,254,0,58
2024-09-21 05:08:00+00:00,54,254,67,44,0,65,72,79,254,0,58
2024-09-21 06:08:00+00:00,54,254,68,45,0,66,72,79,254,0,58
2024-09-21 07:08:00+00:00,54,254,68,45,0,66,72,79,254,0,58
2024-09-21 08:08:00+00:00,53,254,68,45,0,66,72,79,254,0,103
2024-09-21 09:08:00+00:00,53,254,68,45,0,66,73,79,254,0,58
2024-09-21 10:08:00+00:00,52,254,69,46,0,66,73,79,254,0,58
2024-09-21 11:08:00+00:00,52,254,69,46,0,67,73,79,254,0,58
2024-09-21 12:08:00+00:00,51,254,69,46,0,67,73,79,254,0,58
2024-09-21 13:08:00+00:00,51,254,69,46,0,67,73,79,254,0,58
2024-09-21 14:08:00+00:00,51,254,69,46,0,67,73,79,254,0,58
2024-09-21 15:08:00+00:00,50,254,68,44,0,66,72,79,254,0,58
2024-09-21 16:08:00+00:00,50,254,67,43,0,65,72,79,254,0,58
2024-09-21 17:08:00+00:00,50,254,66,41,0,64,71,78,254,0,58
2024-09-21 18:08:00+00:00,50,254,65,39,0,63,70,78,254,0,58
2024-09-21 19:08:00+00:00,50,254,64,38,0,61,70,77,254,0,58
2024-09-21 20:08:00+00:00,51,254,64,37,0,60,70,77,254,0,58
2024-09-21 21:08:00+00:00,52,254,63,37,0,60,69,77,254,0,57
2024-09-21 22:08:00+00:00,52,254,63,37,0,61,70,77,254,0,58
2024-09-21 23:08:00+00:00,53,254,64,39,0,61,70,78,254,0,58
2024-09-22 00:08:00+00:00,54,254,65,42,0,63,71,78,254,0,58
2024-09-22 01:08:00+00:00,54,254,67,43,0,65,72,79,254,0,58
2024-09-22 02:08:00+00:00,54,254,68,44,0,66,72,79,254,0,58
2024-09-22 03:08:00+00:00,54,254,69,45,0,67,73,79,254,0,58
2024-09-22 04:08:00+00:00,54,254,69,45,0,67,73,79,254,0,58
2024-09-22 05:08:00+00:00,54,254,69,46,0,68,73,79,254,0,58
2024-09-22 06:08:00+00:00,53,254,70,46,0,68,73,79,254,0,58
2024-09-22 07:08:00+00:00,53,254,70,45,0,68,74,79,254,0,58
2024-09-22 08:08:00+00:00,53,254,70,45,0,68,74,80,254,0,103
2024-09-22 09:08:00+00:00,52,254,70,45,0,68,74,80,254,0,58
2024-09-22 10:08:00+00:00,52,254,70,45,0,69,74,80,254,0,58
2024-09-22 11:08:00+00:00,51,254,71,45,0,69,74,80,254,0,58
2024-09-22 12:08:00+00:00,51,254,71,45,0,69,74,80,254,0,58
2024-09-22 13:08:00+00:00,50,254,71,45,0,69,74,80,254,0,58
2024-09-22 14:08:00+00:00,50,254,71,45,0,69,74,80,254,0,58
2024-09-22 15:08:00+00:00,50,254,70,44,0,68,74,80,254,0,58
2024-09-22 16:08:00+00:00,49,254,69,42,0,67,72,79,254,0,58
2024-09-22 17:08:00+00:00,49,254,67,38,0,66,72,78,254,0,57
2024-09-22 18:08:00+00:00,50,254,66,36,0,64,71,78,254,0,57
2024-09-22 19:08:00+00:00,50,254,65,35,0,63,71,77,254,0,57
2024-09-22 20:08:00+00:00,51,254,65,35,0,62,70,77,254,0,57
2024-09-22 21:08:00+00:00,51,254,65,35,0,62,70,77,254,0,57
2024-09-22 22:08:00+00:00,52,254,65,35,0,63,70,77,254,0,57
2024-09-22 23:08:00+00:00,53,254,66,37,0,63,71,78,254,0,58
2024-09-23 00:08:00+00:00,54,254,67,39,0,64,72,78,254,0,58
2024-09-23 01:08:00+00:00,54,254,68,41,0,66,73,78,254,0,58
2024-09-23 02:08:00+00:00,54,254,69,42,0,68,73,79,254,0,58
2024-09-23 03:08:00+00:00,54,254,70,43,0,68,73,79,254,0,58
2024-09-23 04:08:00+00:00,54,254,70,43,0,69,74,79,254,0,58
2024-09-23 05:08:00+00:00,54,254,71,43,0,69,74,79,254,0,58
2024-09-23 06:08:00+00:00,53,254,71,43,0,69,74,79,254,0,58
2024-09-23 07:08:00+00:00,53,254,71,43,0,70,74,80,254,0,58
2024-09-23 08:08:00+00:00,53,254,71,43,0,70,74,80,254,0,103
2024-09-23 09:08:00+00:00,52,254,71,43,0,70,74,80,254,0,58
2024-09-23 10:08:00+00:00,52,254,72,42,0,70,74,80,254,0,58
2024-09-23 11:08:00+00:00,51,254,71,42,0,70,74,80,254,0,58
2024-09-23 12:08:00+00:00,51,254,72,42,0,70,75,80,254,0,58
2024-09-23 13:08:00+00:00,50,254,72,42,0,70,75,80,254,0,58
2024-09-23 14:08:00+00:00,50,254,72,42,0,70,75,80,254,0,58
2024-09-23 15:08:00+00:00,50,254,71,40,0,69,74,80,254,0,58
2024-09-23 16:09:00+00:00,50,254,6,4,0,5,2,5,254,0,58
2024-09-23 17:09:00+00:00,50,254,13,8,0,14,5,12,254,0,57
2024-09-23 18:09:00+00:00,50,254,16,8,0,17,7,12,254,0,57
2024-09-23 19:09:00+00:00,50,254,20,10,0,21,9,15,254,0,57
2024-09-23 20:09:00+00:00,51,254,23,12,0,26,11,18,254,0,57
2024-09-23 21:09:00+00:00,52,254,27,15,0,30,13,21,254,0,57
2024-09-23 22:09:00+00:00,52,254,32,18,0,36,17,26,254,0,57
2024-09-23 23:09:00+00:00,53,254,36,21,0,38,21,31,254,0,57
2024-09-24 00:09:00+00:00,54,254,40,24,0,41,25,34,254,0,57
2024-09-24 01:09:00+00:00,54,254,43,27,0,46,29,38,254,0,58
2024-09-24 02:09:00+00:00,55,254,46,29,0,49,31,40,254,0,58
2024-09-24 03:09:00+00:00,55,254,48,32,0,51,34,43,254,0,58
2024-09-24 04:09:00+00:00,55,254,49,33,0,53,35,45,254,0,58
2024-09-24 05:09:00+00:00,54,254,50,34,0,54,37,46,254,0,58
2024-09-24 06:09:00+00:00,54,254,51,35,0,55,38,48,254,0,58
2024-09-24 07:09:00+00:00,54,254,52,36,0,56,38,49,254,0,58
2024-09-24 08:09:00+00:00,54,254,52,36,0,57,39,49,254,0,103
2024-09-24 09:09:00+00:00,53,254,53,37,0,57,40,50,254,0,58
2024-09-24 10:09:00+00:00,53,254,54,37,0,58,40,51,254,0,58
2024-09-24 11:09:00+00:00,53,254,53,37,0,58,41,52,254,0,58
2024-09-24 12:09:00+00:00,53,254,42,37,1,59,21,52,254,104,58
2024-09-24 13:09:00+00:00,52,254,16,37,0,59,6,52,254,0,58
2024-09-24 14:09:00+00:00,52,254,6,37,0,60,5,53,254,0,58
2024-09-24 15:09:00+00:00,51,254,8,38,2,61,7,52,254,0,58
2025-02-21 18:41:00+00:00,254,254,244,244,244,244,244,244,254,0,58
2025-02-21 18:53:00+00:00,254,254,80,81,12,82,81,78,254,0,58
2025-04-11 17:00:00+00:00,254,254,244,244,244,244,244,244,254,14,64
2025-04-11 18:00:00+00:00,254,254,244,244,244,244,244,244,254,0,64
2025-04-11 18:21:00+00:00,254,254,244,244,244,244,244,244,254,0,64
2025-04-11 19:21:00+00:00,254,254,244,244,244,244,244,244,254,0,64
2025-04-11 20:21:00+00:00,254,254,244,244,244,244,244,244,254,0,64
2025-04-11 21:21:00+00:00,254,254,244,244,244,244,244,244,254,14,64
2025-04-11 22:21:00+00:00,254,254,244,244,244,244,244,244,254,0,64
2025-04-11 23:21:00+00:00,254,254,244,244,244,244,244,244,254,0,64
2025-04-12 00:21:00+00:00,254,254,244,244,244,244,244,244,254,0,64
2025-04-12 01:21:00+00:00,254,254,244,244,244,244,244,244,254,0,64
2025-04-12 02:21:00+00:00,254,254,244,244,244,244,244,244,254,0,64
2025-04-12 03:21:00+00:00,254,254,244,244,244,244,244,244,254,0,64
2025-04-12 04:21:00+00:00,254,254,244,244,244,244,244,244,254,0,64
2025-04-12 05:21:00+00:00,254,254,244,244,244,244,244,244,254,0,64
2025-04-12 06:21:00+00:00,254,254,244,244,244,244,244,244,254,0,64
2025-04-12 07:21:00+00:00,254,254,244,244,244,244,244,244,254,0,64
2025-04-12 08:21:00+00:00,254,254,244,244,244,244,244,244,254,0,103
2025-04-12 09:21:00+00:00,254,254,244,244,244,244,244,244,254,0,64
2025-04-12 10:21:00+00:00,254,254,244,244,244,244,244,244,254,0,64
2025-04-12 11:21:00+00:00,254,254,244,244,244,244,244,244,254,0,64
2025-04-12 12:21:00+00:00,254,254,244,244,244,244,244,244,254,0,64
2025-04-12 13:21:00+00:00,254,254,244,244,244,244,244,244,254,0,64
2025-04-12 14:21:00+00:00,254,254,244,244,244,244,244,244,254,0,64
2025-04-12 15:21:00+00:00,254,254,244,244,244,244,244,244,254,0,64
2025-04-12 16:21:00+00:00,254,254,244,244,244,244,244,244,254,0,64
2025-04-12 17:21:00+00:00,254,254,244,244,244,244,244,244,254,0,64
2025-04-12 18:21:00+00:00,254,254,244,244,244,244,244,244,254,0,64
2025-04-12 19:21:00+00:00,254,254,244,244,244,244,244,244,254,0,64
2025-04-12 20:21:00+00:00,254,254,244,244,244,244,244,244,254,0,64
2025-04-12 21:21:00+00:00,254,254,244,244,244,244,244,244,254,0,64
2025-04-12 22:21:00+00:00,254,254,244,244,244,244,244,244,254,0,64
2025-04-12 23:21:00+00:00,254,254,244,244,244,244,244,244,254,0,64
2025-04-13 00:21:00+00:00,254,254,244,244,244,244,244,244,254,0,64
2025-04-13 01:21:00+00:00,254,254,244,244,244,244,244,244,254,0,64
2025-04-13 02:21:00+00:00,254,254,244,244,244,244,244,244,254,0,63
2025-04-13 03:21:00+00:00,254,254,244,244,244,244,244,244,254,0,64
2025-04-13 04:21:00+00:00,254,254,244,244,244,244,244,244,254,0,63
2025-04-13 05:21:00+00:00,254,254,244,244,244,244,244,244,254,0,64
2025-04-13 06:21:00+00:00,254,254,244,244,244,244,244,244,254,0,64
2025-04-13 07:21:00+00:00,254,254,244,244,244,244,244,244,254,0,64
2025-04-13 08:21:00+00:00,254,254,244,244,244,244,244,244,254,0,103
2025-04-13 09:21:00+00:00,254,254,244,244,244,244,244,244,254,0,64
2025-04-13 10:21:00+00:00,254,254,244,244,244,244,244,244,254,0,64
2025-04-13 11:21:00+00:00,254,254,244,244,244,244,244,244,254,0,64
2025-04-13 12:21:00+00:00,254,254,244,244,244,244,244,244,254,0,64
2025-04-13 13:21:00+00:00,254,254,244,244,244,244,244,244,254,0,63
2025-04-13 14:21:00+00:00,254,254,244,244,244,244,244,244,254,0,63
2025-04-13 15:21:00+00:00,254,254,244,244,244,244,244,244,254,0,63
2025-04-13 16:21:00+00:00,254,254,244,244,244,244,244,244,254,0,63
2025-04-13 17:21:00+00:00,254,254,244,244,244,244,244,244,254,0,63
2025-04-13 18:21:00+00:00,254,254,244,244,244,244,244,244,254,0,63
2025-04-13 19:21:00+00:00,254,254,244,244,244,244,244,244,254,0,63
2025-04-13 20:21:00+00:00,254,254,244,244,244,244,244,244,254,0,63
2025-04-13 21:21:00+00:00,254,254,244,244,244,244,244,244,254,0,63
2025-04-13 22:21:00+00:00,254,254,244,244,244,244,244,244,254,0,63
2025-04-13 23:21:00+00:00,254,254,244,244,244,244,244,244,254,0,63
2025-04-14 00:21:00+00:00,254,254,244,244,244,244,244,244,254,0,63
2025-04-14 01:21:00+00:00,254,254,244,244,244,244,244,244,254,0,63
2025-04-14 02:21:00+00:00,254,254,244,244,244,244,244,244,254,0,63
2025-04-14 03:21:00+00:00,254,254,244,244,244,244,244,244,254,0,63
2025-04-14 04:21:00+00:00,254,254,244,244,244,244,244,244,254,0,63
2025-04-14 05:21:00+00:00,254,254,244,244,244,244,244,244,254,0,63
2025-04-14 06:21:00+00:00,254,254,244,244,244,244,244,244,254,0,63
2025-04-14 07:21:00+00:00,254,254,244,244,244,244,244,244,254,0,63
2025-04-14 08:21:00+00:00,254,254,244,244,244,244,244,244,254,0,103
2025-04-14 09:21:00+00:00,254,254,244,244,244,244,244,244,254,0,63
2025-04-14 10:21:00+00:00,254,254,244,244,244,244,244,244,254,0,63
2025-04-14 11:21:00+00:00,254,254,244,244,244,244,244,244,254,0,63
2025-04-14 12:21:00+00:00,254,254,244,244,244,244,244,244,254,0,63
2025-04-14 13:21:00+00:00,254,254,244,244,244,244,244,244,254,0,63
2025-04-14 14:21:00+00:00,254,254,244,244,244,244,244,244,254,0,63
2025-04-14 15:21:00+00:00,254,254,244,244,244,244,244,244,254,0,63
2025-04-14 16:21:00+00:00,254,254,244,244,244,244,244,244,254,0,63
2025-04-14 16:25:00+00:00,254,254,244,244,244,244,244,244,254,0,63
2025-04-14 16:42:00+00:00,254,254,244,244,244,244,244,244,254,0,63
2025-04-14 17:42:00+00:00,254,254,244,244,244,244,244,244,254,8,63
2025-04-14 18:42:00+00:00,254,254,244,244,244,244,244,244,254,0,63
2025-04-14 19:42:00+00:00,254,254,244,244,244,244,244,244,254,8,63
2025-04-14 20:42:00+00:00,254,254,244,244,244,244,244,244,254,0,63
2025-04-14 21:42:00+00:00,254,254,244,244,244,244,244,244,254,0,63
2025-04-14 22:42:00+00:00,254,254,244,244,244,244,244,244,254,0,63
2025-04-14 23:42:00+00:00,254,254,244,244,244,244,244,244,254,0,63
2025-04-15 00:42:00+00:00,254,254,244,244,244,244,244,244,254,0,63
2025-04-15 01:42:00+00:00,254,254,244,244,244,244,244,244,254,0,63
2025-04-15 02:42:00+00:00,254,254,244,244,244,244,244,244,254,0,63
2025-04-15 03:42:00+00:00,254,254,244,244,244,244,244,244,254,0,63
2025-04-15 04:42:00+00:00,254,254,244,244,244,244,244,244,254,0,63
2025-04-15 05:42:00+00:00,254,254,244,244,244,244,244,244,254,0,63
2025-04-15 06:42:00+00:00,254,254,244,244,244,244,244,244,254,0,63
2025-04-15 07:42:00+00:00,254,254,244,244,244,244,244,244,254,0,63
2025-04-15 08:42:00+00:00,254,254,244,244,244,244,244,244,254,0,103
2025-04-15 09:42:00+00:00,254,254,244,244,244,244,244,244,254,0,63
2025-04-15 10:42:00+00:00,254,254,244,244,244,244,244,244,254,0,63
2025-04-15 11:42:00+00:00,254,254,244,244,244,244,244,244,254,0,63
2025-04-15 12:42:00+00:00,254,254,244,244,244,244,244,244,254,0,63
2025-04-15 13:42:00+00:00,254,254,244,244,244,244,244,244,254,0,63
2025-04-15 14:42:00+00:00,254,254,244,244,244,244,244,244,254,0,63
2025-04-15 15:42:00+00:00,254,254,244,244,244,244,244,244,254,0,63
2025-04-15 16:42:00+00:00,254,254,244,244,244,244,244,244,254,0,63
2025-04-15 17:42:00+00:00,254,254,244,244,244,244,244,244,254,0,63
2025-04-15 18:42:00+00:00,254,254,244,244,244,244,244,244,254,0,63
2025-04-15 19:42:00+00:00,254,254,244,244,244,244,244,244,254,0,63
2025-04-15 20:42:00+00:00,254,254,244,244,244,244,244,244,254,0,63
2025-04-15 21:42:00+00:00,254,254,244,244,244,244,244,244,254,0,63
2025-04-15 22:42:00+00:00,254,254,244,244,244,244,244,244,254,0,63
2025-04-15 23:42:00+00:00,254,254,244,244,244,244,244,244,254,0,63
2025-04-16 00:42:00+00:00,254,254,244,244,244,244,244,244,254,0,63
2025-04-16 01:42:00+00:00,254,254,244,244,244,244,244,244,254,0,63
2025-04-16 02:42:00+00:00,254,254,244,244,244,244,244,244,254,0,63
2025-04-16 03:42:00+00:00,254,254,244,244,244,244,244,244,254,0,63
2025-04-16 04:42:00+00:00,254,254,244,244,244,244,244,244,254,0,63
2025-04-16 05:42:00+00:00,254,254,244,244,244,244,244,244,254,0,63
2025-04-16 06:42:00+00:00,254,254,244,244,244,244,244,244,254,0,63
2025-04-16 07:42:00+00:00,254,254,244,244,244,244,244,244,254,0,63
2025-04-16 08:42:00+00:00,254,254,244,244,244,244,244,244,254,0,103
2025-04-16 09:42:00+00:00,254,254,244,244,244,244,244,244,254,0,63
2025-04-16 10:42:00+00:00,254,254,244,244,244,244,244,244,254,0,63
2025-04-16 11:42:00+00:00,254,254,244,244,244,244,244,244,254,0,63
2025-04-16 12:42:00+00:00,254,254,244,244,244,244,244,244,254,0,63
2025-04-16 13:42:00+00:00,254,254,244,244,244,244,244,244,254,0,63
2025-04-16 14:42:00+00:00,254,254,244,244,244,244,244,244,254,0,63
2025-04-16 15:42:00+00:00,254,254,244,244,244,244,244,244,254,0,63
2025-04-16 16:42:00+00:00,254,254,244,244,244,244,244,244,254,9,63
2025-04-16 17:42:00+00:00,254,254,244,244,244,244,244,244,254,0,63
2025-04-16 18:42:00+00:00,254,254,244,244,244,244,244,244,254,0,63
2025-04-16 19:42:00+00:00,254,254,244,244,244,244,244,244,254,0,63
2025-04-16 20:42:00+00:00,254,254,244,244,244,244,244,244,254,11,63
2025-04-16 21:42:00+00:00,254,254,244,244,244,244,244,244,254,0,63
2025-04-16 22:42:00+00:00,254,254,244,244,244,244,244,244,254,0,63
2025-04-16 23:42:00+00:00,254,254,244,244,244,244,244,244,254,0,63
2025-04-17 00:42:00+00:00,254,254,244,244,244,244,244,244,254,0,63
2025-04-17 01:42:00+00:00,254,254,244,244,244,244,244,244,254,0,63
2025-04-17 02:42:00+00:00,254,254,244,244,244,244,244,244,254,0,63
2025-04-17 03:42:00+00:00,254,254,244,244,244,244,244,244,254,0,63
2025-04-17 04:42:00+00:00,254,254,244,244,244,244,244,244,254,0,63
2025-04-17 05:42:00+00:00,254,254,244,244,244,244,244,244,254,0,63
2025-04-17 06:42:00+00:00,254,254,244,244,244,244,244,244,254,0,63
2025-04-17 07:42:00+00:00,254,254,244,244,244,244,244,244,254,0,63
2025-04-17 08:42:00+00:00,254,254,244,244,244,244,244,244,254,0,103
2025-04-17 09:42:00+00:00,254,254,244,244,244,244,244,244,254,0,63
2025-04-17 10:42:00+00:00,254,254,244,244,244,244,244,244,254,0,63
2025-04-17 11:42:00+00:00,254,254,244,244,244,244,244,244,254,0,63
2025-04-17 12:42:00+00:00,254,254,244,244,244,244,244,244,254,0,63
2025-04-17 13:42:00+00:00,254,254,244,244,244,244,244,244,254,0,63
2025-04-17 14:42:00+00:00,254,254,244,244,244,244,244,244,254,0,63
2025-04-17 15:42:00+00:00,254,254,244,244,244,244,244,244,254,0,63
2025-04-17 16:42:00+00:00,254,254,244,244,244,244,244,244,254,14,63
2025-04-17 17:42:00+00:00,254,254,244,244,244,244,244,244,254,0,63
2025-04-17 18:42:00+00:00,254,254,244,244,244,244,244,244,254,0,63
2025-04-17 19:42:00+00:00,254,254,244,244,244,244,244,244,254,0,63
2025-04-17 20:42:00+00:00,254,254,244,244,244,244,244,244,254,0,63
2025-04-17 21:42:00+00:00,254,254,244,244,244,244,244,244,254,0,63
2025-04-17 22:42:00+00:00,254,254,244,244,244,244,244,244,254,9,63
2025-04-17 23:42:00+00:00,254,254,244,244,244,244,244,244,254,0,63
2025-04-18 00:42:00+00:00,254,254,244,244,244,244,244,244,254,0,63
2025-04-18 01:42:00+00:00,254,254,244,244,244,244,244,244,254,0,63
2025-04-18 02:42:00+00:00,254,254,244,244,244,244,244,244,254,0,63
2025-04-18 03:42:00+00:00,254,254,244,244,244,244,244,244,254,0,63
2025-04-18 04:42:00+00:00,254,254,244,244,244,244,244,244,254,0,63
2025-04-18 05:42:00+00:00,254,254,244,244,244,244,244,244,254,0,63
2025-04-18 06:42:00+00:00,254,254,244,244,244,244,244,244,254,0,63
2025-04-18 07:42:00+00:00,254,254,244,244,244,244,244,244,254,0,63
2025-04-18 08:42:00+00:00,254,254,244,244,244,244,244,244,254,0,103
2025-04-18 09:42:00+00:00,254,254,244,244,244,244,244,244,254,0,63
2025-04-18 10:42:00+00:00,254,254,244,244,244,244,244,244,254,0,63
2025-04-18 11:42:00+00:00,254,254,244,244,244,244,244,244,254,0,63
2025-04-18 12:42:00+00:00,254,254,244,244,244,244,244,244,254,0,63
2025-04-18 13:42:00+00:00,254,254,244,244,244,244,244,244,254,0,63
2025-04-18 14:42:00+00:00,254,254,244,244,244,244,244,244,254,0,63
2025-04-18 15:42:00+00:00,254,254,244,244,244,244,244,244,254,0,63
2025-04-18 16:42:00+00:00,254,254,244,244,244,244,244,244,254,0,63
2025-04-18 17:42:00+00:00,254,254,244,244,244,244,244,244,254,0,63
2025-04-18 18:42:00+00:00,254,254,244,244,244,244,244,244,254,0,63
2025-04-18 19:42:00+00:00,254,254,244,244,244,244,244,244,254,0,63
2025-04-18 20:42:00+00:00,254,254,244,244,244,244,244,244,254,0,63
2025-04-18 21:42:00+00:00,254,254,244,244,244,244,244,244,254,0,63
2025-04-18 22:42:00+00:00,254,254,244,244,244,244,244,244,254,0,63
2025-04-18 23:42:00+00:00,254,254,244,244,244,244,244,244,254,0,63
2025-04-19 00:42:00+00:00,254,254,244,244,244,244,244,244,254,0,63
2025-04-19 01:42:00+00:00,254,254,244,244,244,244,244,244,254,0,63
2025-04-19 02:42:00+00:00,254,254,244,244,244,244,244,244,254,0,63
2025-04-19 03:42:00+00:00,254,254,244,244,244,244,244,244,254,0,63
2025-04-19 04:42:00+00:00,254,254,244,244,244,244,244,244,254,0,63
2025-04-19 05:42:00+00:00,254,254,244,244,244,244,244,244,254,0,63
2025-04-19 06:42:00+00:00,254,254,244,244,244,244,244,244,254,0,63
2025-04-19 07:43:00+00:00,254,254,244,244,244,244,244,244,254,0,63
2025-04-19 08:43:00+00:00,254,254,244,244,244,244,244,244,254,0,103
2025-04-19 09:43:00+00:00,254,254,244,244,244,244,244,244,254,0,63
2025-04-19 10:43:00+00:00,254,254,244,244,244,244,244,244,254,0,63
2025-04-19 11:43:00+00:00,254,254,244,244,244,244,244,244,254,0,63
2025-04-19 12:43:00+00:00,254,254,244,244,244,244,244,244,254,0,63
2025-04-19 13:43:00+00:00,254,254,244,244,244,244,244,244,254,0,63
2025-04-19 14:43:00+00:00,254,254,244,244,244,244,244,244,254,0,63
2025-04-19 15:43:00+00:00,254,254,244,244,244,244,244,244,254,0,63
2025-04-19 16:43:00+00:00,254,254,244,244,244,244,244,244,254,0,63
2025-04-19 17:43:00+00:00,254,254,244,244,244,244,244,244,254,0,63
2025-04-19 18:43:00+00:00,254,254,244,244,244,244,244,244,254,0,63
2025-04-19 19:43:00+00:00,254,254,244,244,244,244,244,244,254,0,63
2025-04-19 20:43:00+00:00,254,254,244,244,244,244,244,244,254,0,63
2025-04-19 21:43:00+00:00,254,254,244,244,244,244,244,244,254,0,63
2025-04-19 22:43:00+00:00,254,254,244,244,244,244,244,244,254,0,63
2025-04-19 23:43:00+00:00,254,254,244,244,244,244,244,244,254,0,63
2025-04-20 00:43:00+00:00,254,254,244,244,244,244,244,244,254,0,63
2025-04-20 01:43:00+00:00,254,254,244,244,244,244,244,244,254,0,63
2025-04-20 02:43:00+00:00,254,254,244,244,244,244,244,244,254,0,63
2025-04-20 03:43:00+00:00,254,254,244,244,244,244,244,244,254,0,63
2025-04-20 04:43:00+00:00,254,254,244,244,244,244,244,244,254,0,63
2025-04-20 05:43:00+00:00,254,254,244,244,244,244,244,244,254,0,63
2025-04-20 06:43:00+00:00,254,254,244,244,244,244,244,244,254,0,63
2025-04-20 07:43:00+00:00,254,254,244,244,244,244,244,244,254,0,63
2025-04-20 08:43:00+00:00,254,254,244,244,244,244,244,244,254,0,103
2025-04-20 09:43:00+00:00,254,254,244,244,244,244,244,244,254,0,63
2025-04-20 10:43:00+00:00,254,254,244,244,244,244,244,244,254,0,63
2025-04-20 11:43:00+00:00,254,254,244,244,244,244,244,244,254,0,63
2025-04-20 12:43:00+00:00,254,254,244,244,244,244,244,244,254,0,63
2025-04-20 13:43:00+00:00,254,254,244,244,244,244,244,244,254,0,63
2025-04-20 14:43:00+00:00,254,254,244,244,244,244,244,244,254,0,62
2025-04-20 15:43:00+00:00,254,254,244,244,244,244,244,244,254,0,62
2025-04-20 16:43:00+00:00,254,254,244,244,244,244,244,244,254,0,63
2025-04-20 17:43:00+00:00,254,254,244,244,244,244,244,244,254,0,62
2025-04-20 18:43:00+00:00,254,254,244,244,244,244,244,244,254,0,62
2025-04-20 19:43:00+00:00,254,254,244,244,244,244,244,244,254,0,62
2025-04-20 20:43:00+00:00,254,254,244,244,244,244,244,244,254,0,62
2025-04-20 21:43:00+00:00,254,254,244,244,244,244,244,244,254,0,62
2025-04-20 22:43:00+00:00,254,254,244,244,244,244,244,244,254,0,62
2025-04-20 23:43:00+00:00,254,254,244,244,244,244,244,244,254,0,62
2025-04-21 00:43:00+00:00,254,254,244,244,244,244,244,244,254,0,62
2025-04-21 01:43:00+00:00,254,254,244,244,244,244,244,244,254,0,62
2025-04-21 02:43:00+00:00,254,254,244,244,244,244,244,244,254,0,62
2025-04-21 03:43:00+00:00,254,254,244,244,244,244,244,244,254,0,62
2025-04-21 04:43:00+00:00,254,254,244,244,244,244,244,244,254,0,62
2025-04-21 05:43:00+00:00,254,254,244,244,244,244,244,244,254,0,62
2025-04-21 06:43:00+00:00,254,254,244,244,244,244,244,244,254,0,62
2025-04-21 07:43:00+00:00,254,254,244,244,244,244,244,244,254,0,62
2025-04-21 08:43:00+00:00,254,254,244,244,244,244,244,244,254,0,103
2025-04-21 09:43:00+00:00,254,254,244,244,244,244,244,244,254,0,62
2025-04-21 10:43:00+00:00,254,254,244,244,244,244,244,244,254,0,62
2025-04-21 11:43:00+00:00,254,254,244,244,244,244,244,244,254,0,62
2025-04-21 12:43:00+00:00,254,254,244,244,244,244,244,244,254,0,62
2025-04-21 13:43:00+00:00,254,254,244,244,244,244,244,244,254,0,62
2025-04-21 14:43:00+00:00,254,254,244,244,244,244,244,244,254,0,62
2025-04-21 15:43:00+00:00,254,254,244,244,244,244,244,244,254,4,62
2025-04-21 16:43:00+00:00,254,254,244,244,244,244,244,244,254,0,62
2025-04-21 17:43:00+00:00,254,254,244,244,244,244,244,244,254,0,62
2025-04-21 18:43:00+00:00,254,254,244,244,244,244,244,244,254,11,62
2025-04-21 19:43:00+00:00,254,254,244,244,244,244,244,244,254,0,62
2025-04-21 20:43:00+00:00,254,254,244,244,244,244,244,244,254,0,62
2025-04-21 21:43:00+00:00,254,254,244,244,244,244,244,244,254,0,62
2025-04-21 22:43:00+00:00,254,254,244,244,244,244,244,244,254,0,62
2025-04-21 23:43:00+00:00,254,254,244,244,244,244,244,244,254,0,62
2025-04-22 00:43:00+00:00,254,254,244,244,244,244,244,244,254,0,62
2025-04-22 01:43:00+00:00,254,254,244,244,244,244,244,244,254,0,62
2025-04-22 02:43:00+00:00,254,254,244,244,244,244,244,244,254,0,62
2025-04-22 03:43:00+00:00,254,254,244,244,244,244,244,244,254,0,62
2025-04-22 04:43:00+00:00,254,254,244,244,244,244,244,244,254,0,62
2025-04-22 05:43:00+00:00,254,254,244,244,244,244,244,244,254,0,62
2025-04-22 06:43:00+00:00,254,254,244,244,244,244,244,244,254,0,62
2025-04-22 07:43:00+00:00,254,254,244,244,244,244,244,244,254,0,62
2025-04-22 08:43:00+00:00,254,254,244,244,244,244,244,244,254,0,103
2025-04-22 09:43:00+00:00,254,254,244,244,244,244,244,244,254,0,62
2025-04-22 10:43:00+00:00,254,254,244,244,244,244,244,244,254,0,62
2025-04-22 11:43:00+00:00,254,254,244,244,244,244,244,244,254,0,62
2025-04-22 12:43:00+00:00,254,254,244,244,244,244,244,244,254,0,62
2025-04-22 13:43:00+00:00,254,254,244,244,244,244,244,244,254,0,62
2025-04-22 14:43:00+00:00,254,254,244,244,244,244,244,244,254,0,62
2025-04-22 15:43:00+00:00,254,254,244,244,244,244,244,244,254,13,62
2025-04-22 16:43:00+00:00,254,254,244,244,244,244,244,244,254,0,62
2025-04-22 17:43:00+00:00,254,254,244,244,244,244,244,244,254,0,62
2025-04-22 18:43:00+00:00,254,254,244,244,244,244,244,244,254,0,62
2025-04-22 19:43:00+00:00,254,254,244,244,244,244,244,244,254,7,62
2025-04-22 20:43:00+00:00,254,254,244,244,244,244,244,244,254,0,62
2025-04-22 21:43:00+00:00,254,254,244,244,244,244,244,244,254,0,62
2025-04-22 22:43:00+00:00,254,254,244,244,244,244,244,244,254,0,62
2025-04-22 23:43:00+00:00,254,254,244,244,244,244,244,244,254,0,62
2025-04-23 00:43:00+00:00,254,254,244,244,244,244,244,244,254,0,62
2025-04-23 01:43:00+00:00,254,254,244,244,244,244,244,244,254,0,62
2025-04-23 02:43:00+00:00,254,254,244,244,244,244,244,244,254,0,62
2025-04-23 03:43:00+00:00,254,254,244,244,244,244,244,244,254,0,62
2025-04-23 04:43:00+00:00,254,254,244,244,244,244,244,244,254,0,62
2025-04-23 05:43:00+00:00,254,254,244,244,244,244,244,244,254,0,62
2025-04-23 06:43:00+00:00,254,254,244,244,244,244,244,244,254,0,62
2025-04-23 07:43:00+00:00,254,254,244,244,244,244,244,244,254,0,62
2025-04-23 08:43:00+00:00,254,254,244,244,244,244,244,244,254,0,103
2025-04-23 09:43:00+00:00,254,254,244,244,244,244,244,244,254,0,62
2025-04-23 10:43:00+00:00,254,254,244,244,244,244,244,244,254,0,62
2025-04-23 11:43:00+00:00,254,254,244,244,244,244,244,244,254,0,62
2025-04-23 12:43:00+00:00,254,254,244,244,244,244,244,244,254,0,62
2025-04-23 13:43:00+00:00,254,254,244,244,244,244,244,244,254,0,62
2025-04-23 14:43:00+00:00,254,254,244,244,244,244,244,244,254,4,62
2025-04-23 15:43:00+00:00,254,254,244,244,244,244,244,244,254,0,62
2025-04-23 16:43:00+00:00,254,254,244,244,244,244,244,244,254,0,62
2025-04-23 17:43:00+00:00,254,254,244,244,244,244,244,244,254,0,62
2025-04-23 18:43:00+00:00,254,254,244,244,244,244,244,244,254,0,62
2025-07-04 13:55:00+00:00,254,254,254,254,254,254,254,254,254,0,62
2025-07-15 18:14:00+00:00,254,254,3,0,4,12,9,5,254,0,62
2025-07-15 19:14:00+00:00,254,254,15,0,24,26,21,21,254,5,62
2025-07-15 20:14:00+00:00,254,254,17,2,28,28,24,23,254,0,62
2025-07-15 21:14:00+00:00,254,254,17,9,29,29,25,23,254,0,62
2025-07-15 22:14:00+00:00,254,254,18,11,30,29,26,23,254,0,62
2025-07-15 23:14:00+00:00,254,254,18,11,31,29,26,24,254,0,62
2025-07-16 00:14:00+00:00,254,254,18,12,31,29,27,24,254,0,62
2025-07-16 01:14:00+00:00,254,254,18,12,32,29,27,24,254,0,62
2025-07-16 02:14:00+00:00,254,254,18,12,32,29,27,24,254,0,62
2025-07-16 03:14:00+00:00,254,254,18,12,32,29,27,24,254,0,62
2025-07-16 04:14:00+00:00,254,254,18,12,33,29,27,24,254,0,62
2025-07-16 05:14:00+00:00,254,254,18,12,33,29,28,24,254,0,62
2025-07-16 06:14:00+00:00,254,254,18,12,33,29,28,24,254,0,62
2025-07-16 07:14:00+00:00,254,254,18,12,34,29,28,24,254,0,63
2025-07-16 08:14:00+00:00,254,254,18,12,34,29,29,24,254,0,103
2025-07-16 09:14:00+00:00,254,254,18,12,34,29,29,24,254,0,62
2025-07-16 10:14:00+00:00,254,254,18,12,35,29,29,24,254,0,62
2025-07-16 11:14:00+00:00,254,254,18,12,35,30,29,25,254,0,63
2025-07-16 12:14:00+00:00,254,254,19,12,35,30,29,25,254,0,62
2025-07-16 13:14:00+00:00,254,254,19,12,35,30,30,25,254,0,63
2025-07-16 14:14:00+00:00,254,254,19,12,36,30,30,25,254,0,62
2025-07-16 15:14:00+00:00,254,254,19,12,36,30,30,25,254,0,62
2025-07-16 16:14:00+00:00,254,254,19,12,36,30,31,25,254,0,62
2025-07-16 17:14:00+00:00,254,254,19,13,37,30,31,25,254,0,62
2025-07-16 18:14:00+00:00,254,254,20,13,37,31,31,25,254,0,62
2025-07-16 19:14:00+00:00,254,254,20,13,38,31,32,25,254,0,62
2025-07-16 20:14:00+00:00,254,254,20,13,38,31,32,25,254,0,62
2025-07-16 21:14:00+00:00,254,254,20,13,39,31,32,25,254,0,62
2025-07-16 22:14:00+00:00,254,254,20,13,39,31,33,26,254,0,62
2025-07-16 23:14:00+00:00,254,254,20,13,40,31,33,26,254,0,62
2025-07-17 00:14:00+00:00,254,254,20,13,40,31,33,26,254,0,62
2025-07-17 01:14:00+00:00,254,254,20,13,41,31,33,26,254,0,62
2025-07-17 02:14:00+00:00,254,254,20,13,41,31,34,26,254,0,62
2025-07-17 03:14:00+00:00,254,254,20,13,42,31,34,26,254,0,62
2025-07-17 04:14:00+00:00,254,254,20,13,42,31,34,26,254,0,62
2025-07-17 05:14:00+00:00,254,254,20,13,42,31,34,26,254,0,62
2025-07-17 06:14:00+00:00,254,254,20,13,42,31,34,26,254,0,62
2025-07-17 07:14:00+00:00,254,254,20,13,42,31,34,26,254,0,62
2025-07-17 08:14:00+00:00,254,254,20,13,42,31,34,26,254,0,103
2025-07-17 09:14:00+00:00,254,254,21,13,42,31,35,26,254,0,62
2025-07-17 10:14:00+00:00,254,254,21,13,43,31,35,26,254,0,62
2025-07-17 11:14:00+00:00,254,254,21,13,43,31,35,26,254,0,62
2025-07-17 12:14:00+00:00,254,254,21,13,43,31,35,26,254,0,62
2025-07-17 13:14:00+00:00,254,254,21,13,43,31,36,26,254,0,62
2025-07-17 14:14:00+00:00,254,254,21,14,44,32,36,26,254,0,62
2025-07-17 15:14:00+00:00,254,254,22,14,44,32,36,26,254,0,62
2025-07-17 16:14:00+00:00,254,254,22,14,45,32,37,27,254,0,62
2025-07-17 17:14:00+00:00,254,254,22,14,45,32,37,27,254,0,62
2025-07-17 18:14:00+00:00,254,254,22,14,46,32,37,27,254,0,62
2025-07-17 19:14:00+00:00,254,254,22,14,47,32,38,27,254,0,62
2025-07-17 20:14:00+00:00,254,254,23,14,47,33,38,27,254,0,62
2025-07-17 21:14:00+00:00,254,254,23,14,48,33,39,27,254,0,62
2025-07-17 22:14:00+00:00,254,254,23,14,49,33,39,27,254,0,62
2025-07-17 23:14:00+00:00,254,254,23,14,49,33,39,27,254,0,62
2025-07-18 00:14:00+00:00,254,254,23,14,50,33,40,27,254,0,62
2025-07-18 01:14:00+00:00,254,254,23,14,50,33,40,27,254,0,62
2025-07-18 02:14:00+00:00,254,254,23,14,51,33,40,27,254,0,62
2025-07-18 03:14:00+00:00,254,254,23,14,52,33,41,27,254,0,62
2025-07-18 04:14:00+00:00,254,254,23,14,52,33,41,27,254,0,62
2025-07-18 05:14:00+00:00,254,254,23,14,53,33,42,27,254,0,62
2025-07-18 06:14:00+00:00,254,254,23,14,53,33,42,27,254,0,62
2025-07-18 07:14:00+00:00,254,254,23,14,53,33,42,27,254,0,62
2025-07-18 08:14:00+00:00,254,254,23,14,54,33,43,28,254,0,103
2025-07-18 09:14:00+00:00,254,254,23,14,54,33,43,28,254,0,62
2025-07-18 10:14:00+00:00,254,254,23,14,54,33,43,28,254,0,62
2025-07-18 11:14:00+00:00,254,254,23,15,54,33,43,28,254,0,62
2025-07-18 12:14:00+00:00,254,254,24,15,54,33,44,28,254,0,62
2025-07-18 13:14:00+00:00,254,254,24,15,54,33,44,28,254,0,62
2025-07-18 14:14:00+00:00,254,254,24,15,54,33,44,28,254,0,62
2025-07-18 15:14:00+00:00,254,254,24,15,54,33,44,28,254,0,62
2025-07-18 16:14:00+00:00,254,254,24,15,55,34,45,28,254,0,62
2025-07-18 17:14:00+00:00,254,254,25,15,56,34,45,28,254,0,62
2025-07-18 18:14:00+00:00,254,254,25,15,57,34,46,28,254,0,62
2025-07-18 19:14:00+00:00,254,254,26,15,57,34,46,28,254,0,62
2025-07-18 20:14:00+00:00,254,254,26,15,58,34,47,29,254,0,62
2025-07-18 21:14:00+00:00,254,254,26,15,58,34,47,29,254,0,62
2025-07-18 22:14:00+00:00,254,254,27,15,59,35,47,29,254,0,62
2025-07-18 23:14:00+00:00,254,254,27,15,59,35,48,29,254,0,62
2025-07-19 00:14:00+00:00,254,254,27,15,60,35,48,29,254,0,62
2025-07-19 01:14:00+00:00,254,254,27,15,60,35,49,29,254,0,62
2025-07-19 02:14:00+00:00,254,254,27,16,60,35,49,29,254,1,62
2025-07-19 03:14:00+00:00,254,254,27,16,61,35,50,29,254,0,62
2025-07-19 04:14:00+00:00,254,254,28,16,62,35,51,29,254,0,62
2025-07-19 05:14:00+00:00,254,254,28,16,63,35,52,29,254,0,62
2025-07-19 06:14:00+00:00,254,254,28,16,64,35,52,29,254,0,62
2025-07-19 07:14:00+00:00,254,254,28,16,64,35,53,29,254,0,62
2025-07-19 08:14:00+00:00,254,254,28,16,65,35,53,30,254,0,103
2025-07-19 09:14:00+00:00,254,254,28,16,66,35,54,30,254,0,62
2025-07-19 10:14:00+00:00,254,254,28,16,66,35,54,30,254,0,62
2025-07-19 11:14:00+00:00,254,254,29,16,66,35,55,30,254,0,62
2025-07-19 12:14:00+00:00,254,254,29,16,67,35,54,30,254,0,62
2025-07-19 13:14:00+00:00,254,254,29,16,68,35,54,30,254,0,62
2025-07-19 14:14:00+00:00,254,254,29,16,68,36,54,30,254,0,62
2025-07-19 15:14:00+00:00,254,254,29,16,68,36,53,30,254,0,62
2025-07-19 16:14:00+00:00,254,254,30,16,69,36,52,30,254,0,62
2025-07-19 17:14:00+00:00,254,254,31,17,69,36,52,31,254,0,62
2025-07-19 18:14:00+00:00,254,254,32,17,70,37,51,31,254,0,62
2025-07-19 19:14:00+00:00,254,254,32,17,70,37,51,31,254,0,62
2025-07-19 20:14:00+00:00,254,254,33,17,70,37,50,31,254,0,62
2025-07-19 21:14:00+00:00,254,254,34,17,69,37,50,31,254,0,62
2025-07-19 22:14:00+00:00,254,254,35,17,69,37,50,31,254,0,62
2025-07-19 23:14:00+00:00,254,254,36,17,69,38,50,31,254,0,62
2025-07-20 00:14:00+00:00,254,254,37,17,69,38,50,32,254,0,62
2025-07-20 01:14:00+00:00,254,254,37,17,69,38,50,32,254,0,62
2025-07-20 02:14:00+00:00,254,254,38,17,69,38,49,32,254,0,62
2025-07-20 03:14:00+00:00,254,254,38,17,69,37,49,32,254,0,62
2025-07-20 04:14:00+00:00,254,254,37,18,70,37,49,32,254,0,62
2025-07-20 05:14:00+00:00,254,254,37,18,70,37,49,32,254,0,62
2025-07-20 06:14:00+00:00,254,254,38,18,71,37,49,32,254,0,62
2025-07-20 07:14:00+00:00,254,254,38,18,72,38,49,32,254,0,62
2025-07-20 08:14:00+00:00,254,254,38,18,72,38,49,32,254,0,103
2025-07-20 09:14:00+00:00,254,254,38,18,73,38,49,32,254,0,62
2025-07-20 10:14:00+00:00,254,254,38,18,73,38,49,32,254,0,62
2025-07-20 11:14:00+00:00,254,254,39,18,74,38,49,32,254,0,62
2025-07-20 12:14:00+00:00,254,254,39,18,74,38,49,32,254,0,62
2025-07-20 13:14:00+00:00,254,254,39,18,75,38,50,32,254,0,62
2025-07-20 14:14:00+00:00,254,254,39,18,76,38,50,33,254,0,62
2025-07-20 15:14:00+00:00,254,254,40,18,76,39,50,33,254,0,62
2025-07-20 16:14:00+00:00,254,254,40,18,77,39,50,33,254,0,62
2025-07-20 17:14:00+00:00,254,254,41,19,77,39,51,33,254,0,62
2025-07-20 18:14:00+00:00,254,254,42,19,77,40,51,33,254,0,62
2025-07-20 19:14:00+00:00,254,254,43,19,77,40,51,33,254,0,62
2025-07-20 20:14:00+00:00,254,254,44,19,78,40,52,33,254,0,62
2025-07-20 21:14:00+00:00,254,254,45,19,77,40,52,33,254,0,62
2025-07-20 22:14:00+00:00,254,254,46,19,77,40,53,34,254,0,62
2025-07-20 23:14:00+00:00,254,254,47,19,77,41,53,34,254,0,62
2025-07-21 00:14:00+00:00,254,254,48,19,77,41,54,34,254,0,62
2025-07-21 01:14:00+00:00,254,254,49,20,77,41,54,34,254,0,62
2025-07-21 02:14:00+00:00,254,254,50,20,77,41,54,34,254,0,62
2025-07-21 03:14:00+00:00,254,254,51,20,77,40,55,34,254,0,62
2025-07-21 04:14:00+00:00,254,254,52,20,78,40,55,34,254,0,62
2025-07-21 05:14:00+00:00,254,254,53,20,78,40,56,34,254,0,62
2025-07-21 06:14:00+00:00,254,254,53,20,79,40,56,34,254,0,62
2025-07-21 07:14:00+00:00,254,254,53,20,79,40,57,34,254,0,62
2025-07-21 08:14:00+00:00,254,254,53,20,80,40,58,34,254,0,103
2025-07-21 09:14:00+00:00,254,254,54,20,80,40,58,34,254,0,62
2025-07-21 10:14:00+00:00,254,254,54,20,81,40,59,34,254,0,62
2025-07-21 11:14:00+00:00,254,254,54,20,82,40,59,34,254,0,62
2025-07-21 12:14:00+00:00,254,254,54,20,83,40,60,34,254,0,62
2025-07-21 13:14:00+00:00,254,254,54,20,83,41,60,34,254,0,62
2025-07-21 14:14:00+00:00,254,254,55,20,84,41,61,34,254,0,62
2025-07-21 15:14:00+00:00,254,254,55,20,85,41,61,34,254,0,62
2025-07-21 16:14:00+00:00,254,254,55,20,85,41,61,34,254,0,62
2025-07-21 17:14:00+00:00,254,254,56,21,85,42,61,35,254,0,62
2025-07-21 18:14:00+00:00,254,254,57,21,86,42,62,35,254,0,62
2025-07-21 19:14:00+00:00,254,254,57,21,86,43,62,35,254,0,62
2025-07-21 20:14:00+00:00,254,254,58,21,86,43,62,35,254,0,62
2025-07-21 21:14:00+00:00,254,254,59,21,86,43,62,35,254,0,62
2025-07-21 22:14:00+00:00,254,254,60,21,86,44,62,35,254,0,62
2025-07-21 23:14:00+00:00,254,254,61,21,86,44,63,35,254,0,62
2025-07-22 00:14:00+00:00,254,254,62,22,87,44,63,35,254,0,62
2025-07-22 01:14:00+00:00,254,254,63,22,87,44,64,35,254,0,62
2025-07-22 02:14:00+00:00,254,254,64,22,88,44,64,36,254,0,62
2025-07-22 03:14:00+00:00,254,254,65,22,88,44,65,36,254,0,62
2025-07-22 04:14:00+00:00,254,254,66,22,89,44,66,36,254,0,62
2025-07-22 05:14:00+00:00,254,254,67,22,89,44,67,36,254,0,62
2025-07-22 06:14:00+00:00,254,254,68,22,90,44,68,36,254,0,62
2025-07-22 07:14:00+00:00,254,254,69,22,90,44,68,36,254,0,62
2025-07-22 08:14:00+00:00,254,254,70,22,91,44,69,36,254,0,103
2025-07-22 09:14:00+00:00,254,254,70,22,92,44,70,36,254,0,62
2025-07-22 10:14:00+00:00,254,254,71,22,92,44,71,36,254,0,62
2025-07-22 11:14:00+00:00,254,254,71,22,93,44,71,36,254,0,62
2025-07-22 12:14:00+00:00,254,254,72,22,94,44,72,36,254,0,62
2025-07-22 13:14:00+00:00,254,254,72,22,94,44,73,36,254,0,62
2025-07-22 14:14:00+00:00,254,254,72,22,95,45,74,36,254,0,62
2025-07-22 15:14:00+00:00,254,254,73,23,96,45,74,37,254,0,62
2025-07-22 16:14:00+00:00,254,254,73,23,96,46,75,37,254,0,62
2025-07-22 17:14:00+00:00,254,254,74,23,97,46,75,37,254,0,62
2025-07-22 18:14:00+00:00,254,254,74,23,97,47,75,37,254,0,62
2025-07-22 19:14:00+00:00,254,254,74,23,97,47,75,37,254,0,62
2025-07-22 20:14:00+00:00,254,254,74,23,97,47,71,37,254,0,62
2025-07-22 21:14:00+00:00,254,254,74,23,97,48,18,37,254,0,62
2025-07-22 22:14:00+00:00,254,254,74,24,97,48,8,37,254,0,62
2025-07-22 23:14:00+00:00,254,254,73,24,96,48,3,37,254,1,62
2025-07-23 00:14:00+00:00,254,254,73,24,95,48,2,37,254,25,62
2025-07-23 01:14:00+00:00,254,254,73,24,96,48,2,37,254,17,62
2025-07-23 02:14:00+00:00,254,254,74,24,96,48,2,37,254,13,62
2025-07-23 03:14:00+00:00,254,254,74,24,97,47,1,37,254,28,62
2025-07-23 04:14:00+00:00,254,254,75,24,98,47,1,35,254,22,62
2025-07-23 05:14:00+00:00,254,254,75,24,98,47,1,32,254,35,62
2025-07-23 06:14:00+00:00,254,254,76,24,99,47,1,27,254,48,62
2025-07-23 07:14:00+00:00,254,254,77,24,98,47,8,22,254,49,62
2025-07-23 08:14:00+00:00,254,254,77,24,27,47,2,19,254,49,103
2025-07-23 09:14:00+00:00,254,254,77,24,12,47,4,18,254,31,62
2025-07-23 10:14:00+00:00,254,254,75,24,12,47,2,17,254,23,62
2025-07-23 11:14:00+00:00,254,254,68,24,1,47,3,16,254,17,62
2025-07-23 12:14:00+00:00,254,254,37,24,1,47,11,15,254,25,62
2025-07-23 13:14:00+00:00,254,254,19,24,1,47,2,14,254,1,62
2025-07-23 14:14:00+00:00,254,254,15,24,1,43,2,14,254,0,62
2025-07-23 15:14:00+00:00,254,254,15,25,2,35,3,14,254,0,62
2025-07-23 16:14:00+00:00,254,254,15,25,2,28,6,14,254,0,62
2025-07-23 17:14:00+00:00,254,254,15,25,3,25,10,14,254,0,62
2025-07-23 18:14:00+00:00,254,254,15,25,6,24,12,15,254,0,62
2025-07-23 19:14:00+00:00,254,254,15,24,11,23,12,15,254,0,62
2025-07-23 20:14:00+00:00,254,254,16,24,13,23,13,15,254,0,62
2025-07-23 21:14:00+00:00,254,254,16,24,14,23,14,15,254,0,62
2025-07-23 22:14:00+00:00,254,254,16,24,15,23,14,16,254,0,62
2025-07-23 23:14:00+00:00,254,254,16,24,15,23,15,16,254,0,62
2025-07-24 00:14:00+00:00,254,254,16,23,16,23,15,16,254,0,62
2025-07-24 01:14:00+00:00,254,254,16,23,16,23,15,16,254,0,62
2025-07-24 02:14:00+00:00,254,254,16,23,16,23,16,16,254,0,62
2025-07-24 03:14:00+00:00,254,254,16,23,16,23,16,16,254,0,62
2025-07-24 04:14:00+00:00,254,254,17,23,16,23,16,16,254,0,62
2025-07-24 05:14:00+00:00,254,254,17,22,16,23,16,16,254,0,62
2025-07-24 06:14:00+00:00,254,254,17,22,17,23,16,16,254,0,62
2025-07-24 07:14:00+00:00,254,254,17,22,17,23,16,16,254,0,62
2025-07-24 08:14:00+00:00,254,254,17,22,17,23,17,17,254,0,103
2025-07-24 09:14:00+00:00,254,254,17,22,17,23,17,17,254,0,62
2025-07-24 10:14:00+00:00,254,254,17,21,17,23,17,17,254,0,62
2025-07-24 11:14:00+00:00,254,254,17,21,18,23,17,17,254,0,62
2025-07-24 12:14:00+00:00,254,254,17,21,18,23,17,17,254,0,62
2025-07-24 13:14:00+00:00,254,254,18,21,18,23,18,17,254,0,62
2025-07-24 14:14:00+00:00,254,254,18,21,18,23,18,17,254,0,62
2025-07-24 15:14:00+00:00,254,254,18,21,18,23,18,17,254,0,62
2025-07-24 16:14:00+00:00,254,254,18,21,19,23,18,17,254,0,62
2025-07-24 17:14:00+00:00,254,254,18,21,19,23,18,17,254,0,62
2025-07-24 18:14:00+00:00,254,254,19,21,19,23,19,17,254,0,62
2025-07-24 19:14:00+00:00,254,254,19,21,19,24,19,18,254,0,62
2025-07-24 20:14:00+00:00,254,254,19,21,20,24,19,18,254,0,62
2025-07-24 21:14:00+00:00,254,254,19,21,20,24,19,18,254,0,62
2025-07-24 22:14:00+00:00,254,254,19,21,20,24,19,18,254,0,62
2025-07-24 23:14:00+00:00,254,254,19,21,20,24,19,18,254,0,62
2025-07-25 00:14:00+00:00,254,254,19,21,20,24,19,18,254,0,62
2025-07-25 01:14:00+00:00,254,254,19,21,20,24,19,18,254,0,62
2025-07-25 02:14:00+00:00,254,254,19,21,20,24,19,18,254,0,62
2025-07-25 03:14:00+00:00,254,254,19,21,20,24,19,18,254,0,62
2025-07-25 04:14:00+00:00,254,254,20,20,20,24,19,18,254,0,62
2025-07-25 05:14:00+00:00,254,254,20,20,20,24,19,18,254,0,62
2025-07-25 06:14:00+00:00,254,254,20,20,20,24,20,18,254,0,62
2025-07-25 07:14:00+00:00,254,254,20,20,20,24,20,18,254,0,62
2025-07-25 08:14:00+00:00,254,254,20,20,21,24,20,18,254,0,103
2025-07-25 09:14:00+00:00,254,254,20,20,21,24,20,18,254,0,62
2025-07-25 10:14:00+00:00,254,254,20,20,21,24,20,18,254,0,62
2025-07-25 11:14:00+00:00,254,254,20,20,21,24,20,19,254,0,62
2025-07-25 12:14:00+00:00,254,254,21,20,21,24,21,19,254,0,62
2025-07-25 13:14:00+00:00,254,254,21,20,21,24,21,19,254,0,62
2025-07-25 14:14:00+00:00,254,254,21,20,22,24,21,19,254,0,62
2025-07-25 15:14:00+00:00,254,254,21,20,22,25,21,19,254,0,62
2025-07-25 16:14:00+00:00,254,254,21,20,22,25,21,19,254,0,62
2025-07-25 17:14:00+00:00,254,254,21,20,22,25,21,19,254,0,62
2025-07-25 18:14:00+00:00,254,254,22,20,22,25,22,19,254,0,62
2025-07-25 19:14:00+00:00,254,254,22,21,22,25,22,19,254,0,62
2025-07-25 20:14:00+00:00,254,254,22,21,22,25,22,19,254,0,62
2025-07-25 21:14:00+00:00,254,254,22,21,22,25,22,20,254,0,62
2025-07-25 22:14:00+00:00,254,254,22,21,22,25,22,20,254,0,62
2025-07-25 23:14:00+00:00,254,254,22,21,22,25,22,20,254,0,62
2025-07-26 00:14:00+00:00,254,254,23,21,22,25,22,20,254,0,62
2025-07-26 01:14:00+00:00,254,254,23,21,22,25,22,20,254,0,62
2025-07-26 02:14:00+00:00,254,254,23,21,22,25,21,20,254,0,62
2025-07-26 03:14:00+00:00,254,254,23,21,22,25,21,20,254,0,62
2025-07-26 04:14:00+00:00,254,254,23,21,22,25,21,20,254,0,62
2025-07-26 05:14:00+00:00,254,254,23,21,22,25,22,20,254,0,62
2025-07-26 06:14:00+00:00,254,254,23,21,22,25,22,20,254,0,62
2025-07-26 07:14:00+00:00,254,254,23,21,23,25,22,20,254,0,62
2025-07-26 08:14:00+00:00,254,254,23,21,23,25,22,20,254,0,103
2025-07-26 09:14:00+00:00,254,254,24,21,23,25,22,20,254,0,62
2025-07-26 10:14:00+00:00,254,254,24,21,23,25,22,20,254,0,62
2025-07-26 11:14:00+00:00,254,254,24,21,23,25,23,20,254,0,62
2025-07-26 12:14:00+00:00,254,254,24,21,23,25,23,20,254,0,62
2025-07-26 13:14:00+00:00,254,254,24,21,24,25,23,20,254,0,62
2025-07-26 14:14:00+00:00,254,254,25,21,24,25,23,20,254,0,62
2025-07-26 15:14:00+00:00,254,254,25,21,24,25,23,20,254,0,62
2025-07-26 16:14:00+00:00,254,254,25,21,24,26,23,21,254,0,62
2025-07-26 17:14:00+00:00,254,254,25,21,24,26,24,21,254,0,62
2025-07-26 18:14:00+00:00,254,254,25,21,24,26,24,21,254,0,62
2025-07-26 19:14:00+00:00,254,254,25,21,24,26,24,21,254,0,62
2025-07-26 20:14:00+00:00,254,254,26,21,25,26,24,21,254,0,62
2025-07-26 21:14:00+00:00,254,254,26,21,25,26,24,21,254,0,62
2025-07-26 22:14:00+00:00,254,254,26,22,25,26,24,21,254,0,62
2025-07-26 23:14:00+00:00,254,254,27,22,25,26,24,21,254,0,62
2025-07-27 00:14:00+00:00,254,254,27,22,25,26,24,21,254,0,62
2025-07-27 01:14:00+00:00,254,254,27,22,25,26,24,21,254,0,61
2025-07-27 02:14:00+00:00,254,254,27,22,25,26,24,21,254,0,62
2025-07-27 03:14:00+00:00,254,254,27,22,25,26,24,21,254,0,62
2025-07-27 04:14:00+00:00,254,254,27,22,25,26,24,22,254,0,61
2025-07-27 05:14:00+00:00,254,254,28,22,25,26,24,22,254,0,62
2025-07-27 06:14:00+00:00,254,254,28,22,25,26,24,22,254,0,62
2025-07-27 07:14:00+00:00,254,254,28,22,25,26,24,22,254,0,62
2025-07-27 08:14:00+00:00,254,254,28,22,25,26,25,22,254,0,103
2025-07-27 09:14:00+00:00,254,254,28,22,25,27,25,22,254,0,62
2025-07-27 10:14:00+00:00,254,254,29,22,26,27,25,22,254,0,62
2025-07-27 11:14:00+00:00,254,254,29,22,26,27,25,22,254,0,62
2025-07-27 12:14:00+00:00,254,254,29,22,26,27,25,22,254,0,62
2025-07-27 13:14:00+00:00,254,254,29,22,26,27,26,22,254,0,62
2025-07-27 14:14:00+00:00,254,254,30,22,26,27,26,22,254,0,62
2025-07-27 15:14:00+00:00,254,254,30,22,26,27,26,22,254,0,62
2025-07-27 16:14:00+00:00,254,254,30,22,27,27,26,22,254,0,62
2025-07-27 17:14:00+00:00,254,254,30,23,27,27,26,22,254,0,61
2025-07-27 18:14:00+00:00,254,254,31,23,27,27,27,22,254,0,61
2025-07-27 19:14:00+00:00,254,254,31,23,27,28,27,23,254,0,61
2025-07-27 20:14:00+00:00,254,254,32,23,27,28,27,23,254,0,61
2025-07-27 21:14:00+00:00,254,254,32,23,27,28,27,23,254,0,61
2025-07-27 22:14:00+00:00,254,254,33,23,27,28,27,23,254,0,61
2025-07-27 23:14:00+00:00,254,254,34,23,27,28,27,23,254,0,61
2025-07-28 00:14:00+00:00,254,254,34,24,27,28,27,23,254,0,61
2025-07-28 01:14:00+00:00,254,254,35,24,27,28,27,23,254,0,61
2025-07-28 02:14:00+00:00,254,254,36,24,27,28,27,23,254,0,61
2025-07-28 03:14:00+00:00,254,254,36,24,27,28,27,23,254,0,61
2025-07-28 04:14:00+00:00,254,254,37,24,27,28,27,23,254,0,61
2025-07-28 05:14:00+00:00,254,254,37,24,27,28,27,23,254,0,61
2025-07-28 06:14:00+00:00,254,254,37,24,27,28,27,23,254,0,61
2025-07-28 07:14:00+00:00,254,254,38,24,28,28,27,23,254,0,61
2025-07-28 08:14:00+00:00,254,254,38,24,28,28,27,23,254,0,103
2025-07-28 09:14:00+00:00,254,254,39,24,28,28,28,24,254,0,61
2025-07-28 10:14:00+00:00,254,254,39,24,28,28,28,24,254,0,61
2025-07-28 11:14:00+00:00,254,254,40,24,28,28,28,24,254,0,61
2025-07-28 12:14:00+00:00,254,254,40,24,28,28,28,24,254,0,61
2025-07-28 13:14:00+00:00,254,254,40,24,29,28,28,24,254,0,61
2025-07-28 14:14:00+00:00,254,254,41,24,29,28,29,24,254,0,61
2025-07-28 15:14:00+00:00,254,254,41,24,29,28,29,24,254,0,61
2025-07-28 16:14:00+00:00,254,254,42,25,29,29,29,24,254,0,61
2025-07-28 17:14:00+00:00,254,254,42,25,30,29,29,24,254,0,61
2025-07-28 18:14:00+00:00,254,254,42,25,30,29,29,24,254,0,61
2025-07-28 19:14:00+00:00,254,254,43,25,30,29,30,24,254,0,61
2025-07-28 20:14:00+00:00,254,254,44,25,30,29,30,24,254,0,61
2025-07-28 21:14:00+00:00,254,254,45,25,30,30,30,25,254,0,61
2025-07-28 22:14:00+00:00,254,254,46,26,30,30,31,25,254,0,61
2025-07-28 23:14:00+00:00,254,254,47,26,30,30,31,25,254,0,61
2025-07-29 00:14:00+00:00,254,254,48,26,30,30,31,25,254,0,61
2025-07-29 01:14:00+00:00,254,254,49,26,30,30,31,25,254,1,61
2025-07-29 02:14:00+00:00,254,254,50,26,30,30,30,25,254,10,61
2025-07-29 03:14:00+00:00,254,254,51,26,30,30,30,25,254,16,61
2025-07-29 04:14:00+00:00,254,254,53,26,30,30,30,25,254,19,61
2025-07-29 05:14:00+00:00,254,254,54,26,30,29,29,25,254,19,61
2025-07-29 06:14:00+00:00,254,254,55,26,30,29,26,25,254,18,61
2025-07-29 07:14:00+00:00,254,254,56,26,30,29,20,25,254,6,61
2025-07-29 08:14:00+00:00,254,254,57,26,30,29,14,25,254,14,103
2025-07-29 09:14:00+00:00,254,254,58,26,26,30,12,25,254,13,61
2025-07-29 10:14:00+00:00,254,254,59,27,19,30,12,25,254,9,61
2025-07-29 11:14:00+00:00,254,254,60,26,16,30,9,25,254,8,61
2025-07-29 12:14:00+00:00,254,254,60,27,14,30,8,25,254,8,61
2025-07-29 13:14:00+00:00,254,254,61,27,13,30,11,25,254,1,61
2025-07-29 14:14:00+00:00,254,254,61,27,12,30,12,25,254,31,61
2025-07-29 15:14:00+00:00,254,254,62,27,5,30,12,24,254,18,61
2025-07-29 16:14:00+00:00,254,254,63,27,3,30,9,23,254,21,61
2025-07-29 17:14:00+00:00,254,254,63,27,2,30,3,21,254,15,61
2025-07-29 18:14:00+00:00,254,254,63,27,2,30,13,19,254,14,61
2025-07-29 19:14:00+00:00,254,254,63,27,13,26,13,18,254,23,61
2025-07-29 20:14:00+00:00,254,254,63,27,11,20,9,17,254,30,61
2025-07-29 21:14:00+00:00,254,254,62,27,11,16,11,15,254,40,61
2025-07-29 22:14:00+00:00,254,254,62,28,2,13,8,13,254,22,61
2025-07-29 23:14:00+00:00,254,254,60,28,2,11,2,13,254,0,61
2025-07-30 00:14:00+00:00,254,254,58,28,7,11,5,13,254,0,61
2025-07-30 01:14:00+00:00,254,254,55,28,2,11,10,13,254,0,61
2025-07-30 02:14:00+00:00,254,254,43,28,2,11,9,13,254,1,61
2025-07-30 03:14:00+00:00,254,254,22,28,2,12,12,13,254,0,61
2025-07-30 04:14:00+00:00,254,254,13,28,3,12,13,14,254,4,61
2025-07-30 05:14:00+00:00,254,254,10,28,4,12,12,14,254,4,61
2025-07-30 06:14:00+00:00,254,254,5,27,5,12,12,14,254,2,61
2025-07-30 07:14:00+00:00,254,254,11,27,7,13,13,14,254,0,61
2025-07-30 08:14:00+00:00,254,254,3,25,11,13,13,14,254,0,103
2025-07-30 09:14:00+00:00,254,254,11,23,12,13,14,14,254,0,61
2025-07-30 10:14:00+00:00,254,254,11,21,12,13,14,14,254,0,61
2025-07-30 11:14:00+00:00,254,254,3,19,13,14,15,14,254,0,61
2025-07-30 12:14:00+00:00,254,254,3,18,13,14,15,14,254,0,61
2025-07-30 13:14:00+00:00,254,254,3,16,14,14,15,14,254,0,61
2025-07-30 14:14:00+00:00,254,254,4,15,14,15,15,15,254,0,61
2025-07-30 15:14:00+00:00,254,254,4,14,14,15,15,15,254,0,61
2025-07-30 16:14:00+00:00,254,254,4,13,15,15,15,15,254,0,61
2025-07-30 17:14:00+00:00,254,254,5,13,15,15,16,15,254,0,61
2025-07-30 18:14:00+00:00,254,254,9,13,16,16,16,15,254,0,61
2025-07-30 19:14:00+00:00,254,254,8,13,16,16,16,15,254,0,61
2025-07-30 20:14:00+00:00,254,254,10,13,17,16,17,15,254,0,61
2025-07-30 21:14:00+00:00,254,254,11,13,17,17,17,16,254,0,61
2025-07-30 22:14:00+00:00,254,254,11,13,17,17,17,16,254,0,61
2025-07-30 23:14:00+00:00,254,254,12,13,17,17,17,16,254,0,61
2025-07-31 00:14:00+00:00,254,254,12,13,18,17,17,16,254,0,61
2025-07-31 01:14:00+00:00,254,254,12,13,18,18,17,16,254,0,61
2025-07-31 02:14:00+00:00,254,254,12,13,18,18,17,16,254,0,61
2025-07-31 03:14:00+00:00,254,254,12,13,18,18,18,16,254,0,61
2025-07-31 04:14:00+00:00,254,254,12,13,18,18,18,16,254,0,61
2025-07-31 05:14:00+00:00,254,254,12,13,18,18,18,16,254,0,61
2025-07-31 06:14:00+00:00,254,254,12,13,18,18,18,16,254,0,61
2025-07-31 07:14:00+00:00,254,254,13,13,18,18,18,16,254,0,61
2025-07-31 08:14:00+00:00,254,254,13,13,18,18,18,17,254,0,103
2025-07-31 09:14:00+00:00,254,254,13,13,18,18,18,17,254,0,61
2025-07-31 10:14:00+00:00,254,254,13,13,19,18,18,17,254,0,61
2025-07-31 11:14:00+00:00,254,254,13,13,19,19,18,17,254,0,61
2025-07-31 12:14:00+00:00,254,254,13,13,19,19,19,17,254,0,61
2025-07-31 13:14:00+00:00,254,254,13,13,19,19,19,17,254,0,61
2025-07-31 14:14:00+00:00,254,254,13,13,19,19,19,17,254,0,61
2025-07-31 15:14:00+00:00,254,254,13,13,19,19,19,17,254,0,61
2025-07-31 16:14:00+00:00,254,254,14,14,20,19,19,17,254,0,61
2025-07-31 17:14:00+00:00,254,254,14,14,20,19,19,17,254,0,61
2025-07-31 18:14:00+00:00,254,254,14,14,20,19,20,17,254,0,61
2025-07-31 19:14:00+00:00,254,254,14,14,20,20,20,17,254,0,61
2025-07-31 20:14:00+00:00,254,254,15,14,20,20,20,18,254,0,61
2025-07-31 21:14:00+00:00,254,254,15,14,20,20,20,18,254,0,61
2025-07-31 22:14:00+00:00,254,254,14,14,20,20,20,18,254,0,61
2025-07-31 23:14:00+00:00,254,254,14,14,20,20,20,18,254,0,61
2025-08-01 00:14:00+00:00,254,254,15,14,20,20,20,18,254,0,61
2025-08-01 01:14:00+00:00,254,254,15,14,20,20,20,18,254,0,61
2025-08-01 02:14:00+00:00,254,254,15,14,20,20,20,18,254,0,61
2025-08-01 03:14:00+00:00,254,254,15,14,20,20,20,18,254,0,61
2025-08-01 04:14:00+00:00,254,254,15,14,20,20,20,18,254,0,61
2025-08-01 05:14:00+00:00,254,254,15,14,21,20,20,18,254,0,61
2025-08-01 06:14:00+00:00,254,254,15,14,21,20,20,18,254,0,61
2025-08-01 07:14:00+00:00,254,254,15,14,21,20,20,18,254,0,61
2025-08-01 08:14:00+00:00,254,254,15,14,21,20,20,18,254,0,103
2025-08-01 09:14:00+00:00,254,254,15,14,21,20,21,18,254,0,61
2025-08-01 10:14:00+00:00,254,254,15,14,21,20,21,18,254,0,61
2025-08-01 11:14:00+00:00,254,254,15,14,21,21,21,18,254,0,61
2025-08-01 12:14:00+00:00,254,254,15,14,21,21,21,19,254,0,61
2025-08-01 13:14:00+00:00,254,254,15,14,22,21,21,19,254,0,61
2025-08-01 14:14:00+00:00,254,254,16,14,22,21,21,19,254,0,61
2025-08-01 15:14:00+00:00,254,254,16,15,22,21,21,19,254,0,61
2025-08-01 16:14:00+00:00,254,254,16,15,22,21,22,19,254,0,61
2025-08-01 17:14:00+00:00,254,254,16,15,22,21,22,19,254,0,61
2025-08-01 18:14:00+00:00,254,254,16,15,22,21,22,19,254,0,61
2025-08-01 19:14:00+00:00,254,254,17,15,23,21,22,19,254,0,61
2025-08-01 20:14:00+00:00,254,254,17,15,23,22,22,19,254,0,61
2025-08-01 21:14:00+00:00,254,254,17,15,23,22,22,20,254,0,61
2025-08-01 22:14:00+00:00,254,254,17,15,23,22,22,20,254,0,61
2025-08-01 23:14:00+00:00,254,254,17,15,23,22,22,20,254,0,61
2025-08-02 00:14:00+00:00,254,254,17,15,23,22,22,20,254,0,61
2025-08-02 01:14:00+00:00,254,254,17,15,22,22,22,20,254,0,61
2025-08-02 02:14:00+00:00,254,254,17,15,22,22,22,20,254,0,61
2025-08-02 03:14:00+00:00,254,254,17,15,22,22,22,20,254,0,61
2025-08-02 04:14:00+00:00,254,254,17,15,22,22,22,20,254,0,61
2025-08-02 05:14:00+00:00,254,254,17,15,22,22,22,20,254,0,61
2025-08-02 06:14:00+00:00,254,254,17,15,23,22,22,20,254,0,61
2025-08-02 07:14:00+00:00,254,254,17,15,23,22,22,20,254,0,61
2025-08-02 08:14:00+00:00,254,254,17,15,23,22,22,20,254,0,103
2025-08-02 09:14:00+00:00,254,254,17,15,23,22,22,20,254,0,61
2025-08-02 10:14:00+00:00,254,254,17,15,23,22,22,20,254,0,61
2025-08-02 11:14:00+00:00,254,254,17,15,23,22,23,20,254,0,61
2025-08-02 12:14:00+00:00,254,254,17,15,23,22,23,20,254,0,61
2025-08-02 13:14:00+00:00,254,254,17,15,23,22,23,20,254,0,61
2025-08-02 14:14:00+00:00,254,254,18,15,23,22,23,20,254,0,61
2025-08-02 15:14:00+00:00,254,254,18,15,23,22,23,20,254,0,61
2025-08-02 16:14:00+00:00,254,254,18,16,24,23,23,20,254,0,61
2025-08-02 17:14:00+00:00,254,254,18,16,24,23,23,20,254,0,61
2025-08-02 18:14:00+00:00,254,254,18,16,24,23,23,21,254,0,61
2025-08-02 19:14:00+00:00,254,254,19,16,24,23,24,21,254,0,61
2025-08-02 20:14:00+00:00,254,254,19,16,24,23,24,21,254,0,61
2025-08-02 21:14:00+00:00,254,254,19,16,24,23,24,21,254,0,61
2025-08-02 22:14:00+00:00,254,254,20,16,24,23,24,21,254,0,61
2025-08-02 23:14:00+00:00,254,254,20,16,25,24,24,21,254,0,61
2025-08-03 00:14:00+00:00,254,254,20,16,25,24,24,21,254,0,61
2025-08-03 01:14:00+00:00,254,254,20,16,25,24,24,21,254,0,61
2025-08-03 02:14:00+00:00,254,254,20,16,25,24,25,22,254,0,61
2025-08-03 03:14:00+00:00,254,254,20,16,25,24,25,22,254,0,61
2025-08-03 04:14:00+00:00,254,254,20,16,25,24,25,22,254,0,61
2025-08-03 05:14:00+00:00,254,254,20,16,25,24,25,22,254,0,61
2025-08-03 06:14:00+00:00,254,254,20,17,25,24,25,22,254,0,61
2025-08-03 07:14:00+00:00,254,254,20,17,25,24,25,22,254,0,61
2025-08-03 08:14:00+00:00,254,254,20,17,25,24,25,22,254,0,103
2025-08-03 09:14:00+00:00,254,254,20,17,26,24,25,22,254,0,61
2025-08-03 10:14:00+00:00,254,254,21,17,26,24,25,22,254,0,61
2025-08-03 11:14:00+00:00,254,254,21,17,26,24,26,22,254,0,61
2025-08-03 12:14:00+00:00,254,254,21,17,26,24,26,22,254,0,61
2025-08-03 13:14:00+00:00,254,254,21,17,26,24,26,22,254,0,61
2025-08-03 14:14:00+00:00,254,254,21,17,26,24,26,22,254,0,61
2025-08-03 15:14:00+00:00,254,254,21,17,26,24,26,22,254,0,61
2025-08-03 16:14:00+00:00,254,254,21,17,27,24,26,22,254,0,61
2025-08-03 17:14:00+00:00,254,254,22,17,27,25,27,22,254,0,61
2025-08-03 18:14:00+00:00,254,254,22,17,27,25,27,23,254,0,61
2025-08-03 19:14:00+00:00,254,254,23,17,27,25,27,23,254,0,61
2025-08-03 20:14:00+00:00,254,254,23,18,27,25,27,23,254,0,61
2025-08-03 21:14:00+00:00,254,254,23,18,27,25,28,23,254,0,61
2025-08-03 22:14:00+00:00,254,254,24,18,27,25,28,23,254,0,61
2025-08-03 23:14:00+00:00,254,254,24,18,27,26,28,23,254,0,61
2025-08-04 00:14:00+00:00,254,254,24,18,28,26,28,23,254,0,61
2025-08-04 01:14:00+00:00,254,254,24,18,27,26,28,24,254,1,61
2025-08-04 02:14:00+00:00,254,254,24,18,27,26,28,24,254,0,61
2025-08-04 03:14:00+00:00,254,254,24,18,28,26,28,24,254,0,61
2025-08-04 04:14:00+00:00,254,254,24,18,28,26,28,24,254,0,61
2025-08-04 05:14:00+00:00,254,254,24,18,28,26,28,24,254,0,61
2025-08-04 06:14:00+00:00,254,254,24,18,28,26,28,24,254,0,61
2025-08-04 07:14:00+00:00,254,254,24,18,28,26,28,24,254,0,61
2025-08-04 08:14:00+00:00,254,254,24,18,28,26,28,24,254,0,103
2025-08-04 09:14:00+00:00,254,254,24,18,28,26,28,24,254,0,61
2025-08-04 10:14:00+00:00,254,254,25,18,28,26,28,24,254,0,61
2025-08-04 11:14:00+00:00,254,254,25,19,28,26,29,24,254,0,61
2025-08-04 12:14:00+00:00,254,254,25,19,29,26,29,24,254,0,61
2025-08-04 13:14:00+00:00,254,254,25,19,29,26,29,24,254,0,61
2025-08-04 14:14:00+00:00,254,254,25,19,29,26,29,24,254,0,61
2025-08-04 15:14:00+00:00,254,254,25,19,29,26,29,24,254,0,61
2025-08-04 16:14:00+00:00,254,254,25,19,29,26,29,24,254,0,61
2025-08-04 17:14:00+00:00,254,254,26,19,29,27,30,24,254,0,61
2025-08-04 18:14:00+00:00,254,254,26,19,30,27,30,25,254,0,61
2025-08-04 19:14:00+00:00,254,254,27,19,30,27,30,25,254,0,61
2025-08-04 20:14:00+00:00,254,254,27,20,30,27,31,25,254,0,61
2025-08-04 21:14:00+00:00,254,254,28,20,30,27,31,25,254,0,61
2025-08-04 22:14:00+00:00,254,254,28,20,30,28,31,25,254,0,61
2025-08-04 23:14:00+00:00,254,254,29,20,30,28,31,25,254,0,61
2025-08-05 00:14:00+00:00,254,254,29,20,31,28,32,26,254,0,61
2025-08-05 01:14:00+00:00,254,254,30,20,31,28,32,26,254,0,61
2025-08-05 02:14:00+00:00,254,254,30,20,31,28,32,26,254,0,61
2025-08-05 03:14:00+00:00,254,254,30,20,31,28,32,26,254,0,61
2025-08-05 04:14:00+00:00,254,254,30,20,31,28,32,26,254,0,61
2025-08-05 05:14:00+00:00,254,254,30,20,31,28,32,26,254,0,61
2025-08-05 06:14:00+00:00,254,254,30,20,31,28,32,26,254,0,61
2025-08-05 07:14:00+00:00,254,254,30,21,31,28,32,26,254,0,61
2025-08-05 08:14:00+00:00,254,254,30,21,31,28,32,26,254,0,103
2025-08-05 09:14:00+00:00,254,254,30,21,31,28,32,26,254,0,61
2025-08-05 10:14:00+00:00,254,254,30,21,32,28,32,26,254,0,61
2025-08-05 11:14:00+00:00,254,254,30,21,32,28,32,26,254,0,61
2025-08-05 12:14:00+00:00,254,254,30,21,32,28,33,26,254,0,61
2025-08-05 13:14:00+00:00,254,254,31,21,32,28,33,26,254,0,61
2025-08-05 14:14:00+00:00,254,254,31,21,32,28,33,26,254,0,61
2025-08-05 15:14:00+00:00,254,254,31,21,32,28,33,26,254,0,61
2025-08-05 16:14:00+00:00,254,254,31,21,33,29,33,27,254,0,61
2025-08-05 17:14:00+00:00,254,254,32,21,33,29,34,27,254,0,61
2025-08-05 18:14:00+00:00,254,254,32,21,33,29,34,27,254,0,61
2025-08-05 19:14:00+00:00,254,254,33,22,33,29,34,27,254,0,61
2025-08-05 20:14:00+00:00,254,254,34,22,33,30,35,27,254,0,61
2025-08-05 21:14:00+00:00,254,254,35,22,34,30,35,27,254,0,61
2025-08-05 22:14:00+00:00,254,254,36,22,34,30,36,28,254,0,61
2025-08-05 23:14:00+00:00,254,254,37,23,34,31,36,28,254,0,61
2025-08-06 00:14:00+00:00,254,254,37,23,34,31,36,28,254,0,61
2025-08-06 01:14:00+00:00,254,254,38,23,34,31,37,28,254,0,61
2025-08-06 02:14:00+00:00,254,254,39,23,35,31,37,28,254,0,61
2025-08-06 03:14:00+00:00,254,254,39,23,35,31,37,28,254,0,61
2025-08-06 04:14:00+00:00,254,254,40,23,35,31,37,28,254,0,61
2025-08-06 05:14:00+00:00,254,254,40,23,35,31,37,28,254,0,61
2025-08-06 06:14:00+00:00,254,254,40,23,35,31,37,28,254,0,61
2025-08-06 07:14:00+00:00,254,254,40,23,35,31,37,29,254,0,61
2025-08-06 08:14:00+00:00,254,254,40,24,36,31,38,29,254,0,103
2025-08-06 09:14:00+00:00,254,254,40,24,36,31,38,29,254,0,61
2025-08-06 10:14:00+00:00,254,254,41,24,36,31,38,29,254,0,61
2025-08-06 11:14:00+00:00,254,254,41,24,37,31,38,29,254,0,61
2025-08-06 12:14:00+00:00,254,254,41,24,37,31,39,29,254,0,61
2025-08-06 13:14:00+00:00,254,254,41,24,37,31,39,29,254,0,61
2025-08-06 14:14:00+00:00,254,254,41,24,37,31,39,29,254,0,61
2025-08-06 15:14:00+00:00,254,254,42,24,37,31,39,29,254,0,61
2025-08-06 16:14:00+00:00,254,254,42,24,38,31,39,29,254,0,61
2025-08-06 17:14:00+00:00,254,254,43,24,38,32,40,29,254,0,61
2025-08-06 18:14:00+00:00,254,254,44,25,38,32,41,30,254,0,61
2025-08-06 19:14:00+00:00,254,254,44,25,39,33,41,30,254,0,61
2025-08-06 20:14:00+00:00,254,254,46,25,39,33,41,30,254,0,61
2025-08-06 21:14:00+00:00,254,254,47,25,39,34,42,30,254,0,61
2025-08-06 22:14:00+00:00,254,254,48,26,40,34,42,30,254,0,61
2025-08-06 23:14:00+00:00,254,254,50,26,40,35,43,31,254,0,61
2025-08-07 00:14:00+00:00,254,254,51,26,41,35,43,31,254,0,61
2025-08-07 01:14:00+00:00,254,254,53,27,41,35,44,31,254,0,61
2025-08-07 02:14:00+00:00,254,254,54,27,42,35,44,31,254,0,61
2025-08-07 03:14:00+00:00,254,254,56,27,42,35,45,31,254,0,61
2025-08-07 04:14:00+00:00,254,254,57,27,42,35,45,31,254,0,61
2025-08-07 05:14:00+00:00,254,254,58,27,43,35,46,31,254,0,61
2025-08-07 06:14:00+00:00,254,254,59,27,43,35,46,32,254,0,61
2025-08-07 07:14:00+00:00,254,254,60,27,44,35,46,32,254,0,61
2025-08-07 08:14:00+00:00,254,254,61,28,44,35,47,32,254,0,103
2025-08-07 09:14:00+00:00,254,254,62,28,45,35,47,32,254,0,61
2025-08-07 10:14:00+00:00,254,254,62,28,45,35,48,32,254,0,61
2025-08-07 11:14:00+00:00,254,254,63,28,45,35,48,32,254,0,61
2025-08-07 12:14:00+00:00,254,254,64,28,46,35,49,32,254,0,61
2025-08-07 13:14:00+00:00,254,254,64,28,46,35,49,32,254,2,61
2025-08-07 14:14:00+00:00,254,254,64,28,47,35,49,32,254,22,61
2025-08-07 15:14:00+00:00,254,254,65,29,47,35,50,33,254,22,61
2025-08-07 16:14:00+00:00,254,254,65,29,47,35,50,33,254,21,61
2025-08-07 17:14:00+00:00,254,254,66,29,47,35,34,33,254,10,61
2025-08-07 18:14:00+00:00,254,254,67,29,47,36,12,33,254,4,61
2025-08-07 19:14:00+00:00,254,254,67,29,47,36,14,33,254,0,61
2025-08-07 20:14:00+00:00,254,254,68,30,47,37,11,33,254,0,61
2025-08-07 21:14:00+00:00,254,254,69,30,48,37,14,33,254,1,61
2025-08-07 22:14:00+00:00,254,254,69,30,47,37,15,31,254,3,61
2025-08-07 23:14:00+00:00,254,254,69,31,47,37,7,28,254,2,61
2025-08-08 00:14:00+00:00,254,254,70,31,46,37,12,25,254,12,61
2025-08-08 01:14:00+00:00,254,254,70,31,46,37,10,22,254,16,61
2025-08-08 02:14:00+00:00,254,254,71,31,38,37,8,21,254,25,61
2025-08-08 03:14:00+00:00,254,254,71,32,15,37,12,21,254,24,61
2025-08-08 04:14:00+00:00,254,254,72,32,6,37,9,21,254,23,61
2025-08-08 05:14:00+00:00,254,254,72,32,5,37,11,21,254,22,61
2025-08-08 06:14:00+00:00,254,254,73,32,4,37,12,20,254,23,61
2025-08-08 07:14:00+00:00,254,254,62,32,4,37,13,20,254,21,61
2025-08-08 08:14:00+00:00,254,254,16,32,4,37,13,20,254,22,103
2025-08-08 09:14:00+00:00,254,254,1,31,11,37,14,20,254,24,61
2025-08-08 10:14:00+00:00,254,254,1,13,4,36,14,20,254,22,61
2025-08-08 11:14:00+00:00,254,254,1,6,4,34,15,20,254,22,61
2025-08-08 12:14:00+00:00,254,254,1,0,4,31,15,20,254,20,61
2025-08-08 13:14:00+00:00,254,254,2,0,4,27,15,20,254,3,61
2025-08-08 14:14:00+00:00,254,254,2,0,5,24,16,20,254,0,61
2025-08-08 15:14:00+00:00,254,254,2,0,6,22,16,20,254,0,61
2025-08-08 16:14:00+00:00,254,254,3,1,6,21,16,20,254,0,61
2025-08-08 17:14:00+00:00,254,254,2,1,8,21,17,20,254,0,61
2025-08-08 18:14:00+00:00,254,254,3,1,10,21,17,20,254,0,61
2025-08-08 19:14:00+00:00,254,254,3,1,12,21,18,21,254,0,61
2025-08-08 20:14:00+00:00,254,254,4,1,13,21,18,21,254,0,61
2025-08-08 21:14:00+00:00,254,254,4,1,14,21,18,21,254,0,61
2025-08-08 22:14:00+00:00,254,254,5,1,15,21,19,21,254,0,61
2025-08-08 23:14:00+00:00,254,254,6,1,16,21,19,21,254,0,61
2025-08-09 00:14:00+00:00,254,254,7,1,17,22,19,21,254,0,61
2025-08-09 01:14:00+00:00,254,254,8,1,17,22,19,22,254,0,61
2025-08-09 02:14:00+00:00,254,254,11,1,17,21,19,22,254,0,61
2025-08-09 03:14:00+00:00,254,254,9,1,17,21,20,22,254,0,61
2025-08-09 04:14:00+00:00,254,254,10,1,17,22,20,22,254,0,61
2025-08-09 05:14:00+00:00,254,254,11,1,18,21,20,22,254,0,61
2025-08-09 06:14:00+00:00,254,254,11,1,18,22,20,22,254,0,61
2025-08-09 07:14:00+00:00,254,254,11,8,18,22,20,22,254,0,61
2025-08-09 08:14:00+00:00,254,254,11,2,18,22,20,22,254,0,103
2025-08-09 09:14:00+00:00,254,254,12,2,18,22,21,22,254,0,61
2025-08-09 10:14:00+00:00,254,254,11,2,19,22,21,22,254,0,61
2025-08-09 11:14:00+00:00,254,254,11,2,19,22,21,22,254,0,61
2025-08-09 12:14:00+00:00,254,254,12,2,19,22,21,22,254,0,61
2025-08-09 13:14:00+00:00,254,254,12,2,19,22,21,22,254,0,61
2025-08-09 14:14:00+00:00,254,254,12,3,19,22,21,22,254,0,61
2025-08-09 15:14:00+00:00,254,254,12,3,19,22,22,22,254,0,61
2025-08-09 16:14:00+00:00,254,254,12,3,20,22,22,22,254,0,61
2025-08-09 17:14:00+00:00,254,254,12,4,20,22,22,22,254,0,61
2025-08-09 18:14:00+00:00,254,254,13,5,20,22,22,22,254,0,61
2025-08-09 19:14:00+00:00,254,254,13,5,20,23,22,23,254,0,61
2025-08-09 20:14:00+00:00,254,254,13,7,21,23,23,23,254,0,61
2025-08-09 21:14:00+00:00,254,254,14,8,21,23,23,23,254,0,61
2025-08-09 22:14:00+00:00,254,254,14,10,21,23,23,23,254,0,61
2025-08-09 23:14:00+00:00,254,254,14,11,22,23,23,23,254,0,61
2025-08-10 00:14:00+00:00,254,254,14,11,22,24,23,23,254,0,61
2025-08-10 01:14:00+00:00,254,254,14,11,22,24,23,23,254,0,61
2025-08-10 02:14:00+00:00,254,254,14,11,22,24,23,24,254,0,61
2025-08-10 03:14:00+00:00,254,254,14,11,22,24,23,24,254,0,61
2025-08-10 04:14:00+00:00,254,254,14,11,22,24,23,24,254,0,61
2025-08-10 05:14:00+00:00,254,254,14,11,22,24,23,24,254,0,61
2025-08-10 06:14:00+00:00,254,254,15,11,22,24,24,24,254,0,61
2025-08-10 07:14:00+00:00,254,254,15,11,22,24,24,24,254,0,61
2025-08-10 08:14:00+00:00,254,254,15,11,22,24,24,24,254,0,103
2025-08-10 09:14:00+00:00,254,254,15,12,22,24,24,24,254,0,61
2025-08-10 10:14:00+00:00,254,254,15,12,22,24,24,24,254,0,61
2025-08-10 11:14:00+00:00,254,254,15,12,23,24,24,24,254,0,61
2025-08-10 12:14:00+00:00,254,254,15,12,23,24,24,24,254,0,61
2025-08-10 13:14:00+00:00,254,254,15,12,23,24,24,24,254,0,61
2025-08-10 14:14:00+00:00,254,254,15,12,23,24,25,24,254,0,61
2025-08-10 15:14:00+00:00,254,254,15,12,23,24,25,24,254,0,61
2025-08-10 16:14:00+00:00,254,254,15,12,23,24,25,24,254,0,61
2025-08-10 17:14:00+00:00,254,254,16,12,24,25,25,24,254,0,61
2025-08-10 18:14:00+00:00,254,254,16,12,24,25,26,24,254,0,61
2025-08-10 19:14:00+00:00,254,254,16,12,24,25,26,24,254,0,61
2025-08-10 20:14:00+00:00,254,254,17,13,24,25,26,25,254,0,61
2025-08-10 21:14:00+00:00,254,254,17,13,24,26,26,25,254,0,61
2025-08-10 22:14:00+00:00,254,254,17,13,24,26,26,25,254,0,61
2025-08-10 23:14:00+00:00,254,254,17,13,24,26,26,25,254,0,61
2025-08-11 00:14:00+00:00,254,254,17,13,24,26,27,25,254,0,61
2025-08-11 01:14:00+00:00,254,254,17,13,24,26,27,25,254,0,61
2025-08-11 02:14:00+00:00,254,254,17,14,24,26,26,26,254,0,61
2025-08-11 03:14:00+00:00,254,254,17,13,24,26,26,26,254,0,61
2025-08-11 04:14:00+00:00,254,254,17,13,24,26,26,26,254,0,61
2025-08-11 05:14:00+00:00,254,254,17,13,24,26,27,26,254,0,61
2025-08-11 06:14:00+00:00,254,254,17,13,25,26,27,26,254,0,61
2025-08-11 07:14:00+00:00,254,254,17,13,25,26,27,26,254,0,61
2025-08-11 08:14:00+00:00,254,254,17,14,25,26,27,26,254,0,103
2025-08-11 09:14:00+00:00,254,254,17,14,25,26,27,26,254,0,61
2025-08-11 10:14:00+00:00,254,254,18,14,25,26,27,26,254,0,61
2025-08-11 11:14:00+00:00,254,254,18,14,25,26,27,26,254,0,61
2025-08-11 12:14:00+00:00,254,254,18,14,25,26,27,26,254,0,61
2025-08-11 13:14:00+00:00,254,254,18,14,25,26,27,26,254,0,61
2025-08-11 14:14:00+00:00,254,254,18,14,25,26,27,26,254,0,61
2025-08-11 15:14:00+00:00,254,254,18,14,25,26,27,26,254,0,61
2025-08-11 16:14:00+00:00,254,254,18,14,26,26,28,26,254,0,61
2025-08-11 17:14:00+00:00,254,254,18,14,26,27,28,26,254,0,61
2025-08-11 18:14:00+00:00,254,254,19,14,26,27,28,26,254,0,61
2025-08-11 19:14:00+00:00,254,254,19,14,26,27,29,26,254,0,61
2025-08-11 20:14:00+00:00,254,254,19,14,26,27,29,27,254,0,61
2025-08-11 21:14:00+00:00,254,254,19,15,26,28,29,27,254,0,61
2025-08-11 22:14:00+00:00,254,254,20,15,26,28,29,27,254,0,61
2025-08-11 23:14:00+00:00,254,254,20,15,26,28,30,27,254,0,61
2025-08-12 00:14:00+00:00,254,254,20,15,26,28,30,27,254,0,61
2025-08-12 01:14:00+00:00,254,254,20,15,26,28,30,27,254,0,61
2025-08-12 02:14:00+00:00,254,254,20,15,26,28,30,27,254,0,61
2025-08-12 03:14:00+00:00,254,254,20,15,26,28,30,27,254,0,61
2025-08-12 04:14:00+00:00,254,254,20,15,26,28,30,27,254,0,61
2025-08-12 05:14:00+00:00,254,254,20,15,26,28,30,27,254,0,61
2025-08-12 06:14:00+00:00,254,254,20,15,27,28,30,27,254,0,61
2025-08-12 07:14:00+00:00,254,254,20,15,27,28,30,27,254,0,61
2025-08-12 08:14:00+00:00,254,254,20,15,27,28,30,28,254,0,103
2025-08-12 09:14:00+00:00,254,254,20,15,27,28,30,27,254,0,61
2025-08-12 10:14:00+00:00,254,254,20,15,27,28,31,28,254,0,61
2025-08-12 11:14:00+00:00,254,254,20,15,27,28,31,28,254,0,61
2025-08-12 12:14:00+00:00,254,254,20,15,28,28,31,28,254,0,61
2025-08-12 13:14:00+00:00,254,254,20,15,28,28,31,28,254,0,61
2025-08-12 14:14:00+00:00,254,254,21,15,28,28,31,28,254,0,61
2025-08-12 15:14:00+00:00,254,254,21,15,28,28,32,28,254,0,61
2025-08-12 16:14:00+00:00,254,254,21,15,28,28,32,28,254,0,61
2025-08-12 17:14:00+00:00,254,254,21,16,28,29,32,28,254,0,61
2025-08-12 18:14:00+00:00,254,254,21,16,29,29,33,28,254,0,61
2025-08-12 19:14:00+00:00,254,254,22,16,29,29,33,28,254,0,61
2025-08-12 20:14:00+00:00,254,254,22,16,29,30,33,28,254,0,61
2025-08-12 21:14:00+00:00,254,254,22,16,29,30,34,29,254,0,61
2025-08-12 22:14:00+00:00,254,254,23,16,29,30,34,29,254,0,61
2025-08-12 23:14:00+00:00,254,254,23,16,29,30,35,29,254,0,61
2025-08-13 00:14:00+00:00,254,254,23,17,29,30,35,29,254,0,61
2025-08-13 01:14:00+00:00,254,254,23,17,29,30,35,29,254,0,61
2025-08-13 02:14:00+00:00,254,254,23,17,29,30,35,29,254,0,61
2025-08-13 03:14:00+00:00,254,254,23,17,29,30,35,29,254,0,61
2025-08-13 04:14:00+00:00,254,254,23,17,29,30,35,30,254,0,61
2025-08-13 05:14:00+00:00,254,254,23,17,29,30,35,30,254,0,61
2025-08-13 06:14:00+00:00,254,254,23,17,29,30,35,30,254,0,61
2025-08-13 07:14:00+00:00,254,254,23,17,29,30,36,30,254,0,61
2025-08-13 08:14:00+00:00,254,254,23,17,30,30,36,30,254,0,103
2025-08-13 09:14:00+00:00,254,254,23,17,30,30,36,30,254,0,61
2025-08-13 10:14:00+00:00,254,254,23,17,30,30,36,30,254,0,61
2025-08-13 11:14:00+00:00,254,254,23,17,30,30,37,30,254,0,61
2025-08-13 12:14:00+00:00,254,254,23,17,30,30,37,30,254,0,61
2025-08-13 13:14:00+00:00,254,254,24,17,31,30,37,30,254,0,61
2025-08-13 14:14:00+00:00,254,254,24,17,31,30,37,30,254,0,61
2025-08-13 15:14:00+00:00,254,254,24,17,31,30,37,30,254,0,61
2025-08-13 16:14:00+00:00,254,254,24,17,31,30,37,30,254,0,61
2025-08-13 17:14:00+00:00,254,254,24,17,31,31,38,30,254,0,61
2025-08-13 18:14:00+00:00,254,254,25,17,31,31,38,31,254,0,61
2025-08-13 19:14:00+00:00,254,254,25,17,32,32,39,31,254,0,61
2025-08-13 20:14:00+00:00,254,254,26,18,32,32,40,31,254,0,61
2025-08-13 21:14:00+00:00,254,254,27,18,32,33,41,31,254,0,61
2025-08-13 22:14:00+00:00,254,254,27,18,32,33,41,31,254,0,61
2025-08-13 23:14:00+00:00,254,254,27,18,32,33,42,31,254,0,61
2025-08-14 00:14:00+00:00,254,254,28,18,33,33,43,32,254,0,61
2025-08-14 01:14:00+00:00,254,254,28,18,33,33,43,32,254,0,61
2025-08-14 02:14:00+00:00,254,254,28,18,33,33,43,32,254,0,61
2025-08-14 03:14:00+00:00,254,254,28,18,33,33,43,32,254,0,61
2025-08-14 04:14:00+00:00,254,254,27,18,33,33,43,32,254,1,61
2025-08-14 05:14:00+00:00,254,254,27,18,33,33,44,32,254,0,61
2025-08-14 06:14:00+00:00,254,254,28,18,33,33,44,32,254,0,61
2025-08-14 07:14:00+00:00,254,254,28,18,33,33,43,32,254,0,61
2025-08-14 08:14:00+00:00,254,254,28,18,33,33,43,32,254,0,103
2025-08-14 09:14:00+00:00,254,254,28,18,34,33,41,32,254,0,61
2025-08-14 10:14:00+00:00,254,254,28,18,34,33,34,32,254,0,61
2025-08-14 11:14:00+00:00,254,254,28,18,34,33,19,32,254,0,61
2025-08-14 12:14:00+00:00,254,254,28,18,34,33,14,32,254,0,61
2025-08-14 13:14:00+00:00,254,254,28,18,34,32,13,32,254,0,61
2025-08-14 14:14:00+00:00,254,254,28,18,34,33,13,32,254,0,61
2025-08-14 15:14:00+00:00,254,254,28,19,35,33,13,32,254,0,61
2025-08-14 16:14:00+00:00,254,254,29,19,35,33,14,33,254,0,61
2025-08-14 17:14:00+00:00,254,254,29,19,35,34,14,33,254,0,61
2025-08-14 18:14:00+00:00,254,254,30,19,36,34,15,33,254,0,61
2025-08-14 19:14:00+00:00,254,254,31,19,36,35,16,33,254,0,61
2025-08-14 20:14:00+00:00,254,254,32,20,37,36,16,33,254,0,61
2025-08-14 21:14:00+00:00,254,254,33,20,37,36,17,33,254,0,61
2025-08-14 22:14:00+00:00,254,254,34,20,38,37,17,33,254,0,61
2025-08-14 23:14:00+00:00,254,254,35,20,38,38,18,33,254,0,61
2025-08-15 00:14:00+00:00,254,254,36,21,39,38,18,33,254,0,60
2025-08-15 01:14:00+00:00,254,254,36,21,39,38,18,33,254,0,61
2025-08-15 02:14:00+00:00,254,254,37,21,40,38,18,33,254,0,61
2025-08-15 03:14:00+00:00,254,254,38,21,40,38,18,33,254,0,61
2025-08-15 04:14:00+00:00,254,254,38,21,41,38,19,33,254,0,61
2025-08-15 05:14:00+00:00,254,254,38,21,41,38,19,33,254,0,61
2025-08-15 06:14:00+00:00,254,254,38,21,42,38,19,33,254,0,61
2025-08-15 07:14:00+00:00,254,254,38,21,42,38,19,33,254,0,61
2025-08-15 08:14:00+00:00,254,254,38,21,43,38,19,33,254,0,103
2025-08-15 09:14:00+00:00,254,254,38,21,43,38,20,32,254,0,61
2025-08-15 10:14:00+00:00,254,254,38,21,43,37,20,32,254,0,61
2025-08-15 11:14:00+00:00,254,254,38,21,43,37,20,32,254,0,61
2025-08-15 12:14:00+00:00,254,254,39,21,44,38,20,32,254,0,61
2025-08-15 13:14:00+00:00,254,254,39,21,44,38,20,32,254,0,61
2025-08-15 14:14:00+00:00,254,254,39,21,44,38,21,32,254,0,61
2025-08-15 15:14:00+00:00,254,254,39,21,45,38,21,32,254,0,61
2025-08-15 16:14:00+00:00,254,254,40,21,45,39,21,32,254,0,61
2025-08-15 17:14:00+00:00,254,254,40,22,46,39,22,32,254,0,61
2025-08-15 18:14:00+00:00,254,254,41,22,46,40,22,32,254,0,60
2025-08-15 19:14:00+00:00,254,254,42,22,47,41,23,32,254,0,61
2025-08-15 20:14:00+00:00,254,254,43,22,48,42,23,32,254,0,60
2025-08-15 21:14:00+00:00,254,254,44,23,48,44,23,32,254,0,60
2025-08-15 22:14:00+00:00,254,254,46,23,49,45,24,33,254,0,60
2025-08-15 23:14:00+00:00,254,254,47,23,50,45,24,33,254,0,60
2025-08-16 00:14:00+00:00,254,254,48,24,50,45,24,33,254,0,60
2025-08-16 01:14:00+00:00,254,254,49,24,51,45,24,33,254,0,61
2025-08-16 02:14:00+00:00,254,254,50,24,52,46,24,33,254,0,60
2025-08-16 03:14:00+00:00,254,254,51,24,53,45,24,33,254,0,61
2025-08-16 04:14:00+00:00,254,254,52,24,54,45,24,33,254,0,61
2025-08-16 05:14:00+00:00,254,254,52,24,55,45,24,33,254,0,61
2025-08-16 06:14:00+00:00,254,254,53,24,55,45,24,32,254,0,61
2025-08-16 07:14:00+00:00,254,254,53,24,56,45,25,32,254,0,61
2025-08-16 08:14:00+00:00,254,254,53,24,56,44,25,32,254,0,103
2025-08-16 09:14:00+00:00,254,254,53,24,57,44,25,32,254,0,61
2025-08-16 10:14:00+00:00,254,254,53,24,58,44,25,32,254,0,61
2025-08-16 11:14:00+00:00,254,254,54,24,58,45,25,32,254,0,61
2025-08-16 12:14:00+00:00,254,254,54,24,59,45,26,32,254,0,61
2025-08-16 13:14:00+00:00,254,254,54,24,59,45,26,32,254,0,61
2025-08-16 14:14:00+00:00,254,254,54,24,60,45,26,32,254,0,61
2025-08-16 15:14:00+00:00,254,254,55,24,60,45,26,32,254,0,61
2025-08-16 16:14:00+00:00,254,254,55,24,60,46,26,32,254,0,60
2025-08-16 17:14:00+00:00,254,254,56,25,61,47,27,32,254,0,60
2025-08-16 18:14:00+00:00,254,254,56,25,62,48,27,32,254,0,60
2025-08-16 19:15:00+00:00,254,254,57,25,62,49,27,32,254,0,60
2025-08-16 20:15:00+00:00,254,254,58,25,62,50,28,33,254,0,60
2025-08-16 21:15:00+00:00,254,254,59,26,63,52,28,33,254,0,60
2025-08-16 22:15:00+00:00,254,254,60,26,63,53,28,33,254,0,60
2025-08-16 23:15:00+00:00,254,254,61,26,64,54,28,33,254,0,60
2025-08-17 00:15:00+00:00,254,254,63,27,64,55,29,33,254,0,60
2025-08-17 01:15:00+00:00,254,254,64,27,65,56,29,33,254,0,60
2025-08-17 02:15:00+00:00,254,254,65,27,65,57,29,33,254,0,60
2025-08-17 03:15:00+00:00,254,254,66,27,66,57,29,33,254,0,60
2025-08-17 04:15:00+00:00,254,254,67,27,67,56,29,33,254,0,60
2025-08-17 05:15:00+00:00,254,254,68,27,67,56,29,33,254,0,60
2025-08-17 06:15:00+00:00,254,254,69,28,68,56,29,33,254,0,60
2025-08-17 07:15:00+00:00,254,254,69,28,69,55,29,33,254,0,60
2025-08-17 08:15:00+00:00,254,254,70,28,69,55,29,33,254,0,103
2025-08-17 09:15:00+00:00,254,254,71,28,70,55,30,33,254,0,60
2025-08-17 10:15:00+00:00,254,254,71,28,71,55,30,33,254,0,60
2025-08-17 11:15:00+00:00,254,254,72,28,71,55,30,33,254,0,60
2025-08-17 12:15:00+00:00,254,254,72,28,72,55,30,33,254,0,60
2025-08-17 13:15:00+00:00,254,254,73,28,72,56,30,33,254,0,60
2025-08-17 14:15:00+00:00,254,254,73,28,73,56,30,33,254,0,60
2025-08-17 15:15:00+00:00,254,254,74,28,73,57,31,33,254,0,60
2025-08-17 16:15:00+00:00,254,254,74,28,74,57,31,33,254,0,60
2025-08-17 17:15:00+00:00,254,254,75,29,74,58,31,33,254,0,60
2025-08-17 18:15:00+00:00,254,254,76,29,74,60,32,33,254,0,60
2025-08-17 19:15:00+00:00,254,254,76,29,74,61,32,33,254,0,60
2025-08-17 20:15:00+00:00,254,254,76,29,74,63,33,34,254,0,60
2025-08-17 21:15:00+00:00,254,254,77,30,74,65,34,34,254,0,60
2025-08-17 22:15:00+00:00,254,254,77,30,74,67,34,34,254,0,60
2025-08-17 23:15:00+00:00,254,254,77,31,74,68,35,34,254,0,60
2025-08-18 00:15:00+00:00,254,254,78,31,74,70,35,34,254,0,60
2025-08-18 01:15:00+00:00,254,254,78,31,74,71,35,34,254,0,60
2025-08-18 02:15:00+00:00,254,254,78,32,74,73,36,34,254,0,60
2025-08-18 03:15:00+00:00,254,254,78,32,74,74,36,34,254,0,60
2025-08-18 04:15:00+00:00,254,254,79,32,75,74,36,34,254,0,60
2025-08-18 05:15:00+00:00,254,254,80,32,75,74,36,34,254,0,60
2025-08-18 06:15:00+00:00,254,254,80,32,76,73,36,34,254,0,60
2025-08-18 07:15:00+00:00,254,254,81,32,76,72,36,34,254,0,60
2025-08-18 08:15:00+00:00,254,254,81,32,77,72,36,34,254,0,103
2025-08-18 09:15:00+00:00,254,254,82,32,78,71,36,34,254,0,60
2025-08-18 10:15:00+00:00,254,254,82,32,78,71,36,34,254,0,60
2025-08-18 11:15:00+00:00,254,254,83,32,79,70,36,34,254,0,60
2025-08-18 12:15:00+00:00,254,254,84,32,80,70,37,35,254,0,60
2025-08-18 13:15:00+00:00,254,254,84,32,80,69,37,35,254,1,60
2025-08-18 14:15:00+00:00,254,254,84,32,81,69,37,35,254,22,60
2025-08-18 15:15:00+00:00,254,254,85,32,82,69,37,35,254,24,60
2025-08-18 16:15:00+00:00,254,254,85,32,82,69,37,35,254,19,60
2025-08-18 17:15:00+00:00,254,254,85,32,83,69,37,35,254,18,60
2025-08-18 18:15:00+00:00,254,254,85,32,83,70,23,35,254,21,60
2025-08-18 19:15:00+00:00,254,254,85,33,83,70,13,35,254,18,60
2025-08-18 20:15:00+00:00,254,254,85,33,82,70,4,35,254,19,60
2025-08-18 21:15:00+00:00,254,254,85,34,74,70,3,35,254,13,60
2025-08-18 22:15:00+00:00,254,254,84,34,19,70,3,34,254,11,60
2025-08-18 23:15:00+00:00,254,254,84,35,12,70,3,31,254,10,60
2025-08-19 00:15:00+00:00,254,254,83,35,6,70,3,24,254,13,60
2025-08-19 01:15:00+00:00,254,254,83,35,5,70,3,18,254,9,60
2025-08-19 02:15:00+00:00,254,254,82,36,4,69,3,17,254,21,60
2025-08-19 03:15:00+00:00,254,254,83,36,4,69,3,16,254,10,60
2025-08-19 04:15:00+00:00,254,254,83,36,4,69,4,16,254,18,60
2025-08-19 05:15:00+00:00,254,254,83,36,5,68,5,16,254,4,60
2025-08-19 06:15:00+00:00,254,254,84,36,6,68,8,16,254,0,60
2025-08-19 07:15:00+00:00,254,254,85,36,6,67,11,16,254,11,60
2025-08-19 08:15:00+00:00,254,254,85,36,5,67,11,16,254,18,103
2025-08-19 09:15:00+00:00,254,254,86,36,4,66,11,16,254,17,60
2025-08-19 10:15:00+00:00,254,254,82,36,4,66,11,16,254,21,60
2025-08-19 11:15:00+00:00,254,254,30,36,4,65,11,16,254,16,60
2025-08-19 12:15:00+00:00,254,254,14,36,4,62,12,16,254,17,60
2025-08-19 13:15:00+00:00,254,254,11,36,4,55,12,16,254,8,60
2025-08-19 14:15:00+00:00,254,254,11,36,4,41,13,16,254,0,60
2025-08-19 15:15:00+00:00,254,254,11,35,5,31,13,16,254,0,60
2025-08-19 16:15:00+00:00,254,254,11,35,6,27,13,16,254,0,60
2025-08-19 17:15:00+00:00,254,254,12,34,7,25,14,17,254,0,60
2025-08-19 18:15:00+00:00,254,254,12,32,9,24,14,17,254,0,60
2025-08-19 19:15:00+00:00,254,254,12,30,11,23,15,17,254,0,60
2025-08-19 20:15:00+00:00,254,254,13,27,13,23,15,17,254,0,60
2025-08-19 21:15:00+00:00,254,254,13,25,14,23,15,17,254,0,60
2025-08-19 22:15:00+00:00,254,254,14,23,15,23,16,17,254,0,60
2025-08-19 23:15:00+00:00,254,254,14,21,16,24,16,18,254,0,60
2025-08-20 00:15:00+00:00,254,254,14,20,16,24,16,18,254,0,60
2025-08-20 01:15:00+00:00,254,254,15,20,16,23,16,18,254,0,60
2025-08-20 02:15:00+00:00,254,254,15,19,16,23,16,18,254,0,60
2025-08-20 03:15:00+00:00,254,254,15,19,17,23,17,18,254,0,60
2025-08-20 04:15:00+00:00,254,254,15,18,17,23,17,18,254,0,60
2025-08-20 05:17:00+00:00,254,254,15,18,17,23,17,18,254,0,60
2025-08-20 06:17:00+00:00,254,254,15,18,17,23,17,18,254,0,60
2025-08-20 07:17:00+00:00,254,254,15,17,17,23,17,18,254,0,60
2025-08-20 08:17:00+00:00,254,254,15,17,18,23,17,18,254,0,103
2025-08-20 09:17:00+00:00,254,254,15,17,18,23,17,18,254,0,60
2025-08-20 10:17:00+00:00,254,254,15,17,18,23,18,18,254,0,60
2025-08-20 11:17:00+00:00,254,254,15,17,18,23,18,18,254,0,60
2025-08-20 12:17:00+00:00,254,254,16,17,18,23,18,18,254,0,60
2025-08-20 13:17:00+00:00,254,254,16,17,18,23,18,18,254,0,60
2025-08-20 14:17:00+00:00,254,254,16,16,18,23,18,18,254,0,60
2025-08-20 15:17:00+00:00,254,254,16,16,19,23,18,18,254,0,60
2025-08-20 16:17:00+00:00,254,254,16,16,19,23,19,19,254,0,60
2025-08-20 17:17:00+00:00,254,254,16,16,19,24,19,19,254,0,60
2025-08-20 18:17:00+00:00,254,254,16,16,19,24,19,19,254,0,60
2025-08-20 19:17:00+00:00,254,254,16,16,20,24,19,19,254,0,60
2025-08-20 20:17:00+00:00,254,254,17,17,20,24,19,19,254,0,60
2025-08-20 21:17:00+00:00,254,254,17,17,20,24,20,19,254,0,60
2025-08-20 22:17:00+00:00,254,254,17,17,20,24,20,19,254,0,60
2025-08-20 23:17:00+00:00,254,254,18,17,21,25,20,19,254,0,60
2025-08-21 00:17:00+00:00,254,254,18,17,21,25,20,19,254,0,60
2025-08-21 01:17:00+00:00,254,254,18,17,21,25,20,19,254,0,60
2025-08-21 02:17:00+00:00,254,254,17,17,21,25,20,19,254,0,60
2025-08-21 03:17:00+00:00,254,254,17,17,21,25,20,20,254,0,60
2025-08-21 04:17:00+00:00,254,254,17,17,21,25,20,20,254,0,60
2025-08-21 05:17:00+00:00,254,254,17,17,21,25,20,20,254,0,60
2025-08-21 06:17:00+00:00,254,254,18,17,21,25,20,20,254,0,60
2025-08-21 07:17:00+00:00,254,254,18,17,21,25,20,20,254,0,60
2025-08-21 08:17:00+00:00,254,254,18,17,21,25,20,20,254,0,103
2025-08-21 09:17:00+00:00,254,254,18,17,21,25,20,20,254,0,60
2025-08-21 10:17:00+00:00,254,254,18,17,21,25,21,20,254,0,60
2025-08-21 11:17:00+00:00,254,254,18,17,22,25,21,20,254,0,60
2025-08-21 12:17:00+00:00,254,254,18,17,22,25,21,20,254,0,60
2025-08-21 13:17:00+00:00,254,254,18,17,22,25,21,20,254,0,60
2025-08-21 14:17:00+00:00,254,254,18,17,22,25,21,20,254,0,60
2025-08-21 15:17:00+00:00,254,254,18,17,22,25,21,20,254,0,60
2025-08-21 16:17:00+00:00,254,254,19,17,22,25,22,20,254,0,60
2025-08-21 17:17:00+00:00,254,254,19,17,23,25,22,20,254,0,60
2025-08-21 18:17:00+00:00,254,254,19,17,23,26,22,20,254,0,60
2025-08-21 19:17:00+00:00,254,254,20,17,23,26,23,20,254,0,60
2025-08-21 20:17:00+00:00,254,254,20,17,23,26,23,21,254,0,60
2025-08-21 21:17:00+00:00,254,254,20,18,23,27,23,21,254,0,60
2025-08-21 22:17:00+00:00,254,254,20,18,24,27,23,21,254,0,60
2025-08-21 23:17:00+00:00,254,254,21,18,24,27,23,21,254,0,60
2025-08-22 00:17:00+00:00,254,254,21,18,24,27,23,21,254,0,60
2025-08-22 01:17:00+00:00,254,254,20,18,24,27,23,21,254,0,60
2025-08-22 02:17:00+00:00,254,254,20,18,24,27,23,21,254,0,60
2025-08-22 03:17:00+00:00,254,254,20,18,23,27,23,21,254,0,60
2025-08-22 04:17:00+00:00,254,254,20,18,24,27,23,21,254,0,60
2025-08-22 05:17:00+00:00,254,254,20,18,24,27,23,21,254,0,60
2025-08-22 06:17:00+00:00,254,254,20,18,24,27,23,21,254,0,60
2025-08-22 07:17:00+00:00,254,254,20,18,24,27,23,21,254,0,60
2025-08-22 08:17:00+00:00,254,254,20,18,24,27,23,21,254,0,103
2025-08-22 09:17:00+00:00,254,254,21,18,24,27,23,21,254,0,60
2025-08-22 10:17:00+00:00,254,254,21,18,24,27,23,21,254,0,60
2025-08-22 11:17:00+00:00,254,254,21,18,24,27,23,21,254,0,60
2025-08-22 12:17:00+00:00,254,254,21,18,25,27,24,21,254,0,60
2025-08-22 13:17:00+00:00,254,254,21,18,25,27,24,21,254,0,60
2025-08-22 14:17:00+00:00,254,254,21,18,25,27,24,22,254,0,60
2025-08-22 15:17:00+00:00,254,254,21,18,25,27,24,22,254,0,60
2025-08-22 16:17:00+00:00,254,254,21,18,25,27,24,22,254,0,60
2025-08-22 17:17:00+00:00,254,254,22,18,26,28,25,22,254,0,60
2025-08-22 18:17:00+00:00,254,254,22,18,26,28,25,22,254,0,60
2025-08-22 19:17:00+00:00,254,254,22,18,26,28,25,22,254,0,60
2025-08-22 20:17:00+00:00,254,254,23,19,26,29,26,22,254,0,60
2025-08-22 21:17:00+00:00,254,254,23,19,26,29,26,22,254,0,60
2025-08-22 22:17:00+00:00,254,254,23,19,26,29,26,23,254,0,60
2025-08-22 23:17:00+00:00,254,254,23,19,26,29,26,23,254,0,60
2025-08-23 00:17:00+00:00,254,254,23,19,26,29,26,23,254,0,60
2025-08-23 01:17:00+00:00,254,254,23,19,26,29,26,23,254,0,60
2025-08-23 02:17:00+00:00,254,254,23,19,26,29,25,23,254,0,60
2025-08-23 03:17:00+00:00,254,254,23,19,26,29,25,23,254,0,60
2025-08-23 04:17:00+00:00,254,254,23,19,26,29,25,23,254,0,60
2025-08-23 05:17:00+00:00,254,254,23,19,26,29,25,23,254,0,60
2025-08-23 06:17:00+00:00,254,254,23,19,26,29,25,23,254,0,60
2025-08-23 07:17:00+00:00,254,254,23,19,26,29,26,23,254,0,60
2025-08-23 08:17:00+00:00,254,254,23,19,26,29,26,23,254,0,103
2025-08-23 09:17:00+00:00,254,254,23,19,27,29,26,23,254,0,60
2025-08-23 10:17:00+00:00,254,254,24,19,27,29,26,23,254,0,60
2025-08-23 11:17:00+00:00,254,254,24,19,27,29,26,23,254,0,60
2025-08-23 12:17:00+00:00,254,254,24,19,27,29,26,23,254,0,60
2025-08-23 13:17:00+00:00,254,254,24,19,27,29,26,23,254,0,60
2025-08-23 14:17:00+00:00,254,254,24,19,27,29,26,23,254,0,60
2025-08-23 15:17:00+00:00,254,254,24,19,28,29,26,23,254,0,60
2025-08-23 16:17:00+00:00,254,254,24,19,28,30,27,23,254,0,60
2025-08-23 17:17:00+00:00,254,254,25,19,28,30,27,23,254,0,60
2025-08-23 18:17:00+00:00,254,254,25,20,28,30,27,23,254,0,60
2025-08-23 19:17:00+00:00,254,254,25,20,28,30,28,24,254,0,60
2025-08-23 20:17:00+00:00,254,254,25,20,28,30,28,24,254,0,60
2025-08-23 21:17:00+00:00,254,254,25,20,28,31,28,24,254,0,60
2025-08-23 22:17:00+00:00,254,254,26,20,28,31,28,24,254,0,60
2025-08-23 23:17:00+00:00,254,254,26,20,28,31,28,24,254,0,60
2025-08-24 00:17:00+00:00,254,254,26,20,28,31,28,24,254,0,60
2025-08-24 01:17:00+00:00,254,254,26,20,28,32,28,24,254,0,60
2025-08-24 02:17:00+00:00,254,254,26,20,28,32,28,24,254,0,60
2025-08-24 03:17:00+00:00,254,254,26,20,28,31,28,24,254,0,60
2025-08-24 04:17:00+00:00,254,254,26,20,28,31,28,24,254,0,60
2025-08-24 05:17:00+00:00,254,254,26,20,28,31,28,24,254,0,60
2025-08-24 06:17:00+00:00,254,254,26,20,29,31,28,24,254,0,60
2025-08-24 07:17:00+00:00,254,254,26,20,29,31,28,24,254,0,60
2025-08-24 08:17:00+00:00,254,254,26,20,29,31,28,24,254,0,103
2025-08-24 09:17:00+00:00,254,254,26,20,29,31,28,24,254,0,60
2025-08-24 10:17:00+00:00,254,254,26,20,29,31,28,24,254,0,60
2025-08-24 11:17:00+00:00,254,254,26,20,29,31,28,24,254,0,60
2025-08-24 12:17:00+00:00,254,254,26,20,29,31,28,24,254,0,60
2025-08-24 13:17:00+00:00,254,254,26,21,29,31,28,25,254,0,60
2025-08-24 14:17:00+00:00,254,254,26,21,30,31,29,25,254,0,60
2025-08-24 15:17:00+00:00,254,254,27,21,30,31,29,25,254,0,60
2025-08-24 16:17:00+00:00,254,254,27,21,30,32,29,25,254,0,60
2025-08-24 17:17:00+00:00,254,254,27,21,30,32,29,25,254,0,60
2025-08-24 18:17:00+00:00,254,254,27,21,30,32,30,25,254,0,60
2025-08-24 19:17:00+00:00,254,254,28,21,30,32,30,25,254,0,60
2025-08-24 20:17:00+00:00,254,254,28,21,30,32,30,25,254,0,60
2025-08-24 21:17:00+00:00,254,254,28,21,30,33,30,25,254,0,60
2025-08-24 22:17:00+00:00,254,254,28,21,30,33,30,25,254,0,60
2025-08-24 23:17:00+00:00,254,254,28,21,31,33,30,25,254,0,60
2025-08-25 00:17:00+00:00,254,254,28,21,31,33,30,25,254,0,60
2025-08-25 01:17:00+00:00,254,254,28,21,31,33,30,25,254,0,60
2025-08-25 02:17:00+00:00,254,254,28,21,31,33,30,25,254,0,60
2025-08-25 03:17:00+00:00,254,254,28,21,31,33,30,25,254,0,60
2025-08-25 04:17:00+00:00,254,254,28,21,31,33,30,25,254,0,60
2025-08-25 05:17:00+00:00,254,254,28,21,31,33,30,25,254,0,60
2025-08-25 06:17:00+00:00,254,254,28,21,31,33,27,25,254,0,60
2025-08-25 07:17:00+00:00,254,254,28,21,31,33,18,25,254,0,60
2025-08-25 08:17:00+00:00,254,254,28,22,31,33,13,25,254,0,103
2025-08-25 09:17:00+00:00,254,254,28,22,31,33,11,25,254,0,60
2025-08-25 10:17:00+00:00,254,254,28,22,31,33,3,25,254,0,60
2025-08-25 11:17:00+00:00,254,254,28,21,31,33,3,25,254,1,60
2025-08-25 12:17:00+00:00,254,254,28,22,31,33,3,25,254,0,60
2025-08-25 13:17:00+00:00,254,254,28,22,31,33,3,23,254,0,60
2025-08-25 14:17:00+00:00,254,254,29,22,31,33,4,22,254,0,60
2025-08-25 15:17:00+00:00,254,254,29,22,32,33,4,21,254,2,60
2025-08-25 16:17:00+00:00,254,254,29,22,32,33,5,20,254,0,60
2025-08-25 17:17:00+00:00,254,254,29,22,32,33,7,20,254,0,60
2025-08-25 18:17:00+00:00,254,254,29,22,32,33,10,19,254,0,60
2025-08-25 19:17:00+00:00,254,254,29,22,32,33,11,19,254,0,60
2025-08-25 20:17:00+00:00,254,254,29,22,32,34,12,19,254,0,60
2025-08-25 21:17:00+00:00,254,254,30,22,32,34,13,19,254,0,60
2025-08-25 22:17:00+00:00,254,254,30,22,32,35,13,19,254,0,60
2025-08-25 23:17:00+00:00,254,254,30,23,32,35,14,19,254,0,60
2025-08-26 00:17:00+00:00,254,254,31,23,32,35,14,19,254,0,60
2025-08-26 01:17:00+00:00,254,254,31,23,32,35,15,19,254,0,60
2025-08-26 02:17:00+00:00,254,254,31,23,32,35,15,19,254,0,60
2025-08-26 03:17:00+00:00,254,254,30,23,32,35,15,19,254,0,60
2025-08-26 04:17:00+00:00,254,254,30,23,32,35,15,19,254,0,60
2025-08-26 05:17:00+00:00,254,254,30,23,33,35,15,19,254,0,60
2025-08-26 06:17:00+00:00,254,254,30,23,32,35,15,19,254,0,60
2025-08-26 07:17:00+00:00,254,254,30,23,33,35,16,19,254,0,60
2025-08-26 08:17:00+00:00,254,254,30,23,33,35,16,19,254,0,103
2025-08-26 09:17:00+00:00,254,254,30,23,33,35,16,19,254,0,60
2025-08-26 10:17:00+00:00,254,254,30,23,33,35,16,19,254,0,60
2025-08-26 11:17:00+00:00,254,254,31,23,33,35,16,19,254,0,60
2025-08-26 12:17:00+00:00,254,254,31,23,33,35,16,19,254,1,60
2025-08-26 13:17:00+00:00,254,254,31,23,33,35,17,19,254,0,60
2025-08-26 14:17:00+00:00,254,254,31,23,33,35,17,19,254,0,60
2025-08-26 15:17:00+00:00,254,254,31,23,33,35,17,19,254,0,60
2025-08-26 16:17:00+00:00,254,254,31,23,33,35,17,19,254,0,60
2025-08-26 17:17:00+00:00,254,254,31,23,33,35,17,19,254,0,60
2025-08-26 18:17:00+00:00,254,254,31,23,33,35,17,19,254,0,60
2025-08-26 19:17:00+00:00,254,254,31,23,34,35,17,19,254,2,60
2025-08-26 20:17:00+00:00,254,254,31,23,33,35,17,19,254,0,60
2025-08-26 21:17:00+00:00,254,254,31,23,34,35,17,20,254,17,60
2025-08-26 22:17:00+00:00,254,254,31,23,34,35,16,20,254,15,60
2025-08-26 23:17:00+00:00,254,254,31,23,34,35,13,20,254,6,60
2025-08-27 00:17:00+00:00,254,254,31,23,34,35,12,20,254,7,60
2025-08-27 01:17:00+00:00,254,254,31,23,33,35,11,19,254,3,60
2025-08-27 02:17:00+00:00,254,254,31,23,33,35,9,19,254,4,60
2025-08-27 03:17:00+00:00,254,254,31,23,32,35,9,19,254,1,60
2025-08-27 04:17:00+00:00,254,254,31,23,30,35,10,19,254,1,60
2025-08-27 05:17:00+00:00,254,254,31,23,29,35,11,18,254,0,60
2025-08-27 06:17:00+00:00,254,254,31,23,27,35,11,18,254,1,60
2025-08-27 07:17:00+00:00,254,254,31,23,26,35,11,18,254,0,60
2025-08-27 08:17:00+00:00,254,254,30,23,25,35,13,18,254,0,103
2025-08-27 09:17:00+00:00,254,254,30,23,25,35,12,18,254,0,60
2025-08-27 10:17:00+00:00,254,254,30,23,25,35,12,18,254,0,60
2025-08-27 11:17:00+00:00,254,254,30,23,24,35,12,18,254,1,60
2025-08-27 12:17:00+00:00,254,254,30,23,24,35,13,18,254,0,60
2025-08-27 13:17:00+00:00,254,254,29,23,24,35,13,18,254,0,60
2025-08-27 14:17:00+00:00,254,254,29,23,24,35,13,18,254,0,60
2025-08-27 15:17:00+00:00,254,254,29,23,24,35,14,18,254,0,60
2025-08-27 16:17:00+00:00,254,254,29,23,24,35,14,18,254,0,60
2025-08-27 17:17:00+00:00,254,254,29,23,24,35,14,18,254,0,60
2025-08-27 18:17:00+00:00,254,254,29,23,24,36,14,18,254,10,60
2025-08-27 19:17:00+00:00,254,254,29,23,24,36,13,18,254,4,60
2025-08-27 20:17:00+00:00,254,254,28,23,23,36,13,18,254,0,60
2025-08-27 21:17:00+00:00,254,254,28,23,23,36,13,18,254,0,60
2025-08-27 22:17:00+00:00,254,254,28,23,22,36,13,18,254,0,60
2025-08-27 23:17:00+00:00,254,254,28,23,22,36,14,18,254,0,60
2025-08-28 00:17:00+00:00,254,254,27,24,22,36,14,18,254,0,60
2025-08-28 01:17:00+00:00,254,254,27,24,22,36,14,18,254,0,60
2025-08-28 02:17:00+00:00,254,254,27,24,22,36,14,18,254,0,60
2025-08-28 03:17:00+00:00,254,254,27,23,22,36,14,18,254,0,60
2025-08-28 04:17:00+00:00,254,254,27,23,22,36,14,18,254,0,60
2025-08-28 05:17:00+00:00,254,254,26,23,23,36,15,18,254,0,60
2025-08-28 06:17:00+00:00,254,254,26,23,23,36,15,18,254,0,60
2025-08-28 07:17:00+00:00,254,254,26,23,23,36,15,18,254,0,60
2025-08-28 08:17:00+00:00,254,254,26,23,23,36,15,18,254,0,103
2025-08-28 09:17:00+00:00,254,254,26,23,23,36,15,18,254,0,60
2025-08-28 10:17:00+00:00,254,254,26,23,23,36,16,18,254,0,60
2025-08-28 11:17:00+00:00,254,254,26,23,23,36,16,18,254,0,60
2025-08-28 12:17:00+00:00,254,254,26,23,23,36,16,18,254,0,60
2025-08-28 13:17:00+00:00,254,254,26,23,24,36,16,18,254,0,60
2025-08-28 14:17:00+00:00,254,254,26,23,24,36,16,18,254,0,60
2025-08-28 15:17:00+00:00,254,254,26,23,24,36,16,18,254,0,60
2025-08-28 16:17:00+00:00,254,254,26,23,24,36,17,18,254,0,60
2025-08-28 17:17:00+00:00,254,254,26,24,24,36,17,19,254,0,60
2025-08-28 18:17:00+00:00,254,254,26,24,25,37,17,19,254,0,60
2025-08-28 19:17:00+00:00,254,254,27,24,25,37,18,19,254,0,60
2025-08-28 20:17:00+00:00,254,254,27,24,25,38,18,19,254,0,60
2025-08-28 21:17:00+00:00,254,254,28,24,25,39,18,19,254,0,60
2025-08-28 22:17:00+00:00,254,254,28,24,25,39,18,19,254,0,60
2025-08-28 23:17:00+00:00,254,254,28,25,26,40,19,19,254,0,60
2025-08-29 00:17:00+00:00,254,254,28,25,26,40,19,19,254,0,60
2025-08-29 01:17:00+00:00,254,254,28,25,26,40,19,19,254,0,60
2025-08-29 02:17:00+00:00,254,254,28,25,26,40,18,19,254,0,60
2025-08-29 03:17:00+00:00,254,254,28,25,26,39,18,19,254,0,60
2025-08-29 04:17:00+00:00,254,254,27,25,26,39,19,19,254,0,60
2025-08-29 05:17:00+00:00,254,254,27,25,26,39,19,20,254,0,60
2025-08-29 06:17:00+00:00,254,254,27,25,26,39,19,20,254,0,60
2025-08-29 07:17:00+00:00,254,254,27,24,26,39,19,20,254,0,60
2025-08-29 08:17:00+00:00,254,254,27,24,27,39,19,20,254,0,103
2025-08-29 09:17:00+00:00,254,254,27,24,27,39,19,20,254,0,60
2025-08-29 10:17:00+00:00,254,254,28,24,27,38,19,20,254,0,60
2025-08-29 11:17:00+00:00,254,254,28,24,27,38,19,20,254,0,60
2025-08-29 12:17:00+00:00,254,254,28,24,27,38,19,20,254,0,60
2025-08-29 13:17:00+00:00,254,254,28,24,27,38,20,20,254,0,60
2025-08-29 14:17:00+00:00,254,254,28,24,28,38,20,20,254,0,60
2025-08-29 15:17:00+00:00,254,254,28,24,28,38,20,20,254,0,60
2025-08-29 16:17:00+00:00,254,254,28,24,28,39,20,20,254,0,60
2025-08-29 17:17:00+00:00,254,254,28,24,28,39,20,20,254,0,60
2026-05-04 21:30:00+00:00,254,254,5,9,11,9,4,3,254,0,60
2026-05-04 21:44:00+00:00,77,254,8,11,12,8,6,5,254,0,60
2026-05-04 22:44:00+00:00,62,254,16,14,11,13,13,16,254,3,60
2026-05-04 23:44:00+00:00,63,254,18,14,12,17,15,18,254,0,60
2026-05-05 00:44:00+00:00,63,254,19,15,12,18,15,18,254,0,60
2026-05-05 01:44:00+00:00,63,254,19,15,12,18,15,18,254,0,60
2026-05-05 02:44:00+00:00,64,254,20,15,12,18,15,18,254,0,60
2026-05-05 03:44:00+00:00,64,254,20,15,12,18,15,18,254,0,60
2026-05-05 04:44:00+00:00,64,254,20,15,12,18,16,18,254,0,60
2026-05-05 05:44:00+00:00,64,254,21,15,12,18,16,18,254,0,60
2026-05-05 06:44:00+00:00,64,254,21,15,12,18,16,18,254,0,60
2026-05-05 07:44:00+00:00,64,254,21,15,13,18,16,18,254,0,60
2026-05-05 08:44:00+00:00,63,254,22,15,13,18,16,18,254,0,103
2026-05-05 09:44:00+00:00,63,254,22,15,13,18,16,18,254,0,60
2026-05-05 10:44:00+00:00,63,254,22,15,13,18,17,18,254,0,60
2026-05-05 11:44:00+00:00,62,254,22,14,13,18,17,18,254,0,60
2026-05-05 12:44:00+00:00,62,254,23,15,13,18,17,18,254,0,60
2026-05-05 13:44:00+00:00,62,254,23,15,13,18,17,18,254,0,60
2026-05-05 14:44:00+00:00,61,254,23,15,13,18,17,18,254,0,60
2026-05-05 15:44:00+00:00,61,254,24,15,13,18,17,18,254,0,60
2026-05-05 16:44:00+00:00,61,254,24,15,13,18,17,18,254,0,60
2026-05-05 17:44:00+00:00,61,254,24,15,13,18,17,18,254,0,60
2026-05-05 18:44:00+00:00,61,254,23,15,13,18,17,18,254,0,60
2026-05-05 19:44:00+00:00,61,254,23,15,13,18,17,18,254,0,60
2026-05-05 20:44:00+00:00,62,254,23,15,13,18,17,18,254,0,60
2026-05-05 21:44:00+00:00,63,254,23,15,13,18,17,18,254,0,60
2026-05-05 22:44:00+00:00,64,254,22,15,13,18,16,18,254,0,60
2026-05-05 23:44:00+00:00,64,254,22,15,13,18,16,18,254,0,60
2026-05-06 00:44:00+00:00,65,254,22,15,13,19,17,18,254,0,60
2026-05-06 01:44:00+00:00,66,254,22,15,13,18,17,18,254,0,60
2026-05-06 02:44:00+00:00,66,254,22,15,13,18,17,18,254,0,60
2026-05-06 03:44:00+00:00,66,254,22,15,13,18,17,18,254,0,60
2026-05-06 04:44:00+00:00,66,254,23,15,13,18,17,18,254,0,60
2026-05-06 05:44:00+00:00,66,254,23,15,13,18,17,18,254,0,60
2026-05-06 06:44:00+00:00,66,254,23,15,13,18,17,18,254,0,60
2026-05-06 07:44:00+00:00,65,254,24,15,13,18,17,18,254,0,60
2026-05-06 08:44:00+00:00,65,254,24,15,13,18,18,18,254,0,103
2026-05-06 09:44:00+00:00,64,254,24,15,13,18,17,17,254,0,60
2026-05-06 10:44:00+00:00,64,254,24,15,13,18,18,17,254,0,60
2026-05-06 11:44:00+00:00,63,254,25,15,13,18,18,17,254,0,60
2026-05-06 12:44:00+00:00,63,254,25,15,13,18,18,18,254,0,60
2026-05-06 13:44:00+00:00,62,254,25,15,13,18,18,17,254,0,60
2026-05-06 14:44:00+00:00,62,254,25,15,13,18,18,17,254,0,60
2026-05-06 15:44:00+00:00,61,254,26,15,14,18,18,17,254,0,60
2026-05-06 16:44:00+00:00,61,254,26,15,14,18,18,18,254,0,60
2026-05-06 17:44:00+00:00,61,254,26,15,14,18,18,17,254,0,60
2026-05-06 18:44:00+00:00,61,254,25,15,14,18,18,18,254,0,60
2026-05-06 19:44:00+00:00,61,254,25,15,14,18,18,18,254,0,60
2026-05-06 20:44:00+00:00,62,254,24,15,13,18,18,18,254,0,60
2026-05-06 21:44:00+00:00,63,254,24,15,14,18,18,18,254,0,60
2026-05-06 22:44:00+00:00,64,254,24,15,13,18,17,18,254,0,60
2026-05-06 23:44:00+00:00,64,254,23,15,13,18,17,18,254,0,60
2026-05-07 00:44:00+00:00,65,254,23,15,13,18,17,18,254,0,60
2026-05-07 01:44:00+00:00,66,254,23,15,13,18,17,18,254,0,60
2026-05-07 02:44:00+00:00,67,254,24,16,13,19,17,18,254,0,60
2026-05-07 03:44:00+00:00,67,254,24,15,14,18,18,18,254,0,60
2026-05-07 04:44:00+00:00,67,254,24,15,14,18,18,18,254,0,60
2026-05-07 05:44:00+00:00,67,254,24,15,14,18,18,18,254,0,60
2026-05-07 06:44:00+00:00,66,254,24,15,13,18,18,17,254,0,60
2026-05-07 07:44:00+00:00,66,254,25,15,13,18,18,17,254,0,60
2026-05-07 08:44:00+00:00,66,254,25,15,14,18,18,17,254,0,103
2026-05-07 09:44:00+00:00,65,254,25,15,14,18,18,17,254,0,60
2026-05-07 10:44:00+00:00,65,254,25,15,14,18,18,17,254,0,60
2026-05-07 11:44:00+00:00,65,254,26,15,14,18,19,17,254,0,60
2026-05-07 12:44:00+00:00,64,254,26,15,14,18,18,17,254,0,60
2026-05-07 13:44:00+00:00,64,254,26,15,14,18,19,17,254,0,60
2026-05-07 14:44:00+00:00,63,254,26,15,14,18,19,17,254,0,60
2026-05-07 15:44:00+00:00,63,254,26,15,14,18,19,17,254,0,60
2026-05-07 16:44:00+00:00,63,254,26,15,14,18,19,17,254,0,60
2026-05-07 17:44:00+00:00,63,254,26,15,14,18,19,17,254,0,60
2026-05-07 18:44:00+00:00,63,254,26,15,14,18,18,17,254,0,60
2026-05-07 19:44:00+00:00,63,254,25,16,14,18,18,17,254,0,60
2026-05-07 20:44:00+00:00,64,254,25,15,14,18,18,17,254,0,60
2026-05-07 21:44:00+00:00,65,254,25,15,14,18,18,18,254,0,60
2026-05-07 22:44:00+00:00,65,254,25,15,14,18,18,17,254,0,60
2026-05-07 23:44:00+00:00,66,254,24,15,14,18,18,17,254,0,60
2026-05-08 00:44:00+00:00,67,254,25,15,14,18,18,18,254,0,60
2026-05-08 01:44:00+00:00,67,254,24,16,14,18,18,18,254,0,60
2026-05-08 02:44:00+00:00,67,254,24,15,14,18,18,18,254,0,60
2026-05-08 03:44:00+00:00,68,254,25,16,14,19,18,18,254,0,60
2026-05-08 04:44:00+00:00,68,254,25,16,14,18,18,18,254,0,60
2026-05-08 05:44:00+00:00,68,254,26,16,14,18,19,18,254,0,60
2026-05-08 06:44:00+00:00,67,254,25,15,14,18,18,17,254,0,60
2026-05-08 07:44:00+00:00,67,254,26,15,14,18,19,17,254,0,60
2026-05-08 08:44:00+00:00,66,254,26,15,14,18,19,17,254,0,103
2026-05-08 09:44:00+00:00,66,254,26,15,14,18,19,17,254,0,60
2026-05-08 10:44:00+00:00,65,254,27,15,14,18,19,17,254,0,60
2026-05-08 11:44:00+00:00,65,254,27,15,14,18,19,17,254,0,60
2026-05-08 12:44:00+00:00,64,254,27,15,14,18,19,17,254,0,60
2026-05-08 13:44:00+00:00,64,254,27,15,14,18,19,17,254,0,60
2026-05-08 14:44:00+00:00,63,254,27,15,14,18,19,17,254,0,60
2026-05-08 15:44:00+00:00,63,254,28,15,14,18,19,17,254,0,60
2026-05-08 16:44:00+00:00,63,254,27,15,14,18,19,17,254,0,60
2026-05-08 17:44:00+00:00,63,254,27,15,14,18,19,17,254,0,60
2026-05-08 18:44:00+00:00,63,254,27,15,14,18,19,17,254,0,60
2026-05-08 19:44:00+00:00,63,254,26,15,14,18,19,17,254,0,60
2026-05-08 20:44:00+00:00,64,254,26,15,14,18,18,17,254,0,60
2026-05-08 21:44:00+00:00,65,254,26,16,14,18,18,17,254,0,60
2026-05-08 22:44:00+00:00,66,254,26,15,14,18,18,17,254,0,60
2026-05-08 23:44:00+00:00,66,254,25,15,14,18,18,17,254,0,60
2026-05-09 00:44:00+00:00,67,254,26,16,14,18,18,17,254,0,60
2026-05-09 01:44:00+00:00,67,254,25,16,14,18,18,17,254,0,60
2026-05-09 02:44:00+00:00,68,254,26,16,14,19,19,17,254,0,60
2026-05-09 03:44:00+00:00,68,254,26,16,15,19,19,17,254,0,60
2026-05-09 04:44:00+00:00,68,254,26,16,14,18,19,17,254,0,60
2026-05-09 05:44:00+00:00,68,254,27,16,15,18,19,17,254,0,60
2026-05-09 06:44:00+00:00,67,254,26,15,14,18,19,17,254,0,60
2026-05-09 07:44:00+00:00,67,254,27,15,14,18,19,17,254,0,60
2026-05-09 08:44:00+00:00,66,254,27,15,14,18,19,17,254,0,103
2026-05-09 09:44:00+00:00,66,254,27,15,14,18,19,17,254,0,60
2026-05-09 10:44:00+00:00,66,254,27,15,15,18,19,17,254,0,60
2026-05-09 11:44:00+00:00,65,254,28,15,15,18,19,17,254,0,60
2026-05-09 12:44:00+00:00,65,254,28,15,15,18,20,17,254,0,60
2026-05-09 13:44:00+00:00,64,254,28,15,15,18,19,17,254,0,60
2026-05-09 14:44:00+00:00,64,254,28,15,15,18,20,17,254,0,60
2026-05-09 15:44:00+00:00,63,254,28,15,15,18,20,17,254,0,60
2026-05-09 16:44:00+00:00,63,254,28,15,15,18,20,17,254,0,60
2026-05-09 17:44:00+00:00,63,254,28,15,15,18,20,17,254,0,60
2026-05-09 18:44:00+00:00,63,254,28,15,15,18,19,17,254,0,60
2026-05-09 19:44:00+00:00,64,254,27,15,15,18,19,17,254,0,60
2026-05-09 20:44:00+00:00,64,254,27,15,15,18,19,17,254,0,60
2026-05-09 21:44:00+00:00,65,254,27,16,15,18,19,17,254,0,60
2026-05-09 22:44:00+00:00,66,254,26,16,15,18,19,17,254,71,60
2026-05-09 23:44:00+00:00,66,254,26,16,15,18,18,17,254,0,60
2026-05-10 00:44:00+00:00,67,254,26,16,15,18,17,17,254,0,60
2026-05-10 01:44:00+00:00,67,254,26,16,15,18,16,17,254,0,60
2026-05-10 02:44:00+00:00,67,254,26,16,14,18,16,17,254,0,60
2026-05-10 03:44:00+00:00,66,254,26,15,14,18,16,16,254,0,60
2026-05-10 04:44:00+00:00,66,254,26,15,14,18,16,16,254,0,60
2026-05-10 05:44:00+00:00,65,254,26,15,14,18,16,16,254,0,60
2026-05-10 06:44:00+00:00,65,254,26,15,14,18,16,16,254,0,60
2026-05-10 07:44:00+00:00,64,254,26,15,14,18,16,16,254,0,60
2026-05-10 08:44:00+00:00,64,254,26,15,14,18,16,16,254,0,103
2026-05-10 09:44:00+00:00,63,254,26,15,14,18,16,16,254,0,60
2026-05-10 10:44:00+00:00,62,254,26,15,14,17,16,16,254,0,60
2026-05-10 11:44:00+00:00,62,254,26,15,14,17,16,16,254,0,60
2026-05-10 12:44:00+00:00,61,254,26,15,14,18,16,16,254,0,60
2026-05-10 13:44:00+00:00,61,254,26,15,14,18,16,16,254,0,60
2026-05-10 14:44:00+00:00,60,254,26,15,14,17,16,16,254,0,60
2026-05-10 15:44:00+00:00,60,254,26,15,14,17,16,16,254,0,60
2026-05-10 16:44:00+00:00,59,254,26,15,14,18,16,16,254,0,60
2026-05-10 17:44:00+00:00,59,254,26,15,14,18,16,16,254,0,60
2026-05-10 18:44:00+00:00,60,254,25,15,14,18,16,16,254,0,60
2026-05-10 19:44:00+00:00,60,254,25,15,14,18,16,16,254,0,60
2026-05-10 20:44:00+00:00,61,254,24,15,14,18,16,16,254,0,60
2026-05-10 21:44:00+00:00,62,254,24,15,14,18,16,16,254,0,60
2026-05-10 22:44:00+00:00,63,254,24,16,14,18,16,16,254,0,60
2026-05-10 23:44:00+00:00,63,254,24,16,14,18,16,16,254,0,60
2026-05-11 00:44:00+00:00,64,254,23,15,14,18,16,16,254,0,60
2026-05-11 01:44:00+00:00,64,254,23,15,14,18,16,16,254,0,60
2026-05-11 02:44:00+00:00,65,254,23,16,14,18,16,16,254,0,60
2026-05-11 03:44:00+00:00,65,254,23,15,14,18,16,16,254,0,60
2026-05-11 04:44:00+00:00,65,254,24,15,14,18,16,16,254,0,60
2026-05-11 05:44:00+00:00,65,254,24,15,14,18,16,16,254,0,60
2026-05-11 06:44:00+00:00,64,254,24,15,14,18,16,16,254,0,60
2026-05-11 07:44:00+00:00,64,254,24,15,14,18,16,16,254,0,60
2026-05-11 08:44:00+00:00,64,254,24,15,14,18,16,16,254,0,103
2026-05-11 09:44:00+00:00,63,254,25,15,14,18,17,16,254,0,60
2026-05-11 10:44:00+00:00,63,254,25,15,14,18,17,16,254,0,60
2026-05-11 11:44:00+00:00,62,254,25,15,14,17,17,16,254,0,60
2026-05-11 12:44:00+00:00,62,254,25,15,14,17,17,16,254,0,60
2026-05-11 13:44:00+00:00,62,254,25,15,14,17,17,16,254,0,60
2026-05-11 14:44:00+00:00,61,254,25,15,14,17,17,16,254,0,60
2026-05-11 15:44:00+00:00,61,254,25,15,14,17,17,16,254,0,60
2026-05-11 16:44:00+00:00,61,254,25,15,14,17,17,16,254,0,60
2026-05-11 17:44:00+00:00,61,254,25,15,14,18,17,16,254,0,60
2026-05-11 18:44:00+00:00,61,254,25,15,14,18,17,16,254,0,60
2026-05-11 19:44:00+00:00,62,254,24,15,14,18,16,16,254,0,60
2026-05-11 20:44:00+00:00,63,254,24,15,14,18,17,16,254,0,60
2026-05-11 21:44:00+00:00,64,254,24,15,14,18,16,16,254,0,60
2026-05-11 22:44:00+00:00,65,254,24,15,14,18,16,16,254,0,60
2026-05-11 23:44:00+00:00,66,254,23,15,14,18,16,16,254,0,60
2026-05-12 00:44:00+00:00,67,254,23,16,14,18,16,16,254,0,60
2026-05-12 01:44:00+00:00,68,254,24,16,14,18,16,16,254,0,60
2026-05-12 02:44:00+00:00,68,254,24,16,14,18,17,16,254,0,60
2026-05-12 03:44:00+00:00,68,254,24,16,14,18,17,16,254,0,60
2026-05-12 04:44:00+00:00,68,254,24,15,14,18,17,16,254,0,60
2026-05-12 05:44:00+00:00,68,254,24,15,14,18,17,16,254,0,60
2026-05-12 06:44:00+00:00,68,254,24,15,14,18,17,16,254,0,60
2026-05-12 07:44:00+00:00,68,254,25,15,14,18,17,16,254,0,60
2026-05-12 08:44:00+00:00,67,254,25,15,14,18,17,16,254,0,103
2026-05-12 09:44:00+00:00,67,254,25,15,14,18,17,16,254,0,60
2026-05-12 10:44:00+00:00,66,254,25,15,14,17,17,15,254,0,60
2026-05-12 11:44:00+00:00,66,254,25,15,14,17,17,15,254,0,60
2026-05-12 12:44:00+00:00,65,254,26,15,14,17,17,15,254,0,60
2026-05-12 13:44:00+00:00,65,254,26,15,15,17,18,15,254,0,60
2026-05-12 14:44:00+00:00,64,254,26,15,14,17,17,15,254,0,60
2026-05-12 15:44:00+00:00,64,254,26,15,15,17,18,15,254,0,60
2026-05-12 16:44:00+00:00,64,254,26,15,15,17,17,15,254,0,60
2026-05-12 17:44:00+00:00,64,254,25,15,14,17,17,15,254,0,60
2026-05-12 18:44:00+00:00,64,254,25,15,14,17,17,15,254,0,60
2026-05-12 19:44:00+00:00,65,254,25,15,15,18,17,16,254,0,60
2026-05-12 20:44:00+00:00,66,254,25,15,14,18,17,15,254,0,60
2026-05-12 21:44:00+00:00,67,254,24,16,14,18,17,16,254,0,60
2026-05-12 22:44:00+00:00,68,254,24,16,15,18,17,16,254,0,60
2026-05-12 23:44:00+00:00,69,254,24,16,14,18,17,16,254,0,60
2026-05-13 00:44:00+00:00,70,254,24,16,14,18,17,16,254,0,60
2026-05-13 01:44:00+00:00,71,254,24,16,14,18,17,16,254,0,60
2026-05-13 02:44:00+00:00,71,254,24,16,14,18,17,16,254,0,60
2026-05-13 03:44:00+00:00,72,254,24,16,15,18,17,16,254,0,60
2026-05-13 04:44:00+00:00,72,254,25,16,15,18,17,16,254,0,60
2026-05-13 05:44:00+00:00,72,254,25,16,15,18,17,16,254,0,60
2026-05-13 06:44:00+00:00,71,254,25,15,15,18,17,15,254,0,60
2026-05-13 07:44:00+00:00,71,254,25,15,15,18,17,15,254,0,60
2026-05-13 08:44:00+00:00,71,254,25,15,15,18,18,15,254,0,103
2026-05-13 09:44:00+00:00,70,254,26,15,15,18,18,15,254,0,60
2026-05-13 10:44:00+00:00,70,254,26,15,15,18,18,15,254,0,60
2026-05-13 11:44:00+00:00,69,254,26,15,15,17,18,15,254,0,60
2026-05-13 12:44:00+00:00,69,254,26,15,15,17,18,15,254,0,60
2026-05-13 13:44:00+00:00,68,254,26,15,15,17,18,15,254,0,60
2026-05-13 14:44:00+00:00,68,254,26,15,15,17,18,15,254,0,60
2026-05-13 15:44:00+00:00,67,254,26,15,15,17,18,15,254,0,60
2026-05-13 16:44:00+00:00,67,254,26,15,15,17,18,15,254,0,60
2026-05-13 17:44:00+00:00,67,254,26,15,15,17,18,15,254,0,60
2026-05-13 18:44:00+00:00,67,254,26,15,15,17,18,15,254,0,60
2026-05-13 19:44:00+00:00,67,254,26,15,15,17,18,15,254,0,60
2026-05-13 20:44:00+00:00,67,254,26,15,15,17,18,15,254,0,60
2026-05-13 21:44:00+00:00,68,254,26,15,15,18,18,15,254,0,60
2026-05-13 22:44:00+00:00,69,254,26,15,15,18,18,15,254,0,60
2026-05-13 23:44:00+00:00,69,254,26,15,15,18,18,15,254,0,60
2026-05-14 00:44:00+00:00,69,254,26,15,15,18,18,15,254,0,60
2026-05-14 01:44:00+00:00,70,254,26,16,15,18,18,15,254,0,60
2026-05-14 02:44:00+00:00,70,254,26,16,15,18,18,15,254,0,60
2026-05-14 03:44:00+00:00,70,254,27,16,15,18,18,15,254,0,60
2026-05-14 04:44:00+00:00,69,254,27,15,15,17,18,15,254,0,60
2026-05-14 05:44:00+00:00,69,254,27,15,15,17,18,15,254,0,60
2026-05-14 06:44:00+00:00,69,254,27,15,15,17,18,15,254,0,60
2026-05-14 07:44:00+00:00,68,254,28,15,15,17,19,15,254,0,60
2026-05-14 08:44:00+00:00,67,254,28,15,15,17,19,15,254,0,103
2026-05-14 09:44:00+00:00,67,254,28,15,15,17,19,15,254,0,60
2026-05-14 10:44:00+00:00,66,254,28,15,15,17,18,15,254,0,60
2026-05-14 11:44:00+00:00,66,254,28,15,15,17,19,15,254,0,60
2026-05-14 12:44:00+00:00,65,254,29,15,15,17,19,15,254,0,60
2026-05-14 13:44:00+00:00,65,254,29,15,15,17,19,15,254,0,60
2026-05-14 14:44:00+00:00,64,254,29,15,15,17,19,15,254,0,60
2026-05-14 15:44:00+00:00,64,254,29,15,15,17,19,15,254,0,60
2026-05-14 16:44:00+00:00,63,254,29,15,15,17,19,15,254,0,60
2026-05-14 17:44:00+00:00,64,254,28,15,15,17,19,15,254,0,60
2026-05-14 18:44:00+00:00,64,254,28,15,15,17,19,15,254,0,60
2026-05-14 19:44:00+00:00,64,254,28,15,15,17,18,15,254,0,60
2026-05-14 20:44:00+00:00,65,254,28,15,15,17,18,15,254,0,60
2026-05-14 21:44:00+00:00,66,254,27,15,15,17,18,15,254,0,60
2026-05-14 22:44:00+00:00,67,254,27,15,15,18,18,15,254,0,60
2026-05-14 23:44:00+00:00,68,254,27,16,15,18,18,15,254,0,60
2026-05-15 00:44:00+00:00,69,254,27,16,15,18,18,15,254,0,60
2026-05-15 01:44:00+00:00,69,254,27,16,15,18,18,15,254,0,60
2026-05-15 02:44:00+00:00,70,254,27,16,15,18,19,15,254,0,60
2026-05-15 03:44:00+00:00,70,254,27,16,15,18,18,15,254,6,60
2026-05-15 04:44:00+00:00,70,254,27,16,12,18,19,15,254,53,60
2026-05-15 05:44:00+00:00,70,254,28,16,10,17,19,15,254,1,60
2026-05-15 06:44:00+00:00,69,254,27,15,10,17,18,15,254,0,60
2026-05-15 07:44:00+00:00,68,254,28,15,10,17,18,15,254,0,60
2026-05-15 08:44:00+00:00,67,254,27,15,10,16,17,15,254,0,103
2026-05-15 09:44:00+00:00,67,254,28,15,11,16,17,15,254,0,60
2026-05-15 10:44:00+00:00,66,254,27,15,11,16,17,14,254,0,60
2026-05-15 11:44:00+00:00,65,254,28,15,11,16,17,14,254,0,60
2026-05-15 12:44:00+00:00,65,254,28,15,11,16,17,14,254,0,60
2026-05-15 13:44:00+00:00,64,254,27,15,11,16,16,14,254,0,60
2026-05-15 14:44:00+00:00,63,254,28,15,11,16,16,14,254,0,60
2026-05-15 15:44:00+00:00,63,254,28,15,11,16,16,14,254,0,60
2026-05-15 16:44:00+00:00,62,254,27,15,11,16,16,14,254,0,60
2026-05-15 17:44:00+00:00,62,254,27,15,11,16,16,14,254,0,60
2026-05-15 18:44:00+00:00,62,254,26,15,11,16,16,14,254,0,60
2026-05-15 19:44:00+00:00,63,254,26,15,12,16,16,14,254,0,60
2026-05-15 20:44:00+00:00,63,254,26,15,12,16,16,15,254,0,60
2026-05-15 21:44:00+00:00,64,254,25,15,12,16,16,14,254,0,60
2026-05-15 22:44:00+00:00,64,254,25,15,12,16,15,14,254,0,60
2026-05-15 23:44:00+00:00,65,254,25,15,12,17,16,15,254,0,60
2026-05-16 00:44:00+00:00,66,254,25,15,12,17,15,15,254,0,60
2026-05-16 01:44:00+00:00,66,254,25,15,12,16,16,15,254,0,60
2026-05-16 02:44:00+00:00,66,254,25,15,12,16,16,14,254,0,60
2026-05-16 03:44:00+00:00,66,254,25,15,12,16,16,14,254,0,60
2026-05-16 04:44:00+00:00,66,254,25,15,12,16,16,14,254,0,60
2026-05-16 05:44:00+00:00,65,254,25,15,12,16,16,14,254,0,60
2026-05-16 06:44:00+00:00,65,254,26,15,12,16,16,14,254,0,60
2026-05-16 07:44:00+00:00,64,254,25,15,12,16,16,14,254,0,60
2026-05-16 08:44:00+00:00,64,254,26,15,12,16,16,14,254,0,103
2026-05-16 09:44:00+00:00,63,254,26,15,12,16,16,14,254,0,60
2026-05-16 10:44:00+00:00,63,254,26,15,13,16,17,14,254,0,60
2026-05-16 11:44:00+00:00,63,254,27,15,13,16,17,14,254,0,60
2026-05-16 12:44:00+00:00,62,254,26,15,13,16,17,14,254,0,60
2026-05-16 13:44:00+00:00,62,254,26,15,13,16,17,14,254,0,60
2026-05-16 14:44:00+00:00,61,254,27,15,13,16,17,14,254,0,60
2026-05-16 15:44:00+00:00,61,254,27,15,13,16,17,14,254,0,60
2026-05-16 16:44:00+00:00,61,254,27,15,13,16,17,14,254,0,60
2026-05-16 17:44:00+00:00,60,254,26,15,3,16,17,14,254,56,60
2026-05-16 18:44:00+00:00,60,254,26,15,0,14,14,13,254,0,60
2026-05-16 19:44:00+00:00,61,254,26,15,0,14,12,13,254,0,60
2026-05-16 20:44:00+00:00,61,254,26,15,0,13,11,13,254,0,60
2026-05-16 21:44:00+00:00,61,254,25,15,0,13,11,13,254,0,60
2026-05-16 22:44:00+00:00,62,254,25,15,0,13,11,13,254,0,60
2026-05-16 23:44:00+00:00,62,254,24,15,0,13,11,13,254,0,60
2026-05-17 00:44:00+00:00,62,254,24,15,0,13,11,13,254,0,60
2026-05-17 01:44:00+00:00,62,254,24,15,1,14,11,13,254,0,60
2026-05-17 02:44:00+00:00,62,254,24,15,3,14,12,13,254,0,60
2026-05-17 03:44:00+00:00,62,254,24,15,4,14,12,13,254,0,60
2026-05-17 04:44:00+00:00,62,254,24,15,6,14,12,14,254,0,60
2026-05-17 05:44:00+00:00,61,254,24,15,8,14,12,14,254,0,60
2026-05-17 06:44:00+00:00,61,254,24,15,9,14,13,14,254,0,60
2026-05-17 07:44:00+00:00,60,254,24,15,9,14,13,13,254,0,60
2026-05-17 08:44:00+00:00,60,254,24,15,9,14,13,13,254,0,103
2026-05-17 09:44:00+00:00,59,254,24,15,10,14,13,13,254,0,60
2026-05-17 10:44:00+00:00,59,254,24,15,10,14,13,13,254,0,60
2026-05-17 11:44:00+00:00,58,254,24,15,10,14,13,13,254,0,60
2026-05-17 12:44:00+00:00,58,254,24,15,10,14,13,13,254,0,60
2026-05-17 13:44:00+00:00,57,254,24,14,10,14,13,13,254,0,60
2026-05-17 14:44:00+00:00,57,254,24,14,10,14,13,13,254,0,60
2026-05-17 15:44:00+00:00,57,254,24,15,10,14,13,13,254,0,60
2026-05-17 16:44:00+00:00,56,254,24,15,10,14,13,13,254,0,60
2026-05-17 17:44:00+00:00,56,254,24,15,10,14,14,13,254,0,60
2026-05-17 18:44:00+00:00,56,254,24,15,10,14,13,13,254,0,60
2026-05-17 19:44:00+00:00,57,254,24,15,10,14,13,13,254,0,60
2026-05-17 20:44:00+00:00,57,254,23,15,10,14,13,13,254,0,60
2026-05-17 21:44:00+00:00,57,254,23,15,10,14,13,13,254,0,60
2026-05-17 22:44:00+00:00,58,254,23,15,11,14,14,14,254,0,60
2026-05-17 23:44:00+00:00,58,254,23,15,11,14,14,14,254,0,60
2026-05-18 00:44:00+00:00,59,254,23,15,11,15,14,14,254,0,60
2026-05-18 01:44:00+00:00,59,254,23,15,11,15,14,14,254,0,60
2026-05-18 02:44:00+00:00,60,254,23,15,11,14,14,14,254,0,60
2026-05-18 03:44:00+00:00,60,254,23,15,11,14,14,14,254,0,60
2026-05-18 04:44:00+00:00,60,254,23,15,11,14,14,14,254,0,60
2026-05-18 05:44:00+00:00,60,254,23,15,11,14,14,14,254,0,60
2026-05-18 06:44:00+00:00,59,254,24,15,11,14,14,14,254,0,60
2026-05-18 07:44:00+00:00,59,254,24,15,11,14,14,14,254,0,60
2026-05-18 08:44:00+00:00,58,254,24,15,11,14,14,14,254,0,103
2026-05-18 09:44:00+00:00,58,254,24,15,11,14,15,14,254,0,60
2026-05-18 10:44:00+00:00,58,254,24,15,11,14,15,14,254,0,60
2026-05-18 11:44:00+00:00,58,254,25,15,11,14,15,14,254,0,60
2026-05-18 12:44:00+00:00,57,254,24,14,11,14,15,13,254,0,60
2026-05-18 13:44:00+00:00,57,254,25,14,11,14,15,13,254,0,60
2026-05-18 14:44:00+00:00,56,254,25,15,12,14,15,14,254,0,60
2026-05-18 15:44:00+00:00,56,254,25,15,12,14,15,14,254,0,60
2026-05-18 16:44:00+00:00,56,254,25,15,12,14,15,14,254,0,60
2026-05-18 17:44:00+00:00,56,254,25,15,12,14,15,14,254,0,60
2026-05-18 18:44:00+00:00,56,254,24,15,12,14,15,14,254,0,60
2026-05-18 19:44:00+00:00,57,254,24,15,12,14,15,14,254,0,60
2026-05-18 20:44:00+00:00,57,254,24,15,11,14,15,14,254,0,60
2026-05-18 21:44:00+00:00,58,254,23,15,12,14,15,14,254,0,60
2026-05-18 22:44:00+00:00,59,254,23,15,12,14,15,14,254,0,60
2026-05-18 23:44:00+00:00,60,254,23,15,12,14,15,14,254,0,60
2026-05-19 00:44:00+00:00,61,254,23,15,12,14,15,14,254,0,60
2026-05-19 01:44:00+00:00,62,254,23,15,12,14,15,14,254,0,60
2026-05-19 02:44:00+00:00,62,254,23,15,12,14,15,14,254,0,60
2026-05-19 03:44:00+00:00,62,254,23,15,12,14,15,14,254,0,60
2026-05-19 04:44:00+00:00,62,254,23,15,12,14,15,14,254,0,60
2026-05-19 05:44:00+00:00,62,254,24,15,12,14,15,14,254,0,60
2026-05-19 06:44:00+00:00,62,254,24,15,12,14,15,14,254,0,60
2026-05-19 07:44:00+00:00,61,254,24,15,12,14,15,14,254,0,60
2026-05-19 08:44:00+00:00,61,254,25,15,12,14,16,14,254,0,103
2026-05-19 09:44:00+00:00,61,254,25,15,12,14,16,14,254,0,60
2026-05-19 10:44:00+00:00,60,254,25,15,12,14,16,14,254,0,60
2026-05-19 11:44:00+00:00,60,254,25,15,12,14,16,14,254,0,60
2026-05-19 12:44:00+00:00,59,254,25,15,12,14,16,14,254,0,60
2026-05-19 13:44:00+00:00,59,254,26,15,12,14,16,14,254,0,60
2026-05-19 14:44:00+00:00,58,254,26,15,12,14,16,13,254,0,60
2026-05-19 15:44:00+00:00,58,254,26,15,12,14,16,13,254,0,60
2026-05-19 16:44:00+00:00,58,254,26,15,12,14,16,14,254,0,59
2026-05-19 17:44:00+00:00,58,254,25,15,12,14,16,14,254,0,59
2026-05-19 18:44:00+00:00,58,254,25,15,12,14,16,14,254,0,59
2026-05-19 19:44:00+00:00,59,254,25,15,12,14,16,14,254,0,59
2026-05-19 20:44:00+00:00,60,254,24,15,12,14,16,14,254,0,59
2026-05-19 21:44:00+00:00,61,254,24,15,12,14,16,14,254,0,59
2026-05-19 22:44:00+00:00,62,254,24,15,12,14,16,14,254,0,59
2026-05-19 23:44:00+00:00,63,254,24,15,12,14,16,14,254,0,59
2026-05-20 00:44:00+00:00,64,254,23,15,12,14,15,14,254,0,59
2026-05-20 01:44:00+00:00,64,254,23,15,12,14,16,14,254,0,59
2026-05-20 02:44:00+00:00,65,254,24,15,12,14,16,14,254,0,59
2026-05-20 03:44:00+00:00,65,254,24,15,12,14,16,14,254,0,59
2026-05-20 04:44:00+00:00,65,254,24,15,12,14,16,14,254,0,60
2026-05-20 05:44:00+00:00,65,254,24,15,12,14,16,14,254,0,59
2026-05-20 06:44:00+00:00,64,254,24,15,12,14,16,14,254,0,60
2026-05-20 07:44:00+00:00,64,254,25,15,12,14,16,14,254,0,60
2026-05-20 08:44:00+00:00,64,254,25,15,12,14,16,14,254,0,103
2026-05-20 09:44:00+00:00,63,254,25,15,13,14,17,14,254,0,60
2026-05-20 10:44:00+00:00,63,254,26,15,13,14,17,14,254,0,60
2026-05-20 11:44:00+00:00,62,254,26,15,13,13,17,13,254,0,60
2026-05-20 12:44:00+00:00,62,254,26,15,13,13,17,13,254,0,60
2026-05-20 13:44:00+00:00,61,254,26,15,13,13,17,14,254,0,60
2026-05-20 14:44:00+00:00,60,254,26,15,13,13,17,13,254,0,60
2026-05-20 15:44:00+00:00,60,254,26,15,13,13,17,13,254,0,59
2026-05-20 16:44:00+00:00,60,254,26,15,13,13,17,14,254,0,59
2026-05-20 17:44:00+00:00,60,254,26,15,13,13,17,14,254,0,59
2026-05-20 18:44:00+00:00,60,254,26,15,13,13,17,13,254,0,59
2026-05-20 19:44:00+00:00,61,254,26,15,13,14,17,14,254,0,59
2026-05-20 20:44:00+00:00,61,254,25,15,13,14,16,14,254,0,59
2026-05-20 21:44:00+00:00,63,254,25,15,13,14,16,14,254,0,59
2026-05-20 22:44:00+00:00,64,254,24,15,13,14,16,14,254,0,59
2026-05-20 23:44:00+00:00,65,254,25,15,13,14,17,14,254,0,59
2026-05-21 00:44:00+00:00,65,254,24,15,13,14,16,14,254,0,59
2026-05-21 01:44:00+00:00,66,254,24,15,13,14,16,14,254,0,59
2026-05-21 02:44:00+00:00,66,254,24,15,13,14,16,14,254,0,59
2026-05-21 03:44:00+00:00,67,254,25,15,13,14,17,14,254,0,59
2026-05-21 04:44:00+00:00,67,254,25,15,13,14,17,14,254,0,59
2026-05-21 05:44:00+00:00,66,254,25,15,13,14,17,14,254,0,59
2026-05-21 06:44:00+00:00,66,254,25,15,13,13,17,14,254,0,59
2026-05-21 07:44:00+00:00,66,254,26,15,13,13,17,14,254,0,59
2026-05-21 08:44:00+00:00,65,254,26,15,13,13,17,14,254,0,103
2026-05-21 09:44:00+00:00,65,254,26,15,13,13,17,14,254,0,59
2026-05-21 10:44:00+00:00,64,254,26,15,13,13,17,14,254,0,59
2026-05-21 11:44:00+00:00,64,254,26,15,13,13,17,13,254,0,59
2026-05-21 12:44:00+00:00,64,254,26,15,0,10,16,13,254,79,59
2026-05-21 13:44:00+00:00,63,254,22,15,0,3,9,10,254,0,59
2026-05-21 14:44:00+00:00,62,254,19,15,0,1,4,10,254,0,59
2026-05-21 15:44:00+00:00,62,254,18,15,0,1,4,11,254,0,59
2026-05-21 16:44:00+00:00,62,254,17,15,0,2,5,11,254,0,59
2026-05-21 17:44:00+00:00,61,254,17,15,0,2,6,11,254,0,59
2026-05-21 18:44:00+00:00,61,254,16,15,0,3,6,11,254,0,59
2026-05-21 19:44:00+00:00,62,254,16,15,0,4,7,11,254,0,59
2026-05-21 20:44:00+00:00,62,254,16,14,0,5,8,12,254,0,59
2026-05-21 21:44:00+00:00,62,254,16,14,0,6,9,12,254,0,59
2026-05-21 22:44:00+00:00,63,254,17,15,0,7,10,12,254,0,59
2026-05-21 23:44:00+00:00,63,254,17,15,1,8,10,12,254,0,59
2026-05-22 00:44:00+00:00,64,254,17,14,2,9,10,12,254,0,59
2026-05-22 01:44:00+00:00,64,254,17,14,4,9,11,12,254,0,59
2026-05-22 02:44:00+00:00,64,254,17,14,5,10,11,12,254,0,59
2026-05-22 03:44:00+00:00,64,254,17,14,6,10,11,12,254,0,59
2026-05-22 04:44:00+00:00,64,254,18,14,7,10,11,12,254,0,59
2026-05-22 05:44:00+00:00,63,254,18,14,8,10,12,12,254,0,59
2026-05-22 06:44:00+00:00,63,254,18,14,9,10,12,12,254,0,59
2026-05-22 07:44:00+00:00,62,254,18,14,9,10,12,12,254,0,59
2026-05-22 08:44:00+00:00,62,254,18,14,9,10,12,12,254,0,103
2026-05-22 09:44:00+00:00,62,254,19,14,10,10,12,12,254,0,59
2026-05-22 10:44:00+00:00,61,254,19,14,10,10,12,12,254,0,59
2026-05-22 11:44:00+00:00,61,254,19,14,10,10,12,12,254,0,59
2026-05-22 12:44:00+00:00,60,254,19,14,10,10,12,12,254,0,59
2026-05-22 13:44:00+00:00,60,254,19,14,10,10,13,12,254,0,59
2026-05-22 14:44:00+00:00,59,254,20,14,10,10,13,12,254,0,59
2026-05-22 15:44:00+00:00,59,254,20,14,10,10,13,12,254,0,59
2026-05-22 16:44:00+00:00,59,254,20,14,10,10,13,12,254,0,59
2026-05-22 17:44:00+00:00,59,254,20,14,10,11,13,12,254,0,59
2026-05-22 18:44:00+00:00,59,254,19,14,10,11,13,12,254,0,59
2026-05-22 19:44:00+00:00,60,254,19,14,10,11,13,12,254,0,59
2026-05-22 20:44:00+00:00,60,254,19,14,10,11,13,12,254,0,59
2026-05-22 21:44:00+00:00,61,254,19,14,11,11,13,12,254,0,59
2026-05-22 22:44:00+00:00,62,254,19,14,11,11,13,12,254,0,59
2026-05-22 23:44:00+00:00,64,254,19,14,11,11,13,12,254,0,59
2026-05-23 00:44:00+00:00,65,254,19,14,11,11,13,12,254,0,59
2026-05-23 01:44:00+00:00,65,254,19,15,11,11,13,12,254,0,59
2026-05-23 02:44:00+00:00,66,254,19,14,11,11,13,12,254,0,59
2026-05-23 03:44:00+00:00,66,254,19,14,11,11,13,12,254,0,59
2026-05-23 04:44:00+00:00,66,254,19,14,11,11,14,12,254,0,59
2026-05-23 05:44:00+00:00,66,254,20,14,11,11,14,12,254,0,59
2026-05-23 06:44:00+00:00,66,254,20,14,11,11,14,12,254,0,59
2026-05-23 07:44:00+00:00,65,254,20,14,11,11,14,12,254,0,59
2026-05-23 08:44:00+00:00,65,254,20,14,11,11,14,12,254,0,103
2026-05-23 09:44:00+00:00,64,254,20,14,11,11,14,12,254,0,59
2026-05-23 10:44:00+00:00,64,254,21,14,11,11,14,12,254,0,59
2026-05-23 11:44:00+00:00,63,254,21,14,11,11,14,12,254,0,59
2026-05-23 12:44:00+00:00,63,254,21,14,11,11,14,12,254,0,59
2026-05-23 13:44:00+00:00,62,254,21,14,11,11,14,12,254,0,59
2026-05-23 14:44:00+00:00,62,254,21,14,12,11,15,12,254,0,59
2026-05-23 15:44:00+00:00,61,254,21,14,12,11,15,12,254,0,59
2026-05-23 16:44:00+00:00,61,254,21,14,12,11,15,12,254,0,59
2026-05-23 17:44:00+00:00,61,254,21,14,12,11,15,12,254,0,59
2026-05-23 18:44:00+00:00,62,254,21,14,12,11,14,12,254,0,59
2026-05-23 19:44:00+00:00,62,254,10,14,0,2,2,10,254,91,59
2026-05-23 20:44:00+00:00,63,254,0,14,0,0,0,1,254,0,59
2026-05-23 21:44:00+00:00,64,254,1,14,0,0,0,1,254,0,59
2026-05-23 22:44:00+00:00,65,254,2,14,0,0,0,2,254,0,59
2026-05-23 23:44:00+00:00,66,254,4,14,0,0,0,3,254,0,59
2026-05-24 00:44:00+00:00,67,254,6,14,0,0,0,4,254,0,59
2026-05-24 01:44:00+00:00,67,254,10,13,0,0,0,5,254,0,59
2026-05-24 02:44:00+00:00,68,254,10,14,0,0,0,7,254,0,59
2026-05-24 03:44:00+00:00,68,254,11,13,0,0,0,7,254,0,59
2026-05-24 04:44:00+00:00,67,254,11,13,0,0,1,7,254,0,59
2026-05-24 05:44:00+00:00,67,254,12,13,0,0,2,8,254,0,59
2026-05-24 06:44:00+00:00,67,254,12,13,0,0,3,8,254,0,59
2026-05-24 07:44:00+00:00,67,254,12,13,0,0,4,9,254,0,59
2026-05-24 08:44:00+00:00,66,254,12,13,1,1,5,9,254,0,103
2026-05-24 09:44:00+00:00,66,254,13,13,1,2,6,9,254,0,59
2026-05-24 10:44:00+00:00,65,254,13,13,3,2,7,10,254,0,59
2026-05-24 11:44:00+00:00,65,254,13,13,3,3,8,10,254,0,59
2026-05-24 12:44:00+00:00,64,254,13,13,4,3,9,10,254,0,59
2026-05-24 13:44:00+00:00,64,254,13,13,5,4,9,10,254,0,59
2026-05-24 14:44:00+00:00,64,254,14,13,6,5,10,10,254,0,59
2026-05-24 15:44:00+00:00,63,254,14,13,6,5,10,10,254,0,59
2026-05-24 16:44:00+00:00,63,254,14,13,7,5,10,10,254,0,59
2026-05-24 17:44:00+00:00,63,254,14,13,8,6,10,10,254,0,59
2026-05-24 18:44:00+00:00,63,254,14,13,8,6,10,10,254,0,59
2026-05-24 19:44:00+00:00,64,254,14,13,9,6,10,10,254,0,59
2026-05-24 20:44:00+00:00,64,254,15,13,9,7,10,10,254,0,59
2026-05-24 21:44:00+00:00,65,254,15,13,10,7,11,10,254,0,59
2026-05-24 22:44:00+00:00,66,254,15,13,10,7,11,10,254,0,59
2026-05-24 23:44:00+00:00,67,254,15,13,10,7,11,10,254,0,59
2026-05-25 00:44:00+00:00,67,254,16,13,10,8,11,10,254,0,59
2026-05-25 01:44:00+00:00,68,254,16,13,10,8,12,11,254,0,59
2026-05-25 02:44:00+00:00,68,254,16,13,10,8,12,11,254,0,59
2026-05-25 03:44:00+00:00,68,254,16,13,10,8,12,11,254,0,59
2026-05-25 04:44:00+00:00,68,254,16,13,10,8,12,11,254,0,59
2026-05-25 05:44:00+00:00,68,254,17,13,10,8,12,11,254,0,59
2026-05-25 06:44:00+00:00,68,254,17,13,11,8,12,11,254,0,59
2026-05-25 07:44:00+00:00,67,254,17,13,10,8,12,10,254,0,59
2026-05-25 08:44:00+00:00,67,254,17,13,11,8,12,10,254,0,103
2026-05-25 09:44:00+00:00,67,254,17,13,11,9,12,10,254,0,59
2026-05-25 10:44:00+00:00,66,254,17,13,11,9,12,10,254,0,59
2026-05-25 11:44:00+00:00,66,254,17,13,11,9,12,10,254,0,59
2026-05-25 12:44:00+00:00,65,254,18,13,11,9,12,10,254,0,59
2026-05-25 13:44:00+00:00,65,254,18,13,11,9,12,11,254,0,59
2026-05-25 14:44:00+00:00,65,254,18,13,11,10,13,11,254,0,59
2026-05-25 15:44:00+00:00,64,254,18,13,11,9,13,10,254,0,59
2026-05-25 16:44:00+00:00,64,254,18,13,11,10,13,11,254,0,59
2026-05-25 17:44:00+00:00,64,254,18,13,11,10,13,10,254,0,59
2026-05-25 18:44:00+00:00,64,254,18,13,11,10,13,11,254,0,59
2026-05-25 19:44:00+00:00,65,254,18,13,11,10,13,11,254,0,59
2026-05-25 20:44:00+00:00,66,254,18,13,11,10,13,11,254,0,59
2026-05-25 21:44:00+00:00,66,254,18,13,11,10,13,11,254,0,59
2026-05-25 22:44:00+00:00,67,254,18,14,11,10,13,11,254,0,59
2026-05-25 23:44:00+00:00,68,254,18,14,12,10,13,11,254,0,59
2026-05-26 00:44:00+00:00,68,254,18,14,12,10,13,11,254,0,59
2026-05-26 01:44:00+00:00,69,254,18,14,12,10,13,11,254,0,59
2026-05-26 02:44:00+00:00,69,254,18,14,12,10,13,11,254,0,59
2026-05-26 03:44:00+00:00,69,254,19,14,12,10,13,11,254,0,59
2026-05-26 04:44:00+00:00,69,254,19,14,12,10,13,11,254,0,59
2026-05-26 05:44:00+00:00,69,254,19,13,12,10,14,11,254,0,59
2026-05-26 06:44:00+00:00,69,254,19,13,12,10,14,11,254,0,59
2026-05-26 07:44:00+00:00,69,254,19,13,12,10,14,11,254,0,59
2026-05-26 08:44:00+00:00,68,254,19,14,12,10,14,11,254,0,103
2026-05-26 09:44:00+00:00,68,254,20,14,12,10,14,11,254,0,59
2026-05-26 10:44:00+00:00,68,254,20,13,0,10,12,11,254,99,59
2026-05-26 11:44:00+00:00,67,254,0,13,0,0,0,0,254,1,59
2026-05-26 12:44:00+00:00,66,254,0,13,0,0,0,0,254,0,59
2026-05-26 13:44:00+00:00,66,254,0,13,0,0,0,0,254,0,59
2026-05-26 14:44:00+00:00,65,254,0,12,0,0,0,0,254,0,59
2026-05-26 15:44:00+00:00,65,254,1,12,0,0,0,0,254,0,59
2026-05-26 16:44:00+00:00,65,254,9,12,0,0,6,0,254,0,59
2026-05-26 17:44:00+00:00,64,254,10,12,0,0,0,0,254,0,59
2026-05-26 18:44:00+00:00,64,254,6,11,0,0,0,0,254,0,59
2026-05-26 19:44:00+00:00,64,254,8,11,0,0,0,0,254,0,59
2026-05-26 20:44:00+00:00,64,254,10,11,0,0,0,0,254,0,59
2026-05-26 21:44:00+00:00,64,254,10,11,0,0,0,0,254,0,59
2026-05-26 22:44:00+00:00,65,254,11,12,0,0,2,1,254,0,59
2026-05-26 23:44:00+00:00,65,254,12,12,0,0,3,2,254,0,59
2026-05-27 00:44:00+00:00,65,254,12,12,1,0,4,2,254,0,59
2026-05-27 01:44:00+00:00,65,254,12,12,2,0,5,3,254,0,59
2026-05-27 02:44:00+00:00,65,254,13,12,4,0,6,4,254,0,59
2026-05-27 03:44:00+00:00,65,254,13,12,5,0,8,4,254,0,59
2026-05-27 04:44:00+00:00,64,254,13,12,6,1,8,5,254,0,59
2026-05-27 05:44:00+00:00,64,254,13,12,7,2,9,5,254,0,59
2026-05-27 06:44:00+00:00,64,254,14,12,8,2,10,6,254,0,59
2026-05-27 07:44:00+00:00,63,254,14,12,9,3,10,6,254,0,59
2026-05-27 08:44:00+00:00,63,254,14,12,9,4,10,6,254,0,103
2026-05-27 09:44:00+00:00,63,254,15,12,10,4,10,7,254,0,59
2026-05-27 10:44:00+00:00,62,254,15,12,10,4,10,7,254,0,59
2026-05-27 11:44:00+00:00,62,254,15,12,10,5,10,7,254,0,59
2026-05-27 12:44:00+00:00,62,254,15,12,10,5,10,8,254,0,59
2026-05-27 13:44:00+00:00,61,254,15,12,10,6,10,8,254,0,59
2026-05-27 14:44:00+00:00,61,254,15,12,10,6,11,8,254,0,59
2026-05-27 15:44:00+00:00,61,254,16,12,10,6,11,8,254,0,59
2026-05-27 16:44:00+00:00,61,254,16,12,10,7,11,9,254,0,59
2026-05-27 17:44:00+00:00,61,254,16,12,10,7,11,9,254,0,59
2026-05-27 18:44:00+00:00,61,254,16,12,10,7,11,9,254,0,59
2026-05-27 19:44:00+00:00,62,254,16,12,10,7,11,9,254,0,59
2026-05-27 20:44:00+00:00,62,254,16,12,10,8,11,9,254,0,59
2026-05-27 21:44:00+00:00,63,254,16,12,11,8,11,9,254,0,59
2026-05-27 22:44:00+00:00,64,254,16,12,11,8,11,9,254,0,59
2026-05-27 23:44:00+00:00,65,254,16,13,11,9,11,10,254,0,59
2026-05-28 00:44:00+00:00,65,254,16,13,11,9,11,10,254,0,59
2026-05-28 01:44:00+00:00,66,254,16,12,11,9,11,10,254,0,59
2026-05-28 02:44:00+00:00,66,254,16,12,11,9,11,10,254,0,59
2026-05-28 03:44:00+00:00,66,254,16,13,11,9,12,10,254,0,59
2026-05-28 04:44:00+00:00,66,254,17,12,11,9,12,10,254,0,59
2026-05-28 05:44:00+00:00,66,254,17,12,11,9,12,10,254,0,59
2026-05-28 06:44:00+00:00,66,254,17,12,11,9,12,10,254,0,59
2026-05-28 07:44:00+00:00,65,254,17,13,11,10,12,10,254,0,59
2026-05-28 08:44:00+00:00,65,254,17,12,11,10,12,10,254,0,103
2026-05-28 09:44:00+00:00,65,254,17,13,11,10,12,10,254,0,59
2026-05-28 10:44:00+00:00,65,254,18,13,12,10,12,10,254,0,59
2026-05-28 11:44:00+00:00,64,254,17,12,11,9,12,10,254,0,59
2026-05-28 12:44:00+00:00,64,254,18,12,12,10,12,10,254,0,59
2026-05-28 13:44:00+00:00,64,254,18,12,12,10,12,10,254,0,59
2026-05-28 14:44:00+00:00,63,254,18,13,12,10,12,10,254,0,59
2026-05-28 15:44:00+00:00,63,254,18,13,12,10,13,10,254,0,59
2026-05-28 16:44:00+00:00,63,254,18,13,12,10,13,10,254,0,59
2026-05-28 17:44:00+00:00,63,254,18,13,12,10,13,10,254,0,59
2026-05-28 18:44:00+00:00,63,254,18,13,12,10,13,10,254,0,59
2026-05-28 19:44:00+00:00,64,254,18,13,12,10,13,10,254,0,59
2026-05-28 20:44:00+00:00,65,254,18,13,12,10,13,10,254,0,59
2026-05-28 21:44:00+00:00,65,254,18,13,12,10,13,11,254,2,59
2026-05-28 22:44:00+00:00,66,254,18,13,12,10,13,11,254,0,59
2026-05-28 23:44:00+00:00,66,254,18,13,12,10,13,11,254,0,59
2026-05-29 00:44:00+00:00,66,254,19,13,12,10,13,11,254,0,59
2026-05-29 01:44:00+00:00,67,254,19,13,13,10,13,11,254,0,59
2026-05-29 02:44:00+00:00,67,254,19,13,13,11,14,11,254,0,59
2026-05-29 03:44:00+00:00,67,254,19,13,13,10,13,11,254,0,59
2026-05-29 04:44:00+00:00,67,254,19,13,13,11,14,11,254,0,59
2026-05-29 05:44:00+00:00,67,254,19,13,13,11,14,11,254,0,59
2026-05-29 06:44:00+00:00,67,254,20,13,13,11,14,11,254,0,59
2026-05-29 07:44:00+00:00,66,254,19,13,13,10,14,11,254,0,59
2026-05-29 08:44:00+00:00,66,254,20,13,13,10,14,11,254,0,103
2026-05-29 09:44:00+00:00,65,254,20,13,13,10,14,11,254,0,59
2026-05-29 10:44:00+00:00,65,254,20,13,13,10,14,11,254,0,59
2026-05-29 11:44:00+00:00,65,254,20,13,13,11,14,11,254,0,59
2026-05-29 12:44:00+00:00,64,254,20,13,13,10,14,11,254,0,59
2026-05-29 13:44:00+00:00,64,254,20,13,13,10,14,11,254,0,59
2026-05-29 14:44:00+00:00,63,254,20,13,13,10,14,11,254,0,59
2026-05-29 15:44:00+00:00,63,254,21,13,13,11,14,11,254,0,59
2026-05-29 16:44:00+00:00,63,254,21,13,13,11,14,11,254,0,59
2026-05-29 17:44:00+00:00,63,254,21,13,13,11,14,11,254,0,59
2026-05-29 18:44:00+00:00,63,254,21,13,14,11,14,11,254,0,59
2026-05-29 19:44:00+00:00,64,254,21,13,13,11,14,11,254,0,59
2026-05-29 20:44:00+00:00,64,254,21,13,14,11,14,11,254,0,59
2026-05-29 21:44:00+00:00,65,254,21,13,14,11,14,11,254,0,59
2026-05-29 22:44:00+00:00,66,254,21,13,14,11,15,11,254,0,59
2026-05-29 23:44:00+00:00,67,254,21,13,14,11,15,12,254,0,59
2026-05-30 00:44:00+00:00,68,254,21,14,14,12,15,12,254,0,59
2026-05-30 01:44:00+00:00,68,254,21,14,14,11,15,12,254,0,59
2026-05-30 02:44:00+00:00,68,254,21,13,14,12,15,12,254,0,59
2026-05-30 03:44:00+00:00,68,254,21,13,14,11,15,12,254,0,59
2026-05-30 04:44:00+00:00,68,254,21,13,14,11,15,12,254,0,59
2026-05-30 05:44:00+00:00,68,254,21,13,14,11,15,12,254,0,59
2026-05-30 06:44:00+00:00,68,254,22,13,14,11,15,12,254,0,59
2026-05-30 07:44:00+00:00,68,254,22,13,14,12,15,12,254,0,59
2026-05-30 08:44:00+00:00,67,254,22,13,14,11,15,12,254,0,103
2026-05-30 09:44:00+00:00,67,254,22,13,14,11,15,12,254,0,59
2026-05-30 10:44:00+00:00,67,254,22,13,14,11,15,12,254,0,59
2026-05-30 11:44:00+00:00,66,254,22,13,14,11,15,12,254,0,59
2026-05-30 12:44:00+00:00,66,254,22,13,14,11,15,11,254,0,59
2026-05-30 13:44:00+00:00,65,254,22,13,14,11,15,12,254,0,59
2026-05-30 14:44:00+00:00,65,254,23,13,14,11,15,12,254,0,59
2026-05-30 15:44:00+00:00,65,254,23,13,14,11,15,12,254,0,59
2026-05-30 16:44:00+00:00,64,254,23,13,14,11,15,12,254,0,59
2026-05-30 17:44:00+00:00,64,254,22,13,14,11,15,12,254,0,59
2026-05-30 18:44:00+00:00,65,254,23,13,15,12,16,12,254,0,59
2026-05-30 19:44:00+00:00,65,254,23,13,15,12,15,12,254,0,59
2026-05-30 20:44:00+00:00,65,254,23,13,15,12,16,12,254,0,59
2026-05-30 21:44:00+00:00,66,254,23,13,15,12,15,12,254,0,59
2026-05-30 22:44:00+00:00,67,254,23,14,15,12,16,12,254,0,59
2026-05-30 23:44:00+00:00,68,254,23,14,15,12,16,12,254,0,59
2026-05-31 00:44:00+00:00,68,254,23,14,15,12,16,12,254,0,59
2026-05-31 01:44:00+00:00,69,254,23,14,15,12,16,12,254,0,59
2026-05-31 02:44:00+00:00,69,254,23,14,15,12,16,12,254,0,59
2026-05-31 03:44:00+00:00,69,254,23,14,15,12,16,12,254,0,59
2026-05-31 04:44:00+00:00,69,254,24,14,15,12,16,12,254,0,59
2026-05-31 05:44:00+00:00,69,254,24,14,15,12,16,12,254,0,59
2026-05-31 06:44:00+00:00,69,254,24,14,15,12,16,12,254,0,59
2026-05-31 07:44:00+00:00,68,254,24,14,15,12,16,12,254,0,59
2026-05-31 08:44:00+00:00,68,254,24,14,15,12,16,12,254,0,103
2026-05-31 09:44:00+00:00,67,254,24,13,15,12,16,12,254,0,59
2026-05-31 10:44:00+00:00,67,254,25,13,15,12,16,12,254,0,59
2026-05-31 11:44:00+00:00,66,254,24,13,15,12,16,12,254,0,59
2026-05-31 12:44:00+00:00,66,254,25,13,15,12,16,12,254,0,59
2026-05-31 13:44:00+00:00,65,254,25,13,15,12,17,12,254,0,59
2026-05-31 14:44:00+00:00,65,254,25,13,16,12,17,12,254,0,59
2026-05-31 15:44:00+00:00,65,254,26,13,16,12,17,12,254,0,59
2026-05-31 16:44:00+00:00,65,254,25,13,15,12,17,12,254,78,59
2026-05-31 17:44:00+00:00,64,254,24,13,0,4,5,10,254,9,59
2026-05-31 18:44:00+00:00,64,254,23,13,0,1,0,10,254,0,59
2026-05-31 19:44:00+00:00,64,254,21,13,0,2,10,10,254,0,59
2026-05-31 20:44:00+00:00,65,254,20,14,0,3,5,11,254,0,59
2026-05-31 21:44:00+00:00,65,254,19,14,0,5,8,11,254,0,59
2026-05-31 22:44:00+00:00,66,254,19,13,0,6,10,11,254,0,59
2026-05-31 23:44:00+00:00,66,254,19,14,0,7,5,11,254,0,59
2026-06-01 00:44:00+00:00,66,254,18,14,2,8,6,11,254,0,59
2026-06-01 01:44:00+00:00,67,254,19,14,4,10,10,11,254,0,59
2026-06-01 02:44:00+00:00,67,254,18,14,6,10,10,11,254,0,59
2026-06-01 03:44:00+00:00,67,254,18,14,8,10,10,11,254,0,59
2026-06-01 04:44:00+00:00,66,254,18,13,9,10,10,11,254,0,59
2026-06-01 05:44:00+00:00,66,254,18,13,10,10,10,11,254,0,59
2026-06-01 06:44:00+00:00,66,254,18,13,10,10,11,11,254,0,59
2026-06-01 07:44:00+00:00,65,254,19,13,10,10,11,11,254,0,59
2026-06-01 08:44:00+00:00,65,254,19,13,10,10,11,11,254,0,103
2026-06-01 09:44:00+00:00,64,254,19,13,10,10,11,11,254,0,59
2026-06-01 10:44:00+00:00,64,254,19,13,11,10,11,11,254,0,59
2026-06-01 11:44:00+00:00,63,254,19,13,11,10,11,11,254,0,59
2026-06-01 12:44:00+00:00,63,254,19,13,11,10,11,11,254,0,59
2026-06-01 13:44:00+00:00,63,254,19,13,11,10,11,11,254,0,59
2026-06-01 14:44:00+00:00,62,254,19,13,11,10,11,11,254,0,59
2026-06-01 15:44:00+00:00,62,254,19,13,11,10,11,11,254,0,59
2026-06-01 16:44:00+00:00,62,254,19,13,12,11,12,11,254,0,59
2026-06-01 17:44:00+00:00,62,254,19,13,12,11,12,11,254,0,59
2026-06-01 18:44:00+00:00,62,254,19,13,12,11,12,11,254,0,59
2026-06-01 19:44:00+00:00,62,254,19,13,12,11,12,11,254,0,59
2026-06-01 20:44:00+00:00,63,254,20,13,12,11,12,12,254,0,59
2026-06-01 21:44:00+00:00,64,254,19,13,12,11,12,12,254,0,59
2026-06-01 22:44:00+00:00,65,254,20,14,13,11,13,12,254,0,59
2026-06-01 23:44:00+00:00,66,254,20,13,13,11,13,12,254,0,59
2026-06-02 00:44:00+00:00,66,254,20,14,13,12,13,12,254,0,59
2026-06-02 01:44:00+00:00,67,254,20,14,13,12,13,12,254,0,59
2026-06-02 02:44:00+00:00,67,254,20,14,13,12,13,12,254,0,59
2026-06-02 03:44:00+00:00,67,254,20,14,13,12,13,12,254,0,59
2026-06-02 04:44:00+00:00,67,254,20,14,13,12,13,12,254,0,59
2026-06-02 05:44:00+00:00,67,254,21,14,13,12,13,12,254,0,59
2026-06-02 06:44:00+00:00,67,254,21,14,13,12,13,12,254,0,59
2026-06-02 07:44:00+00:00,66,254,21,13,13,12,13,12,254,0,59
2026-06-02 08:44:00+00:00,66,254,21,13,13,12,14,12,254,0,103
2026-06-02 09:44:00+00:00,65,254,21,13,14,12,14,12,254,0,59
2026-06-02 10:44:00+00:00,65,254,21,13,14,12,14,12,254,0,59
2026-06-02 11:44:00+00:00,64,254,21,13,14,12,14,12,254,0,59
2026-06-02 12:44:00+00:00,64,254,22,13,14,12,14,12,254,0,59
2026-06-02 13:44:00+00:00,63,254,22,13,14,12,14,12,254,0,59
2026-06-02 14:44:00+00:00,63,254,22,13,14,12,14,12,254,0,59
2026-06-02 15:44:00+00:00,63,254,22,13,14,12,14,12,254,0,59
2026-06-02 16:44:00+00:00,62,254,22,13,14,12,14,12,254,0,59
2026-06-02 17:44:00+00:00,62,254,22,13,14,12,14,12,254,0,59
2026-06-02 18:44:00+00:00,62,254,22,13,14,12,14,12,254,0,59
2026-06-02 19:44:00+00:00,63,254,22,14,14,12,15,12,254,0,59
2026-06-02 20:44:00+00:00,64,254,22,14,14,12,14,12,254,0,59
2026-06-02 21:44:00+00:00,64,254,22,14,14,12,14,12,254,0,59
2026-06-02 22:44:00+00:00,65,254,22,14,15,13,15,12,254,0,59
2026-06-02 23:44:00+00:00,66,254,22,14,15,13,15,12,254,0,59
2026-06-03 00:44:00+00:00,67,254,22,14,15,13,15,13,254,0,59
2026-06-03 01:44:00+00:00,67,254,22,14,15,13,15,13,254,0,59
2026-06-03 02:44:00+00:00,68,254,23,14,15,13,15,13,254,0,59
2026-06-03 03:44:00+00:00,68,254,23,14,15,13,15,13,254,0,59
2026-06-03 04:44:00+00:00,68,254,23,14,15,13,15,13,254,0,59
2026-06-03 05:44:00+00:00,68,254,23,14,15,13,15,13,254,0,59
2026-06-03 06:44:00+00:00,68,254,23,14,15,13,15,13,254,0,59
2026-06-03 07:44:00+00:00,67,254,23,14,15,13,15,13,254,0,59
2026-06-03 08:44:00+00:00,67,254,23,14,15,13,15,13,254,0,103
2026-06-03 09:44:00+00:00,66,254,23,14,15,13,15,12,254,0,59
2026-06-03 10:44:00+00:00,66,254,24,14,15,13,15,13,254,0,59
2026-06-03 11:44:00+00:00,65,254,24,14,15,13,16,13,254,0,59
2026-06-03 12:44:00+00:00,65,254,24,14,15,13,16,13,254,0,59
2026-06-03 13:44:00+00:00,64,254,24,13,15,13,16,12,254,0,59
2026-06-03 14:44:00+00:00,64,254,24,13,15,13,16,13,254,0,59
2026-06-03 15:44:00+00:00,64,254,25,14,16,13,16,13,254,0,59
2026-06-03 16:44:00+00:00,63,254,25,14,16,13,16,13,254,0,59
2026-06-03 17:44:00+00:00,63,254,25,14,16,13,16,13,254,0,59
2026-06-03 18:44:00+00:00,63,254,25,14,16,13,16,13,254,0,59
2026-06-03 19:44:00+00:00,64,254,25,14,16,13,16,13,254,0,59
2026-06-03 20:44:00+00:00,64,254,25,14,16,13,16,13,254,0,59
2026-06-03 21:44:00+00:00,65,254,25,14,16,14,16,13,254,0,59
2026-06-03 22:44:00+00:00,66,254,25,14,16,14,16,13,254,0,59
2026-06-03 23:44:00+00:00,67,254,26,14,17,14,17,13,254,0,59
2026-06-04 00:44:00+00:00,67,254,26,14,17,14,17,13,254,0,59
2026-06-04 01:44:00+00:00,68,254,26,15,17,14,17,14,254,0,59
2026-06-04 02:44:00+00:00,68,254,26,14,17,14,17,14,254,0,59
2026-06-04 03:44:00+00:00,69,254,26,14,17,14,17,14,254,0,59
2026-06-04 04:44:00+00:00,69,254,26,14,17,14,17,14,254,0,59
2026-06-04 05:44:00+00:00,69,254,26,14,17,14,17,14,254,0,59
2026-06-04 06:44:00+00:00,68,254,26,14,17,14,17,14,254,0,59
2026-06-04 07:44:00+00:00,68,254,27,14,17,14,17,14,254,0,59
2026-06-04 08:44:00+00:00,68,254,27,14,17,14,17,14,254,0,103
2026-06-04 09:44:00+00:00,67,254,27,14,17,14,17,13,254,0,59
2026-06-04 10:44:00+00:00,67,254,27,14,17,14,17,13,254,0,59
2026-06-04 11:44:00+00:00,67,254,27,14,17,14,17,13,254,0,59
2026-06-04 12:44:00+00:00,67,254,27,14,17,14,17,13,254,0,59
2026-06-04 13:44:00+00:00,66,254,27,14,17,14,17,13,254,0,59
2026-06-04 14:44:00+00:00,66,254,27,14,17,14,17,13,254,0,59
2026-06-04 15:44:00+00:00,66,254,27,14,17,14,17,13,254,0,59
2026-06-04 16:44:00+00:00,66,254,27,14,17,14,18,14,254,0,59
2026-06-04 17:44:00+00:00,66,254,28,14,17,14,18,14,254,0,59
2026-06-04 18:44:00+00:00,66,254,28,14,18,14,18,14,254,0,59
2026-06-04 19:44:00+00:00,66,254,28,14,18,14,18,14,254,0,59
2026-06-04 20:44:00+00:00,67,254,28,14,18,14,18,14,254,1,59
2026-06-04 21:44:00+00:00,68,254,17,15,0,14,10,14,254,92,59
2026-06-04 22:44:00+00:00,69,254,14,15,0,13,0,13,254,0,59
2026-06-04 23:44:00+00:00,69,254,15,15,1,13,0,13,254,0,59
2026-06-05 00:44:00+00:00,69,254,15,15,1,13,1,13,254,0,59
2026-06-05 01:44:00+00:00,70,254,16,15,1,13,2,13,254,0,59
2026-06-05 02:44:00+00:00,69,254,16,15,3,13,3,13,254,0,59
2026-06-05 03:44:00+00:00,69,254,16,15,5,13,4,13,254,0,59
2026-06-05 04:44:00+00:00,69,254,16,14,7,13,5,13,254,0,59
2026-06-05 05:44:00+00:00,69,254,16,14,10,13,6,13,254,0,59
2026-06-05 06:44:00+00:00,68,254,17,14,10,13,10,13,254,0,59
2026-06-05 07:44:00+00:00,68,254,17,14,10,13,8,13,254,0,59
2026-06-05 08:44:00+00:00,67,254,17,14,11,13,10,12,254,0,103
2026-06-05 09:44:00+00:00,67,254,17,14,11,13,10,13,254,0,59
2026-06-05 10:44:00+00:00,66,254,17,14,11,13,10,12,254,0,59
2026-06-05 11:44:00+00:00,66,254,17,14,11,13,10,12,254,0,59
2026-06-05 12:44:00+00:00,65,254,17,14,11,13,10,12,254,0,59
2026-06-05 13:44:00+00:00,65,254,17,14,11,13,10,12,254,0,59
2026-06-05 14:44:00+00:00,64,254,17,14,11,13,11,12,254,1,59
2026-06-05 15:44:00+00:00,64,254,17,14,12,13,11,12,254,0,59
2026-06-05 16:44:00+00:00,63,254,18,14,12,13,11,12,254,0,59
2026-06-05 17:44:00+00:00,63,254,18,14,12,13,11,12,254,0,59
2026-06-05 18:44:00+00:00,64,254,18,14,13,13,11,12,254,0,59
2026-06-05 19:44:00+00:00,64,254,18,14,13,13,12,13,254,0,59
2026-06-05 20:44:00+00:00,65,254,18,14,13,14,12,13,254,0,59
2026-06-05 21:44:00+00:00,66,254,19,14,13,14,12,13,254,0,59
2026-06-05 22:44:00+00:00,67,254,19,15,14,14,13,13,254,0,59
2026-06-05 23:44:00+00:00,68,254,19,15,14,14,13,13,254,0,59
2026-06-06 00:44:00+00:00,68,254,20,15,14,14,13,13,254,0,59
2026-06-06 01:44:00+00:00,69,254,20,15,14,14,13,13,254,0,59
2026-06-06 02:44:00+00:00,69,254,20,15,14,14,13,13,254,0,59
2026-06-06 03:44:00+00:00,69,254,20,15,15,14,13,13,254,0,59
2026-06-06 04:44:00+00:00,69,254,20,14,15,14,13,13,254,0,59
2026-06-06 05:44:00+00:00,69,254,20,14,15,14,13,13,254,0,59
2026-06-06 06:44:00+00:00,68,254,21,14,15,14,14,13,254,0,59
2026-06-06 07:44:00+00:00,68,254,21,14,15,14,14,13,254,0,59
2026-06-06 08:44:00+00:00,68,254,21,14,15,14,14,13,254,0,103
2026-06-06 09:44:00+00:00,67,254,21,14,15,14,14,13,254,0,59
2026-06-06 10:44:00+00:00,67,254,21,14,15,14,14,13,254,0,59
2026-06-06 11:44:00+00:00,66,254,21,14,15,14,14,13,254,0,59
2026-06-06 12:44:00+00:00,66,254,21,14,15,14,14,13,254,0,59
2026-06-06 13:44:00+00:00,65,254,22,14,15,14,14,13,254,0,59
2026-06-06 14:44:00+00:00,65,254,22,14,15,14,14,13,254,0,59
2026-06-06 15:44:00+00:00,65,254,22,14,15,14,14,13,254,0,59
2026-06-06 16:44:00+00:00,64,254,22,14,15,14,14,13,254,0,59
2026-06-06 17:44:00+00:00,64,254,22,14,16,14,14,13,254,0,59
2026-06-06 18:44:00+00:00,64,254,22,14,16,14,15,13,254,0,59
2026-06-06 19:44:00+00:00,65,254,23,14,16,14,15,13,254,0,59
2026-06-06 20:44:00+00:00,65,254,23,15,16,15,15,13,254,0,59
2026-06-06 21:44:00+00:00,66,254,23,14,16,15,15,13,254,0,59
2026-06-06 22:44:00+00:00,66,254,23,14,16,15,15,14,254,0,59
2026-06-06 23:44:00+00:00,66,254,23,15,17,15,15,14,254,0,59
2026-06-07 00:44:00+00:00,67,254,24,15,17,15,16,14,254,0,59
2026-06-07 01:44:00+00:00,67,254,24,15,17,15,16,14,254,0,59
2026-06-07 02:44:00+00:00,67,254,24,15,17,15,16,14,254,0,59
2026-06-07 03:44:00+00:00,68,254,25,15,17,15,16,14,254,0,59
2026-06-07 04:44:00+00:00,67,254,25,15,17,15,16,14,254,0,59
2026-06-07 05:44:00+00:00,67,254,25,15,17,15,16,14,254,0,59
2026-06-07 06:44:00+00:00,67,254,25,15,17,15,16,14,254,0,59
2026-06-07 07:44:00+00:00,67,254,25,15,17,15,16,14,254,0,59
2026-06-07 08:44:00+00:00,66,254,25,14,17,15,16,14,254,0,103
2026-06-07 09:44:00+00:00,66,254,25,14,17,15,16,14,254,0,59
2026-06-07 10:44:00+00:00,66,254,26,14,17,15,16,14,254,0,59
2026-06-07 11:44:00+00:00,65,254,26,14,17,15,16,14,254,0,59
2026-06-07 12:44:00+00:00,65,254,26,14,17,15,17,14,254,0,59
2026-06-07 13:44:00+00:00,64,254,26,14,17,15,16,14,254,0,59
2026-06-07 14:44:00+00:00,64,254,26,14,17,15,17,14,254,0,59
2026-06-07 15:44:00+00:00,64,254,26,14,18,15,17,14,254,0,59
2026-06-07 16:44:00+00:00,63,254,27,14,18,15,17,14,254,0,59
2026-06-07 17:44:00+00:00,63,254,27,14,18,15,17,14,254,0,59
2026-06-07 18:44:00+00:00,63,254,27,15,18,15,17,14,254,0,59
2026-06-07 19:44:00+00:00,65,254,6,15,9,10,2,11,254,121,59
2026-06-07 20:44:00+00:00,65,254,4,15,2,2,6,0,254,0,59
2026-06-07 21:44:00+00:00,65,254,1,15,2,2,0,0,254,0,59
2026-06-07 22:44:00+00:00,65,254,2,15,2,3,0,2,254,0,59
2026-06-07 23:44:00+00:00,65,254,5,14,2,4,0,3,254,0,59
2026-06-08 00:44:00+00:00,66,254,9,14,2,6,0,4,254,0,59
2026-06-08 01:44:00+00:00,66,254,10,14,2,7,0,6,254,0,59
2026-06-08 02:44:00+00:00,66,254,11,14,2,9,10,7,254,0,59
2026-06-08 03:44:00+00:00,66,254,11,14,8,10,6,8,254,0,59
2026-06-08 04:44:00+00:00,66,254,12,14,8,10,1,9,254,0,59
2026-06-08 05:44:00+00:00,65,254,12,14,4,10,1,9,254,0,59
2026-06-08 06:44:00+00:00,65,254,12,14,5,10,2,9,254,0,59
2026-06-08 07:44:00+00:00,65,254,13,14,11,11,8,10,254,0,59
2026-06-08 08:44:00+00:00,64,254,13,13,9,11,4,9,254,0,103
2026-06-08 09:44:00+00:00,64,254,13,13,10,11,5,10,254,0,59
2026-06-08 10:44:00+00:00,64,254,13,13,10,11,6,10,254,0,59
2026-06-08 11:44:00+00:00,63,254,14,13,12,11,10,10,254,0,59
2026-06-08 12:44:00+00:00,63,254,14,13,11,11,7,10,254,0,59
2026-06-08 13:44:00+00:00,62,254,14,13,10,11,11,10,254,0,59
2026-06-08 14:44:00+00:00,62,254,14,13,10,11,9,10,254,0,59
2026-06-08 15:44:00+00:00,62,254,14,13,12,11,9,10,254,0,59
2026-06-08 16:44:00+00:00,62,254,15,13,11,11,10,10,254,0,59
2026-06-08 17:44:00+00:00,62,254,15,13,11,11,10,10,254,0,59
2026-06-08 18:44:00+00:00,62,254,15,13,12,12,10,10,254,0,59
2026-06-08 19:44:00+00:00,62,254,15,14,12,12,10,10,254,0,59
2026-06-08 20:44:00+00:00,63,254,16,14,12,12,11,10,254,0,59
2026-06-08 21:44:00+00:00,63,254,16,14,13,12,11,11,254,0,59
2026-06-08 22:44:00+00:00,64,254,16,14,13,12,11,11,254,0,59
2026-06-08 23:44:00+00:00,64,254,16,14,13,12,11,11,254,0,59
2026-06-09 00:44:00+00:00,65,254,17,14,13,13,11,11,254,0,59
2026-06-09 01:44:00+00:00,65,254,17,14,13,13,12,11,254,0,59
2026-06-09 02:44:00+00:00,66,254,17,14,13,13,12,11,254,0,59
2026-06-09 03:44:00+00:00,66,254,17,14,13,13,12,11,254,0,59
2026-06-09 04:44:00+00:00,66,254,17,14,13,13,12,11,254,0,59
2026-06-09 05:44:00+00:00,65,254,18,14,13,13,12,11,254,2,59
2026-06-09 06:44:00+00:00,65,254,18,14,14,13,12,11,254,2,59
2026-06-09 07:44:00+00:00,65,254,18,14,13,13,12,11,254,0,59
2026-06-09 08:44:00+00:00,65,254,18,14,13,13,12,11,254,0,103
2026-06-09 09:44:00+00:00,65,254,18,14,13,13,12,11,254,0,59
2026-06-09 10:44:00+00:00,64,254,18,14,13,13,12,11,254,0,59
2026-06-09 11:44:00+00:00,64,254,18,14,13,13,12,11,254,0,59
2026-06-09 12:44:00+00:00,64,254,18,14,13,13,12,11,254,1,59
2026-06-09 13:44:00+00:00,64,254,18,14,13,13,12,11,254,4,59
2026-06-09 14:44:00+00:00,64,254,18,14,13,13,12,11,254,0,59
2026-06-09 15:44:00+00:00,63,254,18,14,13,13,12,11,254,0,59
2026-06-09 16:44:00+00:00,63,254,18,14,13,13,12,11,254,0,59
2026-06-09 17:44:00+00:00,63,254,19,14,14,13,12,11,254,0,59
2026-06-09 18:44:00+00:00,63,254,19,14,14,13,12,12,254,0,59
2026-06-09 19:44:00+00:00,64,254,19,14,14,13,12,12,254,0,59
2026-06-09 20:44:00+00:00,64,254,19,14,14,13,13,12,254,0,59
2026-06-09 21:44:00+00:00,65,254,19,14,15,14,13,12,254,0,59
2026-06-09 22:44:00+00:00,65,254,20,14,15,14,13,12,254,0,59
2026-06-09 23:44:00+00:00,65,254,20,14,15,14,13,12,254,0,59
2026-06-10 00:44:00+00:00,65,254,20,14,15,14,13,12,254,0,59
2026-06-10 01:44:00+00:00,65,254,20,14,15,14,13,12,254,0,59
2026-06-10 02:44:00+00:00,65,254,20,14,15,14,14,12,254,0,59
2026-06-10 03:44:00+00:00,65,254,21,14,15,14,14,12,254,0,59
2026-06-10 04:44:00+00:00,65,254,21,14,15,14,14,12,254,0,59
2026-06-10 05:44:00+00:00,65,254,21,14,15,14,14,12,254,0,59
2026-06-10 06:44:00+00:00,64,254,21,14,15,14,14,12,254,0,59
2026-06-10 07:44:00+00:00,64,254,21,14,15,14,14,12,254,0,59
2026-06-10 08:44:00+00:00,64,254,21,14,15,14,14,12,254,0,103
2026-06-10 09:44:00+00:00,63,254,21,14,15,14,14,12,254,0,59
2026-06-10 10:44:00+00:00,63,254,22,14,16,14,14,12,254,0,59
2026-06-10 11:44:00+00:00,63,254,22,14,16,14,14,12,254,0,59
2026-06-10 12:44:00+00:00,62,254,22,14,15,14,14,12,254,0,59
2026-06-10 13:44:00+00:00,62,254,22,14,15,14,14,12,254,0,59
2026-06-10 14:44:00+00:00,61,254,22,14,16,14,14,12,254,0,59
2026-06-10 15:44:00+00:00,61,254,22,14,16,14,14,12,254,0,59
2026-06-10 16:44:00+00:00,61,254,22,14,16,14,14,12,254,0,59
2026-06-10 17:44:00+00:00,61,254,23,14,16,14,15,12,254,0,59
2026-06-10 18:44:00+00:00,61,254,23,14,16,14,15,13,254,0,59
2026-06-10 19:44:00+00:00,61,254,23,14,16,14,15,13,254,0,59
2026-06-10 20:44:00+00:00,61,254,23,14,16,15,15,13,254,0,59
2026-06-10 21:44:00+00:00,62,254,23,14,16,15,15,13,254,0,59
2026-06-10 22:44:00+00:00,63,254,23,14,17,15,15,13,254,0,59
2026-06-10 23:44:00+00:00,63,254,23,14,17,15,15,13,254,0,59
2026-06-11 00:44:00+00:00,63,254,23,14,17,15,15,13,254,0,59
2026-06-11 01:44:00+00:00,64,254,24,14,17,15,15,13,254,0,59
2026-06-11 02:44:00+00:00,64,254,24,14,17,15,15,13,254,0,59
2026-06-11 03:44:00+00:00,64,254,24,14,17,15,15,13,254,0,59
2026-06-11 04:45:00+00:00,64,254,24,14,17,15,16,13,254,0,59
2026-06-11 05:45:00+00:00,64,254,24,14,17,15,16,13,254,0,59
2026-06-11 06:45:00+00:00,64,254,24,14,17,15,16,13,254,0,59
2026-06-11 07:45:00+00:00,63,254,25,14,17,15,16,13,254,0,59
2026-06-11 08:45:00+00:00,63,254,25,14,17,15,16,13,254,0,103
2026-06-11 09:45:00+00:00,63,254,25,14,17,15,16,13,254,0,59
2026-06-11 10:45:00+00:00,62,254,25,14,17,15,16,13,254,0,59
2026-06-11 11:45:00+00:00,62,254,25,14,17,15,16,13,254,0,59
2026-06-11 12:45:00+00:00,62,254,26,14,17,15,16,13,254,0,59
2026-06-11 13:45:00+00:00,61,254,26,14,17,15,16,13,254,0,59
2026-06-11 14:45:00+00:00,61,254,26,14,18,15,16,13,254,0,59
2026-06-11 15:45:00+00:00,60,254,26,14,17,15,16,13,254,0,59
2026-06-11 16:45:00+00:00,60,254,26,14,18,15,16,13,254,0,59
2026-06-11 17:45:00+00:00,60,254,26,14,18,15,16,14,254,0,59
2026-06-11 18:45:00+00:00,60,254,26,14,18,15,16,14,254,0,59
2026-06-11 19:45:00+00:00,60,254,26,14,18,16,16,14,254,0,59
2026-06-11 20:45:00+00:00,61,254,26,15,18,16,17,14,254,0,59
2026-06-11 21:45:00+00:00,62,254,27,15,18,16,17,14,254,0,59
2026-06-11 22:45:00+00:00,63,254,27,15,18,16,17,14,254,0,59
2026-06-11 23:45:00+00:00,64,254,27,15,18,16,17,14,254,0,59
2026-06-12 00:45:00+00:00,65,254,26,15,12,17,15,15,254,111,59
2026-06-12 01:45:00+00:00,66,254,5,15,3,7,3,9,254,8,59
2026-06-12 02:45:00+00:00,66,254,5,15,4,4,10,4,254,0,59
2026-06-12 03:45:00+00:00,66,254,5,15,2,4,10,6,254,0,59
2026-06-12 04:45:00+00:00,66,254,7,14,10,4,10,7,254,0,59
2026-06-12 05:45:00+00:00,66,254,8,14,2,5,11,8,254,0,59
2026-06-12 06:45:00+00:00,66,254,10,14,2,5,4,9,254,0,59
2026-06-12 07:45:00+00:00,65,254,10,14,2,6,11,9,254,0,59
2026-06-12 08:45:00+00:00,65,254,10,14,3,6,11,10,254,0,103
2026-06-12 09:45:00+00:00,64,254,11,13,3,7,9,9,254,0,59
2026-06-12 10:45:00+00:00,64,254,11,13,3,7,10,9,254,0,59
2026-06-12 11:45:00+00:00,64,254,11,13,3,8,6,10,254,0,59
2026-06-12 12:45:00+00:00,63,254,12,13,3,9,3,10,254,0,59
2026-06-12 13:45:00+00:00,63,254,12,13,3,9,4,10,254,0,59
2026-06-12 14:45:00+00:00,62,254,12,13,4,9,6,10,254,0,59
2026-06-12 15:45:00+00:00,62,254,12,13,4,10,6,10,254,1,59
2026-06-12 16:45:00+00:00,62,254,13,13,6,10,6,10,254,0,59
2026-06-12 17:45:00+00:00,61,254,13,13,8,10,6,10,254,0,59
2026-06-12 18:45:00+00:00,61,254,14,13,10,11,7,10,254,0,59
2026-06-12 19:45:00+00:00,62,254,14,13,10,11,9,10,254,0,59
2026-06-12 20:45:00+00:00,62,254,15,13,11,11,10,10,254,0,59
2026-06-12 21:45:00+00:00,63,254,15,14,12,12,10,11,254,0,59
2026-06-12 22:45:00+00:00,64,254,15,14,12,12,10,11,254,0,59
2026-06-12 23:45:00+00:00,64,254,16,14,12,12,11,11,254,0,59
2026-06-13 00:45:00+00:00,65,254,16,14,13,13,11,11,254,0,59
2026-06-13 01:45:00+00:00,65,254,17,14,13,13,11,11,254,0,59
2026-06-13 02:45:00+00:00,65,254,17,14,13,13,11,12,254,0,59
2026-06-13 03:45:00+00:00,65,254,17,14,13,13,12,11,254,0,59
2026-06-13 04:45:00+00:00,65,254,17,14,13,13,12,11,254,0,59
2026-06-13 05:45:00+00:00,65,254,17,14,13,13,12,11,254,0,59
2026-06-13 06:45:00+00:00,65,254,18,14,13,13,12,11,254,0,59
2026-06-13 07:45:00+00:00,65,254,18,14,13,13,12,12,254,0,59
2026-06-13 08:45:00+00:00,64,254,18,13,13,13,12,11,254,0,103
2026-06-13 09:45:00+00:00,64,254,18,13,14,13,12,11,254,0,59
2026-06-13 10:45:00+00:00,64,254,18,13,13,13,12,11,254,0,59
2026-06-13 11:45:00+00:00,63,254,18,13,14,13,12,11,254,0,59
2026-06-13 12:45:00+00:00,63,254,19,14,14,13,12,12,254,0,59
2026-06-13 13:45:00+00:00,63,254,19,14,14,13,12,12,254,0,59
2026-06-13 14:45:00+00:00,62,254,19,13,14,13,12,11,254,0,59
2026-06-13 15:45:00+00:00,62,254,19,13,14,13,13,12,254,0,59
2026-06-13 16:45:00+00:00,62,254,20,14,14,13,13,12,254,0,59
2026-06-13 17:45:00+00:00,62,254,20,14,15,13,13,12,254,0,59
2026-06-13 18:45:00+00:00,62,254,20,14,15,14,13,12,254,0,59
2026-06-13 19:45:00+00:00,62,254,20,14,15,14,13,12,254,0,59
2026-06-13 20:45:00+00:00,62,254,20,14,15,14,14,12,254,0,59
2026-06-13 21:45:00+00:00,63,254,21,14,16,15,14,13,254,0,59
2026-06-13 22:45:00+00:00,63,254,21,14,16,15,14,13,254,0,59
2026-06-13 23:45:00+00:00,64,254,21,14,16,15,14,13,254,0,59
2026-06-14 00:45:00+00:00,64,254,21,14,16,15,14,13,254,0,59
2026-06-14 01:45:00+00:00,65,254,22,14,16,15,15,13,254,0,59
2026-06-14 02:45:00+00:00,65,254,22,14,16,15,15,13,254,0,59
2026-06-14 03:45:00+00:00,65,254,22,14,16,15,15,13,254,0,59
2026-06-14 04:45:00+00:00,65,254,22,14,16,15,15,13,254,0,59
2026-06-14 05:45:00+00:00,65,254,23,14,16,15,15,13,254,0,59
2026-06-14 06:45:00+00:00,65,254,23,14,16,15,15,13,254,0,59
2026-06-14 07:45:00+00:00,65,254,23,14,17,15,15,13,254,0,59
2026-06-14 08:45:00+00:00,65,254,23,14,17,15,15,13,254,0,103
2026-06-14 09:45:00+00:00,64,254,23,14,16,15,15,13,254,0,59
2026-06-14 10:45:00+00:00,64,254,23,14,16,15,15,13,254,0,59
2026-06-14 11:45:00+00:00,64,254,24,14,17,15,15,13,254,0,59
2026-06-14 12:45:00+00:00,63,254,24,14,17,15,15,13,254,0,59
2026-06-14 13:45:00+00:00,63,254,24,14,17,15,15,13,254,0,59
2026-06-14 14:45:00+00:00,63,254,24,14,17,15,15,13,254,0,59
2026-06-14 15:45:00+00:00,62,254,24,14,17,15,15,13,254,0,59
2026-06-14 16:45:00+00:00,62,254,24,14,17,15,15,13,254,0,59
2026-06-14 17:45:00+00:00,62,254,24,14,17,15,15,13,254,0,59
2026-06-14 18:45:00+00:00,62,254,25,14,17,15,16,14,254,0,59
2026-06-14 19:45:00+00:00,63,254,25,14,18,16,16,14,254,0,59
2026-06-14 20:45:00+00:00,63,254,25,15,18,16,16,14,254,0,59
2026-06-14 21:45:00+00:00,64,254,25,15,18,16,16,14,254,0,59
2026-06-14 22:45:00+00:00,64,254,26,15,18,16,16,14,254,0,59
2026-06-14 23:45:00+00:00,65,254,26,15,18,17,17,14,254,0,59
2026-06-15 00:45:00+00:00,66,254,27,15,18,17,17,14,254,0,59
2026-06-15 01:45:00+00:00,66,254,27,15,19,17,17,15,254,0,59
2026-06-15 02:45:00+00:00,67,254,27,15,19,17,17,15,254,0,59
2026-06-15 03:45:00+00:00,67,254,28,15,19,17,17,15,254,0,59
2026-06-15 04:45:00+00:00,67,254,28,15,19,17,17,15,254,0,59
2026-06-15 05:45:00+00:00,67,254,28,15,19,17,17,15,254,0,59
2026-06-15 06:45:00+00:00,67,254,28,15,19,17,17,15,254,0,59
2026-06-15 07:45:00+00:00,66,254,28,15,19,16,17,14,254,0,59
2026-06-15 08:45:00+00:00,66,254,28,15,19,16,17,14,254,0,103
2026-06-15 09:45:00+00:00,66,254,28,15,19,16,17,14,254,0,59
2026-06-15 10:45:00+00:00,65,254,29,15,19,16,17,15,254,0,59
2026-06-15 11:45:00+00:00,65,254,29,15,19,16,17,15,254,0,59
2026-06-15 12:45:00+00:00,65,254,29,15,19,17,18,15,254,0,59
2026-06-15 13:45:00+00:00,64,254,29,15,19,16,17,14,254,0,59
2026-06-15 14:45:00+00:00,64,254,29,15,19,16,18,15,254,0,59
2026-06-15 15:45:00+00:00,64,254,29,15,19,17,18,15,254,0,59
2026-06-15 16:45:00+00:00,64,254,30,15,19,17,18,15,254,0,59
2026-06-15 17:45:00+00:00,63,254,30,15,20,17,18,15,254,0,59
2026-06-15 18:45:00+00:00,65,254,13,15,9,12,10,15,254,114,59
2026-06-15 19:45:00+00:00,65,254,6,15,10,5,7,12,254,1,59
2026-06-15 20:45:00+00:00,66,254,7,15,10,4,6,11,254,0,59
2026-06-15 21:45:00+00:00,66,254,7,15,9,5,8,12,254,0,59
2026-06-15 22:45:00+00:00,67,254,10,15,5,6,3,12,254,0,59
2026-06-15 23:45:00+00:00,67,254,11,15,2,8,6,13,254,0,59
2026-06-16 00:45:00+00:00,68,254,12,15,3,10,3,13,254,0,59
2026-06-16 01:45:00+00:00,68,254,13,15,3,11,10,13,254,0,59
2026-06-16 02:45:00+00:00,68,254,13,14,4,11,7,13,254,0,59
2026-06-16 03:45:00+00:00,68,254,13,14,5,11,10,13,254,0,59
2026-06-16 04:45:00+00:00,68,254,14,14,7,12,5,13,254,0,59
2026-06-16 05:45:00+00:00,68,254,14,14,8,12,6,13,254,0,59
2026-06-16 06:45:00+00:00,68,254,14,14,10,12,7,13,254,0,59
2026-06-16 07:45:00+00:00,67,254,14,14,10,12,8,12,254,0,59
2026-06-16 08:45:00+00:00,67,254,15,14,10,12,9,12,254,0,103
2026-06-16 09:45:00+00:00,67,254,15,14,10,12,10,12,254,0,59
2026-06-16 10:45:00+00:00,66,254,15,14,10,12,10,12,254,0,59
2026-06-16 11:45:00+00:00,66,254,15,14,10,12,10,12,254,0,59
2026-06-16 12:45:00+00:00,66,254,15,14,11,12,10,12,254,0,59
2026-06-16 13:45:00+00:00,66,254,16,14,12,12,10,12,254,0,59
2026-06-16 14:45:00+00:00,65,254,16,14,11,12,10,12,254,0,59
2026-06-16 15:45:00+00:00,65,254,16,14,11,12,11,12,254,0,59
2026-06-16 16:45:00+00:00,65,254,17,14,12,13,11,13,254,0,59
2026-06-16 17:45:00+00:00,65,254,17,14,12,13,11,13,254,0,59
2026-06-16 18:45:00+00:00,65,254,17,14,13,13,12,13,254,0,59
2026-06-16 19:45:00+00:00,65,254,18,14,13,14,12,13,254,0,59
2026-06-16 20:45:00+00:00,65,254,18,14,14,14,12,13,254,0,59
2026-06-16 21:45:00+00:00,66,254,18,14,14,15,13,13,254,0,59
2026-06-16 22:45:00+00:00,66,254,19,14,14,15,13,13,254,0,59
2026-06-16 23:45:00+00:00,67,254,20,15,15,15,13,14,254,0,59
2026-06-17 00:45:00+00:00,68,254,20,15,15,16,14,14,254,0,59
2026-06-17 01:45:00+00:00,68,254,20,15,16,16,14,14,254,0,59
2026-06-17 02:45:00+00:00,68,254,21,15,16,16,14,14,254,0,59
2026-06-17 03:45:00+00:00,68,254,21,15,16,16,14,14,254,0,59
2026-06-17 04:45:00+00:00,68,254,21,15,16,16,14,14,254,0,59
2026-06-17 05:45:00+00:00,68,254,21,15,16,16,14,14,254,0,59
2026-06-17 06:45:00+00:00,68,254,21,15,16,16,14,14,254,0,59
2026-06-17 07:45:00+00:00,68,254,22,15,16,16,14,14,254,0,59
2026-06-17 08:46:00+00:00,67,254,21,14,16,15,14,14,254,0,103
2026-06-17 09:46:00+00:00,67,254,22,14,17,15,14,14,254,0,59
2026-06-17 10:46:00+00:00,67,254,22,14,16,15,14,14,254,0,59
2026-06-17 11:46:00+00:00,67,254,22,14,16,15,14,14,254,0,59
2026-06-17 12:46:00+00:00,66,254,22,14,16,15,14,14,254,0,59
2026-06-17 13:46:00+00:00,66,254,22,14,16,15,14,14,254,0,59
2026-06-17 14:46:00+00:00,66,254,22,14,16,15,14,14,254,0,59
2026-06-17 15:46:00+00:00,65,254,23,14,16,16,15,14,254,0,59
2026-06-17 16:46:00+00:00,65,254,23,14,16,16,15,14,254,0,59
2026-06-17 17:46:00+00:00,65,254,23,14,16,16,15,14,254,0,59
2026-06-17 18:46:00+00:00,65,254,24,14,17,16,15,14,254,0,59
2026-06-17 19:46:00+00:00,65,254,24,15,17,17,16,14,254,0,59
2026-06-17 20:46:00+00:00,65,254,24,15,17,17,16,14,254,0,59
2026-06-17 21:46:00+00:00,65,254,25,15,17,17,16,14,254,0,59
2026-06-17 22:46:00+00:00,66,254,25,15,18,17,16,15,254,0,59
2026-06-17 23:46:00+00:00,66,254,26,15,18,17,16,15,254,0,59
2026-06-18 00:46:00+00:00,66,254,26,15,18,17,16,15,254,0,59
2026-06-18 01:46:00+00:00,67,254,27,15,19,18,17,15,254,0,59
2026-06-18 02:46:00+00:00,67,254,27,15,19,18,17,15,254,0,59
2026-06-18 03:46:00+00:00,67,254,27,15,19,18,17,15,254,0,59
2026-06-18 04:46:00+00:00,67,254,27,15,19,18,17,15,254,0,59
2026-06-18 05:46:00+00:00,67,254,28,15,19,17,17,15,254,0,59
2026-06-18 06:46:00+00:00,67,254,28,15,19,17,17,15,254,0,59
2026-06-18 07:46:00+00:00,67,254,28,15,19,17,17,15,254,0,59
2026-06-18 08:46:00+00:00,67,254,28,15,19,17,17,15,254,0,103
2026-06-18 09:46:00+00:00,66,254,28,15,19,17,17,15,254,0,59
2026-06-18 10:46:00+00:00,66,254,28,15,19,17,17,15,254,0,59
2026-06-18 11:46:00+00:00,66,254,29,15,19,17,17,15,254,0,59
2026-06-18 12:46:00+00:00,65,254,29,15,19,17,17,15,254,0,59
2026-06-18 13:46:00+00:00,65,254,29,15,19,17,17,15,254,0,59
2026-06-18 14:46:00+00:00,65,254,29,15,19,17,17,15,254,0,59
2026-06-18 15:46:00+00:00,64,254,29,15,19,17,17,15,254,0,59
2026-06-18 16:46:00+00:00,64,254,30,15,19,18,18,15,254,0,59
2026-06-18 17:46:00+00:00,64,254,30,15,19,18,18,15,254,0,59
2026-06-18 18:46:00+00:00,64,254,30,15,20,18,18,15,254,0,59
2026-06-18 19:46:00+00:00,64,254,31,15,20,18,18,15,254,0,59
2026-06-18 20:46:00+00:00,65,254,32,15,20,19,19,16,254,0,59
2026-06-18 21:46:00+00:00,65,254,33,16,21,19,19,16,254,0,59
2026-06-18 22:46:00+00:00,66,254,33,16,21,19,19,16,254,14,59
2026-06-18 23:46:00+00:00,67,254,4,16,12,11,0,15,254,89,59
2026-06-19 00:46:00+00:00,68,254,0,15,12,6,3,13,254,0,59
2026-06-19 01:46:00+00:00,68,254,0,14,11,6,0,13,254,0,59
2026-06-19 02:46:00+00:00,68,254,1,13,10,7,5,13,254,0,59
2026-06-19 03:46:00+00:00,68,254,3,13,10,8,0,13,254,0,59
2026-06-19 04:46:00+00:00,68,254,6,13,6,10,0,13,254,0,59
2026-06-19 05:46:00+00:00,67,254,10,13,11,10,0,13,254,0,59
2026-06-19 06:46:00+00:00,67,254,10,13,13,10,9,13,254,0,59
2026-06-19 07:46:00+00:00,67,254,11,13,10,11,1,13,254,0,59
2026-06-19 08:46:00+00:00,67,254,11,13,8,11,10,13,254,0,103
2026-06-19 09:46:00+00:00,66,254,12,13,10,11,4,13,254,0,59
2026-06-19 10:46:00+00:00,66,254,12,13,8,11,3,13,254,0,59
2026-06-19 11:46:00+00:00,66,254,13,13,12,11,4,13,254,0,59
2026-06-19 12:46:00+00:00,65,254,13,13,10,11,5,13,254,0,59
2026-06-19 13:46:00+00:00,65,254,13,13,11,11,7,13,254,0,59
2026-06-19 14:46:00+00:00,65,254,14,13,13,12,7,13,254,0,59
2026-06-19 15:46:00+00:00,64,254,14,13,12,12,10,13,254,0,59
2026-06-19 16:46:00+00:00,64,254,14,13,11,12,10,13,254,0,59
2026-06-19 17:46:00+00:00,64,254,15,13,10,12,10,13,254,0,59
2026-06-19 18:46:00+00:00,64,254,15,13,12,13,10,13,254,0,59
2026-06-19 19:46:00+00:00,64,254,16,13,14,13,10,13,254,0,59
2026-06-19 20:46:00+00:00,65,254,16,14,14,14,11,14,254,0,59
2026-06-19 21:46:00+00:00,65,254,17,14,13,14,11,14,254,0,59
2026-06-19 22:46:00+00:00,66,254,17,14,13,14,11,14,254,0,59
2026-06-19 23:46:00+00:00,66,254,17,14,12,14,12,14,254,0,59
2026-06-20 00:46:00+00:00,67,254,17,14,14,15,12,14,254,0,59
2026-06-20 01:46:00+00:00,67,254,18,14,15,15,12,14,254,0,59
2026-06-20 02:46:00+00:00,68,254,18,14,14,15,12,14,254,0,59
2026-06-20 03:46:00+00:00,68,254,18,14,13,15,12,14,254,0,59
2026-06-20 04:46:00+00:00,68,254,18,14,13,15,12,14,254,0,59
2026-06-20 05:46:00+00:00,68,254,18,14,14,15,12,14,254,0,59
2026-06-20 06:46:00+00:00,68,254,18,14,13,15,12,14,254,0,59
2026-06-20 07:46:00+00:00,68,254,19,14,13,15,13,14,254,0,59
2026-06-20 08:46:00+00:00,68,254,19,14,14,15,13,14,254,0,103
2026-06-20 09:46:00+00:00,68,254,19,14,15,15,13,14,254,0,59
2026-06-20 10:46:00+00:00,68,254,19,14,14,15,13,14,254,0,59
2026-06-20 11:46:00+00:00,67,254,19,14,15,15,13,14,254,0,59
2026-06-20 12:46:00+00:00,67,254,19,14,14,15,13,14,254,0,59
2026-06-20 13:46:00+00:00,67,254,19,14,14,15,13,14,254,0,59
2026-06-20 14:46:00+00:00,67,254,19,14,14,15,13,14,254,2,59
2026-06-20 15:46:00+00:00,67,254,19,14,14,15,13,14,254,0,59
2026-06-20 16:46:00+00:00,67,254,20,14,14,15,13,14,254,0,59
2026-06-20 17:46:00+00:00,67,254,20,14,14,15,13,14,254,0,59
2026-06-20 18:46:00+00:00,67,254,20,14,14,15,13,14,254,0,59
2026-06-20 19:46:00+00:00,67,254,20,14,15,16,14,14,254,0,59
2026-06-20 20:46:00+00:00,67,254,21,14,15,16,14,15,254,0,59
2026-06-20 21:46:00+00:00,67,254,21,14,15,16,14,15,254,0,59
2026-06-20 22:46:00+00:00,68,254,21,15,15,16,14,15,254,0,59
2026-06-20 23:46:00+00:00,68,254,21,15,15,16,14,15,254,0,59
2026-06-21 00:46:00+00:00,68,254,22,15,15,16,14,15,254,0,59
2026-06-21 01:46:00+00:00,68,254,22,15,15,16,14,15,254,0,59
2026-06-21 02:46:00+00:00,68,254,22,15,15,16,14,15,254,0,59
2026-06-21 03:46:00+00:00,68,254,22,15,15,16,14,15,254,0,59
2026-06-21 04:46:00+00:00,68,254,22,15,16,16,15,15,254,0,59
2026-06-21 05:46:00+00:00,68,254,22,15,16,16,15,15,254,0,59
2026-06-21 06:46:00+00:00,68,254,22,15,16,16,15,15,254,0,59
2026-06-21 07:46:00+00:00,68,254,22,15,16,16,15,15,254,0,59
2026-06-21 08:47:00+00:00,68,254,23,15,16,16,15,15,254,0,103
2026-06-21 09:47:00+00:00,67,254,22,14,16,16,15,15,254,0,59
2026-06-21 10:47:00+00:00,67,254,23,14,16,16,15,15,254,0,59
2026-06-21 11:47:00+00:00,67,254,23,14,16,16,15,15,254,0,59
2026-06-21 12:47:00+00:00,67,254,23,15,16,16,15,15,254,0,59
2026-06-21 13:47:00+00:00,66,254,23,14,16,16,15,14,254,0,59
2026-06-21 14:47:00+00:00,66,254,23,14,16,16,15,14,254,0,59
2026-06-21 15:47:00+00:00,66,254,23,14,16,16,15,15,254,0,59
2026-06-21 16:47:00+00:00,65,254,24,14,16,16,15,15,254,0,59
2026-06-21 17:47:00+00:00,65,254,24,15,16,17,15,15,254,0,59
2026-06-21 18:47:00+00:00,65,254,24,15,16,17,16,15,254,0,59
2026-06-21 19:47:00+00:00,65,254,25,15,17,17,16,15,254,0,59
2026-06-21 20:47:00+00:00,66,254,25,15,17,17,16,15,254,0,59
2026-06-21 21:47:00+00:00,66,254,25,15,17,18,16,15,254,0,59
2026-06-21 22:47:00+00:00,66,254,26,15,17,18,16,15,254,0,59
2026-06-21 23:47:00+00:00,67,254,26,15,18,18,17,16,254,0,59
2026-06-22 00:47:00+00:00,67,254,26,15,18,18,17,16,254,0,59
2026-06-22 01:47:00+00:00,68,254,27,16,18,19,17,16,254,0,59
2026-06-22 02:47:00+00:00,68,254,27,16,18,19,17,16,254,0,59
2026-06-22 03:47:00+00:00,68,254,27,16,18,18,17,16,254,0,59
2026-06-22 04:47:00+00:00,68,254,27,15,18,18,17,16,254,0,59
2026-06-22 05:47:00+00:00,68,254,28,15,18,18,17,16,254,0,59
2026-06-22 06:47:00+00:00,68,254,28,15,18,18,17,16,254,0,59
2026-06-22 07:47:00+00:00,68,254,28,15,18,18,17,16,254,0,59
2026-06-22 08:47:00+00:00,67,254,28,15,18,18,17,16,254,0,103
2026-06-22 09:47:00+00:00,67,254,28,15,18,18,17,16,254,0,59
2026-06-22 10:47:00+00:00,67,254,28,15,18,18,18,16,254,0,59
2026-06-22 11:47:00+00:00,66,254,28,15,18,18,17,15,254,0,59
2026-06-22 12:47:00+00:00,66,254,28,15,18,18,17,15,254,0,59
2026-06-22 13:47:00+00:00,66,254,29,15,18,18,18,15,254,0,59
2026-06-22 14:47:00+00:00,65,254,29,15,19,18,18,16,254,0,59
2026-06-22 15:47:00+00:00,65,254,29,15,19,18,18,16,254,0,59
2026-06-22 16:47:00+00:00,65,254,30,15,19,18,18,16,254,0,59
2026-06-22 17:47:00+00:00,65,254,30,15,19,18,18,16,254,0,59
2026-06-22 18:47:00+00:00,65,254,31,15,19,19,19,16,254,0,59
2026-06-22 19:47:00+00:00,65,254,31,16,19,19,18,16,254,0,59
2026-06-22 20:47:00+00:00,65,254,32,16,20,19,19,16,254,0,59
2026-06-22 21:47:00+00:00,66,254,33,16,20,19,19,17,254,0,59
2026-06-22 22:47:00+00:00,66,254,34,16,20,20,19,16,254,0,59
2026-06-22 23:47:00+00:00,66,254,35,16,20,20,19,17,254,0,59
2026-06-23 00:47:00+00:00,67,254,36,16,21,20,20,17,254,0,59
2026-06-23 01:47:00+00:00,67,254,36,16,21,20,20,17,254,0,59
2026-06-23 02:47:00+00:00,67,254,37,16,21,20,20,17,254,0,59
2026-06-23 03:47:00+00:00,67,254,37,16,22,20,20,17,254,0,59
2026-06-23 04:47:00+00:00,67,254,37,16,22,20,20,17,254,0,59
2026-06-23 05:47:00+00:00,67,254,37,16,22,20,20,17,254,0,59
2026-06-23 06:47:00+00:00,67,254,37,16,22,20,20,17,254,0,59
2026-06-23 07:47:00+00:00,67,254,37,16,22,20,20,17,254,0,59
2026-06-23 08:47:00+00:00,67,254,37,16,22,20,20,17,254,0,103
2026-06-23 09:47:00+00:00,66,254,37,16,22,19,20,17,254,0,59
2026-06-23 10:47:00+00:00,66,254,37,16,22,19,20,17,254,0,59
2026-06-23 11:47:00+00:00,66,254,37,16,22,19,20,17,254,0,59
2026-06-23 12:47:00+00:00,65,254,38,16,22,19,21,17,254,0,59
2026-06-23 13:47:00+00:00,65,254,38,16,22,19,21,17,254,0,59
2026-06-23 14:47:00+00:00,65,254,38,16,22,19,21,17,254,0,59
2026-06-23 15:47:00+00:00,64,254,38,16,22,19,21,17,254,0,59
2026-06-23 16:47:00+00:00,64,254,39,16,22,20,21,17,254,0,59
2026-06-23 17:47:00+00:00,64,254,40,16,22,20,21,17,254,0,59
2026-06-23 18:47:00+00:00,64,254,40,16,23,20,21,17,254,0,59
2026-06-23 19:47:00+00:00,65,254,42,17,24,21,22,18,254,0,59
2026-06-23 20:47:00+00:00,65,254,42,17,24,21,22,18,254,0,59
2026-06-23 21:47:00+00:00,65,254,43,17,24,21,22,18,254,0,59
2026-06-23 22:47:00+00:00,66,254,44,17,25,21,23,18,254,0,59
2026-06-23 23:47:00+00:00,66,254,45,17,25,21,23,18,254,0,59
2026-06-24 00:47:00+00:00,67,254,46,18,26,22,23,18,254,0,59
2026-06-24 01:47:00+00:00,67,254,47,18,27,22,23,18,254,0,59
2026-06-24 02:47:00+00:00,68,254,49,18,27,22,24,19,254,0,59
2026-06-24 03:47:00+00:00,68,254,49,18,28,22,24,18,254,0,59
2026-06-24 04:47:00+00:00,68,254,49,18,27,22,24,18,254,0,59
2026-06-24 05:47:00+00:00,68,254,49,18,27,22,24,18,254,0,59
2026-06-24 06:47:00+00:00,68,254,49,18,27,22,24,18,254,0,59
2026-06-24 07:47:00+00:00,68,254,49,18,27,22,24,18,254,0,59
2026-06-24 08:47:00+00:00,68,254,49,18,27,22,24,18,254,0,103
2026-06-24 09:47:00+00:00,68,254,48,18,22,22,24,18,254,51,59
2026-06-24 10:47:00+00:00,67,254,2,17,2,13,3,17,254,6,59
2026-06-24 11:47:00+00:00,67,254,2,17,2,13,0,17,254,0,59
2026-06-24 12:47:00+00:00,66,254,3,17,6,14,0,16,254,0,59
2026-06-24 13:47:00+00:00,66,254,5,16,7,15,0,16,254,0,59
2026-06-24 14:47:00+00:00,66,254,8,16,10,15,0,16,254,0,59
2026-06-24 15:47:00+00:00,66,254,10,16,3,16,0,16,254,0,59
2026-06-24 16:47:00+00:00,66,254,11,15,11,16,1,16,254,0,59
2026-06-24 17:47:00+00:00,66,254,12,16,13,17,3,16,254,0,59
2026-06-24 18:47:00+00:00,66,254,13,16,13,17,5,16,254,0,59
2026-06-24 19:47:00+00:00,66,254,15,16,12,18,8,16,254,0,59
2026-06-24 20:47:00+00:00,66,254,16,16,12,18,10,16,254,0,59
2026-06-24 21:47:00+00:00,67,254,17,16,13,19,11,17,254,0,59
2026-06-24 22:47:00+00:00,67,254,17,16,14,19,11,17,254,0,59
2026-06-24 23:47:00+00:00,68,254,18,16,14,20,12,17,254,0,59
2026-06-25 00:47:00+00:00,68,254,19,16,15,20,12,17,254,0,59
2026-06-25 01:47:00+00:00,68,254,19,16,15,20,12,17,254,0,59
2026-06-25 02:47:00+00:00,69,254,19,16,15,20,12,17,254,0,59
2026-06-25 03:47:00+00:00,69,254,19,16,15,20,13,17,254,0,59
2026-06-25 04:47:00+00:00,69,254,19,16,15,19,13,17,254,0,59
2026-06-25 05:47:00+00:00,69,254,20,16,15,19,13,17,254,0,59
2026-06-25 06:47:00+00:00,69,254,20,16,15,19,13,17,254,0,59
2026-06-25 07:47:00+00:00,69,254,20,16,15,19,13,17,254,0,59
2026-06-25 08:47:00+00:00,68,254,20,16,15,19,13,17,254,0,103
2026-06-25 09:47:00+00:00,68,254,20,16,16,19,13,17,254,0,59
2026-06-25 10:47:00+00:00,68,254,21,16,16,19,14,17,254,0,59
2026-06-25 11:47:00+00:00,68,254,21,16,16,19,14,17,254,0,59
2026-06-25 12:47:00+00:00,68,254,21,16,16,19,14,17,254,0,59
2026-06-25 13:47:00+00:00,67,254,21,16,16,19,14,17,254,0,59
2026-06-25 14:47:00+00:00,67,254,21,16,16,19,14,17,254,0,59
2026-06-25 15:47:00+00:00,67,254,22,16,16,19,14,17,254,0,59
2026-06-25 16:47:00+00:00,67,254,22,16,16,19,14,17,254,0,59
2026-06-25 17:47:00+00:00,67,254,23,16,17,20,15,17,254,0,59
2026-06-25 18:47:00+00:00,67,254,23,16,17,20,15,17,254,0,59
2026-06-25 19:47:00+00:00,67,254,24,16,18,20,15,17,254,0,59
2026-06-25 20:47:00+00:00,67,254,24,17,17,20,15,17,254,0,59
2026-06-25 21:47:00+00:00,68,254,25,17,18,21,16,18,254,0,59
2026-06-25 22:47:00+00:00,68,254,25,17,18,21,16,18,254,0,59
2026-06-25 23:47:00+00:00,68,254,26,17,18,21,16,18,254,0,59
2026-06-26 00:47:00+00:00,69,254,26,17,18,21,16,18,254,0,59
2026-06-26 01:47:00+00:00,69,254,26,17,18,21,16,18,254,0,59
2026-06-26 02:47:00+00:00,69,254,26,17,18,21,16,18,254,0,59
2026-06-26 03:47:00+00:00,70,254,27,17,19,21,17,18,254,0,59
2026-06-26 04:47:00+00:00,70,254,27,17,19,21,17,18,254,0,59
2026-06-26 05:47:00+00:00,69,254,27,17,18,21,16,18,254,0,59
2026-06-26 06:47:00+00:00,69,254,27,17,18,21,17,18,254,0,59
2026-06-26 07:47:00+00:00,69,254,27,17,19,21,17,18,254,0,59
2026-06-26 08:47:00+00:00,69,254,27,17,19,21,17,18,254,0,103
2026-06-26 09:47:00+00:00,69,254,28,17,19,21,17,18,254,0,59
2026-06-26 10:47:00+00:00,69,254,28,17,19,21,17,18,254,0,59
2026-06-26 11:47:00+00:00,68,254,28,17,19,21,17,18,254,0,59
2026-06-26 12:47:00+00:00,68,254,28,17,19,21,17,18,254,0,59
2026-06-26 13:47:00+00:00,68,254,28,17,19,21,17,18,254,0,59
2026-06-26 14:47:00+00:00,68,254,29,17,19,21,18,18,254,0,59
2026-06-26 15:47:00+00:00,67,254,29,17,19,21,17,17,254,0,59
2026-06-26 16:47:00+00:00,67,254,29,17,19,21,17,17,254,0,59
2026-06-26 17:47:00+00:00,67,254,29,17,19,21,18,18,254,0,59
2026-06-26 18:47:00+00:00,67,254,30,17,20,21,18,18,254,0,59
2026-06-26 19:47:00+00:00,67,254,30,17,20,21,18,18,254,0,59
2026-06-26 20:47:00+00:00,67,254,30,17,20,21,18,18,254,0,59
2026-06-26 21:47:00+00:00,67,254,30,17,20,21,18,18,254,4,59
2026-06-26 22:47:00+00:00,67,254,30,17,20,21,18,18,254,3,59
2026-06-26 23:47:00+00:00,67,254,30,17,20,21,18,18,254,0,59
2026-06-27 00:47:00+00:00,67,254,31,17,20,21,18,18,254,0,59
2026-06-27 01:47:00+00:00,67,254,31,17,20,21,18,18,254,0,59
2026-06-27 02:47:00+00:00,67,254,31,17,20,21,18,18,254,0,59
2026-06-27 03:47:00+00:00,67,254,31,17,20,21,18,18,254,11,59
2026-06-27 04:47:00+00:00,67,254,31,17,20,21,18,18,254,0,59
2026-06-27 05:47:00+00:00,67,254,30,17,20,21,18,18,254,0,59
2026-06-27 06:47:00+00:00,67,254,30,17,20,21,17,18,254,0,59
2026-06-27 07:47:00+00:00,67,254,30,17,20,21,17,18,254,0,59
2026-06-27 08:47:00+00:00,66,254,29,17,19,20,17,18,254,0,103
2026-06-27 09:47:00+00:00,66,254,29,17,19,21,17,17,254,0,59
2026-06-27 10:47:00+00:00,66,254,29,17,19,21,17,17,254,0,59
2026-06-27 11:47:00+00:00,66,254,29,17,19,21,17,18,254,0,59
2026-06-27 12:47:00+00:00,65,254,29,17,19,21,17,18,254,0,59
2026-06-27 13:47:00+00:00,65,254,28,17,19,21,17,18,254,2,59
2026-06-27 14:47:00+00:00,65,254,28,17,19,21,17,18,254,1,59
2026-06-27 15:47:00+00:00,65,254,28,17,19,21,17,18,254,1,59
2026-06-27 16:47:00+00:00,65,254,28,17,19,21,17,18,254,0,59
2026-06-27 17:47:00+00:00,65,254,28,17,19,21,17,18,254,0,59
2026-06-27 18:47:00+00:00,65,254,28,17,19,21,17,18,254,0,59
2026-06-27 19:47:00+00:00,65,254,28,17,19,21,17,18,254,5,59
2026-06-27 20:47:00+00:00,65,254,27,17,19,21,17,18,254,0,59
2026-06-27 21:47:00+00:00,65,254,26,17,18,21,16,18,254,0,59
2026-06-27 22:47:00+00:00,65,254,25,17,18,21,16,18,254,0,59
2026-06-27 23:47:00+00:00,65,254,24,17,18,21,16,18,254,0,59
2026-06-28 00:47:00+00:00,65,254,24,17,18,21,16,18,254,0,59
2026-06-28 01:47:00+00:00,65,254,24,17,18,21,16,18,254,0,59
2026-06-28 02:48:00+00:00,65,254,24,17,18,21,16,18,254,0,59
2026-06-28 03:48:00+00:00,64,254,24,17,17,21,16,18,254,0,59
2026-06-28 04:48:00+00:00,64,254,24,17,17,21,16,18,254,0,59
2026-06-28 05:48:00+00:00,64,254,24,17,17,21,16,18,254,0,59
2026-06-28 06:48:00+00:00,64,254,24,17,17,21,16,18,254,0,59
2026-06-28 07:48:00+00:00,64,254,24,17,17,21,16,18,254,0,59
2026-06-28 08:48:00+00:00,64,254,24,17,18,21,16,18,254,0,103
2026-06-28 09:48:00+00:00,63,254,24,17,18,21,17,18,254,0,59
2026-06-28 10:48:00+00:00,63,254,24,17,18,21,17,18,254,0,59
2026-06-28 11:48:00+00:00,63,254,25,17,18,21,17,18,254,0,59
2026-06-28 12:49:00+00:00,63,254,25,17,18,21,17,18,254,0,59
2026-06-28 13:49:00+00:00,62,254,24,17,18,21,17,18,254,0,59
2026-06-28 14:49:00+00:00,62,254,25,17,18,21,17,18,254,0,59
2026-06-28 15:49:00+00:00,62,254,25,17,18,21,17,18,254,0,59
2026-06-28 16:49:00+00:00,62,254,25,17,18,21,17,18,254,0,59
2026-06-28 17:49:00+00:00,62,254,26,17,18,21,17,18,254,0,59
2026-06-28 18:49:00+00:00,62,254,26,17,18,21,17,18,254,0,59
2026-06-28 19:49:00+00:00,62,254,26,17,18,21,17,18,254,0,59
2026-06-28 20:49:00+00:00,62,254,26,17,19,21,17,18,254,0,59
2026-06-28 21:49:00+00:00,62,254,10,17,11,18,14,18,254,37,59
2026-06-28 22:50:00+00:00,62,254,0,16,3,10,1,9,254,0,59
2026-06-28 23:50:00+00:00,63,254,0,14,3,7,4,5,254,0,59
2026-06-29 00:50:00+00:00,63,254,0,13,3,8,0,7,254,0,59
2026-06-29 01:50:00+00:00,63,254,0,13,3,9,0,9,254,0,59
2026-06-29 02:50:00+00:00,63,254,1,13,3,10,4,10,254,0,59
2026-06-29 03:50:00+00:00,63,254,1,13,3,10,9,10,254,0,59
2026-06-29 04:51:00+00:00,63,254,1,13,3,11,2,11,254,2,59
2026-06-29 05:51:00+00:00,63,254,3,13,10,11,11,11,254,0,59
2026-06-29 06:51:00+00:00,63,254,6,13,3,11,10,11,254,0,59
2026-06-29 07:51:00+00:00,63,254,8,13,3,12,1,11,254,0,59
2026-06-29 08:51:00+00:00,63,254,10,13,4,12,1,11,254,0,103
2026-06-29 09:51:00+00:00,62,254,10,13,4,12,2,11,254,0,59
2026-06-29 10:51:00+00:00,62,254,11,13,4,12,2,11,254,0,59
2026-06-29 11:51:00+00:00,62,254,11,13,4,12,3,11,254,0,59
2026-06-29 12:51:00+00:00,62,254,11,13,5,12,3,11,254,0,59
2026-06-29 13:51:00+00:00,62,254,12,13,11,13,4,11,254,0,59
2026-06-29 14:51:00+00:00,62,254,12,13,6,13,4,11,254,0,59
2026-06-29 15:51:00+00:00,61,254,12,13,8,13,5,11,254,0,59
2026-06-29 16:51:00+00:00,61,254,13,13,9,13,6,11,254,0,59
2026-06-29 17:51:00+00:00,61,254,14,13,10,13,8,12,254,0,59
2026-06-29 18:51:00+00:00,61,254,14,14,10,14,9,12,254,0,59
2026-06-29 19:51:00+00:00,61,254,15,14,11,14,10,12,254,0,59
2026-06-29 20:51:00+00:00,62,254,15,14,11,14,10,12,254,0,59
2026-06-29 21:51:00+00:00,62,254,16,14,12,15,10,12,254,0,59
2026-06-29 22:51:00+00:00,62,254,16,14,12,15,11,12,254,0,59
2026-06-29 23:51:00+00:00,63,254,17,14,13,15,11,13,254,0,59
2026-06-30 00:51:00+00:00,63,254,17,14,13,15,11,13,254,0,59
2026-06-30 01:51:00+00:00,63,254,17,14,13,16,11,13,254,0,59
2026-06-30 02:51:00+00:00,63,254,17,14,13,16,12,13,254,0,59
2026-06-30 03:51:00+00:00,63,254,18,14,13,16,12,13,254,0,59
2026-06-30 04:51:00+00:00,64,254,18,14,13,16,12,13,254,0,59
2026-06-30 05:51:00+00:00,64,254,18,14,13,15,12,13,254,0,59
2026-06-30 06:51:00+00:00,64,254,18,14,13,15,12,13,254,0,59
2026-06-30 07:51:00+00:00,63,254,18,14,13,15,12,13,254,0,59
2026-06-30 08:51:00+00:00,63,254,18,14,14,15,12,13,254,0,103
2026-06-30 09:51:00+00:00,63,254,18,14,14,16,12,13,254,0,59
2026-06-30 10:51:00+00:00,63,254,19,14,14,16,14,13,254,0,59
2026-06-30 11:51:00+00:00,63,254,19,14,14,16,12,13,254,0,59
2026-06-30 12:51:00+00:00,62,254,19,14,14,15,12,13,254,0,59
2026-06-30 13:51:00+00:00,62,254,19,14,14,15,12,13,254,0,59
2026-06-30 14:51:00+00:00,62,254,19,14,14,15,13,13,254,0,59
2026-06-30 15:51:00+00:00,62,254,19,14,14,16,13,13,254,0,59
2026-06-30 16:51:00+00:00,62,254,19,14,14,16,13,13,254,0,59
2026-06-30 17:51:00+00:00,62,254,20,15,14,16,13,13,254,0,59
2026-06-30 18:51:00+00:00,62,254,20,15,15,16,13,13,254,0,59
2026-06-30 19:51:00+00:00,62,254,21,15,15,16,14,14,254,0,59
2026-06-30 20:51:00+00:00,62,254,21,15,15,17,14,14,254,0,59
2026-06-30 21:51:00+00:00,63,254,22,15,16,17,14,14,254,0,59
2026-06-30 22:51:00+00:00,63,254,22,15,16,17,14,14,254,0,59
2026-06-30 23:51:00+00:00,64,254,22,15,16,17,14,14,254,0,59
2026-07-01 00:51:00+00:00,64,254,23,15,16,18,15,14,254,0,59
2026-07-01 01:51:00+00:00,64,254,23,15,16,18,15,14,254,0,59
2026-07-01 02:51:00+00:00,65,254,23,15,17,18,15,15,254,0,59
2026-07-01 03:51:00+00:00,65,254,23,15,17,18,15,14,254,0,59
2026-07-01 04:51:00+00:00,65,254,23,15,17,18,15,14,254,0,59
2026-07-01 05:51:00+00:00,65,254,24,15,17,18,15,14,254,0,59
2026-07-01 06:51:00+00:00,65,254,24,15,17,18,15,14,254,0,59
2026-07-01 07:51:00+00:00,65,254,24,15,17,18,15,14,254,0,59
2026-07-01 08:51:00+00:00,65,254,24,15,17,18,15,14,254,0,103
2026-07-01 09:51:00+00:00,65,254,24,15,17,18,15,14,254,0,59
2026-07-01 10:51:00+00:00,64,254,24,15,17,17,15,14,254,0,59
2026-07-01 11:51:00+00:00,64,254,24,15,17,17,15,14,254,0,59
2026-07-01 12:51:00+00:00,64,254,24,15,17,17,15,14,254,0,59
2026-07-01 13:51:00+00:00,64,254,24,15,17,17,15,14,254,0,59
2026-07-01 14:51:00+00:00,64,254,24,15,17,18,15,14,254,0,59
2026-07-01 15:51:00+00:00,64,254,25,15,17,18,16,14,254,0,59
2026-07-01 16:51:00+00:00,64,254,25,15,17,18,16,14,254,0,59
2026-07-01 17:51:00+00:00,64,254,25,15,17,18,16,15,254,0,59
2026-07-01 18:51:00+00:00,63,254,26,16,18,18,16,15,254,0,59
2026-07-01 19:51:00+00:00,64,254,26,16,18,18,16,15,254,0,59
2026-07-01 20:51:00+00:00,64,254,27,16,18,19,16,15,254,0,59
2026-07-01 21:51:00+00:00,64,254,27,16,18,19,16,15,254,0,59
2026-07-01 22:51:00+00:00,65,254,28,16,18,19,17,15,254,0,59
2026-07-01 23:51:00+00:00,65,254,28,16,19,19,17,16,254,0,59
2026-07-02 00:51:00+00:00,65,254,29,16,19,19,17,16,254,0,59
2026-07-02 01:51:00+00:00,66,254,29,16,19,19,17,16,254,0,59
2026-07-02 02:51:00+00:00,66,254,29,16,19,20,17,16,254,0,59
2026-07-02 03:51:00+00:00,66,254,29,16,19,19,17,16,254,0,59
2026-07-02 04:51:00+00:00,66,254,29,16,19,19,17,16,254,0,59
2026-07-02 05:51:00+00:00,66,254,30,16,19,19,18,16,254,0,59
2026-07-02 06:51:00+00:00,66,254,30,16,19,19,18,15,254,0,59
2026-07-02 07:51:00+00:00,66,254,30,16,19,19,18,16,254,0,59
2026-07-02 08:51:00+00:00,66,254,30,16,19,19,18,16,254,0,103
2026-07-02 09:51:00+00:00,65,254,30,16,20,19,18,16,254,0,59
2026-07-02 10:51:00+00:00,65,254,30,16,20,19,18,16,254,0,59
2026-07-02 11:51:00+00:00,65,254,30,16,20,19,18,16,254,0,59
2026-07-02 12:51:00+00:00,65,254,31,16,20,19,18,16,254,0,59
2026-07-02 13:51:00+00:00,64,254,30,16,20,19,18,15,254,0,59
2026-07-02 14:51:00+00:00,64,254,30,16,20,19,18,15,254,0,59
2026-07-02 15:51:00+00:00,64,254,31,16,20,19,18,16,254,0,59
2026-07-02 16:51:00+00:00,64,254,31,16,20,19,18,16,254,0,59
2026-07-02 17:51:00+00:00,64,254,32,16,20,20,19,16,254,0,59
2026-07-02 18:51:00+00:00,64,254,33,16,20,20,19,16,254,0,59
2026-07-02 19:51:00+00:00,64,254,34,17,21,20,19,16,254,0,59
2026-07-02 20:51:00+00:00,64,254,35,17,21,20,19,16,254,0,59
2026-07-02 21:51:00+00:00,64,254,35,17,22,21,19,17,254,0,59
2026-07-02 22:51:00+00:00,65,254,37,17,22,21,20,17,254,0,59
2026-07-02 23:51:00+00:00,65,254,38,17,22,21,20,17,254,0,59
2026-07-03 00:51:00+00:00,65,254,38,17,23,21,20,17,254,0,59
2026-07-03 01:51:00+00:00,66,254,39,17,23,21,20,17,254,0,59
2026-07-03 02:51:00+00:00,66,254,39,17,23,21,20,17,254,0,59
2026-07-03 03:51:00+00:00,66,254,39,17,23,21,20,17,254,0,59
2026-07-03 04:51:00+00:00,66,254,39,17,23,21,20,17,254,0,59
2026-07-03 05:51:00+00:00,66,254,39,17,23,21,20,17,254,0,59
2026-07-03 06:51:00+00:00,66,254,39,17,23,21,21,17,254,0,59
2026-07-03 07:51:00+00:00,66,254,39,17,23,21,21,17,254,0,59
2026-07-03 08:51:00+00:00,65,254,39,17,22,21,21,17,254,30,103
2026-07-03 09:51:00+00:00,65,254,14,17,6,13,4,16,254,1,59
2026-07-03 10:51:00+00:00,64,254,10,16,3,12,0,15,254,0,59
2026-07-03 11:51:00+00:00,64,254,9,16,3,13,0,15,254,0,59
2026-07-03 12:51:00+00:00,64,254,10,15,3,13,0,15,254,0,59
2026-07-03 13:51:00+00:00,64,254,10,15,3,13,0,15,254,0,59
2026-07-03 14:51:00+00:00,64,254,10,15,3,14,1,15,254,0,59
2026-07-03 15:51:00+00:00,63,254,11,15,3,14,1,14,254,0,59
2026-07-03 16:51:00+00:00,63,254,11,15,4,14,2,15,254,0,59
2026-07-03 17:51:00+00:00,63,254,12,15,5,15,2,15,254,0,59
2026-07-03 18:51:00+00:00,63,254,12,15,7,15,5,15,254,0,59
2026-07-03 19:51:00+00:00,63,254,13,15,10,16,8,15,254,0,59
2026-07-03 20:51:00+00:00,64,254,14,15,11,16,10,15,254,0,59
2026-07-03 21:51:00+00:00,64,254,15,15,12,17,10,15,254,0,59
2026-07-03 22:51:00+00:00,65,254,16,15,12,17,11,16,254,0,59
2026-07-03 23:51:00+00:00,65,254,16,16,13,17,11,16,254,0,59
2026-07-04 00:51:00+00:00,65,254,17,16,13,18,12,16,254,0,59
2026-07-04 01:51:00+00:00,66,254,17,16,13,18,12,16,254,0,59
2026-07-04 02:51:00+00:00,66,254,17,15,13,18,12,16,254,0,59
2026-07-04 03:51:00+00:00,66,254,17,15,13,18,12,16,254,0,59
2026-07-04 04:51:00+00:00,66,254,17,15,13,18,12,16,254,0,59
2026-07-04 05:51:00+00:00,66,254,17,15,13,18,12,15,254,0,59
2026-07-04 06:51:00+00:00,66,254,17,15,13,17,12,15,254,0,59
2026-07-04 07:51:00+00:00,66,254,18,15,14,17,12,15,254,0,59
2026-07-04 08:51:00+00:00,66,254,18,15,14,17,13,15,254,0,103
2026-07-04 09:51:00+00:00,66,254,18,15,14,17,13,15,254,0,59
2026-07-04 10:51:00+00:00,66,254,18,15,14,17,13,15,254,0,59
2026-07-04 11:51:00+00:00,65,254,18,15,14,17,13,15,254,0,59
2026-07-04 12:51:00+00:00,65,254,19,16,14,17,13,15,254,0,59
2026-07-04 13:51:00+00:00,65,254,19,16,14,17,13,15,254,0,59
2026-07-04 14:51:00+00:00,65,254,19,15,14,17,13,15,254,0,59
2026-07-04 15:51:00+00:00,64,254,19,15,14,17,13,15,254,0,59
2026-07-04 16:51:00+00:00,64,254,19,15,14,17,13,15,254,0,59
2026-07-04 17:51:00+00:00,64,254,20,16,15,18,14,15,254,0,59
2026-07-04 18:51:00+00:00,64,254,20,16,15,18,14,16,254,0,59
2026-07-04 19:51:00+00:00,64,254,21,16,15,18,14,16,254,0,59
2026-07-04 20:51:00+00:00,65,254,21,16,16,19,15,16,254,0,58
2026-07-04 21:51:00+00:00,65,254,22,16,16,19,15,16,254,0,59
2026-07-04 22:51:00+00:00,65,254,22,16,16,19,15,16,254,0,59
2026-07-04 23:51:00+00:00,66,254,23,16,16,19,16,16,254,0,59
2026-07-05 00:51:00+00:00,66,254,23,16,17,20,15,16,254,0,59
2026-07-05 01:51:00+00:00,67,254,23,17,17,20,16,17,254,0,59
2026-07-05 02:51:00+00:00,67,254,24,17,17,20,16,17,254,0,59
2026-07-05 03:51:00+00:00,68,254,24,17,17,20,16,17,254,0,59
2026-07-05 04:51:00+00:00,68,254,24,17,17,20,16,17,254,0,59
2026-07-05 05:51:00+00:00,68,254,24,17,18,20,16,17,254,0,59
2026-07-05 06:51:00+00:00,68,254,24,17,18,20,17,17,254,0,59
2026-07-05 07:51:00+00:00,68,254,25,17,18,20,17,17,254,0,59
2026-07-05 08:51:00+00:00,68,254,25,17,18,20,17,17,254,0,103
2026-07-05 09:51:00+00:00,67,254,25,16,17,20,16,16,254,0,59
2026-07-05 10:51:00+00:00,67,254,25,16,18,20,17,16,254,0,59
2026-07-05 11:51:00+00:00,67,254,25,17,18,20,17,16,254,0,59
2026-07-05 12:51:00+00:00,67,254,25,16,18,20,17,16,254,0,59
2026-07-05 13:51:00+00:00,67,254,25,17,18,20,17,16,254,0,59
2026-07-05 14:51:00+00:00,66,254,25,16,18,19,17,16,254,0,59
2026-07-05 15:51:00+00:00,66,254,25,16,18,20,17,16,254,0,59
2026-07-05 16:51:00+00:00,66,254,26,16,18,20,17,16,254,0,59
2026-07-05 17:51:00+00:00,66,254,26,17,18,20,17,17,254,0,59
2026-07-05 18:51:00+00:00,66,254,27,17,18,20,18,17,254,0,59
2026-07-05 19:51:00+00:00,66,254,27,17,19,20,18,17,254,0,59
2026-07-05 20:51:00+00:00,66,254,28,17,19,21,18,17,254,0,59
2026-07-05 21:51:00+00:00,67,254,29,17,20,21,19,17,254,0,59
2026-07-05 22:51:00+00:00,67,254,30,17,20,21,19,17,254,0,59
2026-07-05 23:51:00+00:00,68,254,31,18,20,22,19,18,254,0,59
2026-07-06 00:51:00+00:00,68,254,31,18,20,22,19,18,254,0,59
2026-07-06 01:51:00+00:00,68,254,31,18,21,22,19,18,254,0,59
2026-07-06 02:51:00+00:00,68,254,32,18,21,22,19,18,254,0,59
2026-07-06 03:51:00+00:00,68,254,32,18,21,22,20,18,254,0,59
2026-07-06 04:51:00+00:00,69,254,32,18,21,22,20,18,254,0,59
2026-07-06 05:51:00+00:00,68,254,32,18,21,22,20,18,254,0,59
2026-07-06 06:51:00+00:00,68,254,32,18,21,22,20,18,254,0,59
2026-07-06 07:51:00+00:00,68,254,32,18,21,22,20,18,254,0,59
2026-07-06 08:51:00+00:00,68,254,32,18,21,22,20,18,254,0,103
2026-07-06 09:51:00+00:00,68,254,33,18,21,22,20,18,254,0,59
2026-07-06 10:51:00+00:00,68,254,33,18,21,22,20,18,254,0,59
2026-07-06 11:51:00+00:00,68,254,33,18,21,22,20,18,254,0,59
2026-07-06 12:51:00+00:00,68,254,33,18,22,22,20,18,254,0,59
2026-07-06 13:51:00+00:00,68,254,33,18,22,22,20,18,254,0,59
2026-07-06 14:51:00+00:00,68,254,33,18,22,22,21,18,254,0,59
2026-07-06 15:51:00+00:00,68,254,34,18,22,22,21,18,254,0,59
2026-07-06 16:51:00+00:00,67,254,34,18,22,22,20,18,254,0,59
2026-07-06 17:51:00+00:00,67,254,35,18,22,22,21,18,254,0,59
2026-07-06 18:51:00+00:00,68,254,36,18,23,23,21,18,254,0,59
2026-07-06 19:51:00+00:00,68,254,37,18,23,23,22,19,254,0,59
2026-07-06 20:51:00+00:00,68,254,39,19,24,23,22,19,254,0,59
2026-07-06 21:51:00+00:00,68,254,40,19,25,23,22,19,254,0,59
2026-07-06 22:51:00+00:00,69,254,0,19,3,19,11,19,254,31,59
2026-07-06 23:51:00+00:00,70,254,0,19,2,18,1,19,254,0,59
2026-07-07 00:51:00+00:00,70,254,0,18,2,18,0,18,254,0,59
2026-07-07 01:51:00+00:00,70,254,0,17,2,18,1,18,254,0,59
2026-07-07 02:51:00+00:00,70,254,0,17,2,18,2,18,254,0,59
2026-07-07 03:51:00+00:00,70,254,1,16,2,18,2,18,254,0,59
2026-07-07 04:51:00+00:00,70,254,3,16,2,18,3,18,254,0,59
2026-07-07 05:51:00+00:00,70,254,6,16,3,18,4,17,254,0,59
2026-07-07 06:51:00+00:00,70,254,8,16,4,18,5,17,254,0,59
2026-07-07 07:51:00+00:00,69,254,10,15,5,18,6,17,254,0,59
2026-07-07 08:51:00+00:00,69,254,11,15,7,18,6,17,254,0,103
2026-07-07 09:51:00+00:00,69,254,11,15,8,18,8,17,254,0,59
2026-07-07 10:51:00+00:00,68,254,12,15,10,18,9,17,254,0,59
2026-07-07 11:51:00+00:00,68,254,12,15,10,18,10,17,254,0,59
2026-07-07 12:51:00+00:00,68,254,12,15,10,18,10,17,254,0,59
2026-07-07 13:51:00+00:00,68,254,13,15,11,18,11,17,254,0,59
2026-07-07 14:51:00+00:00,67,254,13,15,11,18,10,16,254,0,59
2026-07-07 15:51:00+00:00,67,254,13,15,11,18,11,17,254,0,59
2026-07-07 16:51:00+00:00,67,254,14,15,11,18,11,17,254,0,59
2026-07-07 17:51:00+00:00,67,254,14,15,12,18,11,17,254,0,59
2026-07-07 18:51:00+00:00,67,254,15,15,13,18,12,17,254,0,59
2026-07-07 19:51:00+00:00,67,254,16,16,13,19,13,17,254,0,59
2026-07-07 20:51:00+00:00,67,254,17,16,14,19,13,17,254,0,59
2026-07-07 21:51:00+00:00,67,254,18,16,14,19,14,17,254,0,59
2026-07-07 22:51:00+00:00,68,254,18,16,15,20,14,18,254,0,59
2026-07-07 23:51:00+00:00,68,254,18,16,15,20,14,18,254,0,59
2026-07-08 00:51:00+00:00,68,254,18,16,15,20,14,18,254,0,59
2026-07-08 01:51:00+00:00,69,254,18,16,15,20,14,18,254,0,59
2026-07-08 02:51:00+00:00,69,254,19,16,15,20,14,18,254,0,59
2026-07-08 03:51:00+00:00,69,254,19,16,15,20,14,17,254,0,59
2026-07-08 04:51:00+00:00,69,254,19,16,15,20,14,17,254,0,59
2026-07-08 05:51:00+00:00,69,254,19,16,15,20,15,17,254,0,59
2026-07-08 06:51:00+00:00,69,254,19,16,15,20,15,17,254,0,59
2026-07-08 07:51:00+00:00,69,254,19,16,15,20,15,17,254,0,59
2026-07-08 08:51:00+00:00,69,254,19,16,15,20,15,17,254,0,103
2026-07-08 09:51:00+00:00,69,254,20,16,16,20,15,17,254,0,59
2026-07-08 10:51:00+00:00,68,254,20,16,16,20,15,17,254,0,59
2026-07-08 11:51:00+00:00,68,254,20,16,16,20,15,17,254,0,59
2026-07-08 12:51:00+00:00,68,254,20,16,16,20,15,17,254,0,59
2026-07-08 13:51:00+00:00,68,254,20,16,16,20,15,17,254,0,59
2026-07-08 14:51:00+00:00,68,254,21,16,16,20,15,17,254,0,59
2026-07-08 15:51:00+00:00,67,254,20,16,16,19,15,17,254,0,59
2026-07-08 16:51:00+00:00,67,254,21,16,16,20,15,17,254,0,59
2026-07-08 17:51:00+00:00,67,254,21,16,16,20,16,17,254,0,59
2026-07-08 18:51:00+00:00,67,254,22,16,17,20,16,18,254,0,59
2026-07-08 19:51:00+00:00,67,254,22,17,17,20,16,18,254,0,59
2026-07-08 20:51:00+00:00,67,254,22,17,17,20,16,18,254,0,59
2026-07-08 21:51:00+00:00,68,254,23,17,17,21,17,18,254,0,58
2026-07-08 22:51:00+00:00,68,254,23,17,17,21,17,18,254,0,59
2026-07-08 23:51:00+00:00,68,254,24,17,18,21,17,18,254,0,59
2026-07-09 00:51:00+00:00,69,254,24,17,18,21,17,18,254,0,59
2026-07-09 01:51:00+00:00,69,254,24,17,18,21,17,18,254,0,59
2026-07-09 02:51:00+00:00,69,254,24,17,18,21,17,18,254,0,59
2026-07-09 03:51:00+00:00,69,254,24,17,18,21,17,18,254,0,59
2026-07-09 04:51:00+00:00,69,254,24,17,18,21,17,18,254,0,59
2026-07-09 05:51:00+00:00,69,254,24,17,18,21,17,18,254,0,59
2026-07-09 06:51:00+00:00,69,254,24,17,18,21,17,18,254,0,59
2026-07-09 07:51:00+00:00,69,254,25,17,18,21,18,18,254,0,59
2026-07-09 08:51:00+00:00,69,254,25,17,18,21,18,18,254,0,103
2026-07-09 09:51:00+00:00,69,254,25,17,18,21,18,18,254,0,59
2026-07-09 10:51:00+00:00,69,254,25,17,18,21,18,18,254,0,59
2026-07-09 11:51:00+00:00,69,254,25,17,18,21,18,18,254,0,59
2026-07-09 12:51:00+00:00,68,254,26,17,18,21,18,18,254,0,59
2026-07-09 13:51:00+00:00,68,254,26,17,19,21,18,18,254,0,59
2026-07-09 14:51:00+00:00,68,254,26,17,19,21,18,18,254,0,59
2026-07-09 15:51:00+00:00,68,254,26,17,19,21,18,18,254,0,59
2026-07-09 16:51:00+00:00,68,254,27,17,19,21,19,18,254,0,59
2026-07-09 17:51:00+00:00,68,254,27,18,19,21,19,18,254,0,59
2026-07-09 18:51:00+00:00,68,254,28,18,19,22,19,19,254,0,59
2026-07-09 19:51:00+00:00,68,254,29,18,20,22,19,19,254,0,58
2026-07-09 20:51:00+00:00,68,254,29,18,20,22,20,19,254,0,58
2026-07-09 21:51:00+00:00,68,254,30,18,20,23,20,19,254,0,58
2026-07-09 22:51:00+00:00,68,254,31,18,21,23,20,19,254,0,58
2026-07-09 23:51:00+00:00,69,254,31,18,21,23,20,19,254,0,58
2026-07-10 00:51:00+00:00,70,254,11,18,2,22,11,19,254,27,59
2026-07-10 01:51:00+00:00,70,254,0,18,2,19,0,19,254,0,59
2026-07-10 02:51:00+00:00,70,254,0,17,2,18,0,18,254,0,59
2026-07-10 03:51:00+00:00,70,254,0,16,2,17,0,17,254,0,59
2026-07-10 04:51:00+00:00,70,254,0,15,2,17,0,17,254,0,59
2026-07-10 05:51:00+00:00,70,254,0,15,2,17,0,17,254,0,59
2026-07-10 06:51:00+00:00,70,254,1,14,2,17,0,17,254,0,59
2026-07-10 07:51:00+00:00,70,254,3,14,2,18,1,17,254,0,59
2026-07-10 08:51:00+00:00,69,254,5,14,3,17,2,16,254,0,103
2026-07-10 09:51:00+00:00,69,254,7,14,4,17,2,16,254,0,59
2026-07-10 10:51:00+00:00,69,254,10,14,5,17,4,16,254,0,59
2026-07-10 11:51:00+00:00,68,254,10,14,7,17,5,16,254,0,59
2026-07-10 12:51:00+00:00,68,254,11,14,8,17,6,16,254,0,59
2026-07-10 13:51:00+00:00,68,254,11,14,10,17,8,16,254,0,59
2026-07-10 14:51:00+00:00,68,254,12,14,10,18,8,16,254,0,59
2026-07-10 15:51:00+00:00,67,254,12,14,10,17,10,16,254,0,59
2026-07-10 16:51:00+00:00,67,254,13,14,11,18,10,16,254,0,59
2026-07-10 17:51:00+00:00,67,254,13,14,11,18,11,16,254,0,58
2026-07-10 18:51:00+00:00,67,254,14,14,12,18,11,17,254,0,58
2026-07-10 19:51:00+00:00,67,254,15,14,13,18,12,17,254,0,58
2026-07-10 20:51:00+00:00,67,254,16,15,13,19,12,17,254,0,58
2026-07-10 21:51:00+00:00,67,254,17,15,14,19,13,17,254,0,58
2026-07-10 22:51:00+00:00,68,254,18,15,14,19,13,17,254,0,58
2026-07-10 23:51:00+00:00,68,254,18,15,15,20,14,17,254,0,58
2026-07-11 00:51:00+00:00,69,254,18,15,15,20,14,17,254,0,58
2026-07-11 01:51:00+00:00,69,254,18,15,15,20,14,17,254,0,59
2026-07-11 02:51:00+00:00,69,254,18,15,15,20,14,17,254,0,59
2026-07-11 03:51:00+00:00,70,254,18,16,15,20,14,17,254,0,59
2026-07-11 04:51:00+00:00,70,254,18,16,15,20,14,17,254,0,59
2026-07-11 05:51:00+00:00,70,254,19,16,15,20,14,17,254,0,59
2026-07-11 06:51:00+00:00,70,254,19,16,15,20,14,17,254,0,59
2026-07-11 07:51:00+00:00,70,254,19,16,15,20,14,17,254,0,59
2026-07-11 08:51:00+00:00,70,254,19,16,15,20,14,17,254,0,103
2026-07-11 09:51:00+00:00,70,254,19,16,15,20,15,17,254,0,59
2026-07-11 10:51:00+00:00,69,254,19,15,15,19,14,17,254,0,59
2026-07-11 11:51:00+00:00,69,254,19,16,15,19,15,17,254,0,59
2026-07-11 12:51:00+00:00,69,254,19,15,15,19,15,17,254,0,59
2026-07-11 13:51:00+00:00,69,254,20,16,16,19,15,17,254,0,59
2026-07-11 14:51:00+00:00,68,254,20,16,16,19,15,17,254,0,59
2026-07-11 15:51:00+00:00,68,254,20,16,16,19,15,17,254,0,59
2026-07-11 16:51:00+00:00,68,254,20,16,16,20,15,17,254,0,59
2026-07-11 17:51:00+00:00,68,254,21,16,16,20,16,17,254,0,58
2026-07-11 18:51:00+00:00,68,254,21,16,17,20,16,17,254,0,58
2026-07-11 19:51:00+00:00,68,254,22,16,17,20,16,18,254,0,58
2026-07-11 20:51:00+00:00,68,254,22,16,17,20,16,18,254,0,58
2026-07-11 21:51:00+00:00,69,254,23,16,17,21,16,18,254,0,58
2026-07-11 22:51:00+00:00,69,254,23,17,18,21,17,18,254,0,59
2026-07-11 23:51:00+00:00,69,254,23,17,18,21,17,18,254,0,58
2026-07-12 00:51:00+00:00,70,254,24,17,18,21,17,18,254,0,59
2026-07-12 01:51:00+00:00,70,254,24,17,18,21,17,18,254,0,59
2026-07-12 02:51:00+00:00,71,254,24,17,18,21,17,18,254,0,59
2026-07-12 03:51:00+00:00,71,254,24,17,18,21,17,18,254,0,59
2026-07-12 04:51:00+00:00,71,254,24,17,18,21,17,18,254,0,59
2026-07-12 05:51:00+00:00,71,254,24,17,18,21,17,18,254,0,59
2026-07-12 06:51:00+00:00,71,254,24,17,18,21,17,18,254,0,59
2026-07-12 07:51:00+00:00,71,254,24,17,18,21,18,18,254,0,59
2026-07-12 08:51:00+00:00,71,254,24,17,18,21,18,18,254,0,103
2026-07-12 09:51:00+00:00,71,254,25,17,19,21,18,18,254,0,59
2026-07-12 10:51:00+00:00,70,254,25,17,19,21,18,18,254,0,59
2026-07-12 11:51:00+00:00,70,254,25,17,19,21,18,18,254,0,59
2026-07-12 12:51:00+00:00,70,254,25,17,19,21,18,18,254,0,59
2026-07-12 13:51:00+00:00,69,254,25,17,19,21,18,18,254,0,59
2026-07-12 14:51:00+00:00,69,254,25,17,19,21,18,18,254,0,59
2026-07-12 15:51:00+00:00,69,254,26,17,19,21,18,18,254,0,59
2026-07-12 16:51:00+00:00,69,254,26,17,19,21,18,18,254,0,59
2026-07-12 17:51:00+00:00,69,254,26,17,19,21,19,18,254,0,58
2026-07-12 18:51:00+00:00,69,254,27,17,20,21,19,18,254,0,58
2026-07-12 19:51:00+00:00,69,254,28,17,20,22,19,18,254,0,58
2026-07-12 20:51:00+00:00,69,254,28,18,20,22,19,18,254,0,58
2026-07-12 21:51:00+00:00,69,254,29,18,21,22,19,19,254,0,58
2026-07-12 22:51:00+00:00,69,254,30,18,21,23,20,19,254,0,58
2026-07-12 23:51:00+00:00,70,254,31,18,22,23,20,19,254,0,59
2026-07-13 00:51:00+00:00,70,254,32,18,22,23,21,19,254,0,59
2026-07-13 01:51:00+00:00,70,254,32,19,23,24,21,19,254,0,58
2026-07-13 02:51:00+00:00,71,254,10,19,11,23,12,19,254,26,59
2026-07-13 03:51:00+00:00,71,254,0,18,1,22,0,19,254,0,59
2026-07-13 04:51:00+00:00,71,254,0,18,2,21,0,18,254,0,59
2026-07-13 05:51:00+00:00,71,254,0,17,2,20,0,17,254,0,59
2026-07-13 06:51:00+00:00,71,254,0,16,2,19,0,17,254,0,59
2026-07-13 07:51:00+00:00,70,254,0,16,2,19,0,17,254,0,59
2026-07-13 08:51:00+00:00,70,254,1,16,2,19,0,17,254,0,103
2026-07-13 09:51:00+00:00,70,254,2,15,3,19,1,17,254,0,59
2026-07-13 10:51:00+00:00,70,254,5,15,4,18,1,17,254,0,59
2026-07-13 11:51:00+00:00,69,254,7,15,5,18,2,16,254,0,59
2026-07-13 12:51:00+00:00,69,254,10,15,6,18,3,16,254,0,59
2026-07-13 13:51:00+00:00,69,254,10,15,7,18,5,16,254,0,59
2026-07-13 14:51:00+00:00,69,254,11,14,9,18,5,16,254,0,59
2026-07-13 15:51:00+00:00,69,254,11,14,10,18,6,16,254,0,59
2026-07-13 16:51:00+00:00,68,254,12,15,10,18,8,16,254,0,59
2026-07-13 17:51:00+00:00,68,254,13,15,11,19,10,17,254,0,58
2026-07-13 18:51:00+00:00,68,254,13,15,12,19,11,17,254,0,58
2026-07-13 19:51:00+00:00,68,254,14,15,12,19,11,17,254,0,58
2026-07-13 20:51:00+00:00,69,254,14,15,12,19,11,17,254,0,58
2026-07-13 21:51:00+00:00,69,254,15,15,13,19,12,17,254,0,58
2026-07-13 22:51:00+00:00,69,254,16,15,13,19,12,17,254,0,58
2026-07-13 23:51:00+00:00,69,254,16,16,14,20,13,17,254,0,58
2026-07-14 00:51:00+00:00,70,254,17,16,14,20,13,17,254,0,58
2026-07-14 01:51:00+00:00,70,254,17,16,15,20,13,17,254,0,58
2026-07-14 02:51:00+00:00,70,254,18,16,15,20,14,17,254,0,59
2026-07-14 03:51:00+00:00,70,254,18,16,15,20,14,17,254,0,58
2026-07-14 04:51:00+00:00,70,254,18,16,15,20,14,17,254,0,58
2026-07-14 05:51:00+00:00,70,254,18,16,15,20,14,17,254,0,59
2026-07-14 06:51:00+00:00,70,254,18,16,15,20,14,17,254,0,59
2026-07-14 07:51:00+00:00,70,254,18,16,15,20,14,17,254,0,59
2026-07-14 08:51:00+00:00,70,254,18,16,15,20,14,17,254,0,103
2026-07-14 09:51:00+00:00,70,254,18,16,15,20,14,17,254,0,59
2026-07-14 10:51:00+00:00,70,254,19,16,15,20,14,17,254,0,59
2026-07-14 11:51:00+00:00,70,254,19,16,15,20,14,17,254,0,59
2026-07-14 12:51:00+00:00,70,254,19,16,15,20,14,17,254,0,59
2026-07-14 13:51:00+00:00,70,254,19,16,16,20,14,17,254,0,59
2026-07-14 14:51:00+00:00,70,254,19,16,16,20,15,17,254,0,59
2026-07-14 15:51:00+00:00,70,254,20,16,16,20,15,17,254,0,58
2026-07-14 16:51:00+00:00,70,254,20,16,16,20,15,17,254,0,58
2026-07-14 17:51:00+00:00,70,254,20,16,16,20,15,17,254,0,58
2026-07-14 18:51:00+00:00,70,254,20,16,16,20,15,17,254,0,59
2026-07-14 19:51:00+00:00,70,254,20,16,16,20,15,17,254,0,58
2026-07-14 20:51:00+00:00,70,254,21,17,17,21,15,17,254,0,58
2026-07-14 21:51:00+00:00,70,254,21,17,17,21,16,18,254,0,58
2026-07-14 22:51:00+00:00,70,254,21,17,17,21,16,18,254,0,58
2026-07-14 23:51:00+00:00,70,254,22,17,17,21,16,18,254,0,58
2026-07-15 00:51:00+00:00,70,254,22,17,17,21,16,18,254,0,58
2026-07-15 01:51:00+00:00,71,254,22,17,17,21,16,18,254,0,58
2026-07-15 02:51:00+00:00,71,254,22,17,17,21,16,18,254,0,58
2026-07-15 03:51:00+00:00,71,254,22,17,17,21,16,18,254,0,58
2026-07-15 04:51:00+00:00,71,254,22,17,17,21,16,18,254,0,58
2026-07-15 05:51:00+00:00,71,254,22,17,17,21,16,18,254,0,59
2026-07-15 06:51:00+00:00,71,254,23,17,17,21,16,18,254,0,58
2026-07-15 07:51:00+00:00,71,254,23,17,17,21,16,18,254,0,59
2026-07-15 08:51:00+00:00,71,254,23,17,18,21,17,17,254,0,103
2026-07-15 09:51:00+00:00,71,254,23,17,18,21,17,18,254,0,59
2026-07-15 10:51:00+00:00,71,254,23,17,18,21,17,17,254,1,59
2026-07-15 11:51:00+00:00,71,254,23,17,18,21,17,18,254,0,59
2026-07-15 12:51:00+00:00,71,254,23,17,18,21,17,17,254,0,59
2026-07-15 13:51:00+00:00,70,254,23,17,18,21,17,17,254,0,59
2026-07-15 14:51:00+00:00,70,254,23,17,18,21,17,17,254,0,59
2026-07-15 15:51:00+00:00,70,254,24,17,18,21,17,18,254,0,58
2026-07-15 16:51:00+00:00,70,254,24,17,18,21,17,18,254,0,58
2026-07-15 17:51:00+00:00,70,254,24,17,18,21,17,18,254,0,58
2026-07-15 18:51:00+00:00,70,254,25,17,19,21,18,18,254,0,58
2026-07-15 19:51:00+00:00,70,254,25,18,19,22,18,18,254,0,58
2026-07-15 20:51:00+00:00,70,254,26,18,19,22,18,18,254,0,58
2026-07-15 21:51:00+00:00,71,254,27,18,19,22,18,18,254,0,58
2026-07-15 22:51:00+00:00,71,254,27,18,19,22,18,18,254,0,58
2026-07-15 23:51:00+00:00,71,254,27,18,20,22,18,19,254,0,58
2026-07-16 00:51:00+00:00,72,254,28,18,20,23,19,19,254,0,58
2026-07-16 01:51:00+00:00,72,254,28,18,20,23,19,19,254,0,58
2026-07-16 02:51:00+00:00,72,254,29,18,21,23,19,19,254,0,58
2026-07-16 03:51:00+00:00,72,254,29,18,21,23,19,19,254,0,58
2026-07-16 04:51:00+00:00,73,254,9,18,7,20,12,19,254,22,58
2026-07-16 05:51:00+00:00,72,254,0,17,1,17,0,18,254,1,59
2026-07-16 06:51:00+00:00,72,254,0,16,1,16,0,18,254,0,59
2026-07-16 07:51:00+00:00,72,254,0,15,1,16,0,17,254,0,59
2026-07-16 08:51:00+00:00,72,254,0,14,1,16,0,17,254,0,103
2026-07-16 09:51:00+00:00,72,254,0,14,1,16,0,17,254,0,59
2026-07-16 10:51:00+00:00,72,254,0,14,1,16,0,17,254,0,59
2026-07-16 11:51:00+00:00,71,254,0,13,1,16,0,16,254,0,59
2026-07-16 12:51:00+00:00,71,254,2,13,2,16,0,16,254,0,59
2026-07-16 13:51:00+00:00,71,254,3,13,2,16,0,16,254,0,59
2026-07-16 14:51:00+00:00,71,254,6,13,3,16,2,16,254,0,59
2026-07-16 15:51:00+00:00,70,254,8,13,5,17,3,16,254,0,59
2026-07-16 16:51:00+00:00,70,254,10,14,7,17,5,16,254,0,58
2026-07-16 17:51:00+00:00,70,254,11,14,10,17,7,16,254,0,58
2026-07-16 18:51:00+00:00,70,254,12,14,11,17,9,16,254,0,58
2026-07-16 19:51:00+00:00,70,254,13,14,12,18,11,16,254,0,58
2026-07-16 20:51:00+00:00,70,254,14,14,12,18,11,16,254,0,58
2026-07-16 21:51:00+00:00,71,254,15,14,13,18,12,17,254,0,58
2026-07-16 22:51:00+00:00,71,254,15,14,13,18,12,17,254,0,58
2026-07-16 23:51:00+00:00,71,254,15,15,13,18,12,17,254,0,58
2026-07-17 00:51:00+00:00,72,254,16,15,13,19,13,17,254,0,58
2026-07-17 01:51:00+00:00,72,254,16,15,14,19,13,17,254,0,58
2026-07-17 02:51:00+00:00,72,254,16,15,14,19,13,17,254,1,58
2026-07-17 03:51:00+00:00,72,254,16,15,14,19,13,17,254,0,58
2026-07-17 04:51:00+00:00,72,254,16,15,14,19,13,17,254,0,59
2026-07-17 05:51:00+00:00,72,254,16,15,14,19,13,17,254,0,58
2026-07-17 06:51:00+00:00,72,254,17,15,14,18,13,17,254,0,59
2026-07-17 07:51:00+00:00,72,254,17,15,14,18,13,16,254,0,59
2026-07-17 08:51:00+00:00,72,254,17,15,14,18,13,16,254,0,103
2026-07-17 09:51:00+00:00,72,254,17,15,14,18,13,17,254,0,58
2026-07-17 10:51:00+00:00,72,254,17,15,14,18,13,16,254,0,59
2026-07-17 11:51:00+00:00,72,254,17,15,14,18,13,16,254,0,59
2026-07-17 12:51:00+00:00,71,254,17,15,14,18,13,16,254,0,59
2026-07-17 13:51:00+00:00,71,254,17,15,14,18,13,16,254,0,58
2026-07-17 14:51:00+00:00,71,254,17,15,14,18,13,16,254,0,59
2026-07-17 15:51:00+00:00,71,254,18,15,14,18,14,16,254,0,58
2026-07-17 16:51:00+00:00,71,254,18,15,15,18,14,16,254,0,58
2026-07-17 17:51:00+00:00,71,254,19,15,15,19,14,16,254,0,58
2026-07-17 18:51:00+00:00,71,254,19,15,15,19,14,17,254,0,58
2026-07-17 19:51:00+00:00,71,254,20,16,16,19,15,17,254,0,58
2026-07-17 20:51:00+00:00,71,254,20,16,16,19,15,17,254,0,58
2026-07-17 21:51:00+00:00,72,254,21,16,16,20,15,17,254,0,58
2026-07-17 22:51:00+00:00,72,254,21,16,17,20,16,17,254,0,58
2026-07-17 23:51:00+00:00,72,254,22,16,17,20,16,18,254,0,58
2026-07-18 00:51:00+00:00,72,254,22,16,17,20,16,18,254,0,58
2026-07-18 01:51:00+00:00,73,254,22,16,17,20,16,18,254,0,58
2026-07-18 02:51:00+00:00,73,254,22,16,17,20,16,17,254,0,59
2026-07-18 03:51:00+00:00,73,254,22,16,17,20,16,17,254,0,58
2026-07-18 04:51:00+00:00,73,254,22,16,17,20,16,17,254,0,58
2026-07-18 05:51:00+00:00,73,254,22,16,17,20,16,17,254,0,58
2026-07-18 06:51:00+00:00,73,254,22,16,17,20,16,17,254,0,59
2026-07-18 07:51:00+00:00,73,254,23,16,17,20,16,17,254,0,59
2026-07-18 08:51:00+00:00,73,254,23,16,17,20,17,17,254,0,103
2026-07-18 09:51:00+00:00,73,254,23,16,17,20,17,17,254,0,59
2026-07-18 10:51:00+00:00,73,254,23,16,17,20,17,17,254,0,59
2026-07-18 11:51:00+00:00,72,254,23,16,18,20,17,17,254,0,59
2026-07-18 12:51:00+00:00,72,254,23,16,18,20,17,17,254,0,59
2026-07-18 13:51:00+00:00,72,254,23,16,18,20,17,17,254,0,59
2026-07-18 14:51:00+00:00,72,254,24,17,18,20,17,17,254,0,59
2026-07-18 15:51:00+00:00,71,254,23,16,18,20,17,17,254,0,58
2026-07-18 16:51:00+00:00,71,254,24,16,18,20,17,17,254,0,58
2026-07-18 17:51:00+00:00,71,254,24,16,18,20,17,17,254,0,58
2026-07-18 18:51:00+00:00,71,254,25,17,18,20,17,17,254,0,58
2026-07-18 19:51:00+00:00,71,254,25,17,18,20,18,18,254,0,58
2026-07-18 20:51:00+00:00,71,254,26,17,19,21,18,18,254,0,58
2026-07-18 21:51:00+00:00,72,254,27,17,19,21,18,18,254,0,58
2026-07-18 22:51:00+00:00,72,254,27,17,19,22,18,18,254,0,58
2026-07-18 23:51:00+00:00,72,254,28,18,20,22,19,18,254,0,58
2026-07-19 00:51:00+00:00,73,254,29,18,20,22,19,19,254,0,58
2026-07-19 01:51:00+00:00,73,254,29,18,20,22,19,18,254,0,58
2026-07-19 02:52:00+00:00,73,254,29,18,21,22,19,18,254,0,58
2026-07-19 03:52:00+00:00,73,254,30,18,21,22,19,18,254,0,58
2026-07-19 04:52:00+00:00,73,254,30,18,21,22,20,18,254,0,58
2026-07-19 05:52:00+00:00,73,254,30,18,21,22,20,18,254,0,58
2026-07-19 06:52:00+00:00,73,254,0,18,12,21,16,18,254,23,59
2026-07-19 07:52:00+00:00,72,254,0,17,1,17,0,18,254,1,59
2026-07-19 08:52:00+00:00,72,254,0,16,1,16,0,18,254,0,103
2026-07-19 09:52:00+00:00,72,254,0,15,11,16,0,17,254,0,59
2026-07-19 10:52:00+00:00,72,254,0,14,1,16,0,17,254,0,59
2026-07-19 11:52:00+00:00,71,254,0,13,1,16,0,16,254,0,59
2026-07-19 12:52:00+00:00,71,254,0,13,1,16,0,16,254,0,59
2026-07-19 13:52:00+00:00,71,254,0,13,1,16,0,16,254,0,59
2026-07-19 14:52:00+00:00,71,254,0,13,2,16,0,16,254,0,59
2026-07-19 15:52:00+00:00,70,254,3,13,3,16,1,16,254,0,59
2026-07-19 16:52:00+00:00,70,254,5,13,6,17,2,16,254,0,58
2026-07-19 17:52:00+00:00,70,254,9,13,7,17,5,16,254,0,58
2026-07-19 18:52:00+00:00,70,254,11,13,10,17,7,16,254,0,58
2026-07-19 19:52:00+00:00,70,254,12,14,11,17,10,16,254,0,58
2026-07-19 20:53:00+00:00,70,254,13,14,12,18,11,17,254,0,58
2026-07-19 21:53:00+00:00,71,254,14,14,12,18,11,17,254,0,58
2026-07-19 22:53:00+00:00,71,254,15,14,13,18,12,17,254,0,58
2026-07-19 23:53:00+00:00,71,254,15,14,13,18,12,17,254,0,58
2026-07-20 00:53:00+00:00,71,254,15,14,13,18,12,17,254,0,58
2026-07-20 01:53:00+00:00,72,254,16,15,14,19,13,17,254,0,58
2026-07-20 02:53:00+00:00,72,254,16,15,14,19,13,17,254,0,58
2026-07-20 03:53:00+00:00,72,254,16,15,14,19,13,17,254,0,58
2026-07-20 04:53:00+00:00,72,254,16,15,14,19,13,17,254,0,58
2026-07-20 05:53:00+00:00,72,254,17,15,14,19,13,17,254,0,58
2026-07-20 06:53:00+00:00,72,254,17,15,14,19,13,17,254,0,58
2026-07-20 07:53:00+00:00,72,254,17,15,14,18,13,17,254,0,58
2026-07-20 08:53:00+00:00,72,254,17,15,14,18,13,17,254,0,103
2026-07-20 09:53:00+00:00,72,254,17,15,14,18,13,17,254,0,59
2026-07-20 10:53:00+00:00,71,254,17,15,14,18,13,16,254,0,59
2026-07-20 11:53:00+00:00,71,254,17,15,14,18,13,16,254,0,58
2026-07-20 12:53:00+00:00,71,254,17,15,14,18,14,16,254,0,58
2026-07-20 13:53:00+00:00,71,254,17,15,14,18,14,16,254,0,58
2026-07-20 14:53:00+00:00,71,254,18,15,15,18,14,16,254,0,58
2026-07-20 15:53:00+00:00,70,254,18,15,15,18,14,16,254,0,58
2026-07-20 16:53:00+00:00,70,254,19,15,15,18,14,17,254,0,58
2026-07-20 17:53:00+00:00,70,254,19,15,15,19,14,17,254,0,58
2026-07-20 18:53:00+00:00,70,254,20,15,16,19,15,17,254,0,58
2026-07-20 19:53:00+00:00,70,254,21,15,16,19,15,17,254,0,58
2026-07-20 20:53:00+00:00,71,254,21,15,16,19,15,17,254,0,58
2026-07-20 21:53:00+00:00,71,254,22,16,17,20,15,17,254,0,58
2026-07-20 22:53:00+00:00,71,254,22,16,17,20,16,17,254,0,58
2026-07-20 23:53:00+00:00,71,254,22,16,17,20,16,17,254,0,58
2026-07-21 00:53:00+00:00,72,254,23,16,17,20,16,18,254,0,58
2026-07-21 01:53:00+00:00,72,254,23,16,17,20,16,18,254,0,58
2026-07-21 02:53:00+00:00,72,254,23,16,17,20,16,18,254,0,58
2026-07-21 03:53:00+00:00,72,254,23,16,17,20,16,18,254,0,58
2026-07-21 04:53:00+00:00,72,254,23,16,18,20,17,18,254,0,58
2026-07-21 05:53:00+00:00,72,254,24,16,18,20,17,18,254,0,58
2026-07-21 06:53:00+00:00,72,254,24,16,18,20,17,17,254,0,58
2026-07-21 07:53:00+00:00,72,254,24,16,18,20,17,17,254,0,58
2026-07-21 08:53:00+00:00,72,254,24,16,18,20,17,17,254,0,103
2026-07-21 09:53:00+00:00,72,254,24,16,18,20,17,17,254,0,58
2026-07-21 10:53:00+00:00,72,254,24,16,18,20,17,17,254,0,58
2026-07-21 11:53:00+00:00,72,254,24,16,18,20,17,17,254,0,58
2026-07-21 12:53:00+00:00,72,254,25,16,18,20,17,17,254,0,58
2026-07-21 13:53:00+00:00,72,254,25,16,18,20,17,17,254,0,58
2026-07-21 14:53:00+00:00,72,254,25,16,18,20,17,17,254,0,58
2026-07-21 15:53:00+00:00,71,254,25,16,18,20,17,17,254,0,58
2026-07-21 16:53:00+00:00,71,254,25,16,18,20,17,17,254,0,58
2026-07-21 17:53:00+00:00,71,254,25,16,18,20,17,17,254,0,58
2026-07-21 18:53:00+00:00,71,254,26,16,18,20,18,17,254,0,58
2026-07-21 19:53:00+00:00,71,254,26,16,19,20,18,18,254,0,58
2026-07-21 20:53:00+00:00,71,254,27,17,19,21,18,18,254,0,58
2026-07-21 21:53:00+00:00,72,254,28,17,20,21,18,18,254,0,58
2026-07-21 22:53:00+00:00,72,254,29,17,20,22,19,18,254,0,58
2026-07-21 23:53:00+00:00,72,254,29,17,20,22,19,18,254,0,58
2026-07-22 00:53:00+00:00,72,254,30,18,21,22,19,19,254,0,58
2026-07-22 01:53:00+00:00,73,254,30,18,21,22,19,19,254,0,58
2026-07-22 02:53:00+00:00,73,254,31,18,21,22,19,19,254,0,58
2026-07-22 03:53:00+00:00,73,254,31,18,21,22,20,19,254,0,58
2026-07-22 04:53:00+00:00,73,254,31,18,21,22,20,18,254,0,58
2026-07-22 05:53:00+00:00,73,254,31,18,21,22,20,18,254,0,58
2026-07-22 06:53:00+00:00,73,254,31,18,21,22,20,18,254,0,58
2026-07-22 07:53:00+00:00,73,254,31,18,21,22,20,18,254,0,58
2026-07-22 08:53:00+00:00,72,254,0,18,14,21,16,18,254,25,103
2026-07-22 09:53:00+00:00,72,254,2,17,1,19,0,18,254,0,58
2026-07-22 10:53:00+00:00,72,254,0,16,1,18,0,17,254,0,58
2026-07-22 11:53:00+00:00,72,254,0,15,1,18,0,17,254,0,58
2026-07-22 12:53:00+00:00,72,254,0,14,1,17,0,17,254,0,58
2026-07-22 13:53:00+00:00,72,254,0,14,1,17,0,16,254,0,58
2026-07-22 14:53:00+00:00,72,254,0,13,2,17,0,16,254,0,58
2026-07-22 15:53:00+00:00,71,254,0,13,2,17,0,16,254,0,58
2026-07-22 16:53:00+00:00,71,254,0,13,2,17,0,16,254,0,58
2026-07-22 17:53:00+00:00,71,254,2,13,4,17,1,16,254,0,58
2026-07-22 18:53:00+00:00,71,254,5,13,13,17,2,16,254,0,58
2026-07-22 19:53:00+00:00,71,254,7,13,7,17,3,16,254,0,58
2026-07-22 20:53:00+00:00,71,254,10,13,9,17,4,16,254,0,58
2026-07-22 21:53:00+00:00,71,254,10,13,10,17,6,16,254,0,58
2026-07-22 22:53:00+00:00,72,254,11,13,11,18,7,16,254,0,58
2026-07-22 23:53:00+00:00,72,254,12,14,11,18,9,16,254,0,58
2026-07-23 00:53:00+00:00,72,254,13,14,12,18,10,16,254,0,58
2026-07-23 01:53:00+00:00,72,254,13,14,12,18,11,16,254,0,58
2026-07-23 02:53:00+00:00,72,254,13,14,12,18,11,16,254,0,58
2026-07-23 03:53:00+00:00,72,254,14,14,12,18,11,16,254,0,58
2026-07-23 04:53:00+00:00,72,254,14,14,12,18,11,16,254,0,58
2026-07-23 05:53:00+00:00,72,254,14,14,12,18,11,16,254,0,58
2026-07-23 06:53:00+00:00,72,254,14,14,12,18,11,16,254,0,58
2026-07-23 07:53:00+00:00,72,254,14,14,13,18,12,16,254,0,58
2026-07-23 08:53:00+00:00,72,254,15,14,13,18,12,16,254,0,103
2026-07-23 09:53:00+00:00,72,254,15,14,13,18,12,16,254,0,58
2026-07-23 10:53:00+00:00,71,254,15,14,13,18,12,16,254,0,58
2026-07-23 11:53:00+00:00,71,254,15,14,13,18,12,16,254,0,58
2026-07-23 12:53:00+00:00,71,254,15,14,13,18,12,16,254,0,58
2026-07-23 13:53:00+00:00,71,254,16,14,13,18,12,16,254,0,58
2026-07-23 14:53:00+00:00,71,254,16,14,13,18,12,16,254,0,58
2026-07-23 15:53:00+00:00,70,254,16,14,13,18,12,16,254,0,58
2026-07-23 16:53:00+00:00,70,254,16,14,14,18,12,16,254,0,58
2026-07-23 17:53:00+00:00,70,254,17,14,14,18,13,16,254,0,58
2026-07-23 18:53:00+00:00,70,254,18,14,14,18,13,16,254,0,58
2026-07-23 19:53:00+00:00,70,254,18,15,15,18,13,16,254,0,58
2026-07-23 20:53:00+00:00,70,254,19,15,15,19,14,16,254,0,58
2026-07-23 21:53:00+00:00,71,254,19,15,15,19,14,16,254,0,58
2026-07-23 22:53:00+00:00,71,254,20,15,15,19,14,16,254,0,58
2026-07-23 23:53:00+00:00,71,254,20,15,16,19,14,16,254,0,58
2026-07-24 00:53:00+00:00,72,254,20,15,16,19,15,17,254,0,58
2026-07-24 01:53:00+00:00,72,254,20,15,16,19,15,17,254,0,58
2026-07-24 02:53:00+00:00,72,254,20,15,16,19,15,17,254,0,58
2026-07-24 03:53:00+00:00,72,254,21,15,16,19,15,17,254,0,58
2026-07-24 04:53:00+00:00,72,254,21,15,16,19,15,16,254,0,58
2026-07-24 05:53:00+00:00,73,254,21,15,16,19,15,16,254,0,58
2026-07-24 06:53:00+00:00,73,254,21,15,16,19,15,16,254,0,58
2026-07-24 07:53:00+00:00,72,254,21,15,16,19,15,16,254,0,58
2026-07-24 08:53:00+00:00,72,254,21,15,16,19,15,16,254,0,103
2026-07-24 09:53:00+00:00,72,254,21,15,16,19,15,16,254,0,58
2026-07-24 10:53:00+00:00,72,254,21,15,16,19,15,16,254,0,58
2026-07-24 11:53:00+00:00,72,254,21,15,16,19,15,16,254,0,58
2026-07-24 12:53:00+00:00,72,254,21,15,16,19,16,16,254,0,58
2026-07-24 13:53:00+00:00,71,254,21,15,16,18,15,16,254,0,58
2026-07-24 14:53:00+00:00,71,254,21,15,16,18,15,16,254,0,58
2026-07-24 15:53:00+00:00,71,254,22,15,16,18,15,16,254,0,58
2026-07-24 16:53:00+00:00,71,254,22,15,17,19,16,16,254,0,58
2026-07-24 17:53:00+00:00,71,254,22,15,17,19,16,16,254,0,58
2026-07-24 18:53:00+00:00,71,254,23,15,17,19,16,16,254,0,58
2026-07-24 19:53:00+00:00,71,254,23,16,17,19,16,17,254,0,58
2026-07-24 20:53:00+00:00,71,254,24,16,17,19,16,17,254,0,58
2026-07-24 21:53:00+00:00,72,254,25,16,18,20,17,17,254,0,58
2026-07-24 22:53:00+00:00,72,254,26,16,18,20,17,17,254,0,58
2026-07-24 23:53:00+00:00,72,254,26,16,18,20,17,17,254,0,58
2026-07-25 00:53:00+00:00,72,254,26,16,18,20,17,17,254,0,58
2026-07-25 01:53:00+00:00,73,254,27,16,19,20,17,17,254,0,58
2026-07-25 02:53:00+00:00,73,254,27,16,19,20,17,17,254,0,58
2026-07-25 03:53:00+00:00,73,254,27,16,19,20,18,17,254,0,58
2026-07-25 04:53:00+00:00,73,254,27,16,19,20,18,17,254,0,58
2026-07-25 05:53:00+00:00,73,254,27,16,19,20,18,17,254,0,58
2026-07-25 06:53:00+00:00,73,254,27,16,19,20,18,17,254,0,58
2026-07-25 07:53:00+00:00,73,254,27,16,19,20,18,17,254,0,58
2026-07-25 08:53:00+00:00,73,254,27,16,19,20,18,17,254,0,103
2026-07-25 09:53:00+00:00,73,254,27,16,19,20,18,17,254,0,58
2026-07-25 10:53:00+00:00,72,254,8,16,16,19,17,17,254,19,58
2026-07-25 11:53:00+00:00,72,254,0,16,1,13,0,16,254,0,58
2026-07-25 12:53:00+00:00,71,254,0,14,1,12,0,15,254,0,58
2026-07-25 13:53:00+00:00,71,254,0,13,1,12,0,14,254,0,58
2026-07-25 14:53:00+00:00,71,254,0,12,1,13,0,14,254,0,58
2026-07-25 15:53:00+00:00,71,254,0,12,1,13,0,14,254,0,58
2026-07-25 16:53:00+00:00,71,254,0,12,2,14,0,14,254,0,58
2026-07-25 17:53:00+00:00,71,254,0,12,2,14,0,14,254,0,58
2026-07-25 18:53:00+00:00,70,254,2,12,3,14,1,14,254,0,58
2026-07-25 19:53:00+00:00,71,254,6,12,6,15,3,15,254,0,58
2026-07-25 20:53:00+00:00,71,254,10,12,10,15,6,15,254,0,58
2026-07-25 21:53:00+00:00,71,254,12,13,11,16,8,15,254,0,58
2026-07-25 22:53:00+00:00,71,254,13,13,11,16,10,15,254,0,58
2026-07-25 23:53:00+00:00,72,254,13,13,12,16,11,15,254,0,58
2026-07-26 00:53:00+00:00,72,254,14,13,12,16,11,15,254,0,58
2026-07-26 01:53:00+00:00,72,254,14,13,12,16,11,15,254,0,58
2026-07-26 02:53:00+00:00,72,254,14,13,12,16,11,15,254,0,58
2026-07-26 03:53:00+00:00,73,254,14,13,12,16,11,15,254,0,58
2026-07-26 04:53:00+00:00,73,254,14,13,12,16,11,15,254,0,58
2026-07-26 05:53:00+00:00,73,254,14,13,12,16,11,15,254,0,58
2026-07-26 06:53:00+00:00,73,254,15,13,13,16,11,15,254,0,58
2026-07-26 07:53:00+00:00,72,254,15,13,13,16,12,15,254,0,58
2026-07-26 08:53:00+00:00,72,254,15,13,13,16,12,15,254,0,103
2026-07-26 09:53:00+00:00,72,254,15,13,13,16,12,15,254,0,58
2026-07-26 10:53:00+00:00,72,254,16,13,13,16,12,15,254,0,58
2026-07-26 11:53:00+00:00,72,254,16,13,13,16,12,15,254,0,58
2026-07-26 12:53:00+00:00,71,254,16,13,13,16,12,14,254,0,58
2026-07-26 13:53:00+00:00,71,254,16,13,13,16,12,15,254,0,58
2026-07-26 14:53:00+00:00,71,254,16,13,13,16,12,15,254,0,58
2026-07-26 15:53:00+00:00,71,254,16,14,13,16,12,15,254,0,58
2026-07-26 16:53:00+00:00,71,254,17,14,14,16,13,15,254,0,58
2026-07-26 17:53:00+00:00,70,254,17,14,14,16,13,15,254,0,58
2026-07-26 18:53:00+00:00,70,254,18,14,14,16,13,15,254,0,58
2026-07-26 19:53:00+00:00,71,254,18,14,15,17,13,15,254,0,58
2026-07-26 20:53:00+00:00,71,254,19,14,15,17,14,15,254,0,58
2026-07-26 21:53:00+00:00,71,254,19,14,15,17,14,15,254,0,58
2026-07-26 22:53:00+00:00,71,254,20,14,15,17,14,15,254,0,58
2026-07-26 23:53:00+00:00,71,254,20,14,15,17,14,15,254,0,58
2026-07-27 00:53:00+00:00,72,254,20,15,16,18,15,16,254,0,58
2026-07-27 01:53:00+00:00,72,254,20,15,16,17,15,16,254,0,58
2026-07-27 02:53:00+00:00,72,254,20,15,16,17,15,15,254,0,58
2026-07-27 03:53:00+00:00,72,254,20,15,16,17,15,15,254,0,58
2026-07-27 04:53:00+00:00,72,254,21,15,16,17,15,15,254,0,58
2026-07-27 05:53:00+00:00,72,254,21,15,16,17,15,15,254,0,58
2026-07-27 06:53:00+00:00,72,254,21,15,16,17,15,15,254,0,58
2026-07-27 07:53:00+00:00,71,254,20,14,16,17,15,15,254,0,58
2026-07-27 08:53:00+00:00,71,254,21,14,16,17,15,15,254,0,103
2026-07-27 09:53:00+00:00,71,254,21,14,16,17,15,15,254,0,58
2026-07-27 10:53:00+00:00,71,254,21,14,16,17,15,15,254,0,58
2026-07-27 11:53:00+00:00,71,254,21,14,16,17,15,15,254,0,58
2026-07-27 12:53:00+00:00,70,254,21,14,16,17,15,15,254,0,58
2026-07-27 13:53:00+00:00,70,254,21,15,16,17,15,15,254,0,58
2026-07-27 14:53:00+00:00,70,254,22,15,16,17,15,15,254,0,58
2026-07-27 15:53:00+00:00,70,254,22,15,16,17,15,15,254,0,58
2026-07-27 16:53:00+00:00,70,254,22,15,16,17,16,15,254,0,58
2026-07-27 17:53:00+00:00,70,254,23,15,17,17,16,15,254,0,58
2026-07-27 18:53:00+00:00,70,254,23,15,17,18,16,15,254,0,58
2026-07-27 19:53:00+00:00,70,254,24,15,17,18,16,16,254,0,58
2026-07-27 20:53:00+00:00,70,254,24,15,17,18,16,16,254,0,58
2026-07-27 21:53:00+00:00,70,254,25,15,17,18,17,16,254,0,58
2026-07-27 22:53:00+00:00,70,254,25,15,17,18,17,16,254,0,58
2026-07-27 23:53:00+00:00,70,254,25,15,18,18,17,16,254,0,58
2026-07-28 00:53:00+00:00,71,254,25,15,18,19,17,16,254,0,58
2026-07-28 01:53:00+00:00,71,254,25,15,18,18,17,16,254,0,58
2026-07-28 02:53:00+00:00,71,254,25,15,18,18,17,16,254,0,58
2026-07-28 03:53:00+00:00,71,254,25,15,18,18,17,16,254,0,58
2026-07-28 04:53:00+00:00,71,254,25,15,18,18,17,16,254,0,58
2026-07-28 05:53:00+00:00,71,254,25,15,18,18,17,16,254,0,58
2026-07-28 06:53:00+00:00,71,254,25,15,18,18,17,16,254,0,58
2026-07-28 07:53:00+00:00,71,254,25,15,18,18,17,16,254,0,58
2026-07-28 08:53:00+00:00,71,254,26,15,18,18,17,16,254,0,103
2026-07-28 09:53:00+00:00,70,254,26,15,18,18,17,16,254,0,58
2026-07-28 10:53:00+00:00,70,254,26,15,18,18,17,16,254,0,58
2026-07-28 11:53:00+00:00,70,254,26,16,18,18,18,16,254,0,58
2026-07-28 12:53:00+00:00,69,254,21,15,18,18,17,15,254,24,58
2026-07-28 13:53:00+00:00,69,254,0,15,2,13,0,14,254,0,58
2026-07-28 14:53:00+00:00,68,254,0,12,2,12,0,12,254,0,58
2026-07-28 15:53:00+00:00,68,254,0,11,2,12,0,11,254,1,58
2026-07-28 16:53:00+00:00,68,254,0,10,2,12,0,11,254,0,58
2026-07-28 17:53:00+00:00,68,254,0,10,2,12,0,12,254,0,58
2026-07-28 18:53:00+00:00,68,254,0,10,2,13,0,12,254,0,58
2026-07-28 19:53:00+00:00,68,254,0,11,2,13,0,12,254,0,58
2026-07-28 20:53:00+00:00,68,254,2,11,3,14,1,12,254,0,58
2026-07-28 21:53:00+00:00,69,254,5,11,6,14,3,12,254,0,58
2026-07-28 22:53:00+00:00,69,254,9,11,8,14,5,13,254,0,58
2026-07-28 23:53:00+00:00,69,254,11,11,10,14,6,13,254,0,58
2026-07-29 00:53:00+00:00,69,254,11,11,10,15,8,13,254,0,58
2026-07-29 01:53:00+00:00,70,254,12,12,11,15,9,13,254,0,58
2026-07-29 02:53:00+00:00,70,254,12,12,11,15,10,13,254,0,58
2026-07-29 03:53:00+00:00,70,254,12,12,11,15,10,13,254,0,58
2026-07-29 04:53:00+00:00,70,254,13,12,11,15,10,13,254,0,58
2026-07-29 05:53:00+00:00,70,254,13,12,11,15,10,13,254,0,58
2026-07-29 06:53:00+00:00,70,254,13,12,12,15,11,13,254,0,58
2026-07-29 07:53:00+00:00,70,254,13,12,12,15,11,13,254,0,58
2026-07-29 08:53:00+00:00,70,254,14,12,12,15,11,13,254,0,103
2026-07-29 09:53:00+00:00,70,254,14,12,12,15,11,13,254,0,58
2026-07-29 10:53:00+00:00,70,254,14,12,12,15,11,13,254,0,58
2026-07-29 11:53:00+00:00,69,254,14,12,12,14,11,12,254,0,58
2026-07-29 12:53:00+00:00,69,254,15,12,12,14,11,13,254,0,58
2026-07-29 13:53:00+00:00,69,254,15,12,12,14,11,13,254,0,58
2026-07-29 14:53:00+00:00,69,254,15,12,12,14,12,13,254,0,58
2026-07-29 15:53:00+00:00,69,254,15,12,13,15,12,13,254,0,58
2026-07-29 16:53:00+00:00,69,254,16,12,13,15,12,13,254,0,58
2026-07-29 17:53:00+00:00,69,254,17,12,13,15,12,13,254,0,58
2026-07-29 18:53:00+00:00,69,254,17,13,14,15,13,13,254,0,58
2026-07-29 19:53:00+00:00,69,254,18,13,14,16,13,13,254,0,58
2026-07-29 20:53:00+00:00,69,254,18,13,14,16,13,13,254,0,58
2026-07-29 21:53:00+00:00,69,254,19,13,15,16,14,14,254,0,58
2026-07-29 22:53:00+00:00,70,254,20,13,15,17,14,14,254,0,58
2026-07-29 23:53:00+00:00,70,254,20,13,15,17,14,14,254,0,58
2026-07-30 00:53:00+00:00,70,254,20,14,15,17,14,14,254,0,58
2026-07-30 01:53:00+00:00,70,254,20,14,15,17,15,14,254,0,58
2026-07-30 02:53:00+00:00,71,254,20,14,15,17,15,14,254,0,58
2026-07-30 03:53:00+00:00,71,254,20,14,15,16,15,14,254,0,58
2026-07-30 04:53:00+00:00,71,254,20,14,15,16,15,14,254,0,58
2026-07-30 05:53:00+00:00,71,254,20,14,15,16,15,14,254,0,58
2026-07-30 06:53:00+00:00,71,254,20,14,16,16,15,14,254,0,58
2026-07-30 07:53:00+00:00,71,254,21,14,16,16,15,14,254,0,58
2026-07-30 08:53:00+00:00,70,254,21,14,16,16,15,14,254,0,103
2026-07-30 09:53:00+00:00,70,254,21,14,16,16,15,14,254,0,58
2026-07-30 10:53:00+00:00,70,254,21,14,16,16,15,14,254,0,58
2026-07-30 11:53:00+00:00,70,254,21,14,16,16,15,14,254,0,58
2026-07-30 12:53:00+00:00,70,254,21,14,16,16,15,14,254,0,58
2026-07-30 13:53:00+00:00,70,254,21,14,16,16,15,14,254,0,58
2026-07-30 14:53:00+00:00,69,254,21,14,16,16,15,14,254,0,58
2026-07-30 15:53:00+00:00,69,254,21,14,16,16,15,14,254,0,58
2026-07-30 16:53:00+00:00,69,254,22,14,16,16,15,14,254,0,58
2026-07-30 17:53:00+00:00,69,254,22,14,16,16,15,14,254,0,58
2026-07-30 18:53:00+00:00,69,254,23,14,16,17,16,14,254,0,58
2026-07-30 19:53:00+00:00,69,254,23,14,17,17,16,14,254,0,58
2026-07-30 20:53:00+00:00,69,254,23,14,17,17,16,14,254,0,58
2026-07-30 21:53:00+00:00,70,254,25,15,17,18,16,15,254,0,58
2026-07-30 22:53:00+00:00,70,254,25,15,17,18,17,15,254,0,58
2026-07-30 23:53:00+00:00,70,254,25,15,17,18,17,15,254,0,58
2026-07-31 00:53:00+00:00,71,254,25,15,18,18,17,15,254,0,58
2026-07-31 01:53:00+00:00,71,254,25,15,18,18,17,15,254,0,58
2026-07-31 02:53:00+00:00,71,254,25,15,18,18,17,15,254,0,58
2026-07-31 03:53:00+00:00,71,254,25,15,18,18,17,15,254,0,58
2026-07-31 04:53:00+00:00,71,254,25,15,18,18,17,15,254,0,58
2026-07-31 05:53:00+00:00,71,254,25,15,18,18,17,15,254,0,58
2026-07-31 06:53:00+00:00,71,254,25,15,18,18,17,15,254,0,58
2026-07-31 07:53:00+00:00,71,254,26,15,18,18,17,15,254,0,58
2026-07-31 08:53:00+00:00,71,254,26,15,18,18,17,15,254,0,103
2026-07-31 09:53:00+00:00,71,254,26,15,18,18,17,15,254,0,58
2026-07-31 10:53:00+00:00,71,254,26,15,18,18,18,15,254,0,58
2026-07-31 11:53:00+00:00,70,254,26,15,18,18,18,15,254,0,58
2026-07-31 12:53:00+00:00,70,254,26,15,18,18,18,15,254,0,58
2026-07-31 13:53:00+00:00,70,254,26,15,18,18,18,15,254,0,58
2026-07-31 14:53:00+00:00,69,254,23,15,18,17,18,15,254,22,58
2026-07-31 15:53:00+00:00,69,254,0,14,1,10,0,13,254,3,58
2026-07-31 16:53:00+00:00,69,254,0,11,2,8,0,11,254,0,58
2026-07-31 17:53:00+00:00,69,254,0,10,2,10,0,11,254,0,58
2026-07-31 18:53:00+00:00,69,254,0,10,2,10,0,11,254,0,58
2026-07-31 19:53:00+00:00,69,254,0,10,2,11,0,12,254,0,58
2026-07-31 20:53:00+00:00,69,254,0,10,2,12,1,12,254,0,58
2026-07-31 21:53:00+00:00,70,254,1,11,4,13,2,12,254,0,58
2026-07-31 22:53:00+00:00,70,254,4,11,6,13,4,13,254,0,58
2026-07-31 23:53:00+00:00,70,254,7,11,9,14,6,13,254,0,58
2026-08-01 00:53:00+00:00,71,254,10,11,10,14,7,13,254,0,58
2026-08-01 01:53:00+00:00,71,254,10,11,10,14,8,13,254,0,58
2026-08-01 02:53:00+00:00,71,254,11,11,11,14,8,13,254,0,58
2026-08-01 03:53:00+00:00,71,254,11,11,11,14,9,13,254,0,58
2026-08-01 04:53:00+00:00,72,254,12,11,11,14,10,13,254,0,58
2026-08-01 05:53:00+00:00,72,254,12,11,11,14,10,13,254,0,58
2026-08-01 06:53:00+00:00,72,254,12,11,11,14,10,13,254,0,58
2026-08-01 07:53:00+00:00,72,254,12,11,11,14,11,13,254,0,58
2026-08-01 08:53:00+00:00,71,254,13,11,11,13,11,12,254,0,103
2026-08-01 09:53:00+00:00,71,254,13,11,11,13,11,12,254,0,58
2026-08-01 10:53:00+00:00,71,254,13,11,11,13,11,12,254,0,58
2026-08-01 11:53:00+00:00,71,254,13,12,12,13,11,12,254,0,58
2026-08-01 12:53:00+00:00,71,254,14,12,12,13,11,12,254,0,58
2026-08-01 13:53:00+00:00,70,254,14,12,12,13,11,12,254,0,58
2026-08-01 14:53:00+00:00,70,254,14,12,12,13,11,12,254,0,58
2026-08-01 15:53:00+00:00,70,254,14,12,12,14,11,12,254,0,58
2026-08-01 16:53:00+00:00,70,254,15,12,13,14,12,12,254,0,58
2026-08-01 17:53:00+00:00,70,254,16,12,13,14,12,13,254,0,58
2026-08-01 18:53:00+00:00,70,254,16,12,13,14,13,13,254,0,58
2026-08-01 19:53:00+00:00,70,254,17,12,14,15,13,13,254,0,58
2026-08-01 20:53:00+00:00,70,254,18,13,14,15,13,13,254,0,58
2026-08-01 21:53:00+00:00,70,254,18,13,14,15,14,13,254,0,58
2026-08-01 22:53:00+00:00,70,254,19,13,15,16,14,14,254,0,58
2026-08-01 23:53:00+00:00,71,254,19,13,15,16,14,14,254,0,58
2026-08-02 00:53:00+00:00,71,254,19,13,15,16,14,13,254,0,58
2026-08-02 01:53:00+00:00,71,254,19,13,15,16,14,13,254,0,58
2026-08-02 02:53:00+00:00,71,254,19,13,15,15,14,13,254,0,58
2026-08-02 03:53:00+00:00,71,254,19,13,15,15,14,13,254,0,58
2026-08-02 04:53:00+00:00,72,254,19,13,15,16,14,13,254,0,58
2026-08-02 05:53:00+00:00,72,254,19,13,15,16,14,13,254,0,58
2026-08-02 06:53:00+00:00,71,254,19,13,15,15,14,13,254,0,58
2026-08-02 07:53:00+00:00,71,254,19,13,15,15,14,13,254,0,58
2026-08-02 08:53:00+00:00,71,254,20,13,15,15,14,13,254,0,103
2026-08-02 09:53:00+00:00,71,254,20,13,15,15,15,13,254,0,58
2026-08-02 10:53:00+00:00,71,254,20,13,15,15,15,13,254,0,58
2026-08-02 11:53:00+00:00,71,254,20,13,15,15,15,13,254,0,58
2026-08-02 12:53:00+00:00,70,254,20,13,15,15,15,13,254,0,58
2026-08-02 13:53:00+00:00,70,254,20,13,16,15,15,13,254,0,58
2026-08-02 14:53:00+00:00,70,254,21,13,16,16,15,13,254,0,58
2026-08-02 15:53:00+00:00,70,254,21,14,16,16,15,14,254,0,58
2026-08-02 16:53:00+00:00,70,254,22,14,16,16,16,14,254,0,58
2026-08-02 17:53:00+00:00,69,254,22,13,16,16,15,14,254,0,58
2026-08-02 18:53:00+00:00,69,254,22,14,16,16,16,14,254,0,58
2026-08-02 19:53:00+00:00,69,254,23,14,17,16,16,14,254,0,58
2026-08-02 20:53:00+00:00,69,254,23,14,17,17,16,14,254,0,58
2026-08-02 21:53:00+00:00,69,254,24,14,17,17,16,14,254,0,58
2026-08-02 22:53:00+00:00,70,254,25,14,17,17,17,15,254,0,58
2026-08-02 23:53:00+00:00,70,254,25,14,18,17,17,15,254,0,58
2026-08-03 00:53:00+00:00,70,254,25,14,18,18,17,15,254,0,58
2026-08-03 01:53:00+00:00,70,254,25,14,18,17,17,15,254,0,58
2026-08-03 02:53:00+00:00,70,254,25,14,18,17,17,15,254,0,58
2026-08-03 03:53:00+00:00,70,254,25,15,18,17,17,15,254,0,58
2026-08-03 04:53:00+00:00,70,254,25,14,18,17,17,15,254,0,58
2026-08-03 05:53:00+00:00,70,254,26,15,18,17,18,15,254,0,58
2026-08-03 06:53:00+00:00,70,254,26,15,18,17,18,15,254,0,58
2026-08-03 07:53:00+00:00,70,254,26,15,18,17,18,15,254,0,58
2026-08-03 08:53:00+00:00,70,254,26,15,18,17,18,15,254,0,103
2026-08-03 09:53:00+00:00,69,254,26,14,18,17,18,14,254,0,58
2026-08-03 10:53:00+00:00,69,254,26,14,18,17,18,14,254,0,58
2026-08-03 11:53:00+00:00,69,254,26,14,18,17,18,14,254,0,58
2026-08-03 12:53:00+00:00,68,254,26,15,18,17,18,14,254,0,58
2026-08-03 13:53:00+00:00,68,254,27,15,18,17,18,14,254,0,58
2026-08-03 14:53:00+00:00,68,254,27,14,19,17,18,15,254,0,58
2026-08-03 15:53:00+00:00,68,254,27,15,19,17,18,15,254,0,58
2026-08-03 16:53:00+00:00,67,254,25,14,18,17,18,14,254,24,58
2026-08-03 17:53:00+00:00,67,254,0,10,2,11,0,13,254,0,58
2026-08-03 18:53:00+00:00,67,254,0,8,2,10,0,12,254,0,58
2026-08-03 19:53:00+00:00,67,254,0,6,2,11,0,12,254,0,58
2026-08-03 20:53:00+00:00,67,254,0,7,2,12,0,12,254,0,58
2026-08-03 21:53:00+00:00,67,254,0,8,2,12,0,12,254,0,58
2026-08-03 22:53:00+00:00,68,254,0,10,3,13,1,13,254,0,58
2026-08-03 23:53:00+00:00,68,254,0,10,4,13,2,13,254,0,58
2026-08-04 00:53:00+00:00,68,254,2,10,6,13,3,13,254,0,58
2026-08-04 01:53:00+00:00,68,254,4,10,9,13,4,13,254,0,58
2026-08-04 02:53:00+00:00,68,254,6,10,10,13,5,13,254,0,58
2026-08-04 03:53:00+00:00,68,254,8,10,10,13,7,13,254,0,58
2026-08-04 04:53:00+00:00,68,254,10,10,10,13,7,13,254,0,58
2026-08-04 05:53:00+00:00,68,254,10,11,11,13,8,13,254,0,58
2026-08-04 06:53:00+00:00,68,254,11,11,11,13,9,13,254,0,58
2026-08-04 07:53:00+00:00,68,254,11,11,11,13,10,13,254,0,58
2026-08-04 08:53:00+00:00,68,254,12,11,11,13,10,13,254,0,103
2026-08-04 09:53:00+00:00,67,254,12,11,11,13,10,12,254,0,58
2026-08-04 10:53:00+00:00,67,254,12,11,11,13,10,12,254,0,58
2026-08-04 11:53:00+00:00,67,254,12,11,11,13,10,12,254,0,58
2026-08-04 12:53:00+00:00,66,254,12,11,11,13,10,12,254,0,58
2026-08-04 13:53:00+00:00,66,254,13,11,11,13,11,12,254,0,58
2026-08-04 14:53:00+00:00,66,254,13,11,12,13,11,12,254,0,58
2026-08-04 15:53:00+00:00,66,254,13,11,12,13,11,12,254,0,58
2026-08-04 16:53:00+00:00,66,254,14,11,12,13,11,12,254,0,58
2026-08-04 17:53:00+00:00,65,254,15,11,12,13,12,13,254,0,58
2026-08-04 18:53:00+00:00,65,254,15,11,13,14,12,13,254,0,58
2026-08-04 19:53:00+00:00,65,254,16,12,13,14,12,13,254,0,58
2026-08-04 20:53:00+00:00,66,254,17,12,14,14,13,13,254,0,58
2026-08-04 21:53:00+00:00,66,254,17,12,14,15,13,13,254,0,58
2026-08-04 22:53:00+00:00,66,254,18,12,14,15,13,13,254,0,58
2026-08-04 23:53:00+00:00,67,254,18,12,15,15,14,13,254,0,58
2026-08-05 00:53:00+00:00,67,254,18,12,15,15,14,14,254,0,58
2026-08-05 01:53:00+00:00,67,254,18,13,15,15,14,14,254,0,58
2026-08-05 02:53:00+00:00,67,254,18,13,15,15,14,13,254,0,58
2026-08-05 03:53:00+00:00,67,254,18,13,15,15,14,13,254,0,58
2026-08-05 04:53:00+00:00,68,254,19,13,15,15,14,14,254,0,58
2026-08-05 05:53:00+00:00,68,254,19,13,15,15,14,13,254,0,58
2026-08-05 06:53:00+00:00,68,254,19,13,15,15,14,13,254,0,58
2026-08-05 07:53:00+00:00,67,254,19,13,15,15,14,13,254,0,58
2026-08-05 08:53:00+00:00,67,254,19,13,15,15,14,13,254,0,103
2026-08-05 09:53:00+00:00,67,254,19,13,15,15,14,13,254,0,58
2026-08-05 10:53:00+00:00,67,254,19,13,15,15,14,13,254,0,58
2026-08-05 11:53:00+00:00,66,254,19,12,15,15,14,13,254,0,58
2026-08-05 12:53:00+00:00,66,254,19,13,15,15,14,13,254,0,58
2026-08-05 13:53:00+00:00,66,254,20,13,15,15,14,13,254,0,58
2026-08-05 14:53:00+00:00,66,254,20,13,15,15,15,13,254,0,58
2026-08-05 15:53:00+00:00,65,254,20,13,15,15,14,13,254,0,58
2026-08-05 16:53:00+00:00,65,254,20,13,15,15,15,13,254,0,58
2026-08-05 17:53:00+00:00,65,254,20,13,16,15,15,13,254,0,58
2026-08-05 18:53:00+00:00,65,254,21,13,16,15,15,14,254,0,58
2026-08-05 19:53:00+00:00,65,254,22,13,16,16,15,14,254,0,58
2026-08-05 20:53:00+00:00,65,254,22,13,16,16,16,14,254,0,58
2026-08-05 21:53:00+00:00,66,254,22,13,16,16,16,14,254,0,58
2026-08-05 22:53:00+00:00,66,254,23,13,17,16,16,14,254,0,58
2026-08-05 23:53:00+00:00,66,254,23,13,17,16,16,14,254,0,58
2026-08-06 00:53:00+00:00,67,254,23,14,17,17,16,14,254,0,58
2026-08-06 01:53:00+00:00,67,254,23,14,17,17,16,14,254,0,58
2026-08-06 02:53:00+00:00,67,254,23,14,17,17,16,14,254,0,58
2026-08-06 03:53:00+00:00,68,254,24,14,17,17,17,14,254,0,58
2026-08-06 04:53:00+00:00,68,254,24,14,17,17,17,14,254,0,58
2026-08-06 05:53:00+00:00,68,254,24,14,17,17,17,14,254,0,58
2026-08-06 06:53:00+00:00,68,254,24,14,17,17,17,14,254,0,58
2026-08-06 07:53:00+00:00,68,254,24,14,17,17,17,14,254,0,58
2026-08-06 08:53:00+00:00,67,254,24,14,17,16,17,14,254,0,103
2026-08-06 09:53:00+00:00,67,254,24,14,17,16,17,14,254,0,58
2026-08-06 10:53:00+00:00,67,254,24,14,17,16,17,14,254,0,58
2026-08-06 11:53:00+00:00,67,254,24,14,17,16,17,14,254,0,58
2026-08-06 12:53:00+00:00,66,254,24,14,17,16,17,14,254,0,58
2026-08-06 13:53:00+00:00,66,254,24,14,17,16,17,14,254,0,58
2026-08-06 14:53:00+00:00,66,254,24,14,17,16,17,14,254,0,58
2026-08-06 15:53:00+00:00,66,254,24,14,17,16,17,14,254,0,58
2026-08-06 16:53:00+00:00,65,254,24,14,17,16,17,14,254,0,58
2026-08-06 17:53:00+00:00,65,254,25,14,18,16,17,14,254,0,58
2026-08-06 18:53:00+00:00,65,254,25,14,18,17,17,14,254,0,58
2026-08-06 19:53:00+00:00,66,254,26,14,18,17,18,14,254,0,58
2026-08-06 20:53:00+00:00,66,254,26,14,18,17,18,15,254,0,58
2026-08-06 21:53:00+00:00,66,254,27,14,18,17,18,15,254,0,58
2026-08-06 22:53:00+00:00,66,254,27,14,18,17,18,15,254,0,58
2026-08-06 23:53:00+00:00,67,254,28,15,19,18,18,15,254,0,58
2026-08-07 00:53:00+00:00,67,254,28,15,19,18,19,15,254,0,58
2026-08-07 01:53:00+00:00,67,254,28,15,19,18,19,15,254,0,58
2026-08-07 02:53:00+00:00,68,254,29,15,19,18,19,15,254,0,58
2026-08-07 03:53:00+00:00,68,254,29,15,19,18,19,15,254,0,58
2026-08-07 04:53:00+00:00,68,254,29,15,19,18,19,15,254,0,58
2026-08-07 05:53:00+00:00,68,254,29,15,19,18,19,15,254,0,58
2026-08-07 06:53:00+00:00,68,254,29,15,19,18,19,15,254,0,58
2026-08-07 07:53:00+00:00,68,254,29,15,19,18,19,15,254,0,58
2026-08-07 08:53:00+00:00,68,254,29,15,20,18,19,15,254,0,103
2026-08-07 09:53:00+00:00,68,254,29,15,20,18,20,15,254,0,58
2026-08-07 10:53:00+00:00,67,254,29,15,19,17,19,15,254,0,58
2026-08-07 11:53:00+00:00,67,254,29,15,19,17,19,15,254,0,58
2026-08-07 12:53:00+00:00,67,254,29,15,19,17,19,15,254,0,58
2026-08-07 13:53:00+00:00,67,254,29,15,19,17,19,15,254,0,58
2026-08-07 14:53:00+00:00,67,254,29,15,19,17,20,15,254,0,58
2026-08-07 15:53:00+00:00,66,254,29,14,19,17,19,15,254,0,58
2026-08-07 16:53:00+00:00,66,254,29,15,19,17,19,15,254,0,58
2026-08-07 17:53:00+00:00,66,254,30,15,20,18,20,15,254,0,58
2026-08-07 18:53:00+00:00,66,254,30,15,20,18,20,15,254,0,58
2026-08-07 19:53:00+00:00,66,254,31,15,20,18,20,15,254,0,58
2026-08-07 20:53:00+00:00,66,254,31,15,20,18,20,16,254,0,58
2026-08-07 21:53:00+00:00,67,254,32,15,21,19,20,16,254,0,58
2026-08-07 22:53:00+00:00,67,254,33,15,21,19,21,16,254,0,58
2026-08-07 23:53:00+00:00,67,254,33,15,21,19,21,16,254,0,58
2026-08-08 00:53:00+00:00,68,254,34,16,22,19,21,16,254,0,58
2026-08-08 01:53:00+00:00,68,254,34,16,22,19,21,16,254,0,58
2026-08-08 02:53:00+00:00,68,254,34,16,22,19,21,16,254,0,58
2026-08-08 03:53:00+00:00,69,254,34,16,22,19,21,16,254,0,58
2026-08-08 04:53:00+00:00,69,254,34,16,22,19,21,16,254,0,58
2026-08-08 05:53:00+00:00,69,254,34,16,22,19,22,16,254,0,58
2026-08-08 06:53:00+00:00,69,254,34,16,22,19,22,16,254,0,58
2026-08-08 07:53:00+00:00,69,254,34,16,22,19,22,16,254,0,58
2026-08-08 08:53:00+00:00,68,254,33,16,22,19,22,16,254,0,103
2026-08-08 09:53:00+00:00,68,254,33,16,22,19,22,16,254,0,58
2026-08-08 10:53:00+00:00,68,254,33,16,22,19,22,16,254,0,58
2026-08-08 11:53:00+00:00,68,254,34,16,22,19,22,16,254,0,58
2026-08-08 12:53:00+00:00,68,254,34,16,22,19,22,16,254,0,58
2026-08-08 13:53:00+00:00,67,254,33,15,22,19,22,16,254,0,58
2026-08-08 14:53:00+00:00,67,254,33,15,22,19,22,16,254,0,58
2026-08-08 15:53:00+00:00,67,254,33,15,22,19,22,16,254,0,58
2026-08-08 16:53:00+00:00,67,254,34,15,22,19,22,16,254,0,58
2026-08-08 17:53:00+00:00,67,254,35,16,22,19,22,16,254,0,58
2026-08-08 18:53:00+00:00,67,254,36,16,23,19,22,16,254,0,58
2026-08-08 19:53:00+00:00,67,254,36,16,23,19,23,17,254,0,58
2026-08-08 20:53:00+00:00,67,254,38,16,24,20,23,17,254,0,58
2026-08-08 21:53:00+00:00,67,254,39,16,24,20,23,17,254,0,58
2026-08-08 22:53:00+00:00,68,254,40,16,25,21,24,17,254,0,58
2026-08-08 23:53:00+00:00,68,254,41,17,25,21,24,17,254,0,58
2026-08-09 00:53:00+00:00,68,254,42,17,26,21,24,18,254,0,58
2026-08-09 01:53:00+00:00,68,254,42,17,26,21,25,18,254,0,58
2026-08-09 02:53:00+00:00,69,254,42,17,26,21,25,18,254,0,58
2026-08-09 03:53:00+00:00,69,254,41,17,26,21,25,17,254,0,58
2026-08-09 04:53:00+00:00,69,254,41,17,26,21,25,17,254,0,58
2026-08-09 05:53:00+00:00,69,254,41,17,25,20,25,17,254,0,58
2026-08-09 06:53:00+00:00,69,254,40,17,25,20,25,17,254,0,58
2026-08-09 07:53:00+00:00,68,254,21,16,25,20,24,17,254,23,58
2026-08-09 08:53:00+00:00,68,254,0,16,14,19,8,17,254,1,103
2026-08-09 09:53:00+00:00,68,254,0,15,10,19,0,17,254,0,58
2026-08-09 10:53:00+00:00,68,254,0,14,10,19,0,16,254,0,58
2026-08-09 11:53:00+00:00,68,254,0,13,11,19,0,16,254,0,58
2026-08-09 12:53:00+00:00,68,254,0,13,11,19,0,16,254,0,58
2026-08-09 13:53:00+00:00,67,254,0,12,11,18,1,15,254,0,58
2026-08-09 14:53:00+00:00,67,254,0,12,11,18,2,15,254,0,58
2026-08-09 15:53:00+00:00,67,254,0,12,11,18,2,15,254,0,58
2026-08-09 16:53:00+00:00,67,254,2,12,12,18,4,15,254,0,58
2026-08-09 17:53:00+00:00,67,254,5,12,12,18,6,16,254,0,58
2026-08-09 18:53:00+00:00,67,254,10,12,13,19,10,16,254,0,58
2026-08-09 19:53:00+00:00,67,254,11,12,13,19,10,16,254,0,58
2026-08-09 20:53:00+00:00,67,254,12,13,14,19,11,16,254,0,58
2026-08-09 21:53:00+00:00,67,254,13,13,14,19,12,16,254,0,58
2026-08-09 22:53:00+00:00,68,254,14,13,15,19,12,16,254,0,58
2026-08-09 23:53:00+00:00,68,254,15,13,15,19,13,17,254,0,58
2026-08-10 00:53:00+00:00,68,254,16,13,15,19,13,17,254,0,58
2026-08-10 01:53:00+00:00,68,254,16,13,15,19,13,17,254,0,58
2026-08-10 02:53:00+00:00,69,254,16,13,15,19,13,16,254,0,58
2026-08-10 03:53:00+00:00,69,254,16,13,15,19,13,16,254,0,58
2026-08-10 04:53:00+00:00,69,254,16,13,15,19,13,16,254,0,58
2026-08-10 05:53:00+00:00,69,254,16,13,15,19,14,16,254,0,58
2026-08-10 06:53:00+00:00,69,254,16,13,16,19,14,16,254,0,58
2026-08-10 07:53:00+00:00,69,254,17,13,16,19,14,16,254,0,58
2026-08-10 08:53:00+00:00,68,254,17,13,16,19,14,16,254,0,103
2026-08-10 09:53:00+00:00,68,254,17,13,16,19,14,16,254,0,58
2026-08-10 10:53:00+00:00,68,254,17,13,16,19,14,16,254,0,58
2026-08-10 11:53:00+00:00,68,254,17,14,16,19,14,16,254,0,58
2026-08-10 12:53:00+00:00,68,254,18,14,16,19,14,16,254,0,58
2026-08-10 13:53:00+00:00,67,254,17,13,16,18,14,16,254,0,58
2026-08-10 14:53:00+00:00,67,254,18,13,16,18,15,16,254,0,58
2026-08-10 15:53:00+00:00,67,254,18,14,16,18,15,16,254,0,58
2026-08-10 16:53:00+00:00,67,254,18,14,16,18,15,16,254,0,58
2026-08-10 17:53:00+00:00,67,254,19,14,16,19,15,16,254,0,58
2026-08-10 18:53:00+00:00,67,254,19,14,17,19,15,16,254,0,58
2026-08-10 19:53:00+00:00,67,254,20,14,17,19,16,16,254,0,58
2026-08-10 20:53:00+00:00,67,254,21,14,17,19,16,16,254,0,58
2026-08-10 21:53:00+00:00,67,254,21,14,17,19,16,16,254,0,58
2026-08-10 22:53:00+00:00,67,254,22,14,18,20,16,17,254,0,58
2026-08-10 23:53:00+00:00,68,254,22,15,18,20,17,17,254,0,58
2026-08-11 00:53:00+00:00,68,254,22,15,18,20,17,17,254,0,58
2026-08-11 01:53:00+00:00,68,254,23,15,18,20,17,17,254,0,58
2026-08-11 02:53:00+00:00,68,254,23,15,18,20,17,17,254,0,58
2026-08-11 03:53:00+00:00,68,254,23,15,18,20,17,17,254,0,58
2026-08-11 04:53:00+00:00,69,254,23,15,18,20,17,17,254,0,58
2026-08-11 05:53:00+00:00,69,254,23,15,18,19,17,17,254,0,58
2026-08-11 06:53:00+00:00,69,254,23,15,18,19,17,17,254,0,58
2026-08-11 07:53:00+00:00,68,254,23,15,19,19,18,17,254,0,58
2026-08-11 08:53:00+00:00,68,254,23,15,19,19,18,17,254,0,103
2026-08-11 09:53:00+00:00,68,254,23,15,19,19,18,17,254,0,58
2026-08-11 10:53:00+00:00,68,254,23,15,19,19,18,17,254,0,58
2026-08-11 11:53:00+00:00,67,254,23,14,19,19,18,16,254,0,58
2026-08-11 12:53:00+00:00,67,254,23,14,19,19,18,16,254,0,58
2026-08-11 13:53:00+00:00,67,254,24,15,19,19,18,16,254,0,58
2026-08-11 14:53:00+00:00,67,254,24,15,19,19,18,16,254,0,58
2026-08-11 15:53:00+00:00,67,254,24,14,19,19,18,16,254,0,58
2026-08-11 16:54:00+00:00,66,254,24,14,19,19,18,16,254,0,58
2026-08-11 17:54:00+00:00,66,254,24,15,19,19,18,16,254,0,58
2026-08-11 18:54:00+00:00,66,254,25,15,19,19,18,17,254,0,58
2026-08-11 19:54:00+00:00,66,254,25,15,19,19,18,17,254,0,58
2026-08-11 20:54:00+00:00,67,254,26,15,20,20,19,17,254,0,58
2026-08-11 21:54:00+00:00,67,254,27,15,20,20,19,17,254,0,58
2026-08-11 22:54:00+00:00,67,254,27,15,20,20,19,17,254,0,58
2026-08-11 23:54:00+00:00,67,254,27,15,20,20,19,17,254,0,58
2026-08-12 00:54:00+00:00,68,254,28,16,21,21,20,18,254,0,58
2026-08-12 01:54:00+00:00,68,254,28,16,21,21,20,18,254,0,58
2026-08-12 02:54:00+00:00,68,254,28,16,21,20,20,18,254,0,58
2026-08-12 03:54:00+00:00,68,254,28,16,21,20,20,18,254,0,58
2026-08-12 04:54:00+00:00,68,254,28,16,21,20,20,17,254,0,58
2026-08-12 05:54:00+00:00,69,254,28,16,21,20,20,17,254,0,58
2026-08-12 06:54:00+00:00,69,254,28,16,21,20,20,17,254,0,58
2026-08-12 07:54:00+00:00,68,254,28,16,21,20,20,17,254,0,58
2026-08-12 08:54:00+00:00,68,254,28,16,21,20,20,17,254,0,103
2026-08-12 09:54:00+00:00,68,254,28,16,21,20,20,17,254,0,58
2026-08-12 10:54:00+00:00,68,254,28,16,21,20,21,17,254,0,58
2026-08-12 11:54:00+00:00,68,254,29,16,21,20,21,17,254,0,58
2026-08-12 12:54:00+00:00,68,254,29,16,21,20,21,17,254,0,58
2026-08-12 13:54:00+00:00,68,254,29,16,21,20,21,17,254,0,58
2026-08-12 14:54:00+00:00,68,254,29,16,21,20,21,17,254,0,58
2026-08-12 15:54:00+00:00,67,254,29,15,21,20,21,17,254,0,58
2026-08-12 16:54:00+00:00,67,254,29,16,22,20,21,17,254,0,58
2026-08-12 17:54:00+00:00,67,254,30,16,22,20,21,17,254,0,58
2026-08-12 18:54:00+00:00,67,254,31,16,22,20,21,18,254,0,58
2026-08-12 19:54:00+00:00,67,254,31,16,23,21,22,18,254,0,58
2026-08-12 20:54:00+00:00,67,254,32,16,23,21,22,18,254,0,58
2026-08-12 21:54:00+00:00,69,254,17,16,24,20,21,18,254,0,58
2026-08-12 22:54:00+00:00,69,254,0,16,15,20,3,18,254,1,58
2026-08-12 23:54:00+00:00,69,254,0,15,12,20,0,17,254,0,58
2026-08-13 00:54:00+00:00,69,254,0,14,12,20,0,17,254,0,58
2026-08-13 01:54:00+00:00,70,254,0,14,12,20,0,17,254,0,58
2026-08-13 02:54:00+00:00,70,254,0,13,13,20,0,17,254,0,58
2026-08-13 03:54:00+00:00,70,254,0,12,13,19,0,16,254,0,58
2026-08-13 04:54:00+00:00,70,254,0,12,13,19,1,16,254,0,58
2026-08-13 05:54:00+00:00,70,254,0,12,13,19,2,16,254,0,58
2026-08-13 06:54:00+00:00,70,254,0,12,13,19,4,16,254,0,58
2026-08-13 07:54:00+00:00,70,254,2,12,13,19,5,16,254,0,58
2026-08-13 08:54:00+00:00,69,254,4,12,13,18,6,16,254,0,103
2026-08-13 09:54:00+00:00,69,254,7,12,13,18,7,16,254,0,58
2026-08-13 10:54:00+00:00,69,254,9,12,13,18,8,16,254,0,58
2026-08-13 11:54:00+00:00,69,254,10,12,13,18,10,16,254,0,58
2026-08-13 12:54:00+00:00,69,254,10,12,13,18,10,16,254,0,58
2026-08-13 13:54:00+00:00,68,254,11,12,13,18,10,16,254,0,58
2026-08-13 14:54:00+00:00,68,254,11,12,13,18,11,16,254,0,58
2026-08-13 15:54:00+00:00,68,254,12,12,13,18,11,16,254,0,58
2026-08-13 16:54:00+00:00,68,254,12,13,14,18,11,16,254,0,58
2026-08-13 17:54:00+00:00,68,254,13,13,14,18,11,16,254,0,58
2026-08-13 18:54:00+00:00,68,254,13,13,14,18,12,16,254,0,58
2026-08-13 19:54:00+00:00,68,254,13,13,14,18,12,16,254,0,58
2026-08-13 20:54:00+00:00,68,254,14,13,14,18,12,16,254,0,58
2026-08-13 21:54:00+00:00,68,254,14,13,14,18,12,16,254,0,58
2026-08-13 22:54:00+00:00,68,254,15,13,14,18,13,16,254,0,58
2026-08-13 23:54:00+00:00,68,254,15,13,15,18,13,16,254,0,58
2026-08-14 00:54:00+00:00,68,254,15,13,15,18,13,16,254,0,58
2026-08-14 01:54:00+00:00,68,254,16,13,15,18,13,16,254,0,58
2026-08-14 02:54:00+00:00,68,254,16,13,15,18,13,16,254,0,58
2026-08-14 03:54:00+00:00,68,254,16,13,15,18,13,16,254,0,58
2026-08-14 04:54:00+00:00,68,254,16,13,15,18,14,16,254,0,58
2026-08-14 05:54:00+00:00,68,254,16,13,15,18,14,16,254,0,58
2026-08-14 06:54:00+00:00,68,254,16,13,15,18,14,16,254,0,58
2026-08-14 07:54:00+00:00,68,254,17,13,15,18,14,16,254,0,58
2026-08-14 08:54:00+00:00,68,254,17,13,15,18,14,16,254,0,103
2026-08-14 09:54:00+00:00,68,254,17,13,15,18,14,16,254,0,58
2026-08-14 10:54:00+00:00,68,254,17,13,15,18,14,16,254,0,58
2026-08-14 11:54:00+00:00,68,254,17,13,15,18,14,16,254,0,58
2026-08-14 12:54:00+00:00,68,254,17,13,15,18,14,16,254,0,58
2026-08-14 13:54:00+00:00,68,254,17,14,15,18,15,16,254,0,58
2026-08-14 14:54:00+00:00,68,254,17,14,15,18,15,16,254,0,58
2026-08-14 15:54:00+00:00,68,254,18,14,16,18,15,16,254,0,58
2026-08-14 16:54:00+00:00,67,254,18,13,15,18,15,16,254,0,58
2026-08-14 17:54:00+00:00,67,254,18,13,16,18,15,16,254,0,58
2026-08-14 18:54:00+00:00,68,254,19,14,16,18,15,16,254,0,58
2026-08-14 19:54:00+00:00,68,254,20,14,16,19,16,16,254,0,58
2026-08-14 20:54:00+00:00,68,254,20,14,17,19,16,16,254,0,58
2026-08-14 21:54:00+00:00,68,254,21,14,17,19,16,16,254,0,58
2026-08-14 22:54:00+00:00,68,254,21,14,17,19,16,16,254,0,58
2026-08-14 23:54:00+00:00,69,254,21,14,17,19,16,17,254,0,58
2026-08-15 00:54:00+00:00,69,254,22,14,17,19,16,17,254,0,58
2026-08-15 01:54:00+00:00,69,254,22,14,17,19,17,17,254,0,58
2026-08-15 02:54:00+00:00,69,254,22,14,17,19,17,16,254,0,58
2026-08-15 03:54:00+00:00,69,254,22,14,17,19,17,16,254,0,58
2026-08-15 04:54:00+00:00,69,254,22,14,18,19,17,16,254,0,58
2026-08-15 05:54:00+00:00,69,254,22,14,18,19,17,16,254,0,58
2026-08-15 06:54:00+00:00,69,254,22,14,18,19,17,16,254,0,58
2026-08-15 07:54:00+00:00,69,254,22,14,18,19,17,16,254,0,58
2026-08-15 08:54:00+00:00,69,254,22,14,18,19,17,16,254,0,103
2026-08-15 09:54:00+00:00,69,254,22,14,18,19,17,16,254,0,58
2026-08-15 10:54:00+00:00,69,254,22,14,18,19,17,16,254,0,58
2026-08-15 11:54:00+00:00,69,254,23,14,18,19,17,16,254,9,58
2026-08-15 12:54:00+00:00,69,254,23,15,18,18,17,16,254,0,58
2026-08-15 13:54:00+00:00,69,254,23,14,18,18,17,16,254,0,58
2026-08-15 14:54:00+00:00,68,254,23,14,18,19,18,16,254,0,58
2026-08-15 15:54:00+00:00,68,254,23,15,18,19,18,16,254,0,58
2026-08-15 16:54:00+00:00,68,254,23,15,18,19,17,16,254,0,58
2026-08-15 17:54:00+00:00,68,254,23,15,18,19,18,16,254,0,58
2026-08-15 18:54:00+00:00,68,254,24,15,18,19,18,17,254,0,58
2026-08-15 19:54:00+00:00,68,254,24,15,19,19,18,17,254,0,58
2026-08-15 20:54:00+00:00,68,254,25,15,19,19,18,17,254,0,58
2026-08-15 21:54:00+00:00,68,254,25,15,19,19,18,17,254,0,58
2026-08-15 22:54:00+00:00,69,254,25,15,19,19,18,17,254,0,58
2026-08-15 23:54:00+00:00,71,254,0,15,16,17,15,17,254,22,58
2026-08-16 00:54:00+00:00,70,254,0,12,1,15,0,12,254,1,58
2026-08-16 01:54:00+00:00,70,254,0,7,1,15,0,11,254,0,58
2026-08-16 02:54:00+00:00,70,254,0,5,1,15,0,11,254,0,58
2026-08-16 03:54:00+00:00,70,254,0,5,1,15,0,11,254,0,58
2026-08-16 04:54:00+00:00,70,254,0,6,1,15,0,12,254,0,58
2026-08-16 05:54:00+00:00,70,254,0,6,2,15,0,12,254,0,58
2026-08-16 06:54:00+00:00,70,254,0,7,2,15,0,12,254,0,58
2026-08-16 07:54:00+00:00,70,254,0,7,2,15,0,12,254,0,58
2026-08-16 08:54:00+00:00,69,254,0,8,2,15,0,12,254,0,103
2026-08-16 09:54:00+00:00,69,254,0,8,3,15,1,12,254,0,58
2026-08-16 10:54:00+00:00,69,254,0,9,4,15,2,12,254,0,58
2026-08-16 11:54:00+00:00,69,254,0,9,5,15,3,12,254,0,58
2026-08-16 12:54:00+00:00,69,254,2,10,6,15,4,12,254,0,58
2026-08-16 13:54:00+00:00,68,254,3,10,7,15,4,12,254,0,58
2026-08-16 14:54:00+00:00,68,254,6,10,8,15,5,12,254,0,58
2026-08-16 15:54:00+00:00,68,254,8,10,10,15,6,12,254,0,58
2026-08-16 16:54:00+00:00,68,254,10,10,10,15,7,12,254,0,58
2026-08-16 17:54:00+00:00,68,254,11,10,11,15,9,12,254,0,58
2026-08-16 18:54:00+00:00,68,254,12,11,11,15,10,12,254,0,58
2026-08-16 19:54:00+00:00,68,254,12,11,12,15,11,13,254,0,58
2026-08-16 20:54:00+00:00,68,254,13,11,12,16,11,13,254,0,58
2026-08-16 21:54:00+00:00,68,254,14,11,13,16,12,13,254,0,58
2026-08-16 22:54:00+00:00,68,254,15,11,13,16,12,13,254,0,58
2026-08-16 23:54:00+00:00,69,254,15,12,13,16,12,13,254,0,58
2026-08-17 00:54:00+00:00,69,254,15,12,14,16,12,13,254,0,58
2026-08-17 01:54:00+00:00,69,254,16,12,14,16,13,13,254,0,58
2026-08-17 02:55:00+00:00,69,254,16,12,14,16,13,13,254,0,58
2026-08-17 03:55:00+00:00,70,254,16,12,14,16,13,13,254,0,58
2026-08-17 04:55:00+00:00,70,254,16,12,14,16,13,13,254,0,58
2026-08-17 05:55:00+00:00,70,254,16,12,14,16,13,13,254,0,58
2026-08-17 06:55:00+00:00,70,254,16,12,14,16,13,13,254,0,58
2026-08-17 07:55:00+00:00,70,254,17,12,14,16,13,13,254,0,58
2026-08-17 08:55:00+00:00,69,254,16,12,14,16,13,13,254,0,103
2026-08-17 09:55:00+00:00,69,254,17,12,14,16,13,13,254,0,58
2026-08-17 10:55:00+00:00,69,254,17,12,14,16,13,13,254,0,58
2026-08-17 11:55:00+00:00,69,254,17,12,14,16,13,13,254,0,58
2026-08-17 12:55:00+00:00,69,254,17,12,14,16,14,13,254,0,58
2026-08-17 13:55:00+00:00,69,254,17,12,14,16,14,13,254,0,58
2026-08-17 14:55:00+00:00,68,254,17,12,14,16,14,13,254,0,58
2026-08-17 15:55:00+00:00,68,254,17,12,14,16,14,13,254,0,58
2026-08-17 16:55:00+00:00,68,254,18,12,15,16,14,13,254,0,58
2026-08-17 17:55:00+00:00,68,254,18,12,15,16,14,13,254,0,58
2026-08-17 18:55:00+00:00,68,254,18,13,15,16,14,13,254,0,58
2026-08-17 19:55:00+00:00,68,254,19,13,15,16,14,13,254,0,58
2026-08-17 20:55:00+00:00,68,254,19,13,15,16,15,13,254,0,58
2026-08-17 21:55:00+00:00,68,254,19,13,16,16,15,14,254,0,58
2026-08-17 22:55:00+00:00,68,254,20,13,16,16,15,14,254,0,58
2026-08-17 23:55:00+00:00,69,254,20,13,16,16,15,14,254,0,58
2026-08-18 00:55:00+00:00,69,254,21,13,16,16,15,14,254,0,58
2026-08-18 01:55:00+00:00,69,254,21,13,16,17,16,14,254,0,58
2026-08-18 02:55:00+00:00,69,254,21,13,16,16,16,14,254,0,58
2026-08-18 03:55:00+00:00,70,254,21,14,16,17,16,14,254,0,58
2026-08-18 04:55:00+00:00,70,254,21,14,16,17,16,14,254,0,58
2026-08-18 05:55:00+00:00,70,254,21,14,16,17,16,14,254,0,58
2026-08-18 06:55:00+00:00,70,254,21,14,16,17,16,14,254,0,58
2026-08-18 07:55:00+00:00,70,254,21,14,16,17,16,14,254,0,58
2026-08-18 08:55:00+00:00,69,254,21,13,16,16,16,14,254,0,103
2026-08-18 09:55:00+00:00,69,254,21,13,16,16,16,14,254,0,58
2026-08-18 10:55:00+00:00,69,254,21,13,16,16,16,14,254,0,58
2026-08-18 11:55:00+00:00,69,254,21,13,16,16,16,14,254,0,58
2026-08-18 12:55:00+00:00,69,254,21,13,16,16,16,14,254,0,58
2026-08-18 13:55:00+00:00,68,254,22,14,16,16,16,14,254,0,58
2026-08-18 14:55:00+00:00,68,254,22,14,17,16,16,14,254,0,58
2026-08-18 15:55:00+00:00,68,254,22,13,17,16,16,14,254,0,58
2026-08-18 16:55:00+00:00,68,254,22,14,17,16,17,14,254,0,58
2026-08-18 17:55:00+00:00,68,254,23,14,17,17,17,14,254,0,58
2026-08-18 18:55:00+00:00,68,254,23,14,17,17,17,14,254,0,58
2026-08-18 19:55:00+00:00,68,254,24,14,17,17,17,14,254,0,58
2026-08-18 20:55:00+00:00,68,254,24,14,18,17,17,15,254,0,58
2026-08-18 21:55:00+00:00,68,254,24,14,18,17,17,15,254,0,58
2026-08-18 22:55:00+00:00,69,254,25,14,18,17,18,15,254,0,58
2026-08-18 23:55:00+00:00,69,254,25,14,18,17,18,15,254,0,58
2026-08-19 00:55:00+00:00,69,254,25,14,18,17,18,15,254,0,58
2026-08-19 01:55:00+00:00,70,254,0,14,13,15,12,13,254,24,58
2026-08-19 02:55:00+00:00,70,254,0,13,1,14,0,4,254,0,58
2026-08-19 03:55:00+00:00,70,254,0,11,1,14,0,2,254,0,58
2026-08-19 04:55:00+00:00,70,254,0,10,1,13,0,3,254,0,58
2026-08-19 05:55:00+00:00,70,254,0,10,1,13,0,5,254,0,58
2026-08-19 06:55:00+00:00,70,254,0,10,1,13,2,5,254,0,58
2026-08-19 07:55:00+00:00,70,254,0,10,1,13,0,6,254,0,58
2026-08-19 08:55:00+00:00,70,254,0,10,1,13,0,6,254,0,103
2026-08-19 09:55:00+00:00,69,254,0,10,2,13,0,7,254,0,58
2026-08-19 10:55:00+00:00,69,254,0,10,2,13,0,7,254,0,58
2026-08-19 11:55:00+00:00,69,254,0,10,2,13,1,7,254,0,58
2026-08-19 12:55:00+00:00,69,254,0,10,2,13,1,7,254,0,58
2026-08-19 13:55:00+00:00,68,254,2,10,3,13,2,8,254,0,58
2026-08-19 14:55:00+00:00,68,254,4,10,3,13,2,8,254,0,58
2026-08-19 15:55:00+00:00,68,254,5,10,4,13,3,9,254,0,58
2026-08-19 16:55:00+00:00,68,254,8,11,6,13,4,10,254,0,58
2026-08-19 17:55:00+00:00,68,254,10,11,9,13,6,10,254,0,58
2026-08-19 18:55:00+00:00,68,254,11,11,10,14,7,10,254,0,58
2026-08-19 19:55:00+00:00,68,254,12,11,11,14,10,11,254,0,58
2026-08-19 20:55:00+00:00,68,254,13,11,12,14,10,11,254,0,58
2026-08-19 21:55:00+00:00,68,254,14,12,12,14,11,11,254,0,58
2026-08-19 22:55:00+00:00,68,254,15,12,13,14,11,11,254,0,58
2026-08-19 23:55:00+00:00,69,254,15,12,13,15,12,12,254,0,58
2026-08-20 00:55:00+00:00,69,254,15,12,13,15,12,12,254,0,58
2026-08-20 01:55:00+00:00,69,254,16,12,13,15,12,12,254,0,58
2026-08-20 02:55:00+00:00,69,254,16,12,13,15,12,12,254,0,58
2026-08-20 03:55:00+00:00,70,254,16,12,13,15,13,12,254,0,58
2026-08-20 04:55:00+00:00,70,254,16,12,13,15,13,12,254,0,58
2026-08-20 05:55:00+00:00,70,254,16,12,13,15,13,12,254,0,58
2026-08-20 06:55:00+00:00,70,254,16,12,13,15,13,12,254,0,58
2026-08-20 07:55:00+00:00,70,254,16,12,13,15,13,12,254,0,58
2026-08-20 08:55:00+00:00,69,254,16,12,13,14,13,11,254,0,103
2026-08-20 09:55:00+00:00,69,254,16,12,13,14,13,12,254,0,58
2026-08-20 10:55:00+00:00,69,254,17,12,13,14,13,12,254,0,58
2026-08-20 11:55:00+00:00,69,254,17,12,13,14,13,12,254,0,58
2026-08-20 12:55:00+00:00,69,254,17,12,14,14,13,12,254,0,58
2026-08-20 13:55:00+00:00,68,254,17,12,14,14,13,11,254,0,58
2026-08-20 14:55:00+00:00,68,254,17,12,14,14,13,12,254,0,58
2026-08-20 15:55:00+00:00,68,254,17,12,14,14,13,12,254,0,58
2026-08-20 16:55:00+00:00,68,254,18,12,14,14,13,12,254,0,58
2026-08-20 17:55:00+00:00,67,254,18,12,14,14,14,12,254,0,58
2026-08-20 18:55:00+00:00,67,254,19,12,14,15,14,12,254,0,58
2026-08-20 19:55:00+00:00,67,254,19,12,15,15,14,12,254,0,58
2026-08-20 20:55:00+00:00,68,254,20,13,15,15,15,13,254,0,58
2026-08-20 21:55:00+00:00,68,254,21,13,16,15,15,13,254,0,58
2026-08-20 22:55:00+00:00,68,254,21,13,16,16,15,13,254,0,58
2026-08-20 23:55:00+00:00,68,254,21,13,16,16,15,13,254,0,58
2026-08-21 00:55:00+00:00,69,254,22,13,16,16,16,13,254,0,58
2026-08-21 01:55:00+00:00,69,254,22,13,16,16,16,13,254,0,58
2026-08-21 02:55:00+00:00,69,254,22,13,16,16,16,13,254,0,58
2026-08-21 03:55:00+00:00,69,254,22,13,16,16,16,13,254,0,58
2026-08-21 04:55:00+00:00,69,254,22,13,16,16,16,13,254,0,58
2026-08-21 05:55:00+00:00,69,254,22,13,16,16,16,13,254,0,58
2026-08-21 06:55:00+00:00,69,254,22,13,16,16,16,13,254,0,58
2026-08-21 07:55:00+00:00,69,254,22,13,16,15,16,13,254,0,58
2026-08-21 08:55:00+00:00,69,254,22,13,16,15,16,13,254,0,103
2026-08-21 09:55:00+00:00,69,254,22,13,16,15,16,13,254,0,58
2026-08-21 10:55:00+00:00,69,254,22,13,16,15,16,13,254,0,58
2026-08-21 11:55:00+00:00,69,254,22,13,16,15,16,13,254,0,58
2026-08-21 12:55:00+00:00,68,254,22,13,16,15,16,13,254,0,58
2026-08-21 13:55:00+00:00,68,254,22,14,16,15,16,13,254,0,58
2026-08-21 14:55:00+00:00,68,254,23,13,17,15,16,13,254,0,58
2026-08-21 15:55:00+00:00,68,254,23,14,17,15,16,13,254,0,58
2026-08-21 16:55:00+00:00,67,254,22,13,16,15,16,13,254,0,58
2026-08-21 17:55:00+00:00,67,254,23,13,17,15,16,13,254,0,58
2026-08-21 18:55:00+00:00,67,254,23,13,17,16,17,13,254,0,58
2026-08-21 19:55:00+00:00,67,254,24,13,17,16,17,13,254,0,58
2026-08-21 20:55:00+00:00,68,254,25,14,17,16,17,14,254,0,58
2026-08-21 21:55:00+00:00,68,254,25,14,18,16,17,14,254,0,58
2026-08-21 22:55:00+00:00,68,254,25,14,18,16,17,14,254,0,58
2026-08-21 23:55:00+00:00,68,254,25,14,18,16,17,14,254,0,58
2026-08-22 00:55:00+00:00,69,254,25,14,18,16,18,14,254,0,58
2026-08-22 01:55:00+00:00,69,254,25,14,18,16,18,14,254,0,58
2026-08-22 02:55:00+00:00,72,254,22,15,18,17,17,14,254,27,58
2026-08-22 03:55:00+00:00,70,254,0,14,1,12,0,8,254,0,58
2026-08-22 04:55:00+00:00,70,254,0,12,1,11,0,1,254,0,58
2026-08-22 05:55:00+00:00,70,254,0,11,1,10,0,1,254,0,58
2026-08-22 06:55:00+00:00,70,254,0,11,1,10,0,2,254,0,58
2026-08-22 07:55:00+00:00,70,254,0,11,1,10,0,2,254,0,58
2026-08-22 08:55:00+00:00,70,254,0,10,1,11,0,3,254,0,103
2026-08-22 09:55:00+00:00,70,254,0,10,1,11,0,3,254,0,58
2026-08-22 10:55:00+00:00,70,254,0,11,1,11,0,4,254,0,58
2026-08-22 11:55:00+00:00,70,254,0,11,1,11,0,4,254,0,58
2026-08-22 12:55:00+00:00,70,254,0,11,1,11,0,4,254,0,58
2026-08-22 13:55:00+00:00,69,254,0,11,1,11,1,4,254,0,58
2026-08-22 14:55:00+00:00,69,254,1,10,2,11,2,4,254,0,58
2026-08-22 15:55:00+00:00,69,254,3,11,2,11,2,5,254,0,58
2026-08-22 16:55:00+00:00,69,254,5,11,2,11,2,5,254,0,58
2026-08-22 17:55:00+00:00,69,254,7,11,3,11,3,6,254,0,58
2026-08-22 18:55:00+00:00,69,254,10,11,5,11,4,7,254,0,58
2026-08-22 19:55:00+00:00,69,254,11,11,8,11,6,9,254,0,58
2026-08-22 20:55:00+00:00,69,254,12,11,10,12,8,10,254,0,58
2026-08-22 21:55:00+00:00,69,254,12,11,10,12,9,10,254,0,58
2026-08-22 22:55:00+00:00,69,254,13,11,11,12,10,10,254,0,58
2026-08-22 23:55:00+00:00,70,254,14,12,12,12,11,11,254,0,58
2026-08-23 00:55:00+00:00,70,254,14,12,12,12,11,11,254,0,58
2026-08-23 01:55:00+00:00,70,254,14,12,12,12,11,11,254,0,58
2026-08-23 02:55:00+00:00,70,254,15,12,12,12,11,11,254,0,58
2026-08-23 03:55:00+00:00,70,254,15,12,12,12,11,11,254,0,58
2026-08-23 04:55:00+00:00,70,254,15,12,12,12,11,11,254,0,58
2026-08-23 05:55:00+00:00,70,254,15,12,12,12,11,11,254,0,58
2026-08-23 06:55:00+00:00,70,254,15,12,12,12,11,11,254,0,58
2026-08-23 07:55:00+00:00,70,254,15,12,12,12,12,11,254,0,58
2026-08-23 08:55:00+00:00,70,254,15,12,12,12,12,11,254,0,103
2026-08-23 09:55:00+00:00,70,254,15,12,12,12,12,11,254,0,58
2026-08-23 10:55:00+00:00,70,254,15,12,12,12,12,11,254,0,58
2026-08-23 11:55:00+00:00,70,254,16,12,12,12,12,11,254,0,58
2026-08-23 12:55:00+00:00,70,254,16,12,12,12,12,11,254,0,58
2026-08-23 13:55:00+00:00,69,254,16,12,12,12,12,10,254,0,58
2026-08-23 14:55:00+00:00,69,254,16,12,12,12,12,10,254,0,58
2026-08-23 15:55:00+00:00,69,254,16,12,12,12,12,11,254,0,58
2026-08-23 16:55:00+00:00,69,254,17,12,13,12,13,11,254,0,58
2026-08-23 17:55:00+00:00,69,254,17,12,13,13,13,11,254,0,58
2026-08-23 18:55:00+00:00,69,254,18,12,13,13,13,11,254,0,58
2026-08-23 19:55:00+00:00,69,254,19,12,14,13,14,12,254,0,58
2026-08-23 20:55:00+00:00,69,254,19,13,14,13,14,12,254,0,58
2026-08-23 21:55:00+00:00,69,254,19,13,15,14,14,12,254,0,58
2026-08-23 22:55:00+00:00,69,254,20,13,15,14,14,12,254,0,58
2026-08-23 23:55:00+00:00,70,254,20,13,15,14,15,13,254,0,58
2026-08-24 00:55:00+00:00,70,254,21,13,15,14,15,13,254,0,58
2026-08-24 01:55:00+00:00,70,254,21,13,15,14,15,13,254,0,58
2026-08-24 02:55:00+00:00,70,254,21,13,15,14,15,12,254,0,58
2026-08-24 03:55:00+00:00,70,254,21,13,15,14,15,12,254,0,58
2026-08-24 04:55:00+00:00,70,254,21,13,15,14,15,12,254,0,58
2026-08-24 05:55:00+00:00,70,254,21,13,15,14,15,12,254,0,58
2026-08-24 06:55:00+00:00,70,254,21,13,15,14,15,12,254,0,58
2026-08-24 07:55:00+00:00,70,254,21,13,15,14,15,12,254,0,58
2026-08-24 08:55:00+00:00,69,254,21,13,15,14,15,12,254,0,103
2026-08-24 09:55:00+00:00,69,254,21,13,15,14,15,12,254,0,58
2026-08-24 10:55:00+00:00,69,254,21,13,15,14,15,12,254,0,58
2026-08-24 11:55:00+00:00,69,254,21,13,15,14,15,12,254,0,58
2026-08-24 12:55:00+00:00,69,254,21,13,15,14,15,12,254,0,58
2026-08-24 13:55:00+00:00,68,254,21,13,15,14,15,12,254,0,58
2026-08-24 14:55:00+00:00,68,254,21,13,15,14,15,12,254,0,58
2026-08-24 15:55:00+00:00,68,254,22,13,15,14,16,12,254,0,58
2026-08-24 16:55:00+00:00,68,254,22,13,16,14,16,12,254,0,58
2026-08-24 17:55:00+00:00,68,254,22,13,16,14,16,12,254,0,58
2026-08-24 18:55:00+00:00,67,254,23,13,16,14,16,13,254,0,58
2026-08-24 19:55:00+00:00,68,254,23,14,16,15,16,13,254,0,58
2026-08-24 20:55:00+00:00,68,254,24,14,17,15,17,13,254,0,58
2026-08-24 21:55:00+00:00,68,254,24,14,17,15,17,13,254,0,58
2026-08-24 22:55:00+00:00,68,254,24,14,17,15,17,13,254,0,58
2026-08-24 23:55:00+00:00,69,254,17,14,15,15,16,13,254,16,58
